[runner] topology loaded: self=19999, 4 node(s), file=topology-d19999.json
[runner] logging to E:\Dev\Ronny\NDInsight\SINTRAN\XMSG\SRC\Xmsg.Live.Runner\bin\Debug\net9.0\xmsg-d19999.log (level Info, max 2 MB, keep 3).
2026-08-17 03:49:55.568 | [runner] Xmsg.Live.Runner v1.1.0.0 built 2026-08-17 03:38:53
2026-08-17 03:49:55.617 | [runner] config folder: 
2026-08-17 03:49:55.635 | [runner] config file:   topology-d19999.json
2026-08-17 03:49:55.665 | [runner] log folder:    E:\Dev\Ronny\NDInsight\SINTRAN\XMSG\SRC\Xmsg.Live.Runner\bin\Debug\net9.0
2026-08-17 03:49:55.733 | [runner] log file:      E:\Dev\Ronny\NDInsight\SINTRAN\XMSG\SRC\Xmsg.Live.Runner\bin\Debug\net9.0\xmsg-d19999.log
2026-08-17 03:49:55.817 | [runner] path=seam connecting to 127.0.0.1:10364 as node 19999 for 3600s
2026-08-17 03:49:55.839 | [fa] connection numbers 0x00C2..0x0101 (state: E:\Dev\Ronny\NDInsight\SINTRAN\XMSG\SRC\Xmsg.Live.Runner\bin\Debug\net9.0\fa-connection.state)
2026-08-17 03:49:55.858 | [fa] file server ON as *FA-SERVER (logical port 4, wire port 0x0257)
2026-08-17 03:49:55.867 | [fa] serving folder: E:\Dev\Ronny\NDInsight\SINTRAN\XMSG\SRC\Xmsg.Live.Runner\bin\Debug\net9.0\served-files
2026-08-17 03:49:55.883 | [fa] files visible now: 7
2026-08-17 03:49:55.893 | [runner] joining COSMOS segment tcp:127.0.0.1:5010 as node 19999 (MAC 08:00:26:1F:4E:00), peer 100 (MAC 08:00:26:64:00:00)
2026-08-17 03:49:55.910 | [runner] datagram-sequence state file: E:\Dev\Ronny\NDInsight\SINTRAN\XMSG\SRC\Xmsg.Live.Runner\bin\Debug\net9.0\xmsg-sequence.state
2026-08-17 03:49:55.926 | [tad] 2 login account(s) loaded
2026-08-17 03:49:55.934 | [runner] link-seed state file: E:\Dev\Ronny\NDInsight\SINTRAN\XMSG\SRC\Xmsg.Live.Runner\bin\Debug\net9.0\xmsg-link-seed.state
2026-08-17 03:49:55.953 | [link] eth:d100 status Stopped -> Starting (backend started, awaiting peer)
2026-08-17 03:49:55.964 | [runner] waiting for node 100 to send us a frame (we cannot address it until it does)...
2026-08-17 03:50:01.003 | [segment] still waiting for 100. Frames from other stations: 0 (+0 in the last 5s). NOTHING at all is arriving - either no ND machine is on this group, or they have not been restarted since the ini change.
2026-08-17 03:50:06.020 | [segment] still waiting for 100. Frames from other stations: 0 (+0 in the last 5s). NOTHING at all is arriving - either no ND machine is on this group, or they have not been restarted since the ini change.
2026-08-17 03:50:11.034 | [segment] still waiting for 100. Frames from other stations: 0 (+0 in the last 5s). NOTHING at all is arriving - either no ND machine is on this group, or they have not been restarted since the ini change.
2026-08-17 03:50:16.053 | [segment] still waiting for 100. Frames from other stations: 0 (+0 in the last 5s). NOTHING at all is arriving - either no ND machine is on this group, or they have not been restarted since the ini change.
2026-08-17 03:50:16.309 | [sniff] node100 -> node19999  data seq=3 snd=1 rcv=42865 plen=36   <== ADDRESSED TO US
2026-08-17 03:50:16.323 | [sniff]   llc+nd : 0B022000030001A77100242113000E4E1F0064000000089053210082844E1F0211006404EF0008078000820000CA00
2026-08-17 03:50:16.339 | [sniff]   frame  : 0800261F4E000800266400000032A8A8030B022000030001A77100242113000E4E1F0064000000089053210082844E1F0211006404EF0008078000820000CA00
2026-08-17 03:50:16.361 | [link] eth:d100 status Starting -> Active (peer learned)
2026-08-17 03:50:16.369 | [runner] peer 100 heard after 20.4s; link is up
2026-08-17 03:50:16.375 | [tx] node19999 -> node100  ack seq=4 snd=42865 rcv=1 plen=0
2026-08-17 03:50:16.383 | [tx]   llc+nd : 0B023F0004A77100010000
2026-08-17 03:50:16.393 | [RX] 100->19999 sub=Data f1=0x0000 info=2113000E4E1F0064000000089053210082844E1F0211006404EF0008078000820000CA00
2026-08-17 03:50:16.409 | [announce] telling system 100 that our XMSG restarted, so it resets the datagram sequence it expects from us
2026-08-17 03:50:16.424 | [seq] node 100: link created, starting Flags1 0x0001 from the store (the frame that created it carried 0x0000)
2026-08-17 03:50:16.437 | [announce] --resync-hard: also zeroing OUR counter for 100. The next originated frame goes out at 0x0000 - if the peer accepts it, the peer resets on our announce; if it is dropped in silence, it does not.
2026-08-17 03:50:16.463 | [tx] node19999 -> node100  data seq=0 snd=42865 rcv=1 plen=14
2026-08-17 03:50:16.470 | [tx]   llc+nd : 0B02200000A7710001000E2113000300644E1F000000019065
2026-08-17 03:50:16.479 | [RX] 100->19999 sub=Data answered with 1 frame(s)
2026-08-17 03:50:16.486 | [sniff] node100 -> node19999  ack seq=4 snd=1 rcv=42865 plen=0   <== ADDRESSED TO US
2026-08-17 03:50:16.496 | [sniff]   llc+nd : 0B023F00040001A7710000
2026-08-17 03:50:16.502 | [sniff]   frame  : 0800261F4E00080026640000000EA8A8030B023F00040001A77100000001D03A0005000800004400000000000001A3D2000000010001D01E001C000E
2026-08-17 03:50:16.520 | [TX] *** PARKED *** eth:d100 took a 14B frame but the send window is full; 1 datagram(s) now waiting and NOTHING is leaving this node until the peer acknowledges us
2026-08-17 03:50:16.541 | [tx] node19999 -> node100  data seq=4 snd=42865 rcv=1 plen=14
2026-08-17 03:50:16.549 | [seq] node 100: RESET to 0x0000 (was 0x0001); link KEPT
2026-08-17 03:50:16.556 | [tx]   llc+nd : 0B02200004A7710001000E2113000300644E1F000000019065
2026-08-17 03:50:16.564 | [announce] telling system 102 that our XMSG restarted, so it resets the datagram sequence it expects from us
2026-08-17 03:50:16.576 | [announce] --resync-hard: also zeroing OUR counter for 102. The next originated frame goes out at 0x0000 - if the peer accepts it, the peer resets on our announce; if it is dropped in silence, it does not.
2026-08-17 03:50:16.600 | [tx] node19999 -> node100  data seq=5 snd=42865 rcv=1 plen=14
2026-08-17 03:50:16.607 | [tx]   llc+nd : 0B02200005A7710001000E2113001900644E1FFFFF0001904F
2026-08-17 03:50:16.616 | [sniff] node100 -> node19999  data seq=4 snd=1 rcv=42865 plen=64   <== ADDRESSED TO US
2026-08-17 03:50:16.626 | [tx] node19999 -> node100  data seq=6 snd=42865 rcv=1 plen=14
2026-08-17 03:50:16.635 | [tx]   llc+nd : 0B02200006A7710001000E2113001900664E1FFFFF0001904D
2026-08-17 03:50:16.649 | [sniff]   llc+nd : 0B022000040001A77100402113000E4E1F0064000100249036210086E44E1F0000006404EF00241B410014FF0A2A46412D534552564552FE0644313939393907E2000000086400A200FF92
2026-08-17 03:50:16.676 | [sniff]   frame  : 0800261F4E00080026640000004EA8A8030B022000040001A77100402113000E4E1F0064000100249036210086E44E1F0000006404EF00241B410014FF0A2A46412D534552564552FE0644313939393907E2000000086400A200FF92
2026-08-17 03:50:16.703 | [seq] node 102: RESET to 0x0000 (was 0x0000); link KEPT
2026-08-17 03:50:16.710 | [tx] node19999 -> node100  ack seq=5 snd=42865 rcv=1 plen=0
2026-08-17 03:50:16.716 | [tx]   llc+nd : 0B023F0005A77100010000
2026-08-17 03:50:16.722 | [RX] 100->19999 sub=Data f1=0x0001 info=2113000E4E1F0064000100249036210086E44E1F0000006404EF00241B410014FF0A2A46412D534552564552FE0644313939393907E2000000086400A200FF92
2026-08-17 03:50:16.746 | [fa] connect letter from node 100 (system 100 port 0x04EF); serving E:\Dev\Ronny\NDInsight\SINTRAN\XMSG\SRC\Xmsg.Live.Runner\bin\Debug\net9.0\served-files; answering from session port 0x0211 with an FA ConnectionConfirm 07D2000800C26400
2026-08-17 03:50:16.773 | [seq] node 100: ORIGINATE at Flags1 0x0000 (next becomes 0x0001)
2026-08-17 03:50:16.781 | [tx] node19999 -> node100  data seq=7 snd=42865 rcv=1 plen=14
2026-08-17 03:50:16.789 | [tx]   llc+nd : 0B02200007A7710001000E2113000300644E1F000100019064
2026-08-17 03:50:16.798 | [tx] node19999 -> node100  data seq=8 snd=42865 rcv=1 plen=36
2026-08-17 03:50:16.807 | [tx]   llc+nd : 0B02200008A771000100242113000E00644E1F00000008905321008284006404EF4E1F0211000807D2000800C26400
2026-08-17 03:50:16.822 | [RX] 100->19999 sub=Data answered with 2 frame(s)
2026-08-17 03:50:16.830 | [sniff] node100 -> node19999  ack seq=5 snd=1 rcv=42865 plen=0   <== ADDRESSED TO US
2026-08-17 03:50:16.841 | [sniff]   llc+nd : 0B023F00050001A7710000
2026-08-17 03:50:16.847 | [sniff]   frame  : 0800261F4E00080026640000000EA8A8030B023F00050001A77100000001D0920005000800004400000000000001A3D2000000010001D076001C000E
2026-08-17 03:50:16.865 | [sniff] node100 -> node19999  ack seq=6 snd=1 rcv=42865 plen=0   <== ADDRESSED TO US
2026-08-17 03:50:16.876 | [sniff]   llc+nd : 0B023F00060001A7710000
2026-08-17 03:50:16.882 | [sniff]   frame  : 0800261F4E00080026640000000EA8A8030B023F00060001A77100000001CF320005000800004400000000000001A3D2000000010001D0CE001C000E
2026-08-17 03:50:16.899 | [sniff] node100 -> node19999  data seq=5 snd=1 rcv=42865 plen=14   <== ADDRESSED TO US
2026-08-17 03:50:16.909 | [sniff]   llc+nd : 0B022000050001A771000E211300134E1F0064FFFF00019055
2026-08-17 03:50:16.917 | [sniff]   frame  : 0800261F4E00080026640000001CA8A8030B022000050001A771000E211300134E1F0064FFFF00019055210086E44E1F000000640682040000410012
2026-08-17 03:50:16.934 | [tx] node19999 -> node100  ack seq=6 snd=42865 rcv=1 plen=0
2026-08-17 03:50:16.942 | [tx]   llc+nd : 0B023F0006A77100010000
2026-08-17 03:50:16.947 | [RX] 100->19999 sub=ReachabilityReply f1=0xFFFF info=211300134E1F0064FFFF00019055
2026-08-17 03:50:16.956 | [RX] 100->19999 sub=ReachabilityReply (no reply expected)
2026-08-17 03:50:16.963 | [sniff] node100 -> node19999  ack seq=7 snd=1 rcv=42865 plen=0   <== ADDRESSED TO US
2026-08-17 03:50:16.973 | [sniff]   llc+nd : 0B023F00070001A7710000
2026-08-17 03:50:16.978 | [sniff]   frame  : 0800261F4E00080026640000000EA8A8030B023F00070001A77100000001CF3200000000000500200000340000000000000000004E1F0001A3940100
2026-08-17 03:50:16.994 | [sniff] node100 -> node102  data seq=115 snd=51615 rcv=42837 plen=14
2026-08-17 03:50:17.002 | [sniff] node100 -> node19999  data seq=4 snd=1 rcv=42865 plen=64   <== ADDRESSED TO US
2026-08-17 03:50:17.012 | [sniff]   llc+nd : 0B022000040001A77100402113000E4E1F0064000100249036210086E44E1F0000006404EF00241B410014FF0A2A46412D534552564552FE0644313939393907E2000000086400A200FF92
2026-08-17 03:50:17.031 | [sniff]   frame  : 0800261F4E00080026640000004EA8A8030B022000040001A77100402113000E4E1F0064000100249036210086E44E1F0000006404EF00241B410014FF0A2A46412D534552564552FE0644313939393907E2000000086400A200FF92
2026-08-17 03:50:17.055 | [link] WARNING the peer RE-SENT data frame seq=4 (we were waiting for 6). It has not seen our acknowledgement - check the send window and our own receive latency BEFORE looking for a fault in XMSG or the file server.
2026-08-17 03:50:17.080 | [tx] node19999 -> node100  ack seq=5 snd=42865 rcv=1 plen=0
2026-08-17 03:50:17.087 | [tx]   llc+nd : 0B023F0005A77100010000
2026-08-17 03:50:17.092 | [RX] 100->19999 sub=Data f1=0x0001 info=2113000E4E1F0064000100249036210086E44E1F0000006404EF00241B410014FF0A2A46412D534552564552FE0644313939393907E2000000086400A200FF92
2026-08-17 03:50:17.112 | [fa] connect letter from node 100 (system 100 port 0x04EF); serving E:\Dev\Ronny\NDInsight\SINTRAN\XMSG\SRC\Xmsg.Live.Runner\bin\Debug\net9.0\served-files; answering from session port 0x0211 with an FA ConnectionConfirm 07D2000800C26400
2026-08-17 03:50:17.139 | [tx] node19999 -> node100  data seq=9 snd=42865 rcv=1 plen=14
2026-08-17 03:50:17.146 | [tx]   llc+nd : 0B02200009A7710001000E2113000300644E1F000100019064
2026-08-17 03:50:17.158 | [tx] node19999 -> node100  data seq=10 snd=42865 rcv=1 plen=36
2026-08-17 03:50:17.173 | [tx]   llc+nd : 0B0220000AA771000100242113000E00644E1F00000008905321008284006404EF4E1F0211000807D2000800C26400
2026-08-17 03:50:17.190 | [RX] 100->19999 sub=Data answered with 2 frame(s)
2026-08-17 03:50:17.197 | [sniff] node102 -> node100  ack seq=116 snd=42837 rcv=51615 plen=0
2026-08-17 03:50:17.205 | [sniff] node102 -> node19999  kind0x0F seq=114 snd=0 rcv=51630 plen=102   <== ADDRESSED TO US
2026-08-17 03:50:17.216 | [sniff]   llc+nd : 0B020F00720000C9AE0066
2026-08-17 03:50:17.221 | [sniff]   frame  : 0800261F4E00080026660000000EA8A8030B020F00720000C9AE00660001CFE20005000800004400000000000001A736000000010001CFC6001C000E
2026-08-17 03:50:17.237 | [sniff] node100 -> node19999  ack seq=8 snd=1 rcv=42865 plen=0   <== ADDRESSED TO US
2026-08-17 03:50:17.248 | [sniff]   llc+nd : 0B023F00080001A7710000
2026-08-17 03:50:17.253 | [sniff]   frame  : 0800261F4E00080026640000000EA8A8030B023F00080001A77100000001CFE20005000800004400000000000001A3D2000000010001CFC6001C000E
2026-08-17 03:50:17.270 | [sniff] node100 -> node19999  data seq=5 snd=1 rcv=42865 plen=14   <== ADDRESSED TO US
2026-08-17 03:50:17.282 | [sniff]   llc+nd : 0B022000050001A771000E211300134E1F0064FFFF00019055
2026-08-17 03:50:17.291 | [sniff]   frame  : 0800261F4E00080026640000001CA8A8030B022000050001A771000E211300134E1F0064FFFF00019055210086E44E1F000000640682040000410012
2026-08-17 03:50:17.309 | [link] WARNING the peer RE-SENT data frame seq=5 (we were waiting for 6). It has not seen our acknowledgement - check the send window and our own receive latency BEFORE looking for a fault in XMSG or the file server.
2026-08-17 03:50:17.335 | [tx] node19999 -> node100  ack seq=6 snd=42865 rcv=1 plen=0
2026-08-17 03:50:17.343 | [tx]   llc+nd : 0B023F0006A77100010000
2026-08-17 03:50:17.349 | [RX] 100->19999 sub=ReachabilityReply f1=0xFFFF info=211300134E1F0064FFFF00019055
2026-08-17 03:50:17.359 | [RX] 100->19999 sub=ReachabilityReply (no reply expected)
2026-08-17 03:50:17.368 | [sniff] node102 -> node19999  kind0x0F seq=114 snd=0 rcv=51630 plen=102   <== ADDRESSED TO US
2026-08-17 03:50:17.385 | [sniff]   llc+nd : 0B020F00720000C9AE0066
2026-08-17 03:50:17.391 | [sniff]   frame  : 0800261F4E00080026660000000EA8A8030B020F00720000C9AE00660001CFE20005000800004400000000000001A736000000010001CFC6001C000E
2026-08-17 03:50:17.410 | [sniff] node100 -> node19999  ack seq=9 snd=1 rcv=42865 plen=0   <== ADDRESSED TO US
2026-08-17 03:50:17.423 | [sniff]   llc+nd : 0B023F00090001A7710000
2026-08-17 03:50:17.431 | [sniff]   frame  : 0800261F4E00080026640000000EA8A8030B023F00090001A77100000001D03A0005000800004400000000000001A3D2000000010001D01E001C000E
2026-08-17 03:50:17.449 | [sniff] node100 -> node19999  data seq=6 snd=1 rcv=42865 plen=14   <== ADDRESSED TO US
2026-08-17 03:50:17.460 | [sniff]   llc+nd : 0B022000060001A771000E211300034E1F0064000000019065
2026-08-17 03:50:17.469 | [sniff]   frame  : 0800261F4E00080026640000001CA8A8030B022000060001A771000E211300034E1F0064000000019065210082840066045F006407CE000807A20002
2026-08-17 03:50:17.485 | [tx] node19999 -> node100  ack seq=7 snd=42865 rcv=1 plen=0
2026-08-17 03:50:17.494 | [tx]   llc+nd : 0B023F0007A77100010000
2026-08-17 03:50:17.499 | [RX] 100->19999 sub=Ack f1=0x0000 info=211300034E1F0064000000019065
2026-08-17 03:50:17.507 | [seq] node 100: ACK 0x0000 did NOT advance the store (still 0x0001)
2026-08-17 03:50:17.516 | [RX] 100->19999 sub=Ack (no reply expected)
2026-08-17 03:50:17.521 | [sniff] node102 -> node19999  kind0x0F seq=114 snd=0 rcv=51630 plen=102   <== ADDRESSED TO US
2026-08-17 03:50:17.532 | [sniff]   llc+nd : 0B020F00720000C9AE0066
2026-08-17 03:50:17.538 | [sniff]   frame  : 0800261F4E00080026660000000EA8A8030B020F00720000C9AE00660001CFE20005000800004400000000000001A736000000010001CFC6001C000E
2026-08-17 03:50:17.555 | [sniff] node100 -> node19999  data seq=6 snd=1 rcv=42865 plen=14   <== ADDRESSED TO US
2026-08-17 03:50:17.565 | [sniff]   llc+nd : 0B022000060001A771000E211300034E1F0064000000019065
2026-08-17 03:50:17.574 | [sniff]   frame  : 0800261F4E00080026640000001CA8A8030B022000060001A771000E211300034E1F0064000000019065210082840066045F006407CE000807A20002
2026-08-17 03:50:17.591 | [link] WARNING the peer RE-SENT data frame seq=6 (we were waiting for 7). It has not seen our acknowledgement - check the send window and our own receive latency BEFORE looking for a fault in XMSG or the file server.
2026-08-17 03:50:17.616 | [tx] node19999 -> node100  ack seq=7 snd=42865 rcv=1 plen=0
2026-08-17 03:50:17.623 | [tx]   llc+nd : 0B023F0007A77100010000
2026-08-17 03:50:17.629 | [RX] 100->19999 sub=Ack f1=0x0000 info=211300034E1F0064000000019065
2026-08-17 03:50:17.638 | [seq] node 100: ACK 0x0000 did NOT advance the store (still 0x0001)
2026-08-17 03:50:17.647 | [RX] 100->19999 sub=Ack (no reply expected)
2026-08-17 03:50:17.652 | [sniff] node102 -> node19999  kind0x0F seq=114 snd=0 rcv=51630 plen=102   <== ADDRESSED TO US
2026-08-17 03:50:17.664 | [sniff]   llc+nd : 0B020F00720000C9AE0066
2026-08-17 03:50:17.669 | [sniff]   frame  : 0800261F4E00080026660000000EA8A8030B020F00720000C9AE00660001CFE20005000800004400000000000001A736000000010001CFC6001C000E
2026-08-17 03:50:17.699 | [sniff] node100 -> node19999  data seq=6 snd=1 rcv=42865 plen=14   <== ADDRESSED TO US
2026-08-17 03:50:17.709 | [sniff]   llc+nd : 0B022000060001A771000E211300034E1F0064000000019065
2026-08-17 03:50:17.717 | [sniff]   frame  : 0800261F4E00080026640000001CA8A8030B022000060001A771000E211300034E1F0064000000019065210082840066045F006407CE000807A20002
2026-08-17 03:50:17.735 | [link] WARNING the peer RE-SENT data frame seq=6 (we were waiting for 7). It has not seen our acknowledgement - check the send window and our own receive latency BEFORE looking for a fault in XMSG or the file server.
2026-08-17 03:50:17.763 | [tx] node19999 -> node100  ack seq=7 snd=42865 rcv=1 plen=0
2026-08-17 03:50:17.770 | [tx]   llc+nd : 0B023F0007A77100010000
2026-08-17 03:50:17.775 | [RX] 100->19999 sub=Ack f1=0x0000 info=211300034E1F0064000000019065
2026-08-17 03:50:17.784 | [seq] node 100: ACK 0x0000 did NOT advance the store (still 0x0001)
2026-08-17 03:50:17.791 | [RX] 100->19999 sub=Ack (no reply expected)
2026-08-17 03:50:17.797 | [sniff] node100 -> node19999  ack seq=10 snd=1 rcv=42865 plen=0   <== ADDRESSED TO US
2026-08-17 03:50:17.807 | [sniff]   llc+nd : 0B023F000A0001A7710000
2026-08-17 03:50:17.812 | [sniff]   frame  : 0800261F4E00080026640000000EA8A8030B023F000A0001A77100000001D0920005000800004400000000000001A3D2000000010001D076001C000E
2026-08-17 03:50:17.830 | [sniff] node100 -> node19999  ack seq=11 snd=1 rcv=42865 plen=0   <== ADDRESSED TO US
2026-08-17 03:50:17.841 | [sniff]   llc+nd : 0B023F000B0001A7710000
2026-08-17 03:50:17.847 | [sniff]   frame  : 0800261F4E00080026640000000EA8A8030B023F000B0001A77100000001CF320005000800004400000000000001A3D2000000010001D0CE001C000E
2026-08-17 03:50:17.863 | [sniff] node102 -> node19999  kind0x0F seq=114 snd=0 rcv=51630 plen=102   <== ADDRESSED TO US
2026-08-17 03:50:17.874 | [sniff]   llc+nd : 0B020F00720000C9AE0066
2026-08-17 03:50:17.879 | [sniff]   frame  : 0800261F4E00080026660000000EA8A8030B020F00720000C9AE00660001CFE20005000800004400000000000001A736000000010001CFC6001C000E
2026-08-17 03:50:17.896 | [sniff] node100 -> node19999  data seq=6 snd=1 rcv=42865 plen=14   <== ADDRESSED TO US
2026-08-17 03:50:17.906 | [sniff]   llc+nd : 0B022000060001A771000E211300034E1F0064000000019065
2026-08-17 03:50:17.916 | [sniff]   frame  : 0800261F4E00080026640000001CA8A8030B022000060001A771000E211300034E1F0064000000019065210082840066045F006407CE000807A20002
2026-08-17 03:50:17.932 | [link] WARNING the peer RE-SENT data frame seq=6 (we were waiting for 7). It has not seen our acknowledgement - check the send window and our own receive latency BEFORE looking for a fault in XMSG or the file server.
2026-08-17 03:50:17.958 | [tx] node19999 -> node100  ack seq=7 snd=42865 rcv=1 plen=0
2026-08-17 03:50:17.965 | [tx]   llc+nd : 0B023F0007A77100010000
2026-08-17 03:50:17.970 | [RX] 100->19999 sub=Ack f1=0x0000 info=211300034E1F0064000000019065
2026-08-17 03:50:17.978 | [seq] node 100: ACK 0x0000 did NOT advance the store (still 0x0001)
2026-08-17 03:50:17.987 | [RX] 100->19999 sub=Ack (no reply expected)
2026-08-17 03:50:17.992 | [sniff] node102 -> node19999  kind0x0F seq=114 snd=0 rcv=51630 plen=102   <== ADDRESSED TO US
2026-08-17 03:50:18.003 | [sniff]   llc+nd : 0B020F00720000C9AE0066
2026-08-17 03:50:18.008 | [sniff]   frame  : 0800261F4E00080026660000000EA8A8030B020F00720000C9AE00660001CFE20005000800004400000000000001A736000000010001CFC6001C000E
2026-08-17 03:50:18.026 | [sniff] node102 -> node19999  kind0x0F seq=114 snd=0 rcv=51630 plen=102   <== ADDRESSED TO US
2026-08-17 03:50:18.037 | [sniff]   llc+nd : 0B020F00720000C9AE0066
2026-08-17 03:50:18.042 | [sniff]   frame  : 0800261F4E00080026660000000EA8A8030B020F00720000C9AE00660001CFE20005000800004400000000000001A736000000010001CFC6001C000E
2026-08-17 03:50:18.059 | [sniff] node102 -> node19999  kind0x0F seq=114 snd=0 rcv=51630 plen=102   <== ADDRESSED TO US
2026-08-17 03:50:18.070 | [sniff]   llc+nd : 0B020F00720000C9AE0066
2026-08-17 03:50:18.075 | [sniff]   frame  : 0800261F4E00080026660000000EA8A8030B020F00720000C9AE00660001CFE20005000800004400000000000001A736000000010001CFC6001C000E
2026-08-17 03:50:18.092 | [sniff] node102 -> node19999  kind0x0F seq=114 snd=0 rcv=51630 plen=102   <== ADDRESSED TO US
2026-08-17 03:50:18.103 | [sniff]   llc+nd : 0B020F00720000C9AE0066
2026-08-17 03:50:18.109 | [sniff]   frame  : 0800261F4E00080026660000000EA8A8030B020F00720000C9AE00660001CFE20005000800004400000000000001A736000000010001CFC6001C000E
2026-08-17 03:50:18.125 | [sniff] node102 -> node19999  kind0x0F seq=114 snd=0 rcv=51630 plen=102   <== ADDRESSED TO US
2026-08-17 03:50:18.136 | [sniff]   llc+nd : 0B020F00720000C9AE0066
2026-08-17 03:50:18.142 | [sniff]   frame  : 0800261F4E00080026660000000EA8A8030B020F00720000C9AE00660001CFE20005000800004400000000000001A736000000010001CFC6001C000E
2026-08-17 03:50:18.160 | [sniff] node102 -> node19999  kind0x0F seq=114 snd=0 rcv=51630 plen=102   <== ADDRESSED TO US
2026-08-17 03:50:18.171 | [sniff]   llc+nd : 0B020F00720000C9AE0066
2026-08-17 03:50:18.176 | [sniff]   frame  : 0800261F4E00080026660000000EA8A8030B020F00720000C9AE00660001CFE20005000800004400000000000001A736000000010001CFC6001C000E
2026-08-17 03:50:21.061 | [segment] data=9 acks=8 other-stations=12
2026-08-17 03:50:26.061 | [segment] data=9 acks=8 other-stations=12
2026-08-17 03:50:28.656 | [sniff] node100 -> node19999  data seq=7 snd=1 rcv=42865 plen=36   <== ADDRESSED TO US
2026-08-17 03:50:28.667 | [sniff]   llc+nd : 0B022000070001A77100242113000E4E1F0064000000089053210082844E1F0211006404EF0008078000C20000CA00
2026-08-17 03:50:28.683 | [sniff]   frame  : 0800261F4E000800266400000032A8A8030B022000070001A77100242113000E4E1F0064000000089053210082844E1F0211006404EF0008078000C20000CA00
2026-08-17 03:50:28.700 | [tx] node19999 -> node100  ack seq=8 snd=42865 rcv=1 plen=0
2026-08-17 03:50:28.709 | [tx]   llc+nd : 0B023F0008A77100010000
2026-08-17 03:50:28.715 | [RX] 100->19999 sub=Data f1=0x0000 info=2113000E4E1F0064000000089053210082844E1F0211006404EF0008078000C20000CA00
2026-08-17 03:50:28.732 | [fa] system 100 has finished with conversation 0x00C2 (0x0780); answering with a close
2026-08-17 03:50:28.747 | [seq] node 100: ORIGINATE at Flags1 0x0001 (next becomes 0x0002)
2026-08-17 03:50:28.756 | [fa] reply to system 100: 8 byte(s), FA body 07C0000800C20000...
2026-08-17 03:50:28.765 | [tx] node19999 -> node100  data seq=11 snd=42865 rcv=1 plen=14
2026-08-17 03:50:28.773 | [tx]   llc+nd : 0B0220000BA7710001000E2113000300644E1F000000019065
2026-08-17 03:50:28.782 | [tx] node19999 -> node100  data seq=12 snd=42865 rcv=1 plen=36
2026-08-17 03:50:28.790 | [tx]   llc+nd : 0B0220000CA771000100242113000E00644E1F00010008905221008284006404EF4E1F0211000807C0000800C20000
2026-08-17 03:50:28.803 | [RX] 100->19999 sub=Data answered with 2 frame(s)
2026-08-17 03:50:28.809 | [sniff] node100 -> node19999  ack seq=12 snd=1 rcv=42865 plen=0   <== ADDRESSED TO US
2026-08-17 03:50:28.819 | [sniff]   llc+nd : 0B023F000C0001A7710000
2026-08-17 03:50:28.824 | [sniff]   frame  : 0800261F4E00080026640000000EA8A8030B023F000C0001A77100000001CF3200000000000500200000340000000000000000004E1F0001A3940100
2026-08-17 03:50:28.841 | [sniff] node100 -> node19999  ack seq=13 snd=1 rcv=42865 plen=0   <== ADDRESSED TO US
2026-08-17 03:50:28.851 | [sniff]   llc+nd : 0B023F000D0001A7710000
2026-08-17 03:50:28.857 | [sniff]   frame  : 0800261F4E00080026640000000EA8A8030B023F000D0001A77100000001CFE20005000800004400000000000001A3D2000000010001CFC6001C000E
2026-08-17 03:50:28.873 | [sniff] node100 -> node19999  data seq=8 snd=1 rcv=42865 plen=14   <== ADDRESSED TO US
2026-08-17 03:50:28.884 | [sniff]   llc+nd : 0B022000080001A771000E211300034E1F0064000100019064
2026-08-17 03:50:28.892 | [sniff]   frame  : 0800261F4E00080026640000001CA8A8030B022000080001A771000E211300034E1F0064000100019064210086E44E1F0000006404EF00241B410014
2026-08-17 03:50:28.908 | [tx] node19999 -> node100  ack seq=9 snd=42865 rcv=1 plen=0
2026-08-17 03:50:28.915 | [tx]   llc+nd : 0B023F0009A77100010000
2026-08-17 03:50:28.920 | [RX] 100->19999 sub=Ack f1=0x0001 info=211300034E1F0064000100019064
2026-08-17 03:50:28.928 | [seq] node 100: ACK 0x0001 did NOT advance the store (still 0x0002)
2026-08-17 03:50:28.936 | [RX] 100->19999 sub=Ack (no reply expected)
2026-08-17 03:50:28.942 | [sniff] node100 -> node19999  data seq=9 snd=1 rcv=42865 plen=64   <== ADDRESSED TO US
2026-08-17 03:50:28.952 | [sniff]   llc+nd : 0B022000090001A77100402113000E4E1F0064000100249036210086E44E1F0000006404EF00241B410014FF0A2A46412D534552564552FE0644313939393907E20000000A6400A200FF92
2026-08-17 03:50:28.972 | [sniff]   frame  : 0800261F4E00080026640000004EA8A8030B022000090001A77100402113000E4E1F0064000100249036210086E44E1F0000006404EF00241B410014FF0A2A46412D534552564552FE0644313939393907E20000000A6400A200FF92
2026-08-17 03:50:28.996 | [tx] node19999 -> node100  ack seq=10 snd=42865 rcv=1 plen=0
2026-08-17 03:50:29.003 | [tx]   llc+nd : 0B023F000AA77100010000
2026-08-17 03:50:29.008 | [RX] 100->19999 sub=Data f1=0x0001 info=2113000E4E1F0064000100249036210086E44E1F0000006404EF00241B410014FF0A2A46412D534552564552FE0644313939393907E20000000A6400A200FF92
2026-08-17 03:50:29.027 | [fa] connect letter from node 100 (system 100 port 0x04EF); serving E:\Dev\Ronny\NDInsight\SINTRAN\XMSG\SRC\Xmsg.Live.Runner\bin\Debug\net9.0\served-files; answering from session port 0x0211 with an FA ConnectionConfirm 07D2000A00C36400
2026-08-17 03:50:29.069 | [seq] node 100: ORIGINATE at Flags1 0x0002 (next becomes 0x0003)
2026-08-17 03:50:29.077 | [tx] node19999 -> node100  data seq=13 snd=42865 rcv=1 plen=14
2026-08-17 03:50:29.084 | [tx]   llc+nd : 0B0220000DA7710001000E2113000300644E1F000100019064
2026-08-17 03:50:29.092 | [tx] node19999 -> node100  data seq=14 snd=42865 rcv=1 plen=36
2026-08-17 03:50:29.099 | [tx]   llc+nd : 0B0220000EA771000100242113000E00644E1F00020008905121008284006404EF4E1F0211000807D2000A00C36400
2026-08-17 03:50:29.112 | [RX] 100->19999 sub=Data answered with 2 frame(s)
2026-08-17 03:50:29.118 | [sniff] node100 -> node19999  data seq=9 snd=1 rcv=42865 plen=64   <== ADDRESSED TO US
2026-08-17 03:50:29.128 | [sniff]   llc+nd : 0B022000090001A77100402113000E4E1F0064000100249036210086E44E1F0000006404EF00241B410014FF0A2A46412D534552564552FE0644313939393907E20000000A6400A200FF92
2026-08-17 03:50:29.148 | [sniff]   frame  : 0800261F4E00080026640000004EA8A8030B022000090001A77100402113000E4E1F0064000100249036210086E44E1F0000006404EF00241B410014FF0A2A46412D534552564552FE0644313939393907E20000000A6400A200FF92
2026-08-17 03:50:29.172 | [link] WARNING the peer RE-SENT data frame seq=9 (we were waiting for 10). It has not seen our acknowledgement - check the send window and our own receive latency BEFORE looking for a fault in XMSG or the file server.
2026-08-17 03:50:29.197 | [tx] node19999 -> node100  ack seq=10 snd=42865 rcv=1 plen=0
2026-08-17 03:50:29.204 | [tx]   llc+nd : 0B023F000AA77100010000
2026-08-17 03:50:29.209 | [RX] 100->19999 sub=Data f1=0x0001 info=2113000E4E1F0064000100249036210086E44E1F0000006404EF00241B410014FF0A2A46412D534552564552FE0644313939393907E20000000A6400A200FF92
2026-08-17 03:50:29.228 | [fa] connect letter from node 100 (system 100 port 0x04EF); serving E:\Dev\Ronny\NDInsight\SINTRAN\XMSG\SRC\Xmsg.Live.Runner\bin\Debug\net9.0\served-files; answering from session port 0x0211 with an FA ConnectionConfirm 07D2000A00C36400
2026-08-17 03:50:29.257 | [tx] node19999 -> node100  data seq=15 snd=42865 rcv=1 plen=14
2026-08-17 03:50:29.264 | [tx]   llc+nd : 0B0220000FA7710001000E2113000300644E1F000100019064
2026-08-17 03:50:29.274 | [tx] node19999 -> node100  data seq=16 snd=42865 rcv=1 plen=36
2026-08-17 03:50:29.282 | [tx]   llc+nd : 0B02200010A771000100242113000E00644E1F00020008905121008284006404EF4E1F0211000807D2000A00C36400
2026-08-17 03:50:29.295 | [RX] 100->19999 sub=Data answered with 2 frame(s)
2026-08-17 03:50:29.302 | [sniff] node100 -> node19999  ack seq=15 snd=1 rcv=42865 plen=0   <== ADDRESSED TO US
2026-08-17 03:50:29.312 | [sniff]   llc+nd : 0B023F000F0001A7710000
2026-08-17 03:50:29.317 | [sniff]   frame  : 0800261F4E00080026640000000EA8A8030B023F000F0001A77100000001D03A0005000800004400000000000001A3D2000000010001D01E001C000E
2026-08-17 03:50:29.334 | [sniff] node100 -> node19999  data seq=10 snd=1 rcv=42865 plen=14   <== ADDRESSED TO US
2026-08-17 03:50:29.345 | [sniff]   llc+nd : 0B0220000A0001A771000E211300034E1F0064000200019063
2026-08-17 03:50:29.353 | [sniff]   frame  : 0800261F4E00080026640000001CA8A8030B0220000A0001A771000E211300034E1F0064000200019063210082840066045F006407CE006207F00002
2026-08-17 03:50:29.370 | [tx] node19999 -> node100  ack seq=11 snd=42865 rcv=1 plen=0
2026-08-17 03:50:29.377 | [tx]   llc+nd : 0B023F000BA77100010000
2026-08-17 03:50:29.383 | [RX] 100->19999 sub=Ack f1=0x0002 info=211300034E1F0064000200019063
2026-08-17 03:50:29.391 | [seq] node 100: ACK 0x0002 did NOT advance the store (still 0x0003)
2026-08-17 03:50:29.399 | [RX] 100->19999 sub=Ack (no reply expected)
2026-08-17 03:50:29.404 | [sniff] node100 -> node19999  data seq=11 snd=1 rcv=42865 plen=140   <== ADDRESSED TO US
2026-08-17 03:50:29.416 | [sniff]   llc+nd : 0B0220000B0001A771008C2113000E4E1F0064000200708FE9210082844E1F0211006404EF007007F000C380000001920002920001F20001A207D0F200028C06920001920001F20003BD42414B3032202053595354454DF200048C38B01053595354454D27000000000000000000E180B01000000000000000000000000000000000B01000000000000000000000000000000000F200FF
2026-08-17 03:50:29.454 | [sniff]   frame  : 0800261F4E00080026640000009AA8A8030B0220000B0001A771008C2113000E4E1F0064000200708FE9210082844E1F0211006404EF007007F000C380000001920002920001F20001A207D0F200028C06920001920001F20003BD42414B3032202053595354454DF200048C38B01053595354454D27000000000000000000E180B01000000000000000000000000000000000B01000000000000000000000000000000000F200FF
2026-08-17 03:50:29.498 | [tx] node19999 -> node100  ack seq=12 snd=42865 rcv=1 plen=0
2026-08-17 03:50:29.506 | [tx]   llc+nd : 0B023F000CA77100010000
2026-08-17 03:50:29.511 | [RX] 100->19999 sub=Data f1=0x0002 info=2113000E4E1F0064000200708FE9210082844E1F0211006404EF007007F000C380000001920002920001F20001A207D0F200028C06920001920001F20003BD42414B3032202053595354454DF200048C38B01053595354454D27000000000000000000E180B01000000000000000000000000000000000B01000000000000000000000000000000000F200FF
2026-08-17 03:50:29.550 | [fa] request ReserveFileEntry seq 1 from system 100: accepted
2026-08-17 03:50:29.568 | [seq] node 100: ORIGINATE at Flags1 0x0003 (next becomes 0x0004)
2026-08-17 03:50:29.581 | [fa] short acknowledgement 1 to system 100 at Flags1 0x0002
2026-08-17 03:50:29.588 | [seq] node 100: ORIGINATE at Flags1 0x0004 (next becomes 0x0005)
2026-08-17 03:50:29.596 | [fa] reply to system 100: 18 byte(s), FA body 07F0000A80009081920002920001F200...
2026-08-17 03:50:29.606 | [tx] node19999 -> node100  data seq=17 snd=42865 rcv=1 plen=14
2026-08-17 03:50:29.614 | [tx]   llc+nd : 0B02200011A7710001000E2113000300644E1F000200019063
2026-08-17 03:50:29.622 | [tx] node19999 -> node100  data seq=18 snd=42865 rcv=1 plen=36
2026-08-17 03:50:29.629 | [tx]   llc+nd : 0B02200012A771000100242113000E00644E1F00030008905021008284006404EF4E1F0211000807A2000A0100922A
2026-08-17 03:50:29.642 | [tx] node19999 -> node100  data seq=19 snd=42865 rcv=1 plen=46
2026-08-17 03:50:29.649 | [tx]   llc+nd : 0B02200013A7710001002E2113000E00644E1F00040012904521008284006404EF4E1F0211001207F0000A80009081920002920001F200FF00
2026-08-17 03:50:29.665 | [RX] 100->19999 sub=Data answered with 3 frame(s)
2026-08-17 03:50:29.672 | [sniff] node100 -> node19999  data seq=10 snd=1 rcv=42865 plen=14   <== ADDRESSED TO US
2026-08-17 03:50:29.682 | [sniff]   llc+nd : 0B0220000A0001A771000E211300034E1F0064000200019063
2026-08-17 03:50:29.690 | [sniff]   frame  : 0800261F4E00080026640000001CA8A8030B0220000A0001A771000E211300034E1F0064000200019063210082840066045F006407CE006207F00002
2026-08-17 03:50:29.710 | [link] WARNING the peer RE-SENT data frame seq=10 (we were waiting for 12). It has not seen our acknowledgement - check the send window and our own receive latency BEFORE looking for a fault in XMSG or the file server.
2026-08-17 03:50:29.736 | [tx] node19999 -> node100  ack seq=11 snd=42865 rcv=1 plen=0
2026-08-17 03:50:29.743 | [tx]   llc+nd : 0B023F000BA77100010000
2026-08-17 03:50:29.748 | [RX] 100->19999 sub=Ack f1=0x0002 info=211300034E1F0064000200019063
2026-08-17 03:50:29.756 | [seq] node 100: ACK 0x0002 did NOT advance the store (still 0x0005)
2026-08-17 03:50:29.765 | [RX] 100->19999 sub=Ack (no reply expected)
2026-08-17 03:50:29.770 | [sniff] node100 -> node19999  data seq=11 snd=1 rcv=42865 plen=140   <== ADDRESSED TO US
2026-08-17 03:50:29.781 | [sniff]   llc+nd : 0B0220000B0001A771008C2113000E4E1F0064000200708FE9210082844E1F0211006404EF007007F000C380000001920002920001F20001A207D0F200028C06920001920001F20003BD42414B3032202053595354454DF200048C38B01053595354454D27000000000000000000E180B01000000000000000000000000000000000B01000000000000000000000000000000000F200FF
2026-08-17 03:50:29.824 | [sniff]   frame  : 0800261F4E00080026640000009AA8A8030B0220000B0001A771008C2113000E4E1F0064000200708FE9210082844E1F0211006404EF007007F000C380000001920002920001F20001A207D0F200028C06920001920001F20003BD42414B3032202053595354454DF200048C38B01053595354454D27000000000000000000E180B01000000000000000000000000000000000B01000000000000000000000000000000000F200FF
2026-08-17 03:50:29.867 | [link] WARNING the peer RE-SENT data frame seq=11 (we were waiting for 12). It has not seen our acknowledgement - check the send window and our own receive latency BEFORE looking for a fault in XMSG or the file server.
2026-08-17 03:50:29.894 | [tx] node19999 -> node100  ack seq=12 snd=42865 rcv=1 plen=0
2026-08-17 03:50:29.902 | [tx]   llc+nd : 0B023F000CA77100010000
2026-08-17 03:50:29.908 | [RX] 100->19999 sub=Data f1=0x0002 info=2113000E4E1F0064000200708FE9210082844E1F0211006404EF007007F000C380000001920002920001F20001A207D0F200028C06920001920001F20003BD42414B3032202053595354454DF200048C38B01053595354454D27000000000000000000E180B01000000000000000000000000000000000B01000000000000000000000000000000000F200FF
2026-08-17 03:50:29.946 | [fa] system 100 re-sent the request at datagram Flags 1 0x0002; replaying the same reply rather than building a new one
2026-08-17 03:50:29.960 | [seq] node 100: ORIGINATE at Flags1 0x0005 (next becomes 0x0006)
2026-08-17 03:50:29.968 | [fa] short acknowledgement 2 to system 100 at Flags1 0x0002
2026-08-17 03:50:29.975 | [seq] node 100: ORIGINATE at Flags1 0x0006 (next becomes 0x0007)
2026-08-17 03:50:29.983 | [fa] reply to system 100: 18 byte(s), FA body 07F0000A80009081920002920001F200...
2026-08-17 03:50:29.993 | [tx] node19999 -> node100  data seq=20 snd=42865 rcv=1 plen=14
2026-08-17 03:50:30.000 | [tx]   llc+nd : 0B02200014A7710001000E2113000300644E1F000200019063
2026-08-17 03:50:30.008 | [TX] *** PARKED *** eth:d100 took a 36B frame but the send window is full; 1 datagram(s) now waiting and NOTHING is leaving this node until the peer acknowledges us
2026-08-17 03:50:30.027 | [TX] *** PARKED *** eth:d100 took a 46B frame but the send window is full; 2 datagram(s) now waiting and NOTHING is leaving this node until the peer acknowledges us
2026-08-17 03:50:30.046 | [RX] 100->19999 sub=Data answered with 3 frame(s)
2026-08-17 03:50:30.053 | [sniff] node100 -> node19999  ack seq=16 snd=1 rcv=42865 plen=0   <== ADDRESSED TO US
2026-08-17 03:50:30.063 | [sniff]   llc+nd : 0B023F00100001A7710000
2026-08-17 03:50:30.069 | [sniff]   frame  : 0800261F4E00080026640000000EA8A8030B023F00100001A77100000001D0920005000800004400000000000001A3D2000000010001D076001C000E
2026-08-17 03:50:30.098 | [tx] node19999 -> node100  data seq=21 snd=42865 rcv=1 plen=36
2026-08-17 03:50:30.106 | [tx]   llc+nd : 0B02200015A771000100242113000E00644E1F00050008904E21008284006404EF4E1F0211000807A2000A0200922A
2026-08-17 03:50:30.119 | [sniff] node100 -> node19999  ack seq=17 snd=1 rcv=42865 plen=0   <== ADDRESSED TO US
2026-08-17 03:50:30.129 | [sniff]   llc+nd : 0B023F00110001A7710000
2026-08-17 03:50:30.135 | [sniff]   frame  : 0800261F4E00080026640000000EA8A8030B023F00110001A77100000001CF320005000800004400000000000001A3D2000000010001D0CE001C000E
2026-08-17 03:50:30.151 | [tx] node19999 -> node100  data seq=22 snd=42865 rcv=1 plen=46
2026-08-17 03:50:30.159 | [tx]   llc+nd : 0B02200016A7710001002E2113000E00644E1F00060012904321008284006404EF4E1F0211001207F0000A80009081920002920001F200FF00
2026-08-17 03:50:30.174 | [sniff] node100 -> node19999  data seq=11 snd=1 rcv=42865 plen=140   <== ADDRESSED TO US
2026-08-17 03:50:30.185 | [sniff]   llc+nd : 0B0220000B0001A771008C2113000E4E1F0064000200708FE9210082844E1F0211006404EF007007F000C380000001920002920001F20001A207D0F200028C06920001920001F20003BD42414B3032202053595354454DF200048C38B01053595354454D27000000000000000000E180B01000000000000000000000000000000000B01000000000000000000000000000000000F200FF
2026-08-17 03:50:30.221 | [sniff]   frame  : 0800261F4E00080026640000009AA8A8030B0220000B0001A771008C2113000E4E1F0064000200708FE9210082844E1F0211006404EF007007F000C380000001920002920001F20001A207D0F200028C06920001920001F20003BD42414B3032202053595354454DF200048C38B01053595354454D27000000000000000000E180B01000000000000000000000000000000000B01000000000000000000000000000000000F200FF
2026-08-17 03:50:30.263 | [link] WARNING the peer RE-SENT data frame seq=11 (we were waiting for 12). It has not seen our acknowledgement - check the send window and our own receive latency BEFORE looking for a fault in XMSG or the file server.
2026-08-17 03:50:30.292 | [tx] node19999 -> node100  ack seq=12 snd=42865 rcv=1 plen=0
2026-08-17 03:50:30.300 | [tx]   llc+nd : 0B023F000CA77100010000
2026-08-17 03:50:30.306 | [RX] 100->19999 sub=Data f1=0x0002 info=2113000E4E1F0064000200708FE9210082844E1F0211006404EF007007F000C380000001920002920001F20001A207D0F200028C06920001920001F20003BD42414B3032202053595354454DF200048C38B01053595354454D27000000000000000000E180B01000000000000000000000000000000000B01000000000000000000000000000000000F200FF
2026-08-17 03:50:30.343 | [fa] system 100 re-sent the request at datagram Flags 1 0x0002; replaying the same reply rather than building a new one
2026-08-17 03:50:30.358 | [seq] node 100: ORIGINATE at Flags1 0x0007 (next becomes 0x0008)
2026-08-17 03:50:30.366 | [fa] short acknowledgement 3 to system 100 at Flags1 0x0002
2026-08-17 03:50:30.373 | [seq] node 100: ORIGINATE at Flags1 0x0008 (next becomes 0x0009)
2026-08-17 03:50:30.382 | [fa] reply to system 100: 18 byte(s), FA body 07F0000A80009081920002920001F200...
2026-08-17 03:50:30.392 | [TX] *** PARKED *** eth:d100 took a 14B frame but the send window is full; 1 datagram(s) now waiting and NOTHING is leaving this node until the peer acknowledges us
2026-08-17 03:50:30.412 | [TX] *** PARKED *** eth:d100 took a 36B frame but the send window is full; 2 datagram(s) now waiting and NOTHING is leaving this node until the peer acknowledges us
2026-08-17 03:50:30.431 | [TX] *** PARKED *** eth:d100 took a 46B frame but the send window is full; 3 datagram(s) now waiting and NOTHING is leaving this node until the peer acknowledges us
2026-08-17 03:50:30.451 | [RX] 100->19999 sub=Data answered with 3 frame(s)
2026-08-17 03:50:30.457 | [sniff] node100 -> node19999  ack seq=19 snd=1 rcv=42865 plen=0   <== ADDRESSED TO US
2026-08-17 03:50:30.466 | [sniff]   llc+nd : 0B023F00130001A7710000
2026-08-17 03:50:30.471 | [sniff]   frame  : 0800261F4E00080026640000000EA8A8030B023F00130001A77100000001CF3200000000000500200000340000000000000000004E1F0001A3940100
2026-08-17 03:50:30.487 | [tx] node19999 -> node100  data seq=23 snd=42865 rcv=1 plen=14
2026-08-17 03:50:30.494 | [tx]   llc+nd : 0B02200017A7710001000E2113000300644E1F000200019063
2026-08-17 03:50:30.502 | [tx] node19999 -> node100  data seq=24 snd=42865 rcv=1 plen=36
2026-08-17 03:50:30.510 | [tx]   llc+nd : 0B02200018A771000100242113000E00644E1F00070008904C21008284006404EF4E1F0211000807A2000A0300922A
2026-08-17 03:50:30.523 | [sniff] node100 -> node19999  data seq=12 snd=1 rcv=42865 plen=14   <== ADDRESSED TO US
2026-08-17 03:50:30.533 | [sniff]   llc+nd : 0B0220000C0001A771000E211300034E1F0064000300019062
2026-08-17 03:50:30.542 | [sniff]   frame  : 0800261F4E00080026640000001CA8A8030B0220000C0001A771000E211300034E1F0064000300019062210086E44E1F000000640683040000410012
2026-08-17 03:50:30.559 | [tx] node19999 -> node100  ack seq=13 snd=42865 rcv=1 plen=0
2026-08-17 03:50:30.567 | [tx]   llc+nd : 0B023F000DA77100010000
2026-08-17 03:50:30.572 | [RX] 100->19999 sub=Ack f1=0x0003 info=211300034E1F0064000300019062
2026-08-17 03:50:30.581 | [seq] node 100: ACK 0x0003 did NOT advance the store (still 0x0009)
2026-08-17 03:50:30.599 | [RX] 100->19999 sub=Ack (no reply expected)
2026-08-17 03:50:30.608 | [sniff] node100 -> node19999  ack seq=20 snd=1 rcv=42865 plen=0   <== ADDRESSED TO US
2026-08-17 03:50:30.619 | [sniff]   llc+nd : 0B023F00140001A7710000
2026-08-17 03:50:30.624 | [sniff]   frame  : 0800261F4E00080026640000000EA8A8030B023F00140001A77100000001CFE20005000800004400000000000001A3D2000000010001CFC6001C000E
2026-08-17 03:50:30.640 | [tx] node19999 -> node100  data seq=25 snd=42865 rcv=1 plen=46
2026-08-17 03:50:30.648 | [tx]   llc+nd : 0B02200019A7710001002E2113000E00644E1F00080012904121008284006404EF4E1F0211001207F0000A80009081920002920001F200FF00
2026-08-17 03:50:30.663 | [sniff] node100 -> node19999  data seq=13 snd=1 rcv=42865 plen=14   <== ADDRESSED TO US
2026-08-17 03:50:30.673 | [sniff]   llc+nd : 0B0220000D0001A771000E211300034E1F0064000400019061
2026-08-17 03:50:30.681 | [sniff]   frame  : 0800261F4E00080026640000001CA8A8030B0220000D0001A771000E211300034E1F0064000400019061210086E44E1F000000640683040000410012
2026-08-17 03:50:30.697 | [tx] node19999 -> node100  ack seq=14 snd=42865 rcv=1 plen=0
2026-08-17 03:50:30.704 | [tx]   llc+nd : 0B023F000EA77100010000
2026-08-17 03:50:30.709 | [RX] 100->19999 sub=Ack f1=0x0004 info=211300034E1F0064000400019061
2026-08-17 03:50:30.717 | [seq] node 100: ACK 0x0004 did NOT advance the store (still 0x0009)
2026-08-17 03:50:30.727 | [RX] 100->19999 sub=Ack (no reply expected)
2026-08-17 03:50:30.733 | [sniff] node100 -> node19999  data seq=14 snd=1 rcv=42865 plen=36   <== ADDRESSED TO US
2026-08-17 03:50:30.744 | [sniff]   llc+nd : 0B0220000E0001A77100242113000E4E1F0064000300089050210082844E1F0211006404EF000807A200C301008485
2026-08-17 03:50:30.757 | [sniff]   frame  : 0800261F4E000800266400000032A8A8030B0220000E0001A77100242113000E4E1F0064000300089050210082844E1F0211006404EF000807A200C301008485
2026-08-17 03:50:30.774 | [tx] node19999 -> node100  ack seq=15 snd=42865 rcv=1 plen=0
2026-08-17 03:50:30.782 | [tx]   llc+nd : 0B023F000FA77100010000
2026-08-17 03:50:30.787 | [RX] 100->19999 sub=Data f1=0x0003 info=2113000E4E1F0064000300089050210082844E1F0211006404EF000807A200C301008485
2026-08-17 03:50:30.800 | [fa] short acknowledgement from system 100, conversation 0x00C3
2026-08-17 03:50:30.807 | [TX] *** PARKED *** eth:d100 took a 14B frame but the send window is full; 1 datagram(s) now waiting and NOTHING is leaving this node until the peer acknowledges us
2026-08-17 03:50:30.827 | [RX] 100->19999 sub=Data answered with 1 frame(s)
2026-08-17 03:50:30.833 | [sniff] node100 -> node19999  data seq=15 snd=1 rcv=42865 plen=60   <== ADDRESSED TO US
2026-08-17 03:50:30.844 | [sniff]   llc+nd : 0B0220000F0001A771003C2113000E4E1F0064000400209037210082844E1F0211006404EF002007F000C38100D7D592000B920002F20001BB44454C4D453A5458542754F200FF
2026-08-17 03:50:30.863 | [sniff]   frame  : 0800261F4E00080026640000004AA8A8030B0220000F0001A771003C2113000E4E1F0064000400209037210082844E1F0211006404EF002007F000C38100D7D592000B920002F20001BB44454C4D453A5458542754F200FF
2026-08-17 03:50:30.886 | [tx] node19999 -> node100  ack seq=16 snd=42865 rcv=1 plen=0
2026-08-17 03:50:30.895 | [tx]   llc+nd : 0B023F0010A77100010000
2026-08-17 03:50:30.899 | [RX] 100->19999 sub=Data f1=0x0004 info=2113000E4E1F0064000400209037210082844E1F0211006404EF002007F000C38100D7D592000B920002F20001BB44454C4D453A5458542754F200FF
2026-08-17 03:50:30.920 | [fa] DeleteFile 'DELME:TXT' for system 100: deleted
2026-08-17 03:50:30.927 | [seq] node 100: ORIGINATE at Flags1 0x0009 (next becomes 0x000A)
2026-08-17 03:50:30.935 | [fa] short acknowledgement 4 to system 100 at Flags1 0x0004
2026-08-17 03:50:30.943 | [seq] node 100: ORIGINATE at Flags1 0x000A (next becomes 0x000B)
2026-08-17 03:50:30.951 | [fa] reply to system 100: 18 byte(s), FA body 07F0000A8100908192000B920002F200...
2026-08-17 03:50:30.960 | [TX] *** PARKED *** eth:d100 took a 14B frame but the send window is full; 2 datagram(s) now waiting and NOTHING is leaving this node until the peer acknowledges us
2026-08-17 03:50:30.979 | [TX] *** PARKED *** eth:d100 took a 36B frame but the send window is full; 3 datagram(s) now waiting and NOTHING is leaving this node until the peer acknowledges us
2026-08-17 03:50:30.998 | [TX] *** PARKED *** eth:d100 took a 46B frame but the send window is full; 4 datagram(s) now waiting and NOTHING is leaving this node until the peer acknowledges us
2026-08-17 03:50:31.017 | [RX] 100->19999 sub=Data answered with 3 frame(s)
2026-08-17 03:50:31.024 | [sniff] node100 -> node19999  data seq=12 snd=1 rcv=42865 plen=14   <== ADDRESSED TO US
2026-08-17 03:50:31.035 | [sniff]   llc+nd : 0B0220000C0001A771000E211300034E1F0064000300019062
2026-08-17 03:50:31.043 | [sniff]   frame  : 0800261F4E00080026640000001CA8A8030B0220000C0001A771000E211300034E1F0064000300019062210086E44E1F000000640683040000410012
2026-08-17 03:50:31.060 | [link] WARNING the peer RE-SENT data frame seq=12 (we were waiting for 16). It has not seen our acknowledgement - check the send window and our own receive latency BEFORE looking for a fault in XMSG or the file server.
2026-08-17 03:50:31.084 | [tx] node19999 -> node100  ack seq=13 snd=42865 rcv=1 plen=0
2026-08-17 03:50:31.092 | [tx]   llc+nd : 0B023F000DA77100010000
2026-08-17 03:50:31.097 | [segment] data=23 acks=15 other-stations=12
2026-08-17 03:50:31.108 | [RX] 100->19999 sub=Ack f1=0x0003 info=211300034E1F0064000300019062
2026-08-17 03:50:31.123 | [seq] node 100: ACK 0x0003 did NOT advance the store (still 0x000B)
2026-08-17 03:50:31.131 | [RX] 100->19999 sub=Ack (no reply expected)
2026-08-17 03:50:31.137 | [sniff] node100 -> node19999  data seq=13 snd=1 rcv=42865 plen=14   <== ADDRESSED TO US
2026-08-17 03:50:31.148 | [sniff]   llc+nd : 0B0220000D0001A771000E211300034E1F0064000400019061
2026-08-17 03:50:31.156 | [sniff]   frame  : 0800261F4E00080026640000001CA8A8030B0220000D0001A771000E211300034E1F0064000400019061210086E44E1F000000640683040000410012
2026-08-17 03:50:31.173 | [link] WARNING the peer RE-SENT data frame seq=13 (we were waiting for 16). It has not seen our acknowledgement - check the send window and our own receive latency BEFORE looking for a fault in XMSG or the file server.
2026-08-17 03:50:31.200 | [tx] node19999 -> node100  ack seq=14 snd=42865 rcv=1 plen=0
2026-08-17 03:50:31.207 | [tx]   llc+nd : 0B023F000EA77100010000
2026-08-17 03:50:31.212 | [RX] 100->19999 sub=Ack f1=0x0004 info=211300034E1F0064000400019061
2026-08-17 03:50:31.220 | [seq] node 100: ACK 0x0004 did NOT advance the store (still 0x000B)
2026-08-17 03:50:31.228 | [RX] 100->19999 sub=Ack (no reply expected)
2026-08-17 03:50:31.233 | [sniff] node100 -> node19999  data seq=14 snd=1 rcv=42865 plen=36   <== ADDRESSED TO US
2026-08-17 03:50:31.245 | [sniff]   llc+nd : 0B0220000E0001A77100242113000E4E1F0064000300089050210082844E1F0211006404EF000807A200C301008485
2026-08-17 03:50:31.259 | [sniff]   frame  : 0800261F4E000800266400000032A8A8030B0220000E0001A77100242113000E4E1F0064000300089050210082844E1F0211006404EF000807A200C301008485
2026-08-17 03:50:31.279 | [link] WARNING the peer RE-SENT data frame seq=14 (we were waiting for 16). It has not seen our acknowledgement - check the send window and our own receive latency BEFORE looking for a fault in XMSG or the file server.
2026-08-17 03:50:31.305 | [tx] node19999 -> node100  ack seq=15 snd=42865 rcv=1 plen=0
2026-08-17 03:50:31.313 | [tx]   llc+nd : 0B023F000FA77100010000
2026-08-17 03:50:31.318 | [RX] 100->19999 sub=Data f1=0x0003 info=2113000E4E1F0064000300089050210082844E1F0211006404EF000807A200C301008485
2026-08-17 03:50:31.332 | [fa] short acknowledgement from system 100, conversation 0x00C3
2026-08-17 03:50:31.339 | [TX] *** PARKED *** eth:d100 took a 14B frame but the send window is full; 5 datagram(s) now waiting and NOTHING is leaving this node until the peer acknowledges us
2026-08-17 03:50:31.358 | [RX] 100->19999 sub=Data answered with 1 frame(s)
2026-08-17 03:50:31.364 | [sniff] node100 -> node19999  data seq=15 snd=1 rcv=42865 plen=60   <== ADDRESSED TO US
2026-08-17 03:50:31.375 | [sniff]   llc+nd : 0B0220000F0001A771003C2113000E4E1F0064000400209037210082844E1F0211006404EF002007F000C38100D7D592000B920002F20001BB44454C4D453A5458542754F200FF
2026-08-17 03:50:31.396 | [sniff]   frame  : 0800261F4E00080026640000004AA8A8030B0220000F0001A771003C2113000E4E1F0064000400209037210082844E1F0211006404EF002007F000C38100D7D592000B920002F20001BB44454C4D453A5458542754F200FF
2026-08-17 03:50:31.420 | [link] WARNING the peer RE-SENT data frame seq=15 (we were waiting for 16). It has not seen our acknowledgement - check the send window and our own receive latency BEFORE looking for a fault in XMSG or the file server.
2026-08-17 03:50:31.446 | [tx] node19999 -> node100  ack seq=16 snd=42865 rcv=1 plen=0
2026-08-17 03:50:31.453 | [tx]   llc+nd : 0B023F0010A77100010000
2026-08-17 03:50:31.459 | [RX] 100->19999 sub=Data f1=0x0004 info=2113000E4E1F0064000400209037210082844E1F0211006404EF002007F000C38100D7D592000B920002F20001BB44454C4D453A5458542754F200FF
2026-08-17 03:50:31.477 | [fa] system 100 re-sent the request at datagram Flags 1 0x0004; replaying the same reply rather than building a new one
2026-08-17 03:50:31.492 | [seq] node 100: ORIGINATE at Flags1 0x000B (next becomes 0x000C)
2026-08-17 03:50:31.500 | [fa] short acknowledgement 5 to system 100 at Flags1 0x0004
2026-08-17 03:50:31.508 | [seq] node 100: ORIGINATE at Flags1 0x000C (next becomes 0x000D)
2026-08-17 03:50:31.515 | [fa] reply to system 100: 18 byte(s), FA body 07F0000A8100908192000B920002F200...
2026-08-17 03:50:31.526 | [TX] *** PARKED *** eth:d100 took a 14B frame but the send window is full; 6 datagram(s) now waiting and NOTHING is leaving this node until the peer acknowledges us
2026-08-17 03:50:31.546 | [TX] *** PARKED *** eth:d100 took a 36B frame but the send window is full; 7 datagram(s) now waiting and NOTHING is leaving this node until the peer acknowledges us
2026-08-17 03:50:31.565 | [TX] *** PARKED *** eth:d100 took a 46B frame but the send window is full; 8 datagram(s) now waiting and NOTHING is leaving this node until the peer acknowledges us
2026-08-17 03:50:31.590 | [RX] 100->19999 sub=Data answered with 3 frame(s)
2026-08-17 03:50:31.598 | [sniff] node100 -> node19999  data seq=12 snd=1 rcv=42865 plen=14   <== ADDRESSED TO US
2026-08-17 03:50:31.610 | [sniff]   llc+nd : 0B0220000C0001A771000E211300034E1F0064000300019062
2026-08-17 03:50:31.627 | [sniff]   frame  : 0800261F4E00080026640000001CA8A8030B0220000C0001A771000E211300034E1F0064000300019062210086E44E1F000000640683040000410012
2026-08-17 03:50:31.648 | [link] WARNING the peer RE-SENT data frame seq=12 (we were waiting for 16). It has not seen our acknowledgement - check the send window and our own receive latency BEFORE looking for a fault in XMSG or the file server.
2026-08-17 03:50:31.675 | [tx] node19999 -> node100  ack seq=13 snd=42865 rcv=1 plen=0
2026-08-17 03:50:31.682 | [tx]   llc+nd : 0B023F000DA77100010000
2026-08-17 03:50:31.687 | [RX] 100->19999 sub=Ack f1=0x0003 info=211300034E1F0064000300019062
2026-08-17 03:50:31.695 | [seq] node 100: ACK 0x0003 did NOT advance the store (still 0x000D)
2026-08-17 03:50:31.703 | [RX] 100->19999 sub=Ack (no reply expected)
2026-08-17 03:50:31.709 | [sniff] node100 -> node19999  data seq=13 snd=1 rcv=42865 plen=14   <== ADDRESSED TO US
2026-08-17 03:50:31.719 | [sniff]   llc+nd : 0B0220000D0001A771000E211300034E1F0064000400019061
2026-08-17 03:50:31.727 | [sniff]   frame  : 0800261F4E00080026640000001CA8A8030B0220000D0001A771000E211300034E1F0064000400019061210086E44E1F000000640683040000410012
2026-08-17 03:50:31.746 | [link] WARNING the peer RE-SENT data frame seq=13 (we were waiting for 16). It has not seen our acknowledgement - check the send window and our own receive latency BEFORE looking for a fault in XMSG or the file server.
2026-08-17 03:50:31.771 | [tx] node19999 -> node100  ack seq=14 snd=42865 rcv=1 plen=0
2026-08-17 03:50:31.778 | [tx]   llc+nd : 0B023F000EA77100010000
2026-08-17 03:50:31.783 | [RX] 100->19999 sub=Ack f1=0x0004 info=211300034E1F0064000400019061
2026-08-17 03:50:31.791 | [seq] node 100: ACK 0x0004 did NOT advance the store (still 0x000D)
2026-08-17 03:50:31.800 | [RX] 100->19999 sub=Ack (no reply expected)
2026-08-17 03:50:31.805 | [sniff] node100 -> node19999  ack seq=21 snd=1 rcv=42865 plen=0   <== ADDRESSED TO US
2026-08-17 03:50:31.815 | [sniff]   llc+nd : 0B023F00150001A7710000
2026-08-17 03:50:31.820 | [sniff]   frame  : 0800261F4E00080026640000000EA8A8030B023F00150001A77100000001D03A0005000800004400000000000001A3D2000000010001D01E001C000E
2026-08-17 03:50:31.836 | [tx] node19999 -> node100  data seq=26 snd=42865 rcv=1 plen=14
2026-08-17 03:50:31.844 | [tx]   llc+nd : 0B0220001AA7710001000E2113000300644E1F000300019062
2026-08-17 03:50:31.852 | [sniff] node100 -> node19999  data seq=14 snd=1 rcv=42865 plen=36   <== ADDRESSED TO US
2026-08-17 03:50:31.862 | [sniff]   llc+nd : 0B0220000E0001A77100242113000E4E1F0064000300089050210082844E1F0211006404EF000807A200C301008485
2026-08-17 03:50:31.875 | [sniff]   frame  : 0800261F4E000800266400000032A8A8030B0220000E0001A77100242113000E4E1F0064000300089050210082844E1F0211006404EF000807A200C301008485
2026-08-17 03:50:31.894 | [link] WARNING the peer RE-SENT data frame seq=14 (we were waiting for 16). It has not seen our acknowledgement - check the send window and our own receive latency BEFORE looking for a fault in XMSG or the file server.
2026-08-17 03:50:31.920 | [tx] node19999 -> node100  ack seq=15 snd=42865 rcv=1 plen=0
2026-08-17 03:50:31.927 | [tx]   llc+nd : 0B023F000FA77100010000
2026-08-17 03:50:31.932 | [RX] 100->19999 sub=Data f1=0x0003 info=2113000E4E1F0064000300089050210082844E1F0211006404EF000807A200C301008485
2026-08-17 03:50:31.946 | [fa] short acknowledgement from system 100, conversation 0x00C3
2026-08-17 03:50:31.954 | [TX] *** PARKED *** eth:d100 took a 14B frame but the send window is full; 8 datagram(s) now waiting and NOTHING is leaving this node until the peer acknowledges us
2026-08-17 03:50:31.972 | [RX] 100->19999 sub=Data answered with 1 frame(s)
2026-08-17 03:50:31.978 | [sniff] node100 -> node19999  data seq=15 snd=1 rcv=42865 plen=60   <== ADDRESSED TO US
2026-08-17 03:50:31.988 | [sniff]   llc+nd : 0B0220000F0001A771003C2113000E4E1F0064000400209037210082844E1F0211006404EF002007F000C38100D7D592000B920002F20001BB44454C4D453A5458542754F200FF
2026-08-17 03:50:32.008 | [sniff]   frame  : 0800261F4E00080026640000004AA8A8030B0220000F0001A771003C2113000E4E1F0064000400209037210082844E1F0211006404EF002007F000C38100D7D592000B920002F20001BB44454C4D453A5458542754F200FF
2026-08-17 03:50:32.031 | [link] WARNING the peer RE-SENT data frame seq=15 (we were waiting for 16). It has not seen our acknowledgement - check the send window and our own receive latency BEFORE looking for a fault in XMSG or the file server.
2026-08-17 03:50:32.056 | [tx] node19999 -> node100  ack seq=16 snd=42865 rcv=1 plen=0
2026-08-17 03:50:32.064 | [tx]   llc+nd : 0B023F0010A77100010000
2026-08-17 03:50:32.068 | [RX] 100->19999 sub=Data f1=0x0004 info=2113000E4E1F0064000400209037210082844E1F0211006404EF002007F000C38100D7D592000B920002F20001BB44454C4D453A5458542754F200FF
2026-08-17 03:50:32.087 | [fa] system 100 re-sent the request at datagram Flags 1 0x0004; replaying the same reply rather than building a new one
2026-08-17 03:50:32.102 | [seq] node 100: ORIGINATE at Flags1 0x000D (next becomes 0x000E)
2026-08-17 03:50:32.110 | [fa] short acknowledgement 6 to system 100 at Flags1 0x0004
2026-08-17 03:50:32.117 | [seq] node 100: ORIGINATE at Flags1 0x000E (next becomes 0x000F)
2026-08-17 03:50:32.125 | [fa] reply to system 100: 18 byte(s), FA body 07F0000A8100908192000B920002F200...
2026-08-17 03:50:32.144 | [TX] *** PARKED *** eth:d100 took a 14B frame but the send window is full; 9 datagram(s) now waiting and NOTHING is leaving this node until the peer acknowledges us
2026-08-17 03:50:32.168 | [TX] *** PARKED *** eth:d100 took a 36B frame but the send window is full; 10 datagram(s) now waiting and NOTHING is leaving this node until the peer acknowledges us
2026-08-17 03:50:32.188 | [TX] *** PARKED *** eth:d100 took a 46B frame but the send window is full; 11 datagram(s) now waiting and NOTHING is leaving this node until the peer acknowledges us
2026-08-17 03:50:32.206 | [RX] 100->19999 sub=Data answered with 3 frame(s)
2026-08-17 03:50:32.212 | [sniff] node100 -> node19999  ack seq=22 snd=1 rcv=42865 plen=0   <== ADDRESSED TO US
2026-08-17 03:50:32.222 | [sniff]   llc+nd : 0B023F00160001A7710000
2026-08-17 03:50:32.227 | [sniff]   frame  : 0800261F4E00080026640000000EA8A8030B023F00160001A77100000001D0920005000800004400000000000001A3D2000000010001D076001C000E
2026-08-17 03:50:32.244 | [tx] node19999 -> node100  data seq=27 snd=42865 rcv=1 plen=14
2026-08-17 03:50:32.252 | [tx]   llc+nd : 0B0220001BA7710001000E2113000300644E1F000400019061
2026-08-17 03:50:32.260 | [sniff] node100 -> node19999  data seq=16 snd=1 rcv=42865 plen=14   <== ADDRESSED TO US
2026-08-17 03:50:32.273 | [sniff]   llc+nd : 0B022000100001A771000E211300034E1F0064000500019060
2026-08-17 03:50:32.283 | [sniff]   frame  : 0800261F4E00080026640000001CA8A8030B022000100001A771000E211300034E1F0064000500019060210086E44E1F0000006406B8040000410012
2026-08-17 03:50:32.302 | [tx] node19999 -> node100  ack seq=17 snd=42865 rcv=1 plen=0
2026-08-17 03:50:32.310 | [tx]   llc+nd : 0B023F0011A77100010000
2026-08-17 03:50:32.315 | [RX] 100->19999 sub=Ack f1=0x0005 info=211300034E1F0064000500019060
2026-08-17 03:50:32.325 | [seq] node 100: ACK 0x0005 did NOT advance the store (still 0x000F)
2026-08-17 03:50:32.333 | [RX] 100->19999 sub=Ack (no reply expected)
2026-08-17 03:50:32.338 | [sniff] node100 -> node19999  data seq=12 snd=1 rcv=42865 plen=14   <== ADDRESSED TO US
2026-08-17 03:50:32.349 | [sniff]   llc+nd : 0B0220000C0001A771000E211300034E1F0064000300019062
2026-08-17 03:50:32.357 | [sniff]   frame  : 0800261F4E00080026640000001CA8A8030B0220000C0001A771000E211300034E1F0064000300019062210086E44E1F000000640683040000410012
2026-08-17 03:50:32.373 | [link] WARNING the peer RE-SENT data frame seq=12 (we were waiting for 17). It has not seen our acknowledgement - check the send window and our own receive latency BEFORE looking for a fault in XMSG or the file server.
2026-08-17 03:50:32.398 | [tx] node19999 -> node100  ack seq=13 snd=42865 rcv=1 plen=0
2026-08-17 03:50:32.406 | [tx]   llc+nd : 0B023F000DA77100010000
2026-08-17 03:50:32.410 | [RX] 100->19999 sub=Ack f1=0x0003 info=211300034E1F0064000300019062
2026-08-17 03:50:32.418 | [seq] node 100: ACK 0x0003 did NOT advance the store (still 0x000F)
2026-08-17 03:50:32.426 | [RX] 100->19999 sub=Ack (no reply expected)
2026-08-17 03:50:32.432 | [sniff] node100 -> node19999  data seq=13 snd=1 rcv=42865 plen=14   <== ADDRESSED TO US
2026-08-17 03:50:32.443 | [sniff]   llc+nd : 0B0220000D0001A771000E211300034E1F0064000400019061
2026-08-17 03:50:32.451 | [sniff]   frame  : 0800261F4E00080026640000001CA8A8030B0220000D0001A771000E211300034E1F0064000400019061210086E44E1F000000640683040000410012
2026-08-17 03:50:32.467 | [link] WARNING the peer RE-SENT data frame seq=13 (we were waiting for 17). It has not seen our acknowledgement - check the send window and our own receive latency BEFORE looking for a fault in XMSG or the file server.
2026-08-17 03:50:32.492 | [tx] node19999 -> node100  ack seq=14 snd=42865 rcv=1 plen=0
2026-08-17 03:50:32.499 | [tx]   llc+nd : 0B023F000EA77100010000
2026-08-17 03:50:32.504 | [RX] 100->19999 sub=Ack f1=0x0004 info=211300034E1F0064000400019061
2026-08-17 03:50:32.513 | [seq] node 100: ACK 0x0004 did NOT advance the store (still 0x000F)
2026-08-17 03:50:32.521 | [RX] 100->19999 sub=Ack (no reply expected)
2026-08-17 03:50:32.527 | [sniff] node100 -> node19999  data seq=14 snd=1 rcv=42865 plen=36   <== ADDRESSED TO US
2026-08-17 03:50:32.537 | [sniff]   llc+nd : 0B0220000E0001A77100242113000E4E1F0064000300089050210082844E1F0211006404EF000807A200C301008485
2026-08-17 03:50:32.551 | [sniff]   frame  : 0800261F4E000800266400000032A8A8030B0220000E0001A77100242113000E4E1F0064000300089050210082844E1F0211006404EF000807A200C301008485
2026-08-17 03:50:32.569 | [link] WARNING the peer RE-SENT data frame seq=14 (we were waiting for 17). It has not seen our acknowledgement - check the send window and our own receive latency BEFORE looking for a fault in XMSG or the file server.
2026-08-17 03:50:32.594 | [tx] node19999 -> node100  ack seq=15 snd=42865 rcv=1 plen=0
2026-08-17 03:50:32.602 | [tx]   llc+nd : 0B023F000FA77100010000
2026-08-17 03:50:32.607 | [RX] 100->19999 sub=Data f1=0x0003 info=2113000E4E1F0064000300089050210082844E1F0211006404EF000807A200C301008485
2026-08-17 03:50:32.621 | [fa] short acknowledgement from system 100, conversation 0x00C3
2026-08-17 03:50:32.629 | [TX] *** PARKED *** eth:d100 took a 14B frame but the send window is full; 11 datagram(s) now waiting and NOTHING is leaving this node until the peer acknowledges us
2026-08-17 03:50:32.657 | [RX] 100->19999 sub=Data answered with 1 frame(s)
2026-08-17 03:50:32.670 | [sniff] node100 -> node19999  data seq=15 snd=1 rcv=42865 plen=60   <== ADDRESSED TO US
2026-08-17 03:50:32.681 | [sniff]   llc+nd : 0B0220000F0001A771003C2113000E4E1F0064000400209037210082844E1F0211006404EF002007F000C38100D7D592000B920002F20001BB44454C4D453A5458542754F200FF
2026-08-17 03:50:32.701 | [sniff]   frame  : 0800261F4E00080026640000004AA8A8030B0220000F0001A771003C2113000E4E1F0064000400209037210082844E1F0211006404EF002007F000C38100D7D592000B920002F20001BB44454C4D453A5458542754F200FF
2026-08-17 03:50:32.726 | [link] WARNING the peer RE-SENT data frame seq=15 (we were waiting for 17). It has not seen our acknowledgement - check the send window and our own receive latency BEFORE looking for a fault in XMSG or the file server.
2026-08-17 03:50:32.753 | [tx] node19999 -> node100  ack seq=16 snd=42865 rcv=1 plen=0
2026-08-17 03:50:32.761 | [tx]   llc+nd : 0B023F0010A77100010000
2026-08-17 03:50:32.766 | [RX] 100->19999 sub=Data f1=0x0004 info=2113000E4E1F0064000400209037210082844E1F0211006404EF002007F000C38100D7D592000B920002F20001BB44454C4D453A5458542754F200FF
2026-08-17 03:50:32.786 | [fa] system 100 re-sent the request at datagram Flags 1 0x0004; replaying the same reply rather than building a new one
2026-08-17 03:50:32.801 | [seq] node 100: ORIGINATE at Flags1 0x000F (next becomes 0x0010)
2026-08-17 03:50:32.810 | [fa] short acknowledgement 7 to system 100 at Flags1 0x0004
2026-08-17 03:50:32.819 | [seq] node 100: ORIGINATE at Flags1 0x0010 (next becomes 0x0011)
2026-08-17 03:50:32.827 | [fa] reply to system 100: 18 byte(s), FA body 07F0000A8100908192000B920002F200...
2026-08-17 03:50:32.837 | [TX] *** PARKED *** eth:d100 took a 14B frame but the send window is full; 12 datagram(s) now waiting and NOTHING is leaving this node until the peer acknowledges us
2026-08-17 03:50:32.861 | [TX] *** PARKED *** eth:d100 took a 36B frame but the send window is full; 13 datagram(s) now waiting and NOTHING is leaving this node until the peer acknowledges us
2026-08-17 03:50:32.881 | [TX] *** PARKED *** eth:d100 took a 46B frame but the send window is full; 14 datagram(s) now waiting and NOTHING is leaving this node until the peer acknowledges us
2026-08-17 03:50:32.901 | [RX] 100->19999 sub=Data answered with 3 frame(s)
2026-08-17 03:50:32.907 | [sniff] node100 -> node19999  ack seq=23 snd=1 rcv=42865 plen=0   <== ADDRESSED TO US
2026-08-17 03:50:32.919 | [sniff]   llc+nd : 0B023F00170001A7710000
2026-08-17 03:50:32.925 | [sniff]   frame  : 0800261F4E00080026640000000EA8A8030B023F00170001A77100000001CF320005000800004400000000000001A3D2000000010001D0CE001C000E
2026-08-17 03:50:32.941 | [tx] node19999 -> node100  data seq=28 snd=42865 rcv=1 plen=36
2026-08-17 03:50:32.950 | [tx]   llc+nd : 0B0220001CA771000100242113000E00644E1F00090008904A21008284006404EF4E1F0211000807A2000A0400922A
2026-08-17 03:50:32.965 | [sniff] node100 -> node19999  data seq=17 snd=1 rcv=42865 plen=14   <== ADDRESSED TO US
2026-08-17 03:50:32.976 | [sniff]   llc+nd : 0B022000110001A771000E211300034E1F006400060001905F
2026-08-17 03:50:32.984 | [sniff]   frame  : 0800261F4E00080026640000001CA8A8030B022000110001A771000E211300034E1F006400060001905F210082840066045F006407CE000807A20002
2026-08-17 03:50:33.001 | [tx] node19999 -> node100  ack seq=18 snd=42865 rcv=1 plen=0
2026-08-17 03:50:33.008 | [tx]   llc+nd : 0B023F0012A77100010000
2026-08-17 03:50:33.013 | [RX] 100->19999 sub=Ack f1=0x0006 info=211300034E1F006400060001905F
2026-08-17 03:50:33.021 | [seq] node 100: ACK 0x0006 did NOT advance the store (still 0x0011)
2026-08-17 03:50:33.030 | [RX] 100->19999 sub=Ack (no reply expected)
2026-08-17 03:50:33.035 | [sniff] node100 -> node19999  data seq=18 snd=1 rcv=42865 plen=36   <== ADDRESSED TO US
2026-08-17 03:50:33.045 | [sniff]   llc+nd : 0B022000120001A77100242113000E4E1F006400050008904E210082844E1F0211006404EF0008078000C3000A8500
2026-08-17 03:50:33.058 | [sniff]   frame  : 0800261F4E000800266400000032A8A8030B022000120001A77100242113000E4E1F006400050008904E210082844E1F0211006404EF0008078000C3000A8500
2026-08-17 03:50:33.075 | [tx] node19999 -> node100  ack seq=19 snd=42865 rcv=1 plen=0
2026-08-17 03:50:33.083 | [tx]   llc+nd : 0B023F0013A77100010000
2026-08-17 03:50:33.088 | [RX] 100->19999 sub=Data f1=0x0005 info=2113000E4E1F006400050008904E210082844E1F0211006404EF0008078000C3000A8500
2026-08-17 03:50:33.102 | [fa] system 100 has finished with conversation 0x00C3 (0x0780); answering with a close
2026-08-17 03:50:33.113 | [seq] node 100: ORIGINATE at Flags1 0x0011 (next becomes 0x0012)
2026-08-17 03:50:33.120 | [fa] reply to system 100: 8 byte(s), FA body 07C0000A00C30000...
2026-08-17 03:50:33.128 | [TX] *** PARKED *** eth:d100 took a 14B frame but the send window is full; 14 datagram(s) now waiting and NOTHING is leaving this node until the peer acknowledges us
2026-08-17 03:50:33.147 | [TX] *** PARKED *** eth:d100 took a 36B frame but the send window is full; 15 datagram(s) now waiting and NOTHING is leaving this node until the peer acknowledges us
2026-08-17 03:50:33.173 | [RX] 100->19999 sub=Data answered with 2 frame(s)
2026-08-17 03:50:33.183 | [sniff] node100 -> node19999  data seq=16 snd=1 rcv=42865 plen=14   <== ADDRESSED TO US
2026-08-17 03:50:33.196 | [sniff]   llc+nd : 0B022000100001A771000E211300034E1F0064000500019060
2026-08-17 03:50:33.205 | [sniff]   frame  : 0800261F4E00080026640000001CA8A8030B022000100001A771000E211300034E1F0064000500019060210086E44E1F0000006406B8040000410012
2026-08-17 03:50:33.221 | [link] WARNING the peer RE-SENT data frame seq=16 (we were waiting for 19). It has not seen our acknowledgement - check the send window and our own receive latency BEFORE looking for a fault in XMSG or the file server.
2026-08-17 03:50:33.247 | [tx] node19999 -> node100  ack seq=17 snd=42865 rcv=1 plen=0
2026-08-17 03:50:33.256 | [tx]   llc+nd : 0B023F0011A77100010000
2026-08-17 03:50:33.262 | [RX] 100->19999 sub=Ack f1=0x0005 info=211300034E1F0064000500019060
2026-08-17 03:50:33.272 | [seq] node 100: ACK 0x0005 did NOT advance the store (still 0x0012)
2026-08-17 03:50:33.281 | [RX] 100->19999 sub=Ack (no reply expected)
2026-08-17 03:50:33.288 | [sniff] node100 -> node19999  data seq=12 snd=1 rcv=42865 plen=14   <== ADDRESSED TO US
2026-08-17 03:50:33.300 | [sniff]   llc+nd : 0B0220000C0001A771000E211300034E1F0064000300019062
2026-08-17 03:50:33.310 | [sniff]   frame  : 0800261F4E00080026640000001CA8A8030B0220000C0001A771000E211300034E1F0064000300019062210086E44E1F000000640683040000410012
2026-08-17 03:50:33.328 | [link] WARNING the peer RE-SENT data frame seq=12 (we were waiting for 19). It has not seen our acknowledgement - check the send window and our own receive latency BEFORE looking for a fault in XMSG or the file server.
2026-08-17 03:50:33.354 | [tx] node19999 -> node100  ack seq=13 snd=42865 rcv=1 plen=0
2026-08-17 03:50:33.362 | [tx]   llc+nd : 0B023F000DA77100010000
2026-08-17 03:50:33.368 | [RX] 100->19999 sub=Ack f1=0x0003 info=211300034E1F0064000300019062
2026-08-17 03:50:33.376 | [seq] node 100: ACK 0x0003 did NOT advance the store (still 0x0012)
2026-08-17 03:50:33.384 | [RX] 100->19999 sub=Ack (no reply expected)
2026-08-17 03:50:33.390 | [sniff] node100 -> node19999  data seq=13 snd=1 rcv=42865 plen=14   <== ADDRESSED TO US
2026-08-17 03:50:33.401 | [sniff]   llc+nd : 0B0220000D0001A771000E211300034E1F0064000400019061
2026-08-17 03:50:33.410 | [sniff]   frame  : 0800261F4E00080026640000001CA8A8030B0220000D0001A771000E211300034E1F0064000400019061210086E44E1F000000640683040000410012
2026-08-17 03:50:33.426 | [link] WARNING the peer RE-SENT data frame seq=13 (we were waiting for 19). It has not seen our acknowledgement - check the send window and our own receive latency BEFORE looking for a fault in XMSG or the file server.
2026-08-17 03:50:33.454 | [tx] node19999 -> node100  ack seq=14 snd=42865 rcv=1 plen=0
2026-08-17 03:50:33.461 | [tx]   llc+nd : 0B023F000EA77100010000
2026-08-17 03:50:33.467 | [RX] 100->19999 sub=Ack f1=0x0004 info=211300034E1F0064000400019061
2026-08-17 03:50:33.475 | [seq] node 100: ACK 0x0004 did NOT advance the store (still 0x0012)
2026-08-17 03:50:33.483 | [RX] 100->19999 sub=Ack (no reply expected)
2026-08-17 03:50:33.488 | [sniff] node100 -> node19999  data seq=14 snd=1 rcv=42865 plen=36   <== ADDRESSED TO US
2026-08-17 03:50:33.498 | [sniff]   llc+nd : 0B0220000E0001A77100242113000E4E1F0064000300089050210082844E1F0211006404EF000807A200C301008485
2026-08-17 03:50:33.512 | [sniff]   frame  : 0800261F4E000800266400000032A8A8030B0220000E0001A77100242113000E4E1F0064000300089050210082844E1F0211006404EF000807A200C301008485
2026-08-17 03:50:33.529 | [link] WARNING the peer RE-SENT data frame seq=14 (we were waiting for 19). It has not seen our acknowledgement - check the send window and our own receive latency BEFORE looking for a fault in XMSG or the file server.
2026-08-17 03:50:33.554 | [tx] node19999 -> node100  ack seq=15 snd=42865 rcv=1 plen=0
2026-08-17 03:50:33.561 | [tx]   llc+nd : 0B023F000FA77100010000
2026-08-17 03:50:33.566 | [RX] 100->19999 sub=Data f1=0x0003 info=2113000E4E1F0064000300089050210082844E1F0211006404EF000807A200C301008485
2026-08-17 03:50:33.579 | [fa] short acknowledgement from system 100, conversation 0x00C3
2026-08-17 03:50:33.586 | [TX] *** PARKED *** eth:d100 took a 14B frame but the send window is full; 16 datagram(s) now waiting and NOTHING is leaving this node until the peer acknowledges us
2026-08-17 03:50:33.605 | [RX] 100->19999 sub=Data answered with 1 frame(s)
2026-08-17 03:50:33.611 | [sniff] node100 -> node19999  data seq=15 snd=1 rcv=42865 plen=60   <== ADDRESSED TO US
2026-08-17 03:50:33.622 | [sniff]   llc+nd : 0B0220000F0001A771003C2113000E4E1F0064000400209037210082844E1F0211006404EF002007F000C38100D7D592000B920002F20001BB44454C4D453A5458542754F200FF
2026-08-17 03:50:33.642 | [sniff]   frame  : 0800261F4E00080026640000004AA8A8030B0220000F0001A771003C2113000E4E1F0064000400209037210082844E1F0211006404EF002007F000C38100D7D592000B920002F20001BB44454C4D453A5458542754F200FF
2026-08-17 03:50:33.665 | [link] WARNING the peer RE-SENT data frame seq=15 (we were waiting for 19). It has not seen our acknowledgement - check the send window and our own receive latency BEFORE looking for a fault in XMSG or the file server.
2026-08-17 03:50:33.704 | [tx] node19999 -> node100  ack seq=16 snd=42865 rcv=1 plen=0
2026-08-17 03:50:33.712 | [tx]   llc+nd : 0B023F0010A77100010000
2026-08-17 03:50:33.717 | [RX] 100->19999 sub=Data f1=0x0004 info=2113000E4E1F0064000400209037210082844E1F0211006404EF002007F000C38100D7D592000B920002F20001BB44454C4D453A5458542754F200FF
2026-08-17 03:50:33.738 | [fa] DeleteFile 'DELME:TXT' for system 100: NoSuchFile
2026-08-17 03:50:33.745 | [seq] node 100: ORIGINATE at Flags1 0x0012 (next becomes 0x0013)
2026-08-17 03:50:33.753 | [fa] short acknowledgement 1 to system 100 at Flags1 0x0004
2026-08-17 03:50:33.761 | [seq] node 100: ORIGINATE at Flags1 0x0013 (next becomes 0x0014)
2026-08-17 03:50:33.769 | [fa] reply to system 100: 24 byte(s), FA body 07F000028000908192000B920002F200...
2026-08-17 03:50:33.779 | [TX] *** PARKED *** eth:d100 took a 14B frame but the send window is full; 17 datagram(s) now waiting and NOTHING is leaving this node until the peer acknowledges us
2026-08-17 03:50:33.800 | [TX] *** PARKED *** eth:d100 took a 36B frame but the send window is full; 18 datagram(s) now waiting and NOTHING is leaving this node until the peer acknowledges us
2026-08-17 03:50:33.820 | [TX] *** PARKED *** eth:d100 took a 52B frame but the send window is full; 19 datagram(s) now waiting and NOTHING is leaving this node until the peer acknowledges us
2026-08-17 03:50:33.841 | [RX] 100->19999 sub=Data answered with 3 frame(s)
2026-08-17 03:50:33.848 | [sniff] node100 -> node19999  data seq=17 snd=1 rcv=42865 plen=14   <== ADDRESSED TO US
2026-08-17 03:50:33.858 | [sniff]   llc+nd : 0B022000110001A771000E211300034E1F006400060001905F
2026-08-17 03:50:33.867 | [sniff]   frame  : 0800261F4E00080026640000001CA8A8030B022000110001A771000E211300034E1F006400060001905F210082840066045F006407CE000807A20002
2026-08-17 03:50:33.885 | [link] WARNING the peer RE-SENT data frame seq=17 (we were waiting for 19). It has not seen our acknowledgement - check the send window and our own receive latency BEFORE looking for a fault in XMSG or the file server.
2026-08-17 03:50:33.913 | [tx] node19999 -> node100  ack seq=18 snd=42865 rcv=1 plen=0
2026-08-17 03:50:33.921 | [tx]   llc+nd : 0B023F0012A77100010000
2026-08-17 03:50:33.926 | [RX] 100->19999 sub=Ack f1=0x0006 info=211300034E1F006400060001905F
2026-08-17 03:50:33.935 | [seq] node 100: ACK 0x0006 did NOT advance the store (still 0x0014)
2026-08-17 03:50:33.943 | [RX] 100->19999 sub=Ack (no reply expected)
2026-08-17 03:50:33.949 | [sniff] node100 -> node19999  data seq=18 snd=1 rcv=42865 plen=36   <== ADDRESSED TO US
2026-08-17 03:50:33.961 | [sniff]   llc+nd : 0B022000120001A77100242113000E4E1F006400050008904E210082844E1F0211006404EF0008078000C3000A8500
2026-08-17 03:50:33.975 | [sniff]   frame  : 0800261F4E000800266400000032A8A8030B022000120001A77100242113000E4E1F006400050008904E210082844E1F0211006404EF0008078000C3000A8500
2026-08-17 03:50:33.992 | [link] WARNING the peer RE-SENT data frame seq=18 (we were waiting for 19). It has not seen our acknowledgement - check the send window and our own receive latency BEFORE looking for a fault in XMSG or the file server.
2026-08-17 03:50:34.017 | [tx] node19999 -> node100  ack seq=19 snd=42865 rcv=1 plen=0
2026-08-17 03:50:34.024 | [tx]   llc+nd : 0B023F0013A77100010000
2026-08-17 03:50:34.029 | [RX] 100->19999 sub=Data f1=0x0005 info=2113000E4E1F006400050008904E210082844E1F0211006404EF0008078000C3000A8500
2026-08-17 03:50:34.042 | [fa] system 100 has finished with conversation 0x00C3 (0x0780); answering with a close
2026-08-17 03:50:34.054 | [seq] node 100: ORIGINATE at Flags1 0x0014 (next becomes 0x0015)
2026-08-17 03:50:34.063 | [fa] reply to system 100: 8 byte(s), FA body 07C0000200C30000...
2026-08-17 03:50:34.071 | [TX] *** PARKED *** eth:d100 took a 14B frame but the send window is full; 20 datagram(s) now waiting and NOTHING is leaving this node until the peer acknowledges us
2026-08-17 03:50:34.091 | [TX] *** PARKED *** eth:d100 took a 36B frame but the send window is full; 21 datagram(s) now waiting and NOTHING is leaving this node until the peer acknowledges us
2026-08-17 03:50:34.111 | [RX] 100->19999 sub=Data answered with 2 frame(s)
2026-08-17 03:50:34.117 | [sniff] node100 -> node19999  data seq=16 snd=1 rcv=42865 plen=14   <== ADDRESSED TO US
2026-08-17 03:50:34.127 | [sniff]   llc+nd : 0B022000100001A771000E211300034E1F0064000500019060
2026-08-17 03:50:34.135 | [sniff]   frame  : 0800261F4E00080026640000001CA8A8030B022000100001A771000E211300034E1F0064000500019060210086E44E1F0000006406B8040000410012
2026-08-17 03:50:34.151 | [link] WARNING the peer RE-SENT data frame seq=16 (we were waiting for 19). It has not seen our acknowledgement - check the send window and our own receive latency BEFORE looking for a fault in XMSG or the file server.
2026-08-17 03:50:34.177 | [tx] node19999 -> node100  ack seq=17 snd=42865 rcv=1 plen=0
2026-08-17 03:50:34.184 | [tx]   llc+nd : 0B023F0011A77100010000
2026-08-17 03:50:34.189 | [RX] 100->19999 sub=Ack f1=0x0005 info=211300034E1F0064000500019060
2026-08-17 03:50:34.200 | [seq] node 100: ACK 0x0005 did NOT advance the store (still 0x0015)
2026-08-17 03:50:34.215 | [RX] 100->19999 sub=Ack (no reply expected)
2026-08-17 03:50:34.223 | [sniff] node100 -> node19999  ack seq=24 snd=1 rcv=42865 plen=0   <== ADDRESSED TO US
2026-08-17 03:50:34.233 | [sniff]   llc+nd : 0B023F00180001A7710000
2026-08-17 03:50:34.238 | [sniff]   frame  : 0800261F4E00080026640000000EA8A8030B023F00180001A77100000001CF3200000000000500200000340000000000000000004E1F0001A3940100
2026-08-17 03:50:34.255 | [tx] node19999 -> node100  data seq=29 snd=42865 rcv=1 plen=46
2026-08-17 03:50:34.263 | [tx]   llc+nd : 0B0220001DA7710001002E2113000E00644E1F000A0012903F21008284006404EF4E1F0211001207F0000A8100908192000B920002F200FF00
2026-08-17 03:50:34.280 | [sniff] node100 -> node19999  data seq=12 snd=1 rcv=42865 plen=14   <== ADDRESSED TO US
2026-08-17 03:50:34.291 | [sniff]   llc+nd : 0B0220000C0001A771000E211300034E1F0064000300019062
2026-08-17 03:50:34.300 | [sniff]   frame  : 0800261F4E00080026640000001CA8A8030B0220000C0001A771000E211300034E1F0064000300019062210086E44E1F000000640683040000410012
2026-08-17 03:50:34.317 | [link] WARNING the peer RE-SENT data frame seq=12 (we were waiting for 19). It has not seen our acknowledgement - check the send window and our own receive latency BEFORE looking for a fault in XMSG or the file server.
2026-08-17 03:50:34.342 | [tx] node19999 -> node100  ack seq=13 snd=42865 rcv=1 plen=0
2026-08-17 03:50:34.350 | [tx]   llc+nd : 0B023F000DA77100010000
2026-08-17 03:50:34.355 | [RX] 100->19999 sub=Ack f1=0x0003 info=211300034E1F0064000300019062
2026-08-17 03:50:34.363 | [seq] node 100: ACK 0x0003 did NOT advance the store (still 0x0015)
2026-08-17 03:50:34.371 | [RX] 100->19999 sub=Ack (no reply expected)
2026-08-17 03:50:34.376 | [sniff] node100 -> node19999  data seq=13 snd=1 rcv=42865 plen=14   <== ADDRESSED TO US
2026-08-17 03:50:34.386 | [sniff]   llc+nd : 0B0220000D0001A771000E211300034E1F0064000400019061
2026-08-17 03:50:34.396 | [sniff]   frame  : 0800261F4E00080026640000001CA8A8030B0220000D0001A771000E211300034E1F0064000400019061210086E44E1F000000640683040000410012
2026-08-17 03:50:34.412 | [link] WARNING the peer RE-SENT data frame seq=13 (we were waiting for 19). It has not seen our acknowledgement - check the send window and our own receive latency BEFORE looking for a fault in XMSG or the file server.
2026-08-17 03:50:34.437 | [tx] node19999 -> node100  ack seq=14 snd=42865 rcv=1 plen=0
2026-08-17 03:50:34.445 | [tx]   llc+nd : 0B023F000EA77100010000
2026-08-17 03:50:34.450 | [RX] 100->19999 sub=Ack f1=0x0004 info=211300034E1F0064000400019061
2026-08-17 03:50:34.458 | [seq] node 100: ACK 0x0004 did NOT advance the store (still 0x0015)
2026-08-17 03:50:34.466 | [RX] 100->19999 sub=Ack (no reply expected)
2026-08-17 03:50:34.471 | [sniff] node100 -> node19999  ack seq=25 snd=1 rcv=42865 plen=0   <== ADDRESSED TO US
2026-08-17 03:50:34.481 | [sniff]   llc+nd : 0B023F00190001A7710000
2026-08-17 03:50:34.486 | [sniff]   frame  : 0800261F4E00080026640000000EA8A8030B023F00190001A77100000001CFE20005000800004400000000000001A3D2000000010001CFC6001C000E
2026-08-17 03:50:34.503 | [tx] node19999 -> node100  data seq=30 snd=42865 rcv=1 plen=14
2026-08-17 03:50:34.510 | [tx]   llc+nd : 0B0220001EA7710001000E2113000300644E1F000300019062
2026-08-17 03:50:34.518 | [sniff] node100 -> node19999  data seq=19 snd=1 rcv=42865 plen=14   <== ADDRESSED TO US
2026-08-17 03:50:34.529 | [sniff]   llc+nd : 0B022000130001A771000E211300034E1F006400070001905E
2026-08-17 03:50:34.537 | [sniff]   frame  : 0800261F4E00080026640000001CA8A8030B022000130001A771000E211300034E1F006400070001905E210086E44E1F0000006404EF00241B410014
2026-08-17 03:50:34.554 | [tx] node19999 -> node100  ack seq=20 snd=42865 rcv=1 plen=0
2026-08-17 03:50:34.562 | [tx]   llc+nd : 0B023F0014A77100010000
2026-08-17 03:50:34.566 | [RX] 100->19999 sub=Ack f1=0x0007 info=211300034E1F006400070001905E
2026-08-17 03:50:34.574 | [seq] node 100: ACK 0x0007 did NOT advance the store (still 0x0015)
2026-08-17 03:50:34.582 | [RX] 100->19999 sub=Ack (no reply expected)
2026-08-17 03:50:34.587 | [sniff] node100 -> node19999  data seq=14 snd=1 rcv=42865 plen=36   <== ADDRESSED TO US
2026-08-17 03:50:34.598 | [sniff]   llc+nd : 0B0220000E0001A77100242113000E4E1F0064000300089050210082844E1F0211006404EF000807A200C301008485
2026-08-17 03:50:34.611 | [sniff]   frame  : 0800261F4E000800266400000032A8A8030B0220000E0001A77100242113000E4E1F0064000300089050210082844E1F0211006404EF000807A200C301008485
2026-08-17 03:50:34.630 | [link] WARNING the peer RE-SENT data frame seq=14 (we were waiting for 20). It has not seen our acknowledgement - check the send window and our own receive latency BEFORE looking for a fault in XMSG or the file server.
2026-08-17 03:50:34.657 | [tx] node19999 -> node100  ack seq=15 snd=42865 rcv=1 plen=0
2026-08-17 03:50:34.665 | [tx]   llc+nd : 0B023F000FA77100010000
2026-08-17 03:50:34.670 | [RX] 100->19999 sub=Data f1=0x0003 info=2113000E4E1F0064000300089050210082844E1F0211006404EF000807A200C301008485
2026-08-17 03:50:34.683 | [fa] short acknowledgement from system 100, conversation 0x00C3
2026-08-17 03:50:34.690 | [TX] *** PARKED *** eth:d100 took a 14B frame but the send window is full; 20 datagram(s) now waiting and NOTHING is leaving this node until the peer acknowledges us
2026-08-17 03:50:34.710 | [RX] 100->19999 sub=Data answered with 1 frame(s)
2026-08-17 03:50:34.719 | [sniff] node100 -> node19999  data seq=15 snd=1 rcv=42865 plen=60   <== ADDRESSED TO US
2026-08-17 03:50:34.735 | [sniff]   llc+nd : 0B0220000F0001A771003C2113000E4E1F0064000400209037210082844E1F0211006404EF002007F000C38100D7D592000B920002F20001BB44454C4D453A5458542754F200FF
2026-08-17 03:50:34.758 | [sniff]   frame  : 0800261F4E00080026640000004AA8A8030B0220000F0001A771003C2113000E4E1F0064000400209037210082844E1F0211006404EF002007F000C38100D7D592000B920002F20001BB44454C4D453A5458542754F200FF
2026-08-17 03:50:34.780 | [link] WARNING the peer RE-SENT data frame seq=15 (we were waiting for 20). It has not seen our acknowledgement - check the send window and our own receive latency BEFORE looking for a fault in XMSG or the file server.
2026-08-17 03:50:34.805 | [tx] node19999 -> node100  ack seq=16 snd=42865 rcv=1 plen=0
2026-08-17 03:50:34.812 | [tx]   llc+nd : 0B023F0010A77100010000
2026-08-17 03:50:34.817 | [RX] 100->19999 sub=Data f1=0x0004 info=2113000E4E1F0064000400209037210082844E1F0211006404EF002007F000C38100D7D592000B920002F20001BB44454C4D453A5458542754F200FF
2026-08-17 03:50:34.836 | [fa] DeleteFile 'DELME:TXT' for system 100: NoSuchFile
2026-08-17 03:50:34.842 | [seq] node 100: ORIGINATE at Flags1 0x0015 (next becomes 0x0016)
2026-08-17 03:50:34.851 | [fa] short acknowledgement 1 to system 100 at Flags1 0x0004
2026-08-17 03:50:34.858 | [seq] node 100: ORIGINATE at Flags1 0x0016 (next becomes 0x0017)
2026-08-17 03:50:34.866 | [fa] reply to system 100: 24 byte(s), FA body 07F000028000908192000B920002F200...
2026-08-17 03:50:34.875 | [TX] *** PARKED *** eth:d100 took a 14B frame but the send window is full; 21 datagram(s) now waiting and NOTHING is leaving this node until the peer acknowledges us
2026-08-17 03:50:34.894 | [TX] *** PARKED *** eth:d100 took a 36B frame but the send window is full; 22 datagram(s) now waiting and NOTHING is leaving this node until the peer acknowledges us
2026-08-17 03:50:34.915 | [TX] *** PARKED *** eth:d100 took a 52B frame but the send window is full; 23 datagram(s) now waiting and NOTHING is leaving this node until the peer acknowledges us
2026-08-17 03:50:34.940 | [RX] 100->19999 sub=Data answered with 3 frame(s)
2026-08-17 03:50:34.947 | [sniff] node100 -> node19999  data seq=17 snd=1 rcv=42865 plen=14   <== ADDRESSED TO US
2026-08-17 03:50:34.958 | [sniff]   llc+nd : 0B022000110001A771000E211300034E1F006400060001905F
2026-08-17 03:50:34.967 | [sniff]   frame  : 0800261F4E00080026640000001CA8A8030B022000110001A771000E211300034E1F006400060001905F210082840066045F006407CE000807A20002
2026-08-17 03:50:34.983 | [link] WARNING the peer RE-SENT data frame seq=17 (we were waiting for 20). It has not seen our acknowledgement - check the send window and our own receive latency BEFORE looking for a fault in XMSG or the file server.
2026-08-17 03:50:35.008 | [tx] node19999 -> node100  ack seq=18 snd=42865 rcv=1 plen=0
2026-08-17 03:50:35.015 | [tx]   llc+nd : 0B023F0012A77100010000
2026-08-17 03:50:35.020 | [RX] 100->19999 sub=Ack f1=0x0006 info=211300034E1F006400060001905F
2026-08-17 03:50:35.028 | [seq] node 100: ACK 0x0006 did NOT advance the store (still 0x0017)
2026-08-17 03:50:35.036 | [RX] 100->19999 sub=Ack (no reply expected)
2026-08-17 03:50:35.042 | [sniff] node100 -> node19999  data seq=18 snd=1 rcv=42865 plen=36   <== ADDRESSED TO US
2026-08-17 03:50:35.052 | [sniff]   llc+nd : 0B022000120001A77100242113000E4E1F006400050008904E210082844E1F0211006404EF0008078000C3000A8500
2026-08-17 03:50:35.065 | [sniff]   frame  : 0800261F4E000800266400000032A8A8030B022000120001A77100242113000E4E1F006400050008904E210082844E1F0211006404EF0008078000C3000A8500
2026-08-17 03:50:35.083 | [link] WARNING the peer RE-SENT data frame seq=18 (we were waiting for 20). It has not seen our acknowledgement - check the send window and our own receive latency BEFORE looking for a fault in XMSG or the file server.
2026-08-17 03:50:35.109 | [tx] node19999 -> node100  ack seq=19 snd=42865 rcv=1 plen=0
2026-08-17 03:50:35.116 | [tx]   llc+nd : 0B023F0013A77100010000
2026-08-17 03:50:35.120 | [RX] 100->19999 sub=Data f1=0x0005 info=2113000E4E1F006400050008904E210082844E1F0211006404EF0008078000C3000A8500
2026-08-17 03:50:35.134 | [fa] system 100 has finished with conversation 0x00C3 (0x0780); answering with a close
2026-08-17 03:50:35.144 | [seq] node 100: ORIGINATE at Flags1 0x0017 (next becomes 0x0018)
2026-08-17 03:50:35.152 | [fa] reply to system 100: 8 byte(s), FA body 07C0000200C30000...
2026-08-17 03:50:35.161 | [TX] *** PARKED *** eth:d100 took a 14B frame but the send window is full; 24 datagram(s) now waiting and NOTHING is leaving this node until the peer acknowledges us
2026-08-17 03:50:35.180 | [TX] *** PARKED *** eth:d100 took a 36B frame but the send window is full; 25 datagram(s) now waiting and NOTHING is leaving this node until the peer acknowledges us
2026-08-17 03:50:35.199 | [RX] 100->19999 sub=Data answered with 2 frame(s)
2026-08-17 03:50:35.205 | [sniff] node100 -> node19999  data seq=16 snd=1 rcv=42865 plen=14   <== ADDRESSED TO US
2026-08-17 03:50:35.215 | [sniff]   llc+nd : 0B022000100001A771000E211300034E1F0064000500019060
2026-08-17 03:50:35.222 | [sniff]   frame  : 0800261F4E00080026640000001CA8A8030B022000100001A771000E211300034E1F0064000500019060210086E44E1F0000006406B8040000410012
2026-08-17 03:50:35.244 | [link] WARNING the peer RE-SENT data frame seq=16 (we were waiting for 20). It has not seen our acknowledgement - check the send window and our own receive latency BEFORE looking for a fault in XMSG or the file server.
2026-08-17 03:50:35.279 | [tx] node19999 -> node100  ack seq=17 snd=42865 rcv=1 plen=0
2026-08-17 03:50:35.287 | [tx]   llc+nd : 0B023F0011A77100010000
2026-08-17 03:50:35.292 | [RX] 100->19999 sub=Ack f1=0x0005 info=211300034E1F0064000500019060
2026-08-17 03:50:35.301 | [seq] node 100: ACK 0x0005 did NOT advance the store (still 0x0018)
2026-08-17 03:50:35.309 | [RX] 100->19999 sub=Ack (no reply expected)
2026-08-17 03:50:35.314 | [sniff] node100 -> node19999  ack seq=26 snd=1 rcv=42865 plen=0   <== ADDRESSED TO US
2026-08-17 03:50:35.324 | [sniff]   llc+nd : 0B023F001A0001A7710000
2026-08-17 03:50:35.330 | [sniff]   frame  : 0800261F4E00080026640000000EA8A8030B023F001A0001A77100000001D03A0005000800004400000000000001A3D2000000010001D01E001C000E
2026-08-17 03:50:35.346 | [tx] node19999 -> node100  data seq=31 snd=42865 rcv=1 plen=14
2026-08-17 03:50:35.353 | [tx]   llc+nd : 0B0220001FA7710001000E2113000300644E1F000400019061
2026-08-17 03:50:35.361 | [sniff] node100 -> node19999  data seq=20 snd=1 rcv=42865 plen=14   <== ADDRESSED TO US
2026-08-17 03:50:35.372 | [sniff]   llc+nd : 0B022000140001A771000E211300034E1F006400080002905C
2026-08-17 03:50:35.380 | [sniff]   frame  : 0800261F4E00080026640000001CA8A8030B022000140001A771000E211300034E1F006400080002905C210082844E1F0211006404EF000807A20042
2026-08-17 03:50:35.396 | [tx] node19999 -> node100  ack seq=21 snd=42865 rcv=1 plen=0
2026-08-17 03:50:35.403 | [tx]   llc+nd : 0B023F0015A77100010000
2026-08-17 03:50:35.408 | [RX] 100->19999 sub=Ack f1=0x0008 info=211300034E1F006400080002905C
2026-08-17 03:50:35.416 | [seq] node 100: ACK 0x0008 did NOT advance the store (still 0x0018)
2026-08-17 03:50:35.424 | [RX] 100->19999 sub=Ack (no reply expected)
2026-08-17 03:50:35.430 | [sniff] node100 -> node19999  data seq=19 snd=1 rcv=42865 plen=14   <== ADDRESSED TO US
2026-08-17 03:50:35.440 | [sniff]   llc+nd : 0B022000130001A771000E211300034E1F006400070001905E
2026-08-17 03:50:35.449 | [sniff]   frame  : 0800261F4E00080026640000001CA8A8030B022000130001A771000E211300034E1F006400070001905E210086E44E1F0000006404EF00241B410014
2026-08-17 03:50:35.465 | [link] WARNING the peer RE-SENT data frame seq=19 (we were waiting for 21). It has not seen our acknowledgement - check the send window and our own receive latency BEFORE looking for a fault in XMSG or the file server.
2026-08-17 03:50:35.489 | [tx] node19999 -> node100  ack seq=20 snd=42865 rcv=1 plen=0
2026-08-17 03:50:35.496 | [tx]   llc+nd : 0B023F0014A77100010000
2026-08-17 03:50:35.501 | [RX] 100->19999 sub=Ack f1=0x0007 info=211300034E1F006400070001905E
2026-08-17 03:50:35.509 | [seq] node 100: ACK 0x0007 did NOT advance the store (still 0x0018)
2026-08-17 03:50:35.517 | [RX] 100->19999 sub=Ack (no reply expected)
2026-08-17 03:50:35.522 | [sniff] node100 -> node19999  data seq=14 snd=1 rcv=42865 plen=36   <== ADDRESSED TO US
2026-08-17 03:50:35.533 | [sniff]   llc+nd : 0B0220000E0001A77100242113000E4E1F0064000300089050210082844E1F0211006404EF000807A200C301008485
2026-08-17 03:50:35.546 | [sniff]   frame  : 0800261F4E000800266400000032A8A8030B0220000E0001A77100242113000E4E1F0064000300089050210082844E1F0211006404EF000807A200C301008485
2026-08-17 03:50:35.564 | [link] WARNING the peer RE-SENT data frame seq=14 (we were waiting for 21). It has not seen our acknowledgement - check the send window and our own receive latency BEFORE looking for a fault in XMSG or the file server.
2026-08-17 03:50:35.588 | [tx] node19999 -> node100  ack seq=15 snd=42865 rcv=1 plen=0
2026-08-17 03:50:35.595 | [tx]   llc+nd : 0B023F000FA77100010000
2026-08-17 03:50:35.600 | [RX] 100->19999 sub=Data f1=0x0003 info=2113000E4E1F0064000300089050210082844E1F0211006404EF000807A200C301008485
2026-08-17 03:50:35.614 | [fa] short acknowledgement from system 100, conversation 0x00C3
2026-08-17 03:50:35.622 | [TX] *** PARKED *** eth:d100 took a 14B frame but the send window is full; 25 datagram(s) now waiting and NOTHING is leaving this node until the peer acknowledges us
2026-08-17 03:50:35.641 | [RX] 100->19999 sub=Data answered with 1 frame(s)
2026-08-17 03:50:35.647 | [sniff] node100 -> node19999  data seq=15 snd=1 rcv=42865 plen=60   <== ADDRESSED TO US
2026-08-17 03:50:35.657 | [sniff]   llc+nd : 0B0220000F0001A771003C2113000E4E1F0064000400209037210082844E1F0211006404EF002007F000C38100D7D592000B920002F20001BB44454C4D453A5458542754F200FF
2026-08-17 03:50:35.676 | [sniff]   frame  : 0800261F4E00080026640000004AA8A8030B0220000F0001A771003C2113000E4E1F0064000400209037210082844E1F0211006404EF002007F000C38100D7D592000B920002F20001BB44454C4D453A5458542754F200FF
2026-08-17 03:50:35.699 | [link] WARNING the peer RE-SENT data frame seq=15 (we were waiting for 21). It has not seen our acknowledgement - check the send window and our own receive latency BEFORE looking for a fault in XMSG or the file server.
2026-08-17 03:50:35.724 | [tx] node19999 -> node100  ack seq=16 snd=42865 rcv=1 plen=0
2026-08-17 03:50:35.731 | [tx]   llc+nd : 0B023F0010A77100010000
2026-08-17 03:50:35.736 | [RX] 100->19999 sub=Data f1=0x0004 info=2113000E4E1F0064000400209037210082844E1F0211006404EF002007F000C38100D7D592000B920002F20001BB44454C4D453A5458542754F200FF
2026-08-17 03:50:35.761 | [fa] DeleteFile 'DELME:TXT' for system 100: NoSuchFile
2026-08-17 03:50:35.774 | [seq] node 100: ORIGINATE at Flags1 0x0018 (next becomes 0x0019)
2026-08-17 03:50:35.782 | [fa] short acknowledgement 1 to system 100 at Flags1 0x0004
2026-08-17 03:50:35.790 | [seq] node 100: ORIGINATE at Flags1 0x0019 (next becomes 0x001A)
2026-08-17 03:50:35.797 | [fa] reply to system 100: 24 byte(s), FA body 07F000028000908192000B920002F200...
2026-08-17 03:50:35.807 | [TX] *** PARKED *** eth:d100 took a 14B frame but the send window is full; 26 datagram(s) now waiting and NOTHING is leaving this node until the peer acknowledges us
2026-08-17 03:50:35.828 | [TX] *** PARKED *** eth:d100 took a 36B frame but the send window is full; 27 datagram(s) now waiting and NOTHING is leaving this node until the peer acknowledges us
2026-08-17 03:50:35.849 | [TX] *** PARKED *** eth:d100 took a 52B frame but the send window is full; 28 datagram(s) now waiting and NOTHING is leaving this node until the peer acknowledges us
2026-08-17 03:50:35.868 | [RX] 100->19999 sub=Data answered with 3 frame(s)
2026-08-17 03:50:35.875 | [sniff] node100 -> node19999  data seq=17 snd=1 rcv=42865 plen=14   <== ADDRESSED TO US
2026-08-17 03:50:35.885 | [sniff]   llc+nd : 0B022000110001A771000E211300034E1F006400060001905F
2026-08-17 03:50:35.894 | [sniff]   frame  : 0800261F4E00080026640000001CA8A8030B022000110001A771000E211300034E1F006400060001905F210082840066045F006407CE000807A20002
2026-08-17 03:50:35.912 | [link] WARNING the peer RE-SENT data frame seq=17 (we were waiting for 21). It has not seen our acknowledgement - check the send window and our own receive latency BEFORE looking for a fault in XMSG or the file server.
2026-08-17 03:50:35.942 | [tx] node19999 -> node100  ack seq=18 snd=42865 rcv=1 plen=0
2026-08-17 03:50:35.955 | [tx]   llc+nd : 0B023F0012A77100010000
2026-08-17 03:50:35.961 | [RX] 100->19999 sub=Ack f1=0x0006 info=211300034E1F006400060001905F
2026-08-17 03:50:35.970 | [seq] node 100: ACK 0x0006 did NOT advance the store (still 0x001A)
2026-08-17 03:50:35.979 | [RX] 100->19999 sub=Ack (no reply expected)
2026-08-17 03:50:35.984 | [sniff] node100 -> node19999  data seq=18 snd=1 rcv=42865 plen=36   <== ADDRESSED TO US
2026-08-17 03:50:35.995 | [sniff]   llc+nd : 0B022000120001A77100242113000E4E1F006400050008904E210082844E1F0211006404EF0008078000C3000A8500
2026-08-17 03:50:36.008 | [sniff]   frame  : 0800261F4E000800266400000032A8A8030B022000120001A77100242113000E4E1F006400050008904E210082844E1F0211006404EF0008078000C3000A8500
2026-08-17 03:50:36.026 | [link] WARNING the peer RE-SENT data frame seq=18 (we were waiting for 21). It has not seen our acknowledgement - check the send window and our own receive latency BEFORE looking for a fault in XMSG or the file server.
2026-08-17 03:50:36.054 | [tx] node19999 -> node100  ack seq=19 snd=42865 rcv=1 plen=0
2026-08-17 03:50:36.062 | [tx]   llc+nd : 0B023F0013A77100010000
2026-08-17 03:50:36.067 | [RX] 100->19999 sub=Data f1=0x0005 info=2113000E4E1F006400050008904E210082844E1F0211006404EF0008078000C3000A8500
2026-08-17 03:50:36.080 | [fa] system 100 has finished with conversation 0x00C3 (0x0780); answering with a close
2026-08-17 03:50:36.090 | [segment] data=59 acks=21 other-stations=12
2026-08-17 03:50:36.096 | [seq] node 100: ORIGINATE at Flags1 0x001A (next becomes 0x001B)
2026-08-17 03:50:36.103 | [fa] reply to system 100: 8 byte(s), FA body 07C0000200C30000...
2026-08-17 03:50:36.111 | [TX] *** PARKED *** eth:d100 took a 14B frame but the send window is full; 29 datagram(s) now waiting and NOTHING is leaving this node until the peer acknowledges us
2026-08-17 03:50:36.131 | [TX] *** PARKED *** eth:d100 took a 36B frame but the send window is full; 30 datagram(s) now waiting and NOTHING is leaving this node until the peer acknowledges us
2026-08-17 03:50:36.150 | [RX] 100->19999 sub=Data answered with 2 frame(s)
2026-08-17 03:50:36.156 | [sniff] node100 -> node19999  data seq=16 snd=1 rcv=42865 plen=14   <== ADDRESSED TO US
2026-08-17 03:50:36.168 | [sniff]   llc+nd : 0B022000100001A771000E211300034E1F0064000500019060
2026-08-17 03:50:36.176 | [sniff]   frame  : 0800261F4E00080026640000001CA8A8030B022000100001A771000E211300034E1F0064000500019060210086E44E1F0000006406B8040000410012
2026-08-17 03:50:36.192 | [link] WARNING the peer RE-SENT data frame seq=16 (we were waiting for 21). It has not seen our acknowledgement - check the send window and our own receive latency BEFORE looking for a fault in XMSG or the file server.
2026-08-17 03:50:36.217 | [tx] node19999 -> node100  ack seq=17 snd=42865 rcv=1 plen=0
2026-08-17 03:50:36.224 | [tx]   llc+nd : 0B023F0011A77100010000
2026-08-17 03:50:36.229 | [RX] 100->19999 sub=Ack f1=0x0005 info=211300034E1F0064000500019060
2026-08-17 03:50:36.238 | [seq] node 100: ACK 0x0005 did NOT advance the store (still 0x001B)
2026-08-17 03:50:36.246 | [RX] 100->19999 sub=Ack (no reply expected)
2026-08-17 03:50:36.251 | [sniff] node100 -> node19999  data seq=20 snd=1 rcv=42865 plen=14   <== ADDRESSED TO US
2026-08-17 03:50:36.267 | [sniff]   llc+nd : 0B022000140001A771000E211300034E1F006400080002905C
2026-08-17 03:50:36.284 | [sniff]   frame  : 0800261F4E00080026640000001CA8A8030B022000140001A771000E211300034E1F006400080002905C210082844E1F0211006404EF000807A20042
2026-08-17 03:50:36.301 | [link] WARNING the peer RE-SENT data frame seq=20 (we were waiting for 21). It has not seen our acknowledgement - check the send window and our own receive latency BEFORE looking for a fault in XMSG or the file server.
2026-08-17 03:50:36.329 | [tx] node19999 -> node100  ack seq=21 snd=42865 rcv=1 plen=0
2026-08-17 03:50:36.337 | [tx]   llc+nd : 0B023F0015A77100010000
2026-08-17 03:50:36.343 | [RX] 100->19999 sub=Ack f1=0x0008 info=211300034E1F006400080002905C
2026-08-17 03:50:36.352 | [seq] node 100: ACK 0x0008 did NOT advance the store (still 0x001B)
2026-08-17 03:50:36.360 | [RX] 100->19999 sub=Ack (no reply expected)
2026-08-17 03:50:36.365 | [sniff] node100 -> node19999  data seq=19 snd=1 rcv=42865 plen=14   <== ADDRESSED TO US
2026-08-17 03:50:36.376 | [sniff]   llc+nd : 0B022000130001A771000E211300034E1F006400070001905E
2026-08-17 03:50:36.385 | [sniff]   frame  : 0800261F4E00080026640000001CA8A8030B022000130001A771000E211300034E1F006400070001905E210086E44E1F0000006404EF00241B410014
2026-08-17 03:50:36.401 | [link] WARNING the peer RE-SENT data frame seq=19 (we were waiting for 21). It has not seen our acknowledgement - check the send window and our own receive latency BEFORE looking for a fault in XMSG or the file server.
2026-08-17 03:50:36.426 | [tx] node19999 -> node100  ack seq=20 snd=42865 rcv=1 plen=0
2026-08-17 03:50:36.433 | [tx]   llc+nd : 0B023F0014A77100010000
2026-08-17 03:50:36.438 | [RX] 100->19999 sub=Ack f1=0x0007 info=211300034E1F006400070001905E
2026-08-17 03:50:36.447 | [seq] node 100: ACK 0x0007 did NOT advance the store (still 0x001B)
2026-08-17 03:50:36.455 | [RX] 100->19999 sub=Ack (no reply expected)
2026-08-17 03:50:36.460 | [sniff] node100 -> node19999  data seq=17 snd=1 rcv=42865 plen=14   <== ADDRESSED TO US
2026-08-17 03:50:36.470 | [sniff]   llc+nd : 0B022000110001A771000E211300034E1F006400060001905F
2026-08-17 03:50:36.479 | [sniff]   frame  : 0800261F4E00080026640000001CA8A8030B022000110001A771000E211300034E1F006400060001905F210082840066045F006407CE000807A20002
2026-08-17 03:50:36.495 | [link] WARNING the peer RE-SENT data frame seq=17 (we were waiting for 21). It has not seen our acknowledgement - check the send window and our own receive latency BEFORE looking for a fault in XMSG or the file server.
2026-08-17 03:50:36.520 | [tx] node19999 -> node100  ack seq=18 snd=42865 rcv=1 plen=0
2026-08-17 03:50:36.527 | [tx]   llc+nd : 0B023F0012A77100010000
2026-08-17 03:50:36.532 | [RX] 100->19999 sub=Ack f1=0x0006 info=211300034E1F006400060001905F
2026-08-17 03:50:36.540 | [seq] node 100: ACK 0x0006 did NOT advance the store (still 0x001B)
2026-08-17 03:50:36.548 | [RX] 100->19999 sub=Ack (no reply expected)
2026-08-17 03:50:36.553 | [sniff] node100 -> node19999  data seq=18 snd=1 rcv=42865 plen=36   <== ADDRESSED TO US
2026-08-17 03:50:36.564 | [sniff]   llc+nd : 0B022000120001A77100242113000E4E1F006400050008904E210082844E1F0211006404EF0008078000C3000A8500
2026-08-17 03:50:36.577 | [sniff]   frame  : 0800261F4E000800266400000032A8A8030B022000120001A77100242113000E4E1F006400050008904E210082844E1F0211006404EF0008078000C3000A8500
2026-08-17 03:50:36.594 | [link] WARNING the peer RE-SENT data frame seq=18 (we were waiting for 21). It has not seen our acknowledgement - check the send window and our own receive latency BEFORE looking for a fault in XMSG or the file server.
2026-08-17 03:50:36.620 | [tx] node19999 -> node100  ack seq=19 snd=42865 rcv=1 plen=0
2026-08-17 03:50:36.627 | [tx]   llc+nd : 0B023F0013A77100010000
2026-08-17 03:50:36.632 | [RX] 100->19999 sub=Data f1=0x0005 info=2113000E4E1F006400050008904E210082844E1F0211006404EF0008078000C3000A8500
2026-08-17 03:50:36.646 | [fa] system 100 has finished with conversation 0x00C3 (0x0780); answering with a close
2026-08-17 03:50:36.656 | [seq] node 100: ORIGINATE at Flags1 0x001B (next becomes 0x001C)
2026-08-17 03:50:36.664 | [fa] reply to system 100: 8 byte(s), FA body 07C0000200C30000...
2026-08-17 03:50:36.672 | [TX] *** PARKED *** eth:d100 took a 14B frame but the send window is full; 31 datagram(s) now waiting and NOTHING is leaving this node until the peer acknowledges us
2026-08-17 03:50:36.692 | [TX] *** PARKED *** eth:d100 took a 36B frame but the send window is full; 32 datagram(s) now waiting and NOTHING is leaving this node until the peer acknowledges us
2026-08-17 03:50:36.713 | [RX] 100->19999 sub=Data answered with 2 frame(s)
2026-08-17 03:50:36.719 | [sniff] node100 -> node19999  data seq=16 snd=1 rcv=42865 plen=14   <== ADDRESSED TO US
2026-08-17 03:50:36.729 | [sniff]   llc+nd : 0B022000100001A771000E211300034E1F0064000500019060
2026-08-17 03:50:36.738 | [sniff]   frame  : 0800261F4E00080026640000001CA8A8030B022000100001A771000E211300034E1F0064000500019060210086E44E1F0000006406B8040000410012
2026-08-17 03:50:36.754 | [link] WARNING the peer RE-SENT data frame seq=16 (we were waiting for 21). It has not seen our acknowledgement - check the send window and our own receive latency BEFORE looking for a fault in XMSG or the file server.
2026-08-17 03:50:36.788 | [tx] node19999 -> node100  ack seq=17 snd=42865 rcv=1 plen=0
2026-08-17 03:50:36.798 | [tx]   llc+nd : 0B023F0011A77100010000
2026-08-17 03:50:36.804 | [RX] 100->19999 sub=Ack f1=0x0005 info=211300034E1F0064000500019060
2026-08-17 03:50:36.812 | [seq] node 100: ACK 0x0005 did NOT advance the store (still 0x001C)
2026-08-17 03:50:36.820 | [RX] 100->19999 sub=Ack (no reply expected)
2026-08-17 03:50:36.825 | [sniff] node100 -> node19999  data seq=20 snd=1 rcv=42865 plen=14   <== ADDRESSED TO US
2026-08-17 03:50:36.835 | [sniff]   llc+nd : 0B022000140001A771000E211300034E1F006400080002905C
2026-08-17 03:50:36.843 | [sniff]   frame  : 0800261F4E00080026640000001CA8A8030B022000140001A771000E211300034E1F006400080002905C210082844E1F0211006404EF000807A20042
2026-08-17 03:50:36.859 | [link] WARNING the peer RE-SENT data frame seq=20 (we were waiting for 21). It has not seen our acknowledgement - check the send window and our own receive latency BEFORE looking for a fault in XMSG or the file server.
2026-08-17 03:50:36.884 | [tx] node19999 -> node100  ack seq=21 snd=42865 rcv=1 plen=0
2026-08-17 03:50:36.891 | [tx]   llc+nd : 0B023F0015A77100010000
2026-08-17 03:50:36.896 | [RX] 100->19999 sub=Ack f1=0x0008 info=211300034E1F006400080002905C
2026-08-17 03:50:36.904 | [seq] node 100: ACK 0x0008 did NOT advance the store (still 0x001C)
2026-08-17 03:50:36.912 | [RX] 100->19999 sub=Ack (no reply expected)
2026-08-17 03:50:36.917 | [sniff] node100 -> node19999  data seq=19 snd=1 rcv=42865 plen=14   <== ADDRESSED TO US
2026-08-17 03:50:36.928 | [sniff]   llc+nd : 0B022000130001A771000E211300034E1F006400070001905E
2026-08-17 03:50:36.936 | [sniff]   frame  : 0800261F4E00080026640000001CA8A8030B022000130001A771000E211300034E1F006400070001905E210086E44E1F0000006404EF00241B410014
2026-08-17 03:50:36.952 | [link] WARNING the peer RE-SENT data frame seq=19 (we were waiting for 21). It has not seen our acknowledgement - check the send window and our own receive latency BEFORE looking for a fault in XMSG or the file server.
2026-08-17 03:50:36.980 | [tx] node19999 -> node100  ack seq=20 snd=42865 rcv=1 plen=0
2026-08-17 03:50:36.987 | [tx]   llc+nd : 0B023F0014A77100010000
2026-08-17 03:50:36.992 | [RX] 100->19999 sub=Ack f1=0x0007 info=211300034E1F006400070001905E
2026-08-17 03:50:37.000 | [seq] node 100: ACK 0x0007 did NOT advance the store (still 0x001C)
2026-08-17 03:50:37.008 | [RX] 100->19999 sub=Ack (no reply expected)
2026-08-17 03:50:37.013 | [sniff] node100 -> node19999  data seq=17 snd=1 rcv=42865 plen=14   <== ADDRESSED TO US
2026-08-17 03:50:37.024 | [sniff]   llc+nd : 0B022000110001A771000E211300034E1F006400060001905F
2026-08-17 03:50:37.033 | [sniff]   frame  : 0800261F4E00080026640000001CA8A8030B022000110001A771000E211300034E1F006400060001905F210082840066045F006407CE000807A20002
2026-08-17 03:50:37.049 | [link] WARNING the peer RE-SENT data frame seq=17 (we were waiting for 21). It has not seen our acknowledgement - check the send window and our own receive latency BEFORE looking for a fault in XMSG or the file server.
2026-08-17 03:50:37.074 | [tx] node19999 -> node100  ack seq=18 snd=42865 rcv=1 plen=0
2026-08-17 03:50:37.081 | [tx]   llc+nd : 0B023F0012A77100010000
2026-08-17 03:50:37.086 | [RX] 100->19999 sub=Ack f1=0x0006 info=211300034E1F006400060001905F
2026-08-17 03:50:37.094 | [seq] node 100: ACK 0x0006 did NOT advance the store (still 0x001C)
2026-08-17 03:50:37.102 | [RX] 100->19999 sub=Ack (no reply expected)
2026-08-17 03:50:37.108 | [sniff] node100 -> node19999  data seq=18 snd=1 rcv=42865 plen=36   <== ADDRESSED TO US
2026-08-17 03:50:37.118 | [sniff]   llc+nd : 0B022000120001A77100242113000E4E1F006400050008904E210082844E1F0211006404EF0008078000C3000A8500
2026-08-17 03:50:37.131 | [sniff]   frame  : 0800261F4E000800266400000032A8A8030B022000120001A77100242113000E4E1F006400050008904E210082844E1F0211006404EF0008078000C3000A8500
2026-08-17 03:50:37.148 | [link] WARNING the peer RE-SENT data frame seq=18 (we were waiting for 21). It has not seen our acknowledgement - check the send window and our own receive latency BEFORE looking for a fault in XMSG or the file server.
2026-08-17 03:50:37.174 | [tx] node19999 -> node100  ack seq=19 snd=42865 rcv=1 plen=0
2026-08-17 03:50:37.182 | [tx]   llc+nd : 0B023F0013A77100010000
2026-08-17 03:50:37.187 | [RX] 100->19999 sub=Data f1=0x0005 info=2113000E4E1F006400050008904E210082844E1F0211006404EF0008078000C3000A8500
2026-08-17 03:50:37.200 | [fa] system 100 has finished with conversation 0x00C3 (0x0780); answering with a close
2026-08-17 03:50:37.211 | [seq] node 100: ORIGINATE at Flags1 0x001C (next becomes 0x001D)
2026-08-17 03:50:37.219 | [fa] reply to system 100: 8 byte(s), FA body 07C0000200C30000...
2026-08-17 03:50:37.226 | [TX] *** PARKED *** eth:d100 took a 14B frame but the send window is full; 33 datagram(s) now waiting and NOTHING is leaving this node until the peer acknowledges us
2026-08-17 03:50:37.245 | [TX] *** PARKED *** eth:d100 took a 36B frame but the send window is full; 34 datagram(s) now waiting and NOTHING is leaving this node until the peer acknowledges us
2026-08-17 03:50:37.265 | [RX] 100->19999 sub=Data answered with 2 frame(s)
2026-08-17 03:50:37.271 | [sniff] node100 -> node19999  data seq=16 snd=1 rcv=42865 plen=14   <== ADDRESSED TO US
2026-08-17 03:50:37.289 | [sniff]   llc+nd : 0B022000100001A771000E211300034E1F0064000500019060
2026-08-17 03:50:37.303 | [sniff]   frame  : 0800261F4E00080026640000001CA8A8030B022000100001A771000E211300034E1F0064000500019060210086E44E1F0000006406B8040000410012
2026-08-17 03:50:37.320 | [link] WARNING the peer RE-SENT data frame seq=16 (we were waiting for 21). It has not seen our acknowledgement - check the send window and our own receive latency BEFORE looking for a fault in XMSG or the file server.
2026-08-17 03:50:37.345 | [tx] node19999 -> node100  ack seq=17 snd=42865 rcv=1 plen=0
2026-08-17 03:50:37.352 | [tx]   llc+nd : 0B023F0011A77100010000
2026-08-17 03:50:37.357 | [RX] 100->19999 sub=Ack f1=0x0005 info=211300034E1F0064000500019060
2026-08-17 03:50:37.365 | [seq] node 100: ACK 0x0005 did NOT advance the store (still 0x001D)
2026-08-17 03:50:37.373 | [RX] 100->19999 sub=Ack (no reply expected)
2026-08-17 03:50:37.379 | [sniff] node100 -> node19999  data seq=20 snd=1 rcv=42865 plen=14   <== ADDRESSED TO US
2026-08-17 03:50:37.389 | [sniff]   llc+nd : 0B022000140001A771000E211300034E1F006400080002905C
2026-08-17 03:50:37.397 | [sniff]   frame  : 0800261F4E00080026640000001CA8A8030B022000140001A771000E211300034E1F006400080002905C210082844E1F0211006404EF000807A20042
2026-08-17 03:50:37.414 | [link] WARNING the peer RE-SENT data frame seq=20 (we were waiting for 21). It has not seen our acknowledgement - check the send window and our own receive latency BEFORE looking for a fault in XMSG or the file server.
2026-08-17 03:50:37.439 | [tx] node19999 -> node100  ack seq=21 snd=42865 rcv=1 plen=0
2026-08-17 03:50:37.447 | [tx]   llc+nd : 0B023F0015A77100010000
2026-08-17 03:50:37.452 | [RX] 100->19999 sub=Ack f1=0x0008 info=211300034E1F006400080002905C
2026-08-17 03:50:37.460 | [seq] node 100: ACK 0x0008 did NOT advance the store (still 0x001D)
2026-08-17 03:50:37.468 | [RX] 100->19999 sub=Ack (no reply expected)
2026-08-17 03:50:37.474 | [sniff] node100 -> node19999  data seq=19 snd=1 rcv=42865 plen=14   <== ADDRESSED TO US
2026-08-17 03:50:37.484 | [sniff]   llc+nd : 0B022000130001A771000E211300034E1F006400070001905E
2026-08-17 03:50:37.492 | [sniff]   frame  : 0800261F4E00080026640000001CA8A8030B022000130001A771000E211300034E1F006400070001905E210086E44E1F0000006404EF00241B410014
2026-08-17 03:50:37.509 | [link] WARNING the peer RE-SENT data frame seq=19 (we were waiting for 21). It has not seen our acknowledgement - check the send window and our own receive latency BEFORE looking for a fault in XMSG or the file server.
2026-08-17 03:50:37.534 | [tx] node19999 -> node100  ack seq=20 snd=42865 rcv=1 plen=0
2026-08-17 03:50:37.541 | [tx]   llc+nd : 0B023F0014A77100010000
2026-08-17 03:50:37.546 | [RX] 100->19999 sub=Ack f1=0x0007 info=211300034E1F006400070001905E
2026-08-17 03:50:37.554 | [seq] node 100: ACK 0x0007 did NOT advance the store (still 0x001D)
2026-08-17 03:50:37.562 | [RX] 100->19999 sub=Ack (no reply expected)
2026-08-17 03:50:37.568 | [sniff] node100 -> node19999  data seq=17 snd=1 rcv=42865 plen=14   <== ADDRESSED TO US
2026-08-17 03:50:37.580 | [sniff]   llc+nd : 0B022000110001A771000E211300034E1F006400060001905F
2026-08-17 03:50:37.589 | [sniff]   frame  : 0800261F4E00080026640000001CA8A8030B022000110001A771000E211300034E1F006400060001905F210082840066045F006407CE000807A20002
2026-08-17 03:50:37.605 | [link] WARNING the peer RE-SENT data frame seq=17 (we were waiting for 21). It has not seen our acknowledgement - check the send window and our own receive latency BEFORE looking for a fault in XMSG or the file server.
2026-08-17 03:50:37.630 | [tx] node19999 -> node100  ack seq=18 snd=42865 rcv=1 plen=0
2026-08-17 03:50:37.638 | [tx]   llc+nd : 0B023F0012A77100010000
2026-08-17 03:50:37.642 | [RX] 100->19999 sub=Ack f1=0x0006 info=211300034E1F006400060001905F
2026-08-17 03:50:37.651 | [seq] node 100: ACK 0x0006 did NOT advance the store (still 0x001D)
2026-08-17 03:50:37.659 | [RX] 100->19999 sub=Ack (no reply expected)
2026-08-17 03:50:37.665 | [sniff] node100 -> node19999  data seq=18 snd=1 rcv=42865 plen=36   <== ADDRESSED TO US
2026-08-17 03:50:37.675 | [sniff]   llc+nd : 0B022000120001A77100242113000E4E1F006400050008904E210082844E1F0211006404EF0008078000C3000A8500
2026-08-17 03:50:37.689 | [sniff]   frame  : 0800261F4E000800266400000032A8A8030B022000120001A77100242113000E4E1F006400050008904E210082844E1F0211006404EF0008078000C3000A8500
2026-08-17 03:50:37.707 | [link] WARNING the peer RE-SENT data frame seq=18 (we were waiting for 21). It has not seen our acknowledgement - check the send window and our own receive latency BEFORE looking for a fault in XMSG or the file server.
2026-08-17 03:50:37.733 | [tx] node19999 -> node100  ack seq=19 snd=42865 rcv=1 plen=0
2026-08-17 03:50:37.740 | [tx]   llc+nd : 0B023F0013A77100010000
2026-08-17 03:50:37.745 | [RX] 100->19999 sub=Data f1=0x0005 info=2113000E4E1F006400050008904E210082844E1F0211006404EF0008078000C3000A8500
2026-08-17 03:50:37.758 | [fa] system 100 has finished with conversation 0x00C3 (0x0780); answering with a close
2026-08-17 03:50:37.769 | [seq] node 100: ORIGINATE at Flags1 0x001D (next becomes 0x001E)
2026-08-17 03:50:37.777 | [fa] reply to system 100: 8 byte(s), FA body 07C0000200C30000...
2026-08-17 03:50:37.785 | [TX] *** PARKED *** eth:d100 took a 14B frame but the send window is full; 35 datagram(s) now waiting and NOTHING is leaving this node until the peer acknowledges us
2026-08-17 03:50:37.816 | [TX] *** PARKED *** eth:d100 took a 36B frame but the send window is full; 36 datagram(s) now waiting and NOTHING is leaving this node until the peer acknowledges us
2026-08-17 03:50:37.835 | [RX] 100->19999 sub=Data answered with 2 frame(s)
2026-08-17 03:50:37.841 | [sniff] node100 -> node19999  data seq=16 snd=1 rcv=42865 plen=14   <== ADDRESSED TO US
2026-08-17 03:50:37.851 | [sniff]   llc+nd : 0B022000100001A771000E211300034E1F0064000500019060
2026-08-17 03:50:37.859 | [sniff]   frame  : 0800261F4E00080026640000001CA8A8030B022000100001A771000E211300034E1F0064000500019060210086E44E1F0000006406B8040000410012
2026-08-17 03:50:37.875 | [link] WARNING the peer RE-SENT data frame seq=16 (we were waiting for 21). It has not seen our acknowledgement - check the send window and our own receive latency BEFORE looking for a fault in XMSG or the file server.
2026-08-17 03:50:37.900 | [tx] node19999 -> node100  ack seq=17 snd=42865 rcv=1 plen=0
2026-08-17 03:50:37.907 | [tx]   llc+nd : 0B023F0011A77100010000
2026-08-17 03:50:37.911 | [RX] 100->19999 sub=Ack f1=0x0005 info=211300034E1F0064000500019060
2026-08-17 03:50:37.920 | [seq] node 100: ACK 0x0005 did NOT advance the store (still 0x001E)
2026-08-17 03:50:37.929 | [RX] 100->19999 sub=Ack (no reply expected)
2026-08-17 03:50:37.935 | [sniff] node100 -> node19999  data seq=20 snd=1 rcv=42865 plen=14   <== ADDRESSED TO US
2026-08-17 03:50:37.947 | [sniff]   llc+nd : 0B022000140001A771000E211300034E1F006400080002905C
2026-08-17 03:50:37.955 | [sniff]   frame  : 0800261F4E00080026640000001CA8A8030B022000140001A771000E211300034E1F006400080002905C210082844E1F0211006404EF000807A20042
2026-08-17 03:50:37.972 | [link] WARNING the peer RE-SENT data frame seq=20 (we were waiting for 21). It has not seen our acknowledgement - check the send window and our own receive latency BEFORE looking for a fault in XMSG or the file server.
2026-08-17 03:50:38.002 | [tx] node19999 -> node100  ack seq=21 snd=42865 rcv=1 plen=0
2026-08-17 03:50:38.009 | [tx]   llc+nd : 0B023F0015A77100010000
2026-08-17 03:50:38.014 | [RX] 100->19999 sub=Ack f1=0x0008 info=211300034E1F006400080002905C
2026-08-17 03:50:38.023 | [seq] node 100: ACK 0x0008 did NOT advance the store (still 0x001E)
2026-08-17 03:50:38.034 | [RX] 100->19999 sub=Ack (no reply expected)
2026-08-17 03:50:38.040 | [sniff] node100 -> node19999  data seq=19 snd=1 rcv=42865 plen=14   <== ADDRESSED TO US
2026-08-17 03:50:38.056 | [sniff]   llc+nd : 0B022000130001A771000E211300034E1F006400070001905E
2026-08-17 03:50:38.066 | [sniff]   frame  : 0800261F4E00080026640000001CA8A8030B022000130001A771000E211300034E1F006400070001905E210086E44E1F0000006404EF00241B410014
2026-08-17 03:50:38.085 | [link] WARNING the peer RE-SENT data frame seq=19 (we were waiting for 21). It has not seen our acknowledgement - check the send window and our own receive latency BEFORE looking for a fault in XMSG or the file server.
2026-08-17 03:50:38.112 | [tx] node19999 -> node100  ack seq=20 snd=42865 rcv=1 plen=0
2026-08-17 03:50:38.120 | [tx]   llc+nd : 0B023F0014A77100010000
2026-08-17 03:50:38.125 | [RX] 100->19999 sub=Ack f1=0x0007 info=211300034E1F006400070001905E
2026-08-17 03:50:38.133 | [seq] node 100: ACK 0x0007 did NOT advance the store (still 0x001E)
2026-08-17 03:50:38.141 | [RX] 100->19999 sub=Ack (no reply expected)
2026-08-17 03:50:38.147 | [sniff] node100 -> node19999  data seq=17 snd=1 rcv=42865 plen=14   <== ADDRESSED TO US
2026-08-17 03:50:38.157 | [sniff]   llc+nd : 0B022000110001A771000E211300034E1F006400060001905F
2026-08-17 03:50:38.166 | [sniff]   frame  : 0800261F4E00080026640000001CA8A8030B022000110001A771000E211300034E1F006400060001905F210082840066045F006407CE000807A20002
2026-08-17 03:50:38.183 | [link] WARNING the peer RE-SENT data frame seq=17 (we were waiting for 21). It has not seen our acknowledgement - check the send window and our own receive latency BEFORE looking for a fault in XMSG or the file server.
2026-08-17 03:50:38.208 | [tx] node19999 -> node100  ack seq=18 snd=42865 rcv=1 plen=0
2026-08-17 03:50:38.215 | [tx]   llc+nd : 0B023F0012A77100010000
2026-08-17 03:50:38.220 | [RX] 100->19999 sub=Ack f1=0x0006 info=211300034E1F006400060001905F
2026-08-17 03:50:38.229 | [seq] node 100: ACK 0x0006 did NOT advance the store (still 0x001E)
2026-08-17 03:50:38.237 | [RX] 100->19999 sub=Ack (no reply expected)
2026-08-17 03:50:38.243 | [sniff] node100 -> node19999  data seq=18 snd=1 rcv=42865 plen=36   <== ADDRESSED TO US
2026-08-17 03:50:38.254 | [sniff]   llc+nd : 0B022000120001A77100242113000E4E1F006400050008904E210082844E1F0211006404EF0008078000C3000A8500
2026-08-17 03:50:38.268 | [sniff]   frame  : 0800261F4E000800266400000032A8A8030B022000120001A77100242113000E4E1F006400050008904E210082844E1F0211006404EF0008078000C3000A8500
2026-08-17 03:50:38.288 | [link] WARNING the peer RE-SENT data frame seq=18 (we were waiting for 21). It has not seen our acknowledgement - check the send window and our own receive latency BEFORE looking for a fault in XMSG or the file server.
2026-08-17 03:50:38.331 | [tx] node19999 -> node100  ack seq=19 snd=42865 rcv=1 plen=0
2026-08-17 03:50:38.340 | [tx]   llc+nd : 0B023F0013A77100010000
2026-08-17 03:50:38.346 | [RX] 100->19999 sub=Data f1=0x0005 info=2113000E4E1F006400050008904E210082844E1F0211006404EF0008078000C3000A8500
2026-08-17 03:50:38.362 | [fa] system 100 has finished with conversation 0x00C3 (0x0780); answering with a close
2026-08-17 03:50:38.374 | [seq] node 100: ORIGINATE at Flags1 0x001E (next becomes 0x001F)
2026-08-17 03:50:38.383 | [fa] reply to system 100: 8 byte(s), FA body 07C0000200C30000...
2026-08-17 03:50:38.392 | [TX] *** PARKED *** eth:d100 took a 14B frame but the send window is full; 37 datagram(s) now waiting and NOTHING is leaving this node until the peer acknowledges us
2026-08-17 03:50:38.412 | [TX] *** PARKED *** eth:d100 took a 36B frame but the send window is full; 38 datagram(s) now waiting and NOTHING is leaving this node until the peer acknowledges us
2026-08-17 03:50:38.433 | [RX] 100->19999 sub=Data answered with 2 frame(s)
2026-08-17 03:50:38.440 | [sniff] node100 -> node19999  data seq=16 snd=1 rcv=42865 plen=14   <== ADDRESSED TO US
2026-08-17 03:50:38.450 | [sniff]   llc+nd : 0B022000100001A771000E211300034E1F0064000500019060
2026-08-17 03:50:38.459 | [sniff]   frame  : 0800261F4E00080026640000001CA8A8030B022000100001A771000E211300034E1F0064000500019060210086E44E1F0000006406B8040000410012
2026-08-17 03:50:38.475 | [link] WARNING the peer RE-SENT data frame seq=16 (we were waiting for 21). It has not seen our acknowledgement - check the send window and our own receive latency BEFORE looking for a fault in XMSG or the file server.
2026-08-17 03:50:38.500 | [tx] node19999 -> node100  ack seq=17 snd=42865 rcv=1 plen=0
2026-08-17 03:50:38.507 | [tx]   llc+nd : 0B023F0011A77100010000
2026-08-17 03:50:38.512 | [RX] 100->19999 sub=Ack f1=0x0005 info=211300034E1F0064000500019060
2026-08-17 03:50:38.520 | [seq] node 100: ACK 0x0005 did NOT advance the store (still 0x001F)
2026-08-17 03:50:38.528 | [RX] 100->19999 sub=Ack (no reply expected)
2026-08-17 03:50:38.533 | [sniff] node100 -> node19999  data seq=20 snd=1 rcv=42865 plen=14   <== ADDRESSED TO US
2026-08-17 03:50:38.544 | [sniff]   llc+nd : 0B022000140001A771000E211300034E1F006400080002905C
2026-08-17 03:50:38.552 | [sniff]   frame  : 0800261F4E00080026640000001CA8A8030B022000140001A771000E211300034E1F006400080002905C210082844E1F0211006404EF000807A20042
2026-08-17 03:50:38.568 | [link] WARNING the peer RE-SENT data frame seq=20 (we were waiting for 21). It has not seen our acknowledgement - check the send window and our own receive latency BEFORE looking for a fault in XMSG or the file server.
2026-08-17 03:50:38.592 | [tx] node19999 -> node100  ack seq=21 snd=42865 rcv=1 plen=0
2026-08-17 03:50:38.600 | [tx]   llc+nd : 0B023F0015A77100010000
2026-08-17 03:50:38.604 | [RX] 100->19999 sub=Ack f1=0x0008 info=211300034E1F006400080002905C
2026-08-17 03:50:38.612 | [seq] node 100: ACK 0x0008 did NOT advance the store (still 0x001F)
2026-08-17 03:50:38.620 | [RX] 100->19999 sub=Ack (no reply expected)
2026-08-17 03:50:38.626 | [sniff] node100 -> node19999  data seq=19 snd=1 rcv=42865 plen=14   <== ADDRESSED TO US
2026-08-17 03:50:38.637 | [sniff]   llc+nd : 0B022000130001A771000E211300034E1F006400070001905E
2026-08-17 03:50:38.645 | [sniff]   frame  : 0800261F4E00080026640000001CA8A8030B022000130001A771000E211300034E1F006400070001905E210086E44E1F0000006404EF00241B410014
2026-08-17 03:50:38.661 | [link] WARNING the peer RE-SENT data frame seq=19 (we were waiting for 21). It has not seen our acknowledgement - check the send window and our own receive latency BEFORE looking for a fault in XMSG or the file server.
2026-08-17 03:50:38.685 | [tx] node19999 -> node100  ack seq=20 snd=42865 rcv=1 plen=0
2026-08-17 03:50:38.692 | [tx]   llc+nd : 0B023F0014A77100010000
2026-08-17 03:50:38.697 | [RX] 100->19999 sub=Ack f1=0x0007 info=211300034E1F006400070001905E
2026-08-17 03:50:38.705 | [seq] node 100: ACK 0x0007 did NOT advance the store (still 0x001F)
2026-08-17 03:50:38.713 | [RX] 100->19999 sub=Ack (no reply expected)
2026-08-17 03:50:38.719 | [sniff] node100 -> node19999  data seq=17 snd=1 rcv=42865 plen=14   <== ADDRESSED TO US
2026-08-17 03:50:38.730 | [sniff]   llc+nd : 0B022000110001A771000E211300034E1F006400060001905F
2026-08-17 03:50:38.738 | [sniff]   frame  : 0800261F4E00080026640000001CA8A8030B022000110001A771000E211300034E1F006400060001905F210082840066045F006407CE000807A20002
2026-08-17 03:50:38.754 | [link] WARNING the peer RE-SENT data frame seq=17 (we were waiting for 21). It has not seen our acknowledgement - check the send window and our own receive latency BEFORE looking for a fault in XMSG or the file server.
2026-08-17 03:50:38.779 | [tx] node19999 -> node100  ack seq=18 snd=42865 rcv=1 plen=0
2026-08-17 03:50:38.786 | [tx]   llc+nd : 0B023F0012A77100010000
2026-08-17 03:50:38.791 | [RX] 100->19999 sub=Ack f1=0x0006 info=211300034E1F006400060001905F
2026-08-17 03:50:38.799 | [seq] node 100: ACK 0x0006 did NOT advance the store (still 0x001F)
2026-08-17 03:50:38.811 | [RX] 100->19999 sub=Ack (no reply expected)
2026-08-17 03:50:38.824 | [sniff] node100 -> node19999  data seq=18 snd=1 rcv=42865 plen=36   <== ADDRESSED TO US
2026-08-17 03:50:38.835 | [sniff]   llc+nd : 0B022000120001A77100242113000E4E1F006400050008904E210082844E1F0211006404EF0008078000C3000A8500
2026-08-17 03:50:38.848 | [sniff]   frame  : 0800261F4E000800266400000032A8A8030B022000120001A77100242113000E4E1F006400050008904E210082844E1F0211006404EF0008078000C3000A8500
2026-08-17 03:50:38.865 | [link] WARNING the peer RE-SENT data frame seq=18 (we were waiting for 21). It has not seen our acknowledgement - check the send window and our own receive latency BEFORE looking for a fault in XMSG or the file server.
2026-08-17 03:50:38.890 | [tx] node19999 -> node100  ack seq=19 snd=42865 rcv=1 plen=0
2026-08-17 03:50:38.897 | [tx]   llc+nd : 0B023F0013A77100010000
2026-08-17 03:50:38.902 | [RX] 100->19999 sub=Data f1=0x0005 info=2113000E4E1F006400050008904E210082844E1F0211006404EF0008078000C3000A8500
2026-08-17 03:50:38.915 | [fa] system 100 has finished with conversation 0x00C3 (0x0780); answering with a close
2026-08-17 03:50:38.925 | [seq] node 100: ORIGINATE at Flags1 0x001F (next becomes 0x0020)
2026-08-17 03:50:38.934 | [fa] reply to system 100: 8 byte(s), FA body 07C0000200C30000...
2026-08-17 03:50:38.941 | [TX] *** PARKED *** eth:d100 took a 14B frame but the send window is full; 39 datagram(s) now waiting and NOTHING is leaving this node until the peer acknowledges us
2026-08-17 03:50:38.961 | [TX] *** PARKED *** eth:d100 took a 36B frame but the send window is full; 40 datagram(s) now waiting and NOTHING is leaving this node until the peer acknowledges us
2026-08-17 03:50:38.981 | [RX] 100->19999 sub=Data answered with 2 frame(s)
2026-08-17 03:50:38.987 | [sniff] node100 -> node19999  data seq=16 snd=1 rcv=42865 plen=14   <== ADDRESSED TO US
2026-08-17 03:50:38.998 | [sniff]   llc+nd : 0B022000100001A771000E211300034E1F0064000500019060
2026-08-17 03:50:39.006 | [sniff]   frame  : 0800261F4E00080026640000001CA8A8030B022000100001A771000E211300034E1F0064000500019060210086E44E1F0000006406B8040000410012
2026-08-17 03:50:39.026 | [link] WARNING the peer RE-SENT data frame seq=16 (we were waiting for 21). It has not seen our acknowledgement - check the send window and our own receive latency BEFORE looking for a fault in XMSG or the file server.
2026-08-17 03:50:39.051 | [tx] node19999 -> node100  ack seq=17 snd=42865 rcv=1 plen=0
2026-08-17 03:50:39.059 | [tx]   llc+nd : 0B023F0011A77100010000
2026-08-17 03:50:39.064 | [RX] 100->19999 sub=Ack f1=0x0005 info=211300034E1F0064000500019060
2026-08-17 03:50:39.072 | [seq] node 100: ACK 0x0005 did NOT advance the store (still 0x0020)
2026-08-17 03:50:39.080 | [RX] 100->19999 sub=Ack (no reply expected)
2026-08-17 03:50:39.086 | [sniff] node100 -> node19999  data seq=20 snd=1 rcv=42865 plen=14   <== ADDRESSED TO US
2026-08-17 03:50:39.096 | [sniff]   llc+nd : 0B022000140001A771000E211300034E1F006400080002905C
2026-08-17 03:50:39.105 | [sniff]   frame  : 0800261F4E00080026640000001CA8A8030B022000140001A771000E211300034E1F006400080002905C210082844E1F0211006404EF000807A20042
2026-08-17 03:50:39.121 | [link] WARNING the peer RE-SENT data frame seq=20 (we were waiting for 21). It has not seen our acknowledgement - check the send window and our own receive latency BEFORE looking for a fault in XMSG or the file server.
2026-08-17 03:50:39.147 | [tx] node19999 -> node100  ack seq=21 snd=42865 rcv=1 plen=0
2026-08-17 03:50:39.155 | [tx]   llc+nd : 0B023F0015A77100010000
2026-08-17 03:50:39.160 | [RX] 100->19999 sub=Ack f1=0x0008 info=211300034E1F006400080002905C
2026-08-17 03:50:39.169 | [seq] node 100: ACK 0x0008 did NOT advance the store (still 0x0020)
2026-08-17 03:50:39.177 | [RX] 100->19999 sub=Ack (no reply expected)
2026-08-17 03:50:39.182 | [sniff] node100 -> node19999  data seq=19 snd=1 rcv=42865 plen=14   <== ADDRESSED TO US
2026-08-17 03:50:39.192 | [sniff]   llc+nd : 0B022000130001A771000E211300034E1F006400070001905E
2026-08-17 03:50:39.201 | [sniff]   frame  : 0800261F4E00080026640000001CA8A8030B022000130001A771000E211300034E1F006400070001905E210086E44E1F0000006404EF00241B410014
2026-08-17 03:50:39.217 | [link] WARNING the peer RE-SENT data frame seq=19 (we were waiting for 21). It has not seen our acknowledgement - check the send window and our own receive latency BEFORE looking for a fault in XMSG or the file server.
2026-08-17 03:50:39.242 | [tx] node19999 -> node100  ack seq=20 snd=42865 rcv=1 plen=0
2026-08-17 03:50:39.249 | [tx]   llc+nd : 0B023F0014A77100010000
2026-08-17 03:50:39.254 | [RX] 100->19999 sub=Ack f1=0x0007 info=211300034E1F006400070001905E
2026-08-17 03:50:39.264 | [seq] node 100: ACK 0x0007 did NOT advance the store (still 0x0020)
2026-08-17 03:50:39.273 | [RX] 100->19999 sub=Ack (no reply expected)
2026-08-17 03:50:39.278 | [sniff] node100 -> node19999  data seq=17 snd=1 rcv=42865 plen=14   <== ADDRESSED TO US
2026-08-17 03:50:39.290 | [sniff]   llc+nd : 0B022000110001A771000E211300034E1F006400060001905F
2026-08-17 03:50:39.300 | [sniff]   frame  : 0800261F4E00080026640000001CA8A8030B022000110001A771000E211300034E1F006400060001905F210082840066045F006407CE000807A20002
2026-08-17 03:50:39.326 | [link] WARNING the peer RE-SENT data frame seq=17 (we were waiting for 21). It has not seen our acknowledgement - check the send window and our own receive latency BEFORE looking for a fault in XMSG or the file server.
2026-08-17 03:50:39.358 | [tx] node19999 -> node100  ack seq=18 snd=42865 rcv=1 plen=0
2026-08-17 03:50:39.365 | [tx]   llc+nd : 0B023F0012A77100010000
2026-08-17 03:50:39.370 | [RX] 100->19999 sub=Ack f1=0x0006 info=211300034E1F006400060001905F
2026-08-17 03:50:39.378 | [seq] node 100: ACK 0x0006 did NOT advance the store (still 0x0020)
2026-08-17 03:50:39.387 | [RX] 100->19999 sub=Ack (no reply expected)
2026-08-17 03:50:39.393 | [sniff] node100 -> node19999  data seq=18 snd=1 rcv=42865 plen=36   <== ADDRESSED TO US
2026-08-17 03:50:39.403 | [sniff]   llc+nd : 0B022000120001A77100242113000E4E1F006400050008904E210082844E1F0211006404EF0008078000C3000A8500
2026-08-17 03:50:39.417 | [sniff]   frame  : 0800261F4E000800266400000032A8A8030B022000120001A77100242113000E4E1F006400050008904E210082844E1F0211006404EF0008078000C3000A8500
2026-08-17 03:50:39.434 | [link] WARNING the peer RE-SENT data frame seq=18 (we were waiting for 21). It has not seen our acknowledgement - check the send window and our own receive latency BEFORE looking for a fault in XMSG or the file server.
2026-08-17 03:50:39.461 | [tx] node19999 -> node100  ack seq=19 snd=42865 rcv=1 plen=0
2026-08-17 03:50:39.468 | [tx]   llc+nd : 0B023F0013A77100010000
2026-08-17 03:50:39.473 | [RX] 100->19999 sub=Data f1=0x0005 info=2113000E4E1F006400050008904E210082844E1F0211006404EF0008078000C3000A8500
2026-08-17 03:50:39.486 | [fa] system 100 has finished with conversation 0x00C3 (0x0780); answering with a close
2026-08-17 03:50:39.497 | [seq] node 100: ORIGINATE at Flags1 0x0020 (next becomes 0x0021)
2026-08-17 03:50:39.505 | [fa] reply to system 100: 8 byte(s), FA body 07C0000200C30000...
2026-08-17 03:50:39.513 | [TX] *** PARKED *** eth:d100 took a 14B frame but the send window is full; 41 datagram(s) now waiting and NOTHING is leaving this node until the peer acknowledges us
2026-08-17 03:50:39.532 | [TX] *** PARKED *** eth:d100 took a 36B frame but the send window is full; 42 datagram(s) now waiting and NOTHING is leaving this node until the peer acknowledges us
2026-08-17 03:50:39.551 | [RX] 100->19999 sub=Data answered with 2 frame(s)
2026-08-17 03:50:39.557 | [sniff] node100 -> node19999  data seq=16 snd=1 rcv=42865 plen=14   <== ADDRESSED TO US
2026-08-17 03:50:39.567 | [sniff]   llc+nd : 0B022000100001A771000E211300034E1F0064000500019060
2026-08-17 03:50:39.575 | [sniff]   frame  : 0800261F4E00080026640000001CA8A8030B022000100001A771000E211300034E1F0064000500019060210086E44E1F0000006406B8040000410012
2026-08-17 03:50:39.591 | [link] WARNING the peer RE-SENT data frame seq=16 (we were waiting for 21). It has not seen our acknowledgement - check the send window and our own receive latency BEFORE looking for a fault in XMSG or the file server.
2026-08-17 03:50:39.616 | [tx] node19999 -> node100  ack seq=17 snd=42865 rcv=1 plen=0
2026-08-17 03:50:39.623 | [tx]   llc+nd : 0B023F0011A77100010000
2026-08-17 03:50:39.628 | [RX] 100->19999 sub=Ack f1=0x0005 info=211300034E1F0064000500019060
2026-08-17 03:50:39.636 | [seq] node 100: ACK 0x0005 did NOT advance the store (still 0x0021)
2026-08-17 03:50:39.644 | [RX] 100->19999 sub=Ack (no reply expected)
2026-08-17 03:50:39.649 | [sniff] node100 -> node19999  data seq=20 snd=1 rcv=42865 plen=14   <== ADDRESSED TO US
2026-08-17 03:50:39.660 | [sniff]   llc+nd : 0B022000140001A771000E211300034E1F006400080002905C
2026-08-17 03:50:39.668 | [sniff]   frame  : 0800261F4E00080026640000001CA8A8030B022000140001A771000E211300034E1F006400080002905C210082844E1F0211006404EF000807A20042
2026-08-17 03:50:39.684 | [link] WARNING the peer RE-SENT data frame seq=20 (we were waiting for 21). It has not seen our acknowledgement - check the send window and our own receive latency BEFORE looking for a fault in XMSG or the file server.
2026-08-17 03:50:39.709 | [tx] node19999 -> node100  ack seq=21 snd=42865 rcv=1 plen=0
2026-08-17 03:50:39.716 | [tx]   llc+nd : 0B023F0015A77100010000
2026-08-17 03:50:39.721 | [RX] 100->19999 sub=Ack f1=0x0008 info=211300034E1F006400080002905C
2026-08-17 03:50:39.730 | [seq] node 100: ACK 0x0008 did NOT advance the store (still 0x0021)
2026-08-17 03:50:39.738 | [RX] 100->19999 sub=Ack (no reply expected)
2026-08-17 03:50:39.745 | [sniff] node100 -> node19999  ack seq=27 snd=1 rcv=42865 plen=0   <== ADDRESSED TO US
2026-08-17 03:50:39.756 | [sniff]   llc+nd : 0B023F001B0001A7710000
2026-08-17 03:50:39.761 | [sniff]   frame  : 0800261F4E00080026640000000EA8A8030B023F001B0001A77100000001D0920005000800004400000000000001A3D2000000010001D076001C000E
2026-08-17 03:50:39.778 | [tx] node19999 -> node100  data seq=32 snd=42865 rcv=1 plen=36
2026-08-17 03:50:39.786 | [tx]   llc+nd : 0B02200020A771000100242113000E00644E1F000B0008904821008284006404EF4E1F0211000807A2000A0500922A
2026-08-17 03:50:39.799 | [sniff] node100 -> node19999  data seq=19 snd=1 rcv=42865 plen=14   <== ADDRESSED TO US
2026-08-17 03:50:39.809 | [sniff]   llc+nd : 0B022000130001A771000E211300034E1F006400070001905E
2026-08-17 03:50:39.817 | [sniff]   frame  : 0800261F4E00080026640000001CA8A8030B022000130001A771000E211300034E1F006400070001905E210086E44E1F0000006404EF00241B410014
2026-08-17 03:50:39.847 | [link] WARNING the peer RE-SENT data frame seq=19 (we were waiting for 21). It has not seen our acknowledgement - check the send window and our own receive latency BEFORE looking for a fault in XMSG or the file server.
2026-08-17 03:50:39.873 | [tx] node19999 -> node100  ack seq=20 snd=42865 rcv=1 plen=0
2026-08-17 03:50:39.880 | [tx]   llc+nd : 0B023F0014A77100010000
2026-08-17 03:50:39.885 | [RX] 100->19999 sub=Ack f1=0x0007 info=211300034E1F006400070001905E
2026-08-17 03:50:39.892 | [seq] node 100: ACK 0x0007 did NOT advance the store (still 0x0021)
2026-08-17 03:50:39.900 | [RX] 100->19999 sub=Ack (no reply expected)
2026-08-17 03:50:39.906 | [sniff] node100 -> node19999  data seq=17 snd=1 rcv=42865 plen=14   <== ADDRESSED TO US
2026-08-17 03:50:39.917 | [sniff]   llc+nd : 0B022000110001A771000E211300034E1F006400060001905F
2026-08-17 03:50:39.925 | [sniff]   frame  : 0800261F4E00080026640000001CA8A8030B022000110001A771000E211300034E1F006400060001905F210082840066045F006407CE000807A20002
2026-08-17 03:50:39.942 | [link] WARNING the peer RE-SENT data frame seq=17 (we were waiting for 21). It has not seen our acknowledgement - check the send window and our own receive latency BEFORE looking for a fault in XMSG or the file server.
2026-08-17 03:50:39.969 | [tx] node19999 -> node100  ack seq=18 snd=42865 rcv=1 plen=0
2026-08-17 03:50:39.977 | [tx]   llc+nd : 0B023F0012A77100010000
2026-08-17 03:50:39.982 | [RX] 100->19999 sub=Ack f1=0x0006 info=211300034E1F006400060001905F
2026-08-17 03:50:39.990 | [seq] node 100: ACK 0x0006 did NOT advance the store (still 0x0021)
2026-08-17 03:50:39.998 | [RX] 100->19999 sub=Ack (no reply expected)
2026-08-17 03:50:40.004 | [sniff] node100 -> node19999  data seq=18 snd=1 rcv=42865 plen=36   <== ADDRESSED TO US
2026-08-17 03:50:40.015 | [sniff]   llc+nd : 0B022000120001A77100242113000E4E1F006400050008904E210082844E1F0211006404EF0008078000C3000A8500
2026-08-17 03:50:40.029 | [sniff]   frame  : 0800261F4E000800266400000032A8A8030B022000120001A77100242113000E4E1F006400050008904E210082844E1F0211006404EF0008078000C3000A8500
2026-08-17 03:50:40.051 | [link] WARNING the peer RE-SENT data frame seq=18 (we were waiting for 21). It has not seen our acknowledgement - check the send window and our own receive latency BEFORE looking for a fault in XMSG or the file server.
2026-08-17 03:50:40.081 | [tx] node19999 -> node100  ack seq=19 snd=42865 rcv=1 plen=0
2026-08-17 03:50:40.089 | [tx]   llc+nd : 0B023F0013A77100010000
2026-08-17 03:50:40.094 | [RX] 100->19999 sub=Data f1=0x0005 info=2113000E4E1F006400050008904E210082844E1F0211006404EF0008078000C3000A8500
2026-08-17 03:50:40.108 | [fa] system 100 has finished with conversation 0x00C3 (0x0780); answering with a close
2026-08-17 03:50:40.119 | [seq] node 100: ORIGINATE at Flags1 0x0021 (next becomes 0x0022)
2026-08-17 03:50:40.127 | [fa] reply to system 100: 8 byte(s), FA body 07C0000200C30000...
2026-08-17 03:50:40.135 | [TX] *** PARKED *** eth:d100 took a 14B frame but the send window is full; 42 datagram(s) now waiting and NOTHING is leaving this node until the peer acknowledges us
2026-08-17 03:50:40.154 | [TX] *** PARKED *** eth:d100 took a 36B frame but the send window is full; 43 datagram(s) now waiting and NOTHING is leaving this node until the peer acknowledges us
2026-08-17 03:50:40.174 | [RX] 100->19999 sub=Data answered with 2 frame(s)
2026-08-17 03:50:40.181 | [sniff] node100 -> node19999  kind0x6F seq=23 snd=1 rcv=42865 plen=257   <== ADDRESSED TO US
2026-08-17 03:50:40.192 | [sniff]   llc+nd : 0B026F00170001A7710101
2026-08-17 03:50:40.197 | [sniff]   frame  : 0800261F4E00080026640000000EA8A8030B026F00170001A77101010001CF320005000800004400000000000001A3D2000000010001D0CE001C000E
2026-08-17 03:50:40.215 | [link] disconnect request from the peer, ND frame kind 0x6F
2026-08-17 03:50:40.222 | [tx] node19999 -> node100  data seq=33 snd=42865 rcv=1 plen=46
2026-08-17 03:50:40.230 | [tx]   llc+nd : 0B02200021A7710001002E2113000E00644E1F000C0012903D21008284006404EF4E1F0211001207F0000A8100908192000B920002F200FF00
2026-08-17 03:50:40.246 | [sniff] node100 -> node19999  kind0x6F seq=24 snd=1 rcv=42865 plen=257   <== ADDRESSED TO US
2026-08-17 03:50:40.257 | [sniff]   llc+nd : 0B026F00180001A7710101
2026-08-17 03:50:40.263 | [sniff]   frame  : 0800261F4E00080026640000000EA8A8030B026F00180001A77101010001CF3200000000000500200000340000000000000000004E1F0001A3D20100
2026-08-17 03:50:40.280 | [link] disconnect request from the peer, ND frame kind 0x6F
2026-08-17 03:50:40.287 | [tx] node19999 -> node100  data seq=34 snd=42865 rcv=1 plen=14
2026-08-17 03:50:40.295 | [tx]   llc+nd : 0B02200022A7710001000E2113000300644E1F000300019062
2026-08-17 03:50:40.305 | [sniff] node100 -> node19999  kind0x6F seq=25 snd=1 rcv=42865 plen=257   <== ADDRESSED TO US
2026-08-17 03:50:40.317 | [sniff]   llc+nd : 0B026F00190001A7710101
2026-08-17 03:50:40.323 | [sniff]   frame  : 0800261F4E00080026640000000EA8A8030B026F00190001A77101010001CFE20005000800004400000000000001A3D2000000010001CFC6001C000E
2026-08-17 03:50:40.355 | [link] disconnect request from the peer, ND frame kind 0x6F
2026-08-17 03:50:40.361 | [tx] node19999 -> node100  data seq=35 snd=42865 rcv=1 plen=14
2026-08-17 03:50:40.370 | [tx]   llc+nd : 0B02200023A7710001000E2113000300644E1F000400019061
2026-08-17 03:50:40.378 | [sniff] node100 -> node19999  kind0x6F seq=26 snd=1 rcv=42865 plen=257   <== ADDRESSED TO US
2026-08-17 03:50:40.389 | [sniff]   llc+nd : 0B026F001A0001A7710101
2026-08-17 03:50:40.395 | [sniff]   frame  : 0800261F4E00080026640000000EA8A8030B026F001A0001A77101010001D03A0005000800004400000000000001A3D2000000010001D01E001C000E
2026-08-17 03:50:40.411 | [link] disconnect request from the peer, ND frame kind 0x6F
2026-08-17 03:50:40.419 | [tx] node19999 -> node100  data seq=36 snd=42865 rcv=1 plen=36
2026-08-17 03:50:40.426 | [tx]   llc+nd : 0B02200024A771000100242113000E00644E1F000D0008904621008284006404EF4E1F0211000807A2000A0600922A
2026-08-17 03:50:40.439 | [sniff] node100 -> node19999  kind0x6F seq=27 snd=1 rcv=42865 plen=257   <== ADDRESSED TO US
2026-08-17 03:50:40.450 | [sniff]   llc+nd : 0B026F001B0001A7710101
2026-08-17 03:50:40.455 | [sniff]   frame  : 0800261F4E00080026640000000EA8A8030B026F001B0001A77101010001D09200050008000044000000000000000000000000010001D076001C000E
2026-08-17 03:50:40.472 | [link] disconnect request from the peer, ND frame kind 0x6F
2026-08-17 03:50:40.479 | [tx] node19999 -> node100  data seq=37 snd=42865 rcv=1 plen=46
2026-08-17 03:50:40.486 | [tx]   llc+nd : 0B02200025A7710001002E2113000E00644E1F000E0012903B21008284006404EF4E1F0211001207F0000A8100908192000B920002F200FF00
2026-08-17 03:50:40.501 | [sniff] node100 -> node19999  kind0x6F seq=23 snd=1 rcv=42865 plen=257   <== ADDRESSED TO US
2026-08-17 03:50:40.512 | [sniff]   llc+nd : 0B026F00170001A7710101
2026-08-17 03:50:40.517 | [sniff]   frame  : 0800261F4E00080026640000000EA8A8030B026F00170001A77101010001CF3200050008000044000000000000000000000000010001D0CE001C000E
2026-08-17 03:50:40.533 | [link] disconnect request from the peer, ND frame kind 0x6F
2026-08-17 03:50:40.540 | [tx] node19999 -> node100  data seq=38 snd=42865 rcv=1 plen=14
2026-08-17 03:50:40.548 | [tx]   llc+nd : 0B02200026A7710001000E2113000300644E1F000300019062
2026-08-17 03:50:40.556 | [sniff] node100 -> node19999  kind0x6F seq=24 snd=1 rcv=42865 plen=257   <== ADDRESSED TO US
2026-08-17 03:50:40.567 | [sniff]   llc+nd : 0B026F00180001A7710101
2026-08-17 03:50:40.572 | [sniff]   frame  : 0800261F4E00080026640000000EA8A8030B026F00180001A77101010001CF3200000000000500200000340000000000000000004E1F0001A3D20100
2026-08-17 03:50:40.588 | [link] disconnect request from the peer, ND frame kind 0x6F
2026-08-17 03:50:40.596 | [tx] node19999 -> node100  data seq=39 snd=42865 rcv=1 plen=14
2026-08-17 03:50:40.603 | [tx]   llc+nd : 0B02200027A7710001000E2113000300644E1F000400019061
2026-08-17 03:50:40.611 | [sniff] node100 -> node19999  kind0x6F seq=25 snd=1 rcv=42865 plen=257   <== ADDRESSED TO US
2026-08-17 03:50:40.621 | [sniff]   llc+nd : 0B026F00190001A7710101
2026-08-17 03:50:40.626 | [sniff]   frame  : 0800261F4E00080026640000000EA8A8030B026F00190001A77101010001CFE200050008000044000000000000000000000000010001CFC6001C000E
2026-08-17 03:50:40.642 | [link] disconnect request from the peer, ND frame kind 0x6F
2026-08-17 03:50:40.650 | [tx] node19999 -> node100  data seq=40 snd=42865 rcv=1 plen=36
2026-08-17 03:50:40.658 | [tx]   llc+nd : 0B02200028A771000100242113000E00644E1F000F0008904421008284006404EF4E1F0211000807A2000A0700922A
2026-08-17 03:50:40.671 | [sniff] node100 -> node19999  kind0x6F seq=26 snd=1 rcv=42865 plen=257   <== ADDRESSED TO US
2026-08-17 03:50:40.682 | [sniff]   llc+nd : 0B026F001A0001A7710101
2026-08-17 03:50:40.687 | [sniff]   frame  : 0800261F4E00080026640000000EA8A8030B026F001A0001A77101010001D03A00050008000044000000000000000000000000010001D01E001C000E
2026-08-17 03:50:40.703 | [link] disconnect request from the peer, ND frame kind 0x6F
2026-08-17 03:50:40.710 | [tx] node19999 -> node100  data seq=41 snd=42865 rcv=1 plen=46
2026-08-17 03:50:40.718 | [tx]   llc+nd : 0B02200029A7710001002E2113000E00644E1F00100012903921008284006404EF4E1F0211001207F0000A8100908192000B920002F200FF00
2026-08-17 03:50:40.733 | [sniff] node100 -> node19999  kind0x6F seq=27 snd=1 rcv=42865 plen=257   <== ADDRESSED TO US
2026-08-17 03:50:40.746 | [sniff]   llc+nd : 0B026F001B0001A7710101
2026-08-17 03:50:40.751 | [sniff]   frame  : 0800261F4E00080026640000000EA8A8030B026F001B0001A77101010001D09200050008000044000000000000000000000000010001D076001C000E
2026-08-17 03:50:40.768 | [link] disconnect request from the peer, ND frame kind 0x6F
2026-08-17 03:50:40.775 | [tx] node19999 -> node100  data seq=42 snd=42865 rcv=1 plen=14
2026-08-17 03:50:40.783 | [tx]   llc+nd : 0B0220002AA7710001000E2113000300644E1F000500019060
2026-08-17 03:50:40.791 | [sniff] node100 -> node19999  kind0x6F seq=23 snd=1 rcv=42865 plen=257   <== ADDRESSED TO US
2026-08-17 03:50:40.802 | [sniff]   llc+nd : 0B026F00170001A7710101
2026-08-17 03:50:40.807 | [sniff]   frame  : 0800261F4E00080026640000000EA8A8030B026F00170001A77101010001CF3200050008000044000000000000000000000000010001D0CE001C000E
2026-08-17 03:50:40.823 | [link] disconnect request from the peer, ND frame kind 0x6F
2026-08-17 03:50:40.830 | [tx] node19999 -> node100  data seq=43 snd=42865 rcv=1 plen=36
2026-08-17 03:50:40.839 | [tx]   llc+nd : 0B0220002BA771000100242113000E00644E1F00110008904221008284006404EF4E1F0211000807C0000A00C30000
2026-08-17 03:50:40.860 | [sniff] node100 -> node19999  kind0x6F seq=24 snd=1 rcv=42865 plen=257   <== ADDRESSED TO US
2026-08-17 03:50:40.874 | [sniff]   llc+nd : 0B026F00180001A7710101
2026-08-17 03:50:40.879 | [sniff]   frame  : 0800261F4E00080026640000000EA8A8030B026F00180001A77101010001CF3200000000000500200000340000000000000000004E1F0001A3D20100
2026-08-17 03:50:40.895 | [link] disconnect request from the peer, ND frame kind 0x6F
2026-08-17 03:50:40.902 | [tx] node19999 -> node100  data seq=44 snd=42865 rcv=1 plen=14
2026-08-17 03:50:40.910 | [tx]   llc+nd : 0B0220002CA7710001000E2113000300644E1F000300019062
2026-08-17 03:50:40.918 | [sniff] node100 -> node19999  kind0x6F seq=25 snd=1 rcv=42865 plen=257   <== ADDRESSED TO US
2026-08-17 03:50:40.930 | [sniff]   llc+nd : 0B026F00190001A7710101
2026-08-17 03:50:40.935 | [sniff]   frame  : 0800261F4E00080026640000000EA8A8030B026F00190001A77101010001CFE200050008000044000000000000000000000000010001CFC6001C000E
2026-08-17 03:50:40.953 | [link] disconnect request from the peer, ND frame kind 0x6F
2026-08-17 03:50:40.960 | [tx] node19999 -> node100  data seq=45 snd=42865 rcv=1 plen=14
2026-08-17 03:50:40.969 | [tx]   llc+nd : 0B0220002DA7710001000E2113000300644E1F000400019061
2026-08-17 03:50:40.978 | [sniff] node100 -> node19999  kind0x6F seq=26 snd=1 rcv=42865 plen=257   <== ADDRESSED TO US
2026-08-17 03:50:40.990 | [sniff]   llc+nd : 0B026F001A0001A7710101
2026-08-17 03:50:40.996 | [sniff]   frame  : 0800261F4E00080026640000000EA8A8030B026F001A0001A77101010001D03A00050008000044000000000000000000000000010001D01E001C000E
2026-08-17 03:50:41.012 | [link] disconnect request from the peer, ND frame kind 0x6F
2026-08-17 03:50:41.020 | [tx] node19999 -> node100  data seq=46 snd=42865 rcv=1 plen=36
2026-08-17 03:50:41.028 | [tx]   llc+nd : 0B0220002EA771000100242113000E00644E1F00120008904121008284006404EF4E1F0211000807A200020100922A
2026-08-17 03:50:41.042 | [sniff] node100 -> node19999  kind0x6F seq=27 snd=1 rcv=42865 plen=257   <== ADDRESSED TO US
2026-08-17 03:50:41.057 | [sniff]   llc+nd : 0B026F001B0001A7710101
2026-08-17 03:50:41.062 | [sniff]   frame  : 0800261F4E00080026640000000EA8A8030B026F001B0001A77101010001D09200050008000044000000000000000000000000010001D076001C000E
2026-08-17 03:50:41.080 | [link] disconnect request from the peer, ND frame kind 0x6F
2026-08-17 03:50:41.087 | [tx] node19999 -> node100  data seq=47 snd=42865 rcv=1 plen=52
2026-08-17 03:50:41.095 | [tx]   llc+nd : 0B0220002FA771000100342113000E00644E1F00130018903021008284006404EF4E1F0211001807F000028000908192000B920002F20001A2002EF200FF00
2026-08-17 03:50:41.112 | [sniff] node100 -> node19999  kind0x6F seq=23 snd=1 rcv=42865 plen=257   <== ADDRESSED TO US
2026-08-17 03:50:41.123 | [sniff]   llc+nd : 0B026F00170001A7710101
2026-08-17 03:50:41.129 | [sniff]   frame  : 0800261F4E00080026640000000EA8A8030B026F00170001A77101010001CF3200050008000044000000000000000000000000010001D0CE001C000E
2026-08-17 03:50:41.145 | [segment] data=94 acks=22 other-stations=12
2026-08-17 03:50:41.151 | [link] disconnect request from the peer, ND frame kind 0x6F
2026-08-17 03:50:41.158 | [tx] node19999 -> node100  data seq=48 snd=42865 rcv=1 plen=14
2026-08-17 03:50:41.166 | [tx]   llc+nd : 0B02200030A7710001000E2113000300644E1F000500019060
2026-08-17 03:50:41.174 | [sniff] node100 -> node19999  kind0x6F seq=24 snd=1 rcv=42865 plen=257   <== ADDRESSED TO US
2026-08-17 03:50:41.185 | [sniff]   llc+nd : 0B026F00180001A7710101
2026-08-17 03:50:41.190 | [sniff]   frame  : 0800261F4E00080026640000000EA8A8030B026F00180001A77101010001CF3200000000000500200000340000000000000000004E1F0001A3D20100
2026-08-17 03:50:41.206 | [link] disconnect request from the peer, ND frame kind 0x6F
2026-08-17 03:50:41.214 | [tx] node19999 -> node100  data seq=49 snd=42865 rcv=1 plen=36
2026-08-17 03:50:41.221 | [tx]   llc+nd : 0B02200031A771000100242113000E00644E1F00140008903F21008284006404EF4E1F0211000807C0000200C30000
2026-08-17 03:50:41.234 | [sniff] node100 -> node19999  kind0x6F seq=25 snd=1 rcv=42865 plen=257   <== ADDRESSED TO US
2026-08-17 03:50:41.244 | [sniff]   llc+nd : 0B026F00190001A7710101
2026-08-17 03:50:41.249 | [sniff]   frame  : 0800261F4E00080026640000000EA8A8030B026F00190001A77101010001CFE200050008000044000000000000000000000000010001CFC6001C000E
2026-08-17 03:50:41.266 | [link] disconnect request from the peer, ND frame kind 0x6F
2026-08-17 03:50:41.274 | [tx] node19999 -> node100  data seq=50 snd=42865 rcv=1 plen=14
2026-08-17 03:50:41.281 | [tx]   llc+nd : 0B02200032A7710001000E2113000300644E1F000300019062
2026-08-17 03:50:41.289 | [sniff] node100 -> node19999  kind0x6F seq=26 snd=1 rcv=42865 plen=257   <== ADDRESSED TO US
2026-08-17 03:50:41.300 | [sniff]   llc+nd : 0B026F001A0001A7710101
2026-08-17 03:50:41.305 | [sniff]   frame  : 0800261F4E00080026640000000EA8A8030B026F001A0001A77101010001D03A00050008000044000000000000000000000000010001D01E001C000E
2026-08-17 03:50:41.322 | [link] disconnect request from the peer, ND frame kind 0x6F
2026-08-17 03:50:41.329 | [tx] node19999 -> node100  data seq=51 snd=42865 rcv=1 plen=14
2026-08-17 03:50:41.337 | [tx]   llc+nd : 0B02200033A7710001000E2113000300644E1F000400019061
2026-08-17 03:50:41.347 | [sniff] node100 -> node19999  kind0x6F seq=27 snd=1 rcv=42865 plen=257   <== ADDRESSED TO US
2026-08-17 03:50:41.371 | [sniff]   llc+nd : 0B026F001B0001A7710101
2026-08-17 03:50:41.377 | [sniff]   frame  : 0800261F4E00080026640000000EA8A8030B026F001B0001A77101010001D09200050008000044000000000000000000000000010001D076001C000E
2026-08-17 03:50:41.394 | [link] disconnect request from the peer, ND frame kind 0x6F
2026-08-17 03:50:41.402 | [tx] node19999 -> node100  data seq=52 snd=42865 rcv=1 plen=36
2026-08-17 03:50:41.409 | [tx]   llc+nd : 0B02200034A771000100242113000E00644E1F00150008903E21008284006404EF4E1F0211000807A200020100922A
2026-08-17 03:50:41.423 | [sniff] node100 -> node19999  kind0x6F seq=23 snd=1 rcv=42865 plen=257   <== ADDRESSED TO US
2026-08-17 03:50:41.435 | [sniff]   llc+nd : 0B026F00170001A7710101
2026-08-17 03:50:41.441 | [sniff]   frame  : 0800261F4E00080026640000000EA8A8030B026F00170001A77101010001CF3200050008000044000000000000000000000000010001D0CE001C000E
2026-08-17 03:50:41.459 | [link] disconnect request from the peer, ND frame kind 0x6F
2026-08-17 03:50:41.466 | [tx] node19999 -> node100  data seq=53 snd=42865 rcv=1 plen=52
2026-08-17 03:50:41.473 | [tx]   llc+nd : 0B02200035A771000100342113000E00644E1F00160018902D21008284006404EF4E1F0211001807F000028000908192000B920002F20001A2002EF200FF00
2026-08-17 03:50:41.491 | [sniff] node100 -> node19999  kind0x6F seq=24 snd=1 rcv=42865 plen=257   <== ADDRESSED TO US
2026-08-17 03:50:41.501 | [sniff]   llc+nd : 0B026F00180001A7710101
2026-08-17 03:50:41.507 | [sniff]   frame  : 0800261F4E00080026640000000EA8A8030B026F00180001A77101010001CF3200000000000500200000340000000000000000004E1F0001A3D20100
2026-08-17 03:50:41.523 | [link] disconnect request from the peer, ND frame kind 0x6F
2026-08-17 03:50:41.530 | [tx] node19999 -> node100  data seq=54 snd=42865 rcv=1 plen=14
2026-08-17 03:50:41.538 | [tx]   llc+nd : 0B02200036A7710001000E2113000300644E1F000500019060
2026-08-17 03:50:41.546 | [sniff] node100 -> node19999  kind0x6F seq=25 snd=1 rcv=42865 plen=257   <== ADDRESSED TO US
2026-08-17 03:50:41.556 | [sniff]   llc+nd : 0B026F00190001A7710101
2026-08-17 03:50:41.561 | [sniff]   frame  : 0800261F4E00080026640000000EA8A8030B026F00190001A77101010001CFE200050008000044000000000000000000000000010001CFC6001C000E
2026-08-17 03:50:41.577 | [link] disconnect request from the peer, ND frame kind 0x6F
2026-08-17 03:50:41.585 | [tx] node19999 -> node100  data seq=55 snd=42865 rcv=1 plen=36
2026-08-17 03:50:41.593 | [tx]   llc+nd : 0B02200037A771000100242113000E00644E1F00170008903C21008284006404EF4E1F0211000807C0000200C30000
2026-08-17 03:50:41.606 | [sniff] node100 -> node19999  kind0x6F seq=26 snd=1 rcv=42865 plen=257   <== ADDRESSED TO US
2026-08-17 03:50:41.618 | [sniff]   llc+nd : 0B026F001A0001A7710101
2026-08-17 03:50:41.622 | [sniff]   frame  : 0800261F4E00080026640000000EA8A8030B026F001A0001A77101010001D03A00050008000044000000000000000000000000010001D01E001C000E
2026-08-17 03:50:41.638 | [link] disconnect request from the peer, ND frame kind 0x6F
2026-08-17 03:50:41.646 | [tx] node19999 -> node100  data seq=56 snd=42865 rcv=1 plen=14
2026-08-17 03:50:41.654 | [tx]   llc+nd : 0B02200038A7710001000E2113000300644E1F000300019062
2026-08-17 03:50:41.662 | [sniff] node100 -> node19999  kind0x6F seq=27 snd=1 rcv=42865 plen=257   <== ADDRESSED TO US
2026-08-17 03:50:41.673 | [sniff]   llc+nd : 0B026F001B0001A7710101
2026-08-17 03:50:41.679 | [sniff]   frame  : 0800261F4E00080026640000000EA8A8030B026F001B0001A77101010001D09200050008000044000000000000000000000000010001D076001C000E
2026-08-17 03:50:41.694 | [link] disconnect request from the peer, ND frame kind 0x6F
2026-08-17 03:50:41.702 | [tx] node19999 -> node100  data seq=57 snd=42865 rcv=1 plen=14
2026-08-17 03:50:41.709 | [tx]   llc+nd : 0B02200039A7710001000E2113000300644E1F000400019061
2026-08-17 03:50:41.717 | [sniff] node100 -> node19999  kind0x6F seq=23 snd=1 rcv=42865 plen=257   <== ADDRESSED TO US
2026-08-17 03:50:41.728 | [sniff]   llc+nd : 0B026F00170001A7710101
2026-08-17 03:50:41.733 | [sniff]   frame  : 0800261F4E00080026640000000EA8A8030B026F00170001A77101010001CF3200050008000044000000000000000000000000010001D0CE001C000E
2026-08-17 03:50:41.749 | [link] disconnect request from the peer, ND frame kind 0x6F
2026-08-17 03:50:41.756 | [tx] node19999 -> node100  data seq=58 snd=42865 rcv=1 plen=36
2026-08-17 03:50:41.764 | [tx]   llc+nd : 0B0220003AA771000100242113000E00644E1F00180008903B21008284006404EF4E1F0211000807A200020100922A
2026-08-17 03:50:41.777 | [sniff] node100 -> node19999  kind0x6F seq=24 snd=1 rcv=42865 plen=257   <== ADDRESSED TO US
2026-08-17 03:50:41.788 | [sniff]   llc+nd : 0B026F00180001A7710101
2026-08-17 03:50:41.793 | [sniff]   frame  : 0800261F4E00080026640000000EA8A8030B026F00180001A77101010001CF3200000000000500200000340000000000000000004E1F0001A3D20100
2026-08-17 03:50:41.809 | [link] disconnect request from the peer, ND frame kind 0x6F
2026-08-17 03:50:41.816 | [tx] node19999 -> node100  data seq=59 snd=42865 rcv=1 plen=52
2026-08-17 03:50:41.823 | [tx]   llc+nd : 0B0220003BA771000100342113000E00644E1F00190018902A21008284006404EF4E1F0211001807F000028000908192000B920002F20001A2002EF200FF00
2026-08-17 03:50:41.840 | [sniff] node100 -> node19999  kind0x6F seq=25 snd=1 rcv=42865 plen=257   <== ADDRESSED TO US
2026-08-17 03:50:41.851 | [sniff]   llc+nd : 0B026F00190001A7710101
2026-08-17 03:50:41.858 | [sniff]   frame  : 0800261F4E00080026640000000EA8A8030B026F00190001A77101010001CFE200050008000044000000000000000000000000010001CFC6001C000E
2026-08-17 03:50:41.886 | [link] disconnect request from the peer, ND frame kind 0x6F
2026-08-17 03:50:41.893 | [tx] node19999 -> node100  data seq=60 snd=42865 rcv=1 plen=14
2026-08-17 03:50:41.900 | [tx]   llc+nd : 0B0220003CA7710001000E2113000300644E1F000500019060
2026-08-17 03:50:41.908 | [sniff] node100 -> node19999  kind0x6F seq=26 snd=1 rcv=42865 plen=257   <== ADDRESSED TO US
2026-08-17 03:50:41.919 | [sniff]   llc+nd : 0B026F001A0001A7710101
2026-08-17 03:50:41.924 | [sniff]   frame  : 0800261F4E00080026640000000EA8A8030B026F001A0001A77101010001D03A00050008000044000000000000000000000000010001D01E001C000E
2026-08-17 03:50:41.940 | [link] disconnect request from the peer, ND frame kind 0x6F
2026-08-17 03:50:41.948 | [tx] node19999 -> node100  data seq=61 snd=42865 rcv=1 plen=36
2026-08-17 03:50:41.956 | [tx]   llc+nd : 0B0220003DA771000100242113000E00644E1F001A0008903921008284006404EF4E1F0211000807C0000200C30000
2026-08-17 03:50:41.969 | [sniff] node100 -> node19999  kind0x6F seq=27 snd=1 rcv=42865 plen=257   <== ADDRESSED TO US
2026-08-17 03:50:41.980 | [sniff]   llc+nd : 0B026F001B0001A7710101
2026-08-17 03:50:41.986 | [sniff]   frame  : 0800261F4E00080026640000000EA8A8030B026F001B0001A77101010001D09200050008000044000000000000000000000000010001D076001C000E
2026-08-17 03:50:42.002 | [link] disconnect request from the peer, ND frame kind 0x6F
2026-08-17 03:50:42.008 | [tx] node19999 -> node100  data seq=62 snd=42865 rcv=1 plen=14
2026-08-17 03:50:42.016 | [tx]   llc+nd : 0B0220003EA7710001000E2113000300644E1F000500019060
2026-08-17 03:50:42.024 | [sniff] node100 -> node19999  kind0x6F seq=23 snd=1 rcv=42865 plen=257   <== ADDRESSED TO US
2026-08-17 03:50:42.036 | [sniff]   llc+nd : 0B026F00170001A7710101
2026-08-17 03:50:42.041 | [sniff]   frame  : 0800261F4E00080026640000000EA8A8030B026F00170001A77101010001CF3200050008000044000000000000000000000000010001D0CE001C000E
2026-08-17 03:50:42.057 | [link] disconnect request from the peer, ND frame kind 0x6F
2026-08-17 03:50:42.065 | [tx] node19999 -> node100  data seq=63 snd=42865 rcv=1 plen=36
2026-08-17 03:50:42.075 | [tx]   llc+nd : 0B0220003FA771000100242113000E00644E1F001B0008903821008284006404EF4E1F0211000807C0000200C30000
2026-08-17 03:50:42.088 | [sniff] node100 -> node19999  kind0x6F seq=24 snd=1 rcv=42865 plen=257   <== ADDRESSED TO US
2026-08-17 03:50:42.099 | [sniff]   llc+nd : 0B026F00180001A7710101
2026-08-17 03:50:42.104 | [sniff]   frame  : 0800261F4E00080026640000000EA8A8030B026F00180001A77101010001CF3200000000000500200000340000000000000000004E1F0001A3D20100
2026-08-17 03:50:42.120 | [link] disconnect request from the peer, ND frame kind 0x6F
2026-08-17 03:50:42.127 | [tx] node19999 -> node100  data seq=64 snd=42865 rcv=1 plen=14
2026-08-17 03:50:42.135 | [tx]   llc+nd : 0B02200040A7710001000E2113000300644E1F000500019060
2026-08-17 03:50:42.143 | [sniff] node100 -> node19999  kind0x6F seq=25 snd=1 rcv=42865 plen=257   <== ADDRESSED TO US
2026-08-17 03:50:42.154 | [sniff]   llc+nd : 0B026F00190001A7710101
2026-08-17 03:50:42.160 | [sniff]   frame  : 0800261F4E00080026640000000EA8A8030B026F00190001A77101010001CFE200050008000044000000000000000000000000010001CFC6001C000E
2026-08-17 03:50:42.176 | [link] disconnect request from the peer, ND frame kind 0x6F
2026-08-17 03:50:42.183 | [tx] node19999 -> node100  data seq=65 snd=42865 rcv=1 plen=36
2026-08-17 03:50:42.191 | [tx]   llc+nd : 0B02200041A771000100242113000E00644E1F001C0008903721008284006404EF4E1F0211000807C0000200C30000
2026-08-17 03:50:42.204 | [sniff] node100 -> node19999  kind0x6F seq=26 snd=1 rcv=42865 plen=257   <== ADDRESSED TO US
2026-08-17 03:50:42.215 | [sniff]   llc+nd : 0B026F001A0001A7710101
2026-08-17 03:50:42.220 | [sniff]   frame  : 0800261F4E00080026640000000EA8A8030B026F001A0001A77101010001D03A00050008000044000000000000000000000000010001D01E001C000E
2026-08-17 03:50:42.237 | [link] disconnect request from the peer, ND frame kind 0x6F
2026-08-17 03:50:42.244 | [tx] node19999 -> node100  data seq=66 snd=42865 rcv=1 plen=14
2026-08-17 03:50:42.252 | [tx]   llc+nd : 0B02200042A7710001000E2113000300644E1F000500019060
2026-08-17 03:50:42.262 | [sniff] node100 -> node19999  kind0x6F seq=27 snd=1 rcv=42865 plen=257   <== ADDRESSED TO US
2026-08-17 03:50:42.275 | [sniff]   llc+nd : 0B026F001B0001A7710101
2026-08-17 03:50:42.281 | [sniff]   frame  : 0800261F4E00080026640000000EA8A8030B026F001B0001A77101010001D09200050008000044000000000000000000000000010001D076001C000E
2026-08-17 03:50:42.298 | [link] disconnect request from the peer, ND frame kind 0x6F
2026-08-17 03:50:42.305 | [tx] node19999 -> node100  data seq=67 snd=42865 rcv=1 plen=36
2026-08-17 03:50:42.312 | [tx]   llc+nd : 0B02200043A771000100242113000E00644E1F001D0008903621008284006404EF4E1F0211000807C0000200C30000
2026-08-17 03:50:42.327 | [sniff] node100 -> node19999  kind0x6F seq=23 snd=1 rcv=42865 plen=257   <== ADDRESSED TO US
2026-08-17 03:50:42.339 | [sniff]   llc+nd : 0B026F00170001A7710101
2026-08-17 03:50:42.345 | [sniff]   frame  : 0800261F4E00080026640000000EA8A8030B026F00170001A77101010001CF3200050008000044000000000000000000000000010001D0CE001C000E
2026-08-17 03:50:42.364 | [link] disconnect request from the peer, ND frame kind 0x6F
2026-08-17 03:50:42.381 | [tx] node19999 -> node100  data seq=68 snd=42865 rcv=1 plen=14
2026-08-17 03:50:42.392 | [tx]   llc+nd : 0B02200044A7710001000E2113000300644E1F000500019060
2026-08-17 03:50:42.401 | [sniff] node100 -> node19999  kind0x6F seq=24 snd=1 rcv=42865 plen=257   <== ADDRESSED TO US
2026-08-17 03:50:42.412 | [sniff]   llc+nd : 0B026F00180001A7710101
2026-08-17 03:50:42.419 | [sniff]   frame  : 0800261F4E00080026640000000EA8A8030B026F00180001A77101010001CF3200000000000500200000340000000000000000004E1F0001A3D20100
2026-08-17 03:50:42.436 | [link] disconnect request from the peer, ND frame kind 0x6F
2026-08-17 03:50:42.443 | [tx] node19999 -> node100  data seq=69 snd=42865 rcv=1 plen=36
2026-08-17 03:50:42.452 | [tx]   llc+nd : 0B02200045A771000100242113000E00644E1F001E0008903521008284006404EF4E1F0211000807C0000200C30000
2026-08-17 03:50:42.466 | [sniff] node100 -> node19999  kind0x6F seq=25 snd=1 rcv=42865 plen=257   <== ADDRESSED TO US
2026-08-17 03:50:42.477 | [sniff]   llc+nd : 0B026F00190001A7710101
2026-08-17 03:50:42.482 | [sniff]   frame  : 0800261F4E00080026640000000EA8A8030B026F00190001A77101010001CFE200050008000044000000000000000000000000010001CFC6001C000E
2026-08-17 03:50:42.501 | [link] disconnect request from the peer, ND frame kind 0x6F
2026-08-17 03:50:42.508 | [tx] node19999 -> node100  data seq=70 snd=42865 rcv=1 plen=14
2026-08-17 03:50:42.517 | [tx]   llc+nd : 0B02200046A7710001000E2113000300644E1F000500019060
2026-08-17 03:50:42.526 | [sniff] node100 -> node19999  kind0x6F seq=26 snd=1 rcv=42865 plen=257   <== ADDRESSED TO US
2026-08-17 03:50:42.538 | [sniff]   llc+nd : 0B026F001A0001A7710101
2026-08-17 03:50:42.544 | [sniff]   frame  : 0800261F4E00080026640000000EA8A8030B026F001A0001A77101010001D03A00050008000044000000000000000000000000010001D01E001C000E
2026-08-17 03:50:42.560 | [link] disconnect request from the peer, ND frame kind 0x6F
2026-08-17 03:50:42.567 | [tx] node19999 -> node100  data seq=71 snd=42865 rcv=1 plen=36
2026-08-17 03:50:42.575 | [tx]   llc+nd : 0B02200047A771000100242113000E00644E1F001F0008903421008284006404EF4E1F0211000807C0000200C30000
2026-08-17 03:50:42.589 | [sniff] node100 -> node19999  kind0x6F seq=27 snd=1 rcv=42865 plen=257   <== ADDRESSED TO US
2026-08-17 03:50:42.600 | [sniff]   llc+nd : 0B026F001B0001A7710101
2026-08-17 03:50:42.605 | [sniff]   frame  : 0800261F4E00080026640000000EA8A8030B026F001B0001A77101010001D09200050008000044000000000000000000000000010001D076001C000E
2026-08-17 03:50:42.621 | [link] disconnect request from the peer, ND frame kind 0x6F
2026-08-17 03:50:42.629 | [tx] node19999 -> node100  data seq=72 snd=42865 rcv=1 plen=14
2026-08-17 03:50:42.636 | [tx]   llc+nd : 0B02200048A7710001000E2113000300644E1F000500019060
2026-08-17 03:50:42.644 | [sniff] node100 -> node19999  kind0x6F seq=23 snd=1 rcv=42865 plen=257   <== ADDRESSED TO US
2026-08-17 03:50:42.655 | [sniff]   llc+nd : 0B026F00170001A7710101
2026-08-17 03:50:42.660 | [sniff]   frame  : 0800261F4E00080026640000000EA8A8030B026F00170001A77101010001CF3200050008000044000000000000000000000000010001D0CE001C000E
2026-08-17 03:50:42.676 | [link] disconnect request from the peer, ND frame kind 0x6F
2026-08-17 03:50:42.683 | [tx] node19999 -> node100  data seq=73 snd=42865 rcv=1 plen=36
2026-08-17 03:50:42.691 | [tx]   llc+nd : 0B02200049A771000100242113000E00644E1F00200008903321008284006404EF4E1F0211000807C0000200C30000
2026-08-17 03:50:42.705 | [sniff] node100 -> node19999  kind0x6F seq=24 snd=1 rcv=42865 plen=257   <== ADDRESSED TO US
2026-08-17 03:50:42.716 | [sniff]   llc+nd : 0B026F00180001A7710101
2026-08-17 03:50:42.722 | [sniff]   frame  : 0800261F4E00080026640000000EA8A8030B026F00180001A77101010001CF3200000000000500200000340000000000000000004E1F0001A3D20100
2026-08-17 03:50:42.739 | [link] disconnect request from the peer, ND frame kind 0x6F
2026-08-17 03:50:42.746 | [tx] node19999 -> node100  data seq=74 snd=42865 rcv=1 plen=14
2026-08-17 03:50:42.753 | [tx]   llc+nd : 0B0220004AA7710001000E2113000300644E1F000500019060
2026-08-17 03:50:42.761 | [sniff] node100 -> node19999  kind0x6F seq=25 snd=1 rcv=42865 plen=257   <== ADDRESSED TO US
2026-08-17 03:50:42.773 | [sniff]   llc+nd : 0B026F00190001A7710101
2026-08-17 03:50:42.778 | [sniff]   frame  : 0800261F4E00080026640000000EA8A8030B026F00190001A77101010001CFE200050008000044000000000000000000000000010001CFC6001C000E
2026-08-17 03:50:42.794 | [link] disconnect request from the peer, ND frame kind 0x6F
2026-08-17 03:50:42.801 | [tx] node19999 -> node100  data seq=75 snd=42865 rcv=1 plen=36
2026-08-17 03:50:42.809 | [tx]   llc+nd : 0B0220004BA771000100242113000E00644E1F00210008903221008284006404EF4E1F0211000807C0000200C30000
2026-08-17 03:50:42.822 | [sniff] node100 -> node19999  kind0x6F seq=26 snd=1 rcv=42865 plen=257   <== ADDRESSED TO US
2026-08-17 03:50:42.834 | [sniff]   llc+nd : 0B026F001A0001A7710101
2026-08-17 03:50:42.839 | [sniff]   frame  : 0800261F4E00080026640000000EA8A8030B026F001A0001A77101010001D03A00050008000044000000000000000000000000010001D01E001C000E
2026-08-17 03:50:42.856 | [link] disconnect request from the peer, ND frame kind 0x6F
2026-08-17 03:50:42.863 | [sniff] node100 -> node19999  kind0x6F seq=27 snd=1 rcv=42865 plen=257   <== ADDRESSED TO US
2026-08-17 03:50:42.878 | [sniff]   llc+nd : 0B026F001B0001A7710101
2026-08-17 03:50:42.887 | [sniff]   frame  : 0800261F4E00080026640000000EA8A8030B026F001B0001A77101010001D09200050008000044000000000000000000000000010001D076001C000E
2026-08-17 03:50:42.910 | [link] disconnect request from the peer, ND frame kind 0x6F
2026-08-17 03:50:42.917 | [sniff] node100 -> node19999  kind0x6F seq=23 snd=1 rcv=42865 plen=257   <== ADDRESSED TO US
2026-08-17 03:50:42.928 | [sniff]   llc+nd : 0B026F00170001A7710101
2026-08-17 03:50:42.932 | [sniff]   frame  : 0800261F4E00080026640000000EA8A8030B026F00170001A77101010001CF3200050008000044000000000000000000000000010001D0CE001C000E
2026-08-17 03:50:42.948 | [link] disconnect request from the peer, ND frame kind 0x6F
2026-08-17 03:50:42.956 | [sniff] node100 -> node19999  kind0x6F seq=24 snd=1 rcv=42865 plen=257   <== ADDRESSED TO US
2026-08-17 03:50:42.967 | [sniff]   llc+nd : 0B026F00180001A7710101
2026-08-17 03:50:42.972 | [sniff]   frame  : 0800261F4E00080026640000000EA8A8030B026F00180001A77101010001CF3200000000000500200000340000000000000000004E1F0001A3D20100
2026-08-17 03:50:42.989 | [link] disconnect request from the peer, ND frame kind 0x6F
2026-08-17 03:50:42.996 | [sniff] node100 -> node19999  kind0x6F seq=25 snd=1 rcv=42865 plen=257   <== ADDRESSED TO US
2026-08-17 03:50:43.007 | [sniff]   llc+nd : 0B026F00190001A7710101
2026-08-17 03:50:43.012 | [sniff]   frame  : 0800261F4E00080026640000000EA8A8030B026F00190001A77101010001CFE200050008000044000000000000000000000000010001CFC6001C000E
2026-08-17 03:50:43.028 | [link] disconnect request from the peer, ND frame kind 0x6F
2026-08-17 03:50:43.036 | [sniff] node100 -> node19999  kind0x6F seq=26 snd=1 rcv=42865 plen=257   <== ADDRESSED TO US
2026-08-17 03:50:43.048 | [sniff]   llc+nd : 0B026F001A0001A7710101
2026-08-17 03:50:43.054 | [sniff]   frame  : 0800261F4E00080026640000000EA8A8030B026F001A0001A77101010001D03A00050008000044000000000000000000000000010001D01E001C000E
2026-08-17 03:50:43.073 | [link] disconnect request from the peer, ND frame kind 0x6F
2026-08-17 03:50:43.081 | [sniff] node100 -> node19999  kind0x6F seq=27 snd=1 rcv=42865 plen=257   <== ADDRESSED TO US
2026-08-17 03:50:43.096 | [sniff]   llc+nd : 0B026F001B0001A7710101
2026-08-17 03:50:43.102 | [sniff]   frame  : 0800261F4E00080026640000000EA8A8030B026F001B0001A77101010001D09200050008000044000000000000000000000000010001D076001C000E
2026-08-17 03:50:43.122 | [link] disconnect request from the peer, ND frame kind 0x6F
2026-08-17 03:50:43.130 | [sniff] node100 -> node19999  kind0x6F seq=23 snd=1 rcv=42865 plen=257   <== ADDRESSED TO US
2026-08-17 03:50:43.142 | [sniff]   llc+nd : 0B026F00170001A7710101
2026-08-17 03:50:43.148 | [sniff]   frame  : 0800261F4E00080026640000000EA8A8030B026F00170001A77101010001CF3200050008000044000000000000000000000000010001D0CE001C000E
2026-08-17 03:50:43.166 | [link] disconnect request from the peer, ND frame kind 0x6F
2026-08-17 03:50:43.175 | [sniff] node100 -> node19999  kind0x6F seq=24 snd=1 rcv=42865 plen=257   <== ADDRESSED TO US
2026-08-17 03:50:43.187 | [sniff]   llc+nd : 0B026F00180001A7710101
2026-08-17 03:50:43.193 | [sniff]   frame  : 0800261F4E00080026640000000EA8A8030B026F00180001A77101010001CF3200000000000500200000340000000000000000004E1F0001A3D20100
2026-08-17 03:50:43.210 | [link] disconnect request from the peer, ND frame kind 0x6F
2026-08-17 03:50:43.218 | [sniff] node100 -> node19999  kind0x6F seq=25 snd=1 rcv=42865 plen=257   <== ADDRESSED TO US
2026-08-17 03:50:43.229 | [sniff]   llc+nd : 0B026F00190001A7710101
2026-08-17 03:50:43.235 | [sniff]   frame  : 0800261F4E00080026640000000EA8A8030B026F00190001A77101010001CFE200050008000044000000000000000000000000010001CFC6001C000E
2026-08-17 03:50:43.253 | [link] disconnect request from the peer, ND frame kind 0x6F
2026-08-17 03:50:43.260 | [sniff] node100 -> node19999  kind0x6F seq=26 snd=1 rcv=42865 plen=257   <== ADDRESSED TO US
2026-08-17 03:50:43.274 | [sniff]   llc+nd : 0B026F001A0001A7710101
2026-08-17 03:50:43.279 | [sniff]   frame  : 0800261F4E00080026640000000EA8A8030B026F001A0001A77101010001D03A00050008000044000000000000000000000000010001D01E001C000E
2026-08-17 03:50:43.299 | [link] disconnect request from the peer, ND frame kind 0x6F
2026-08-17 03:50:43.307 | [sniff] node100 -> node19999  kind0x6F seq=27 snd=1 rcv=42865 plen=257   <== ADDRESSED TO US
2026-08-17 03:50:43.319 | [sniff]   llc+nd : 0B026F001B0001A7710101
2026-08-17 03:50:43.325 | [sniff]   frame  : 0800261F4E00080026640000000EA8A8030B026F001B0001A77101010001D09200050008000044000000000000000000000000010001D076001C000E
2026-08-17 03:50:43.343 | [link] disconnect request from the peer, ND frame kind 0x6F
2026-08-17 03:50:43.351 | [sniff] node100 -> node19999  kind0x6F seq=23 snd=1 rcv=42865 plen=257   <== ADDRESSED TO US
2026-08-17 03:50:43.363 | [sniff]   llc+nd : 0B026F00170001A7710101
2026-08-17 03:50:43.369 | [sniff]   frame  : 0800261F4E00080026640000000EA8A8030B026F00170001A77101010001CF3200050008000044000000000000000000000000010001D0CE001C000E
2026-08-17 03:50:43.395 | [link] disconnect request from the peer, ND frame kind 0x6F
2026-08-17 03:50:43.409 | [sniff] node100 -> node19999  kind0x6F seq=24 snd=1 rcv=42865 plen=257   <== ADDRESSED TO US
2026-08-17 03:50:43.422 | [sniff]   llc+nd : 0B026F00180001A7710101
2026-08-17 03:50:43.427 | [sniff]   frame  : 0800261F4E00080026640000000EA8A8030B026F00180001A77101010001CF3200000000000500200000340000000000000000004E1F0001A3D20100
2026-08-17 03:50:43.445 | [link] disconnect request from the peer, ND frame kind 0x6F
2026-08-17 03:50:43.453 | [sniff] node100 -> node19999  kind0x6F seq=25 snd=1 rcv=42865 plen=257   <== ADDRESSED TO US
2026-08-17 03:50:43.465 | [sniff]   llc+nd : 0B026F00190001A7710101
2026-08-17 03:50:43.471 | [sniff]   frame  : 0800261F4E00080026640000000EA8A8030B026F00190001A77101010001CFE200050008000044000000000000000000000000010001CFC6001C000E
2026-08-17 03:50:43.490 | [link] disconnect request from the peer, ND frame kind 0x6F
2026-08-17 03:50:43.497 | [sniff] node100 -> node19999  kind0x6F seq=26 snd=1 rcv=42865 plen=257   <== ADDRESSED TO US
2026-08-17 03:50:43.509 | [sniff]   llc+nd : 0B026F001A0001A7710101
2026-08-17 03:50:43.514 | [sniff]   frame  : 0800261F4E00080026640000000EA8A8030B026F001A0001A77101010001D03A00050008000044000000000000000000000000010001D01E001C000E
2026-08-17 03:50:43.531 | [link] disconnect request from the peer, ND frame kind 0x6F
2026-08-17 03:50:43.538 | [sniff] node100 -> node19999  kind0x6F seq=27 snd=1 rcv=42865 plen=257   <== ADDRESSED TO US
2026-08-17 03:50:43.550 | [sniff]   llc+nd : 0B026F001B0001A7710101
2026-08-17 03:50:43.555 | [sniff]   frame  : 0800261F4E00080026640000000EA8A8030B026F001B0001A77101010001D09200050008000044000000000000000000000000010001D076001C000E
2026-08-17 03:50:43.572 | [link] disconnect request from the peer, ND frame kind 0x6F
2026-08-17 03:50:43.581 | [sniff] node100 -> node19999  kind0x6F seq=23 snd=1 rcv=42865 plen=257   <== ADDRESSED TO US
2026-08-17 03:50:43.594 | [sniff]   llc+nd : 0B026F00170001A7710101
2026-08-17 03:50:43.600 | [sniff]   frame  : 0800261F4E00080026640000000EA8A8030B026F00170001A77101010001CF3200050008000044000000000000000000000000010001D0CE001C000E
2026-08-17 03:50:43.617 | [link] disconnect request from the peer, ND frame kind 0x6F
2026-08-17 03:50:43.624 | [sniff] node100 -> node19999  kind0x6F seq=24 snd=1 rcv=42865 plen=257   <== ADDRESSED TO US
2026-08-17 03:50:43.635 | [sniff]   llc+nd : 0B026F00180001A7710101
2026-08-17 03:50:43.640 | [sniff]   frame  : 0800261F4E00080026640000000EA8A8030B026F00180001A77101010001CF3200000000000500200000340000000000000000004E1F0001A3D20100
2026-08-17 03:50:43.657 | [link] disconnect request from the peer, ND frame kind 0x6F
2026-08-17 03:50:43.664 | [sniff] node100 -> node19999  kind0x6F seq=25 snd=1 rcv=42865 plen=257   <== ADDRESSED TO US
2026-08-17 03:50:43.676 | [sniff]   llc+nd : 0B026F00190001A7710101
2026-08-17 03:50:43.681 | [sniff]   frame  : 0800261F4E00080026640000000EA8A8030B026F00190001A77101010001CFE200050008000044000000000000000000000000010001CFC6001C000E
2026-08-17 03:50:43.699 | [link] disconnect request from the peer, ND frame kind 0x6F
2026-08-17 03:50:43.706 | [sniff] node100 -> node19999  kind0x6F seq=26 snd=1 rcv=42865 plen=257   <== ADDRESSED TO US
2026-08-17 03:50:43.717 | [sniff]   llc+nd : 0B026F001A0001A7710101
2026-08-17 03:50:43.721 | [sniff]   frame  : 0800261F4E00080026640000000EA8A8030B026F001A0001A77101010001D03A00050008000044000000000000000000000000010001D01E001C000E
2026-08-17 03:50:43.738 | [link] disconnect request from the peer, ND frame kind 0x6F
2026-08-17 03:50:43.745 | [sniff] node100 -> node19999  kind0x6F seq=27 snd=1 rcv=42865 plen=257   <== ADDRESSED TO US
2026-08-17 03:50:43.755 | [sniff]   llc+nd : 0B026F001B0001A7710101
2026-08-17 03:50:43.761 | [sniff]   frame  : 0800261F4E00080026640000000EA8A8030B026F001B0001A77101010001D09200050008000044000000000000000000000000010001D076001C000E
2026-08-17 03:50:43.777 | [link] disconnect request from the peer, ND frame kind 0x6F
2026-08-17 03:50:43.784 | [sniff] node100 -> node19999  kind0x6F seq=23 snd=1 rcv=42865 plen=257   <== ADDRESSED TO US
2026-08-17 03:50:43.794 | [sniff]   llc+nd : 0B026F00170001A7710101
2026-08-17 03:50:43.799 | [sniff]   frame  : 0800261F4E00080026640000000EA8A8030B026F00170001A77101010001CF3200050008000044000000000000000000000000010001D0CE001C000E
2026-08-17 03:50:43.815 | [link] disconnect request from the peer, ND frame kind 0x6F
2026-08-17 03:50:43.823 | [sniff] node100 -> node19999  kind0x6F seq=24 snd=1 rcv=42865 plen=257   <== ADDRESSED TO US
2026-08-17 03:50:43.834 | [sniff]   llc+nd : 0B026F00180001A7710101
2026-08-17 03:50:43.839 | [sniff]   frame  : 0800261F4E00080026640000000EA8A8030B026F00180001A77101010001CF3200000000000500200000340000000000000000004E1F0001A3D20100
2026-08-17 03:50:43.856 | [link] disconnect request from the peer, ND frame kind 0x6F
2026-08-17 03:50:43.863 | [sniff] node100 -> node19999  kind0x6F seq=25 snd=1 rcv=42865 plen=257   <== ADDRESSED TO US
2026-08-17 03:50:43.874 | [sniff]   llc+nd : 0B026F00190001A7710101
2026-08-17 03:50:43.879 | [sniff]   frame  : 0800261F4E00080026640000000EA8A8030B026F00190001A77101010001CFE200050008000044000000000000000000000000010001CFC6001C000E
2026-08-17 03:50:43.903 | [link] disconnect request from the peer, ND frame kind 0x6F
2026-08-17 03:50:43.917 | [sniff] node100 -> node19999  kind0x6F seq=26 snd=1 rcv=42865 plen=257   <== ADDRESSED TO US
2026-08-17 03:50:43.927 | [sniff]   llc+nd : 0B026F001A0001A7710101
2026-08-17 03:50:43.932 | [sniff]   frame  : 0800261F4E00080026640000000EA8A8030B026F001A0001A77101010001D03A00050008000044000000000000000000000000010001D01E001C000E
2026-08-17 03:50:43.950 | [link] disconnect request from the peer, ND frame kind 0x6F
2026-08-17 03:50:43.958 | [sniff] node100 -> node19999  kind0x6F seq=27 snd=1 rcv=42865 plen=257   <== ADDRESSED TO US
2026-08-17 03:50:43.972 | [sniff]   llc+nd : 0B026F001B0001A7710101
2026-08-17 03:50:43.979 | [sniff]   frame  : 0800261F4E00080026640000000EA8A8030B026F001B0001A77101010001D09200050008000044000000000000000000000000010001D076001C000E
2026-08-17 03:50:43.999 | [link] disconnect request from the peer, ND frame kind 0x6F
2026-08-17 03:50:44.008 | [sniff] node100 -> node19999  kind0x6F seq=23 snd=1 rcv=42865 plen=257   <== ADDRESSED TO US
2026-08-17 03:50:44.021 | [sniff]   llc+nd : 0B026F00170001A7710101
2026-08-17 03:50:44.026 | [sniff]   frame  : 0800261F4E00080026640000000EA8A8030B026F00170001A77101010001CF3200050008000044000000000000000000000000010001D0CE001C000E
2026-08-17 03:50:44.044 | [link] disconnect request from the peer, ND frame kind 0x6F
2026-08-17 03:50:44.053 | [sniff] node100 -> node19999  kind0x6F seq=24 snd=1 rcv=42865 plen=257   <== ADDRESSED TO US
2026-08-17 03:50:44.064 | [sniff]   llc+nd : 0B026F00180001A7710101
2026-08-17 03:50:44.070 | [sniff]   frame  : 0800261F4E00080026640000000EA8A8030B026F00180001A77101010001CF3200000000000500200000340000000000000000004E1F0001A3D20100
2026-08-17 03:50:44.089 | [link] disconnect request from the peer, ND frame kind 0x6F
2026-08-17 03:50:44.096 | [sniff] node100 -> node19999  kind0x6F seq=25 snd=1 rcv=42865 plen=257   <== ADDRESSED TO US
2026-08-17 03:50:44.110 | [sniff]   llc+nd : 0B026F00190001A7710101
2026-08-17 03:50:44.116 | [sniff]   frame  : 0800261F4E00080026640000000EA8A8030B026F00190001A77101010001CFE200050008000044000000000000000000000000010001CFC6001C000E
2026-08-17 03:50:44.132 | [link] disconnect request from the peer, ND frame kind 0x6F
2026-08-17 03:50:44.140 | [sniff] node100 -> node19999  kind0x6F seq=26 snd=1 rcv=42865 plen=257   <== ADDRESSED TO US
2026-08-17 03:50:44.151 | [sniff]   llc+nd : 0B026F001A0001A7710101
2026-08-17 03:50:44.157 | [sniff]   frame  : 0800261F4E00080026640000000EA8A8030B026F001A0001A77101010001D03A00050008000044000000000000000000000000010001D01E001C000E
2026-08-17 03:50:44.176 | [link] disconnect request from the peer, ND frame kind 0x6F
2026-08-17 03:50:44.183 | [sniff] node100 -> node19999  kind0x6F seq=27 snd=1 rcv=42865 plen=257   <== ADDRESSED TO US
2026-08-17 03:50:44.194 | [sniff]   llc+nd : 0B026F001B0001A7710101
2026-08-17 03:50:44.199 | [sniff]   frame  : 0800261F4E00080026640000000EA8A8030B026F001B0001A77101010001D09200050008000044000000000000000000000000010001D076001C000E
2026-08-17 03:50:44.215 | [link] disconnect request from the peer, ND frame kind 0x6F
2026-08-17 03:50:44.223 | [sniff] node100 -> node19999  kind0x6F seq=23 snd=1 rcv=42865 plen=257   <== ADDRESSED TO US
2026-08-17 03:50:44.234 | [sniff]   llc+nd : 0B026F00170001A7710101
2026-08-17 03:50:44.239 | [sniff]   frame  : 0800261F4E00080026640000000EA8A8030B026F00170001A77101010001CF3200050008000044000000000000000000000000010001D0CE001C000E
2026-08-17 03:50:44.256 | [link] disconnect request from the peer, ND frame kind 0x6F
2026-08-17 03:50:44.263 | [sniff] node100 -> node19999  kind0x6F seq=24 snd=1 rcv=42865 plen=257   <== ADDRESSED TO US
2026-08-17 03:50:44.274 | [sniff]   llc+nd : 0B026F00180001A7710101
2026-08-17 03:50:44.279 | [sniff]   frame  : 0800261F4E00080026640000000EA8A8030B026F00180001A77101010001CF3200000000000500200000340000000000000000004E1F0001A3D20100
2026-08-17 03:50:44.296 | [link] disconnect request from the peer, ND frame kind 0x6F
2026-08-17 03:50:44.303 | [sniff] node100 -> node19999  kind0x6F seq=25 snd=1 rcv=42865 plen=257   <== ADDRESSED TO US
2026-08-17 03:50:44.314 | [sniff]   llc+nd : 0B026F00190001A7710101
2026-08-17 03:50:44.319 | [sniff]   frame  : 0800261F4E00080026640000000EA8A8030B026F00190001A77101010001CFE200050008000044000000000000000000000000010001CFC6001C000E
2026-08-17 03:50:44.337 | [link] disconnect request from the peer, ND frame kind 0x6F
2026-08-17 03:50:44.345 | [sniff] node100 -> node19999  kind0x6F seq=26 snd=1 rcv=42865 plen=257   <== ADDRESSED TO US
2026-08-17 03:50:44.356 | [sniff]   llc+nd : 0B026F001A0001A7710101
2026-08-17 03:50:44.362 | [sniff]   frame  : 0800261F4E00080026640000000EA8A8030B026F001A0001A77101010001D03A00050008000044000000000000000000000000010001D01E001C000E
2026-08-17 03:50:44.379 | [link] disconnect request from the peer, ND frame kind 0x6F
2026-08-17 03:50:44.387 | [sniff] node100 -> node19999  kind0x6F seq=27 snd=1 rcv=42865 plen=257   <== ADDRESSED TO US
2026-08-17 03:50:44.403 | [sniff]   llc+nd : 0B026F001B0001A7710101
2026-08-17 03:50:44.411 | [sniff]   frame  : 0800261F4E00080026640000000EA8A8030B026F001B0001A77101010001D09200050008000044000000000000000000000000010001D076001C000E
2026-08-17 03:50:44.433 | [link] disconnect request from the peer, ND frame kind 0x6F
2026-08-17 03:50:44.441 | [sniff] node100 -> node19999  kind0x6F seq=23 snd=1 rcv=42865 plen=257   <== ADDRESSED TO US
2026-08-17 03:50:44.452 | [sniff]   llc+nd : 0B026F00170001A7710101
2026-08-17 03:50:44.458 | [sniff]   frame  : 0800261F4E00080026640000000EA8A8030B026F00170001A77101010001CF3200050008000044000000000000000000000000010001D0CE001C000E
2026-08-17 03:50:44.476 | [link] disconnect request from the peer, ND frame kind 0x6F
2026-08-17 03:50:44.484 | [sniff] node100 -> node19999  kind0x6F seq=24 snd=1 rcv=42865 plen=257   <== ADDRESSED TO US
2026-08-17 03:50:44.496 | [sniff]   llc+nd : 0B026F00180001A7710101
2026-08-17 03:50:44.502 | [sniff]   frame  : 0800261F4E00080026640000000EA8A8030B026F00180001A77101010001CF3200000000000500200000340000000000000000004E1F0001A3D20100
2026-08-17 03:50:44.518 | [link] disconnect request from the peer, ND frame kind 0x6F
2026-08-17 03:50:44.525 | [sniff] node100 -> node19999  kind0x6F seq=25 snd=1 rcv=42865 plen=257   <== ADDRESSED TO US
2026-08-17 03:50:44.536 | [sniff]   llc+nd : 0B026F00190001A7710101
2026-08-17 03:50:44.541 | [sniff]   frame  : 0800261F4E00080026640000000EA8A8030B026F00190001A77101010001CFE200050008000044000000000000000000000000010001CFC6001C000E
2026-08-17 03:50:44.558 | [link] disconnect request from the peer, ND frame kind 0x6F
2026-08-17 03:50:44.565 | [sniff] node100 -> node19999  kind0x6F seq=26 snd=1 rcv=42865 plen=257   <== ADDRESSED TO US
2026-08-17 03:50:44.575 | [sniff]   llc+nd : 0B026F001A0001A7710101
2026-08-17 03:50:44.580 | [sniff]   frame  : 0800261F4E00080026640000000EA8A8030B026F001A0001A77101010001D03A00050008000044000000000000000000000000010001D01E001C000E
2026-08-17 03:50:44.599 | [link] disconnect request from the peer, ND frame kind 0x6F
2026-08-17 03:50:44.607 | [sniff] node100 -> node19999  kind0x6F seq=27 snd=1 rcv=42865 plen=257   <== ADDRESSED TO US
2026-08-17 03:50:44.618 | [sniff]   llc+nd : 0B026F001B0001A7710101
2026-08-17 03:50:44.624 | [sniff]   frame  : 0800261F4E00080026640000000EA8A8030B026F001B0001A77101010001D09200050008000044000000000000000000000000010001D076001C000E
2026-08-17 03:50:44.641 | [link] disconnect request from the peer, ND frame kind 0x6F
2026-08-17 03:50:44.649 | [sniff] node100 -> node19999  kind0x6F seq=23 snd=1 rcv=42865 plen=257   <== ADDRESSED TO US
2026-08-17 03:50:44.660 | [sniff]   llc+nd : 0B026F00170001A7710101
2026-08-17 03:50:44.665 | [sniff]   frame  : 0800261F4E00080026640000000EA8A8030B026F00170001A77101010001CF3200050008000044000000000000000000000000010001D0CE001C000E
2026-08-17 03:50:44.683 | [link] disconnect request from the peer, ND frame kind 0x6F
2026-08-17 03:50:44.689 | [sniff] node100 -> node19999  kind0x6F seq=24 snd=1 rcv=42865 plen=257   <== ADDRESSED TO US
2026-08-17 03:50:44.700 | [sniff]   llc+nd : 0B026F00180001A7710101
2026-08-17 03:50:44.705 | [sniff]   frame  : 0800261F4E00080026640000000EA8A8030B026F00180001A77101010001CF3200000000000500200000340000000000000000004E1F0001A3D20100
2026-08-17 03:50:44.721 | [link] disconnect request from the peer, ND frame kind 0x6F
2026-08-17 03:50:44.728 | [sniff] node100 -> node19999  kind0x6F seq=25 snd=1 rcv=42865 plen=257   <== ADDRESSED TO US
2026-08-17 03:50:44.739 | [sniff]   llc+nd : 0B026F00190001A7710101
2026-08-17 03:50:44.744 | [sniff]   frame  : 0800261F4E00080026640000000EA8A8030B026F00190001A77101010001CFE200050008000044000000000000000000000000010001CFC6001C000E
2026-08-17 03:50:44.761 | [link] disconnect request from the peer, ND frame kind 0x6F
2026-08-17 03:50:44.767 | [sniff] node100 -> node19999  kind0x6F seq=26 snd=1 rcv=42865 plen=257   <== ADDRESSED TO US
2026-08-17 03:50:44.779 | [sniff]   llc+nd : 0B026F001A0001A7710101
2026-08-17 03:50:44.783 | [sniff]   frame  : 0800261F4E00080026640000000EA8A8030B026F001A0001A77101010001D03A00050008000044000000000000000000000000010001D01E001C000E
2026-08-17 03:50:44.799 | [link] disconnect request from the peer, ND frame kind 0x6F
2026-08-17 03:50:44.806 | [sniff] node100 -> node19999  kind0x6F seq=27 snd=1 rcv=42865 plen=257   <== ADDRESSED TO US
2026-08-17 03:50:44.817 | [sniff]   llc+nd : 0B026F001B0001A7710101
2026-08-17 03:50:44.822 | [sniff]   frame  : 0800261F4E00080026640000000EA8A8030B026F001B0001A77101010001D09200050008000044000000000000000000000000010001D076001C000E
2026-08-17 03:50:44.839 | [link] disconnect request from the peer, ND frame kind 0x6F
2026-08-17 03:50:44.846 | [sniff] node100 -> node19999  kind0x6F seq=23 snd=1 rcv=42865 plen=257   <== ADDRESSED TO US
2026-08-17 03:50:44.857 | [sniff]   llc+nd : 0B026F00170001A7710101
2026-08-17 03:50:44.862 | [sniff]   frame  : 0800261F4E00080026640000000EA8A8030B026F00170001A77101010001CF3200050008000044000000000000000000000000010001D0CE001C000E
2026-08-17 03:50:44.879 | [link] disconnect request from the peer, ND frame kind 0x6F
2026-08-17 03:50:44.886 | [sniff] node100 -> node19999  kind0x6F seq=24 snd=1 rcv=42865 plen=257   <== ADDRESSED TO US
2026-08-17 03:50:44.896 | [sniff]   llc+nd : 0B026F00180001A7710101
2026-08-17 03:50:44.902 | [sniff]   frame  : 0800261F4E00080026640000000EA8A8030B026F00180001A77101010001CF3200000000000500200000340000000000000000004E1F0001A3D20100
2026-08-17 03:50:44.928 | [link] disconnect request from the peer, ND frame kind 0x6F
2026-08-17 03:50:44.940 | [sniff] node100 -> node19999  kind0x6F seq=25 snd=1 rcv=42865 plen=257   <== ADDRESSED TO US
2026-08-17 03:50:44.951 | [sniff]   llc+nd : 0B026F00190001A7710101
2026-08-17 03:50:44.956 | [sniff]   frame  : 0800261F4E00080026640000000EA8A8030B026F00190001A77101010001CFE200050008000044000000000000000000000000010001CFC6001C000E
2026-08-17 03:50:44.987 | [link] disconnect request from the peer, ND frame kind 0x6F
2026-08-17 03:50:44.994 | [sniff] node100 -> node19999  kind0x6F seq=26 snd=1 rcv=42865 plen=257   <== ADDRESSED TO US
2026-08-17 03:50:45.005 | [sniff]   llc+nd : 0B026F001A0001A7710101
2026-08-17 03:50:45.010 | [sniff]   frame  : 0800261F4E00080026640000000EA8A8030B026F001A0001A77101010001D03A00050008000044000000000000000000000000010001D01E001C000E
2026-08-17 03:50:45.026 | [link] disconnect request from the peer, ND frame kind 0x6F
2026-08-17 03:50:45.033 | [sniff] node100 -> node19999  kind0x6F seq=27 snd=1 rcv=42865 plen=257   <== ADDRESSED TO US
2026-08-17 03:50:45.043 | [sniff]   llc+nd : 0B026F001B0001A7710101
2026-08-17 03:50:45.048 | [sniff]   frame  : 0800261F4E00080026640000000EA8A8030B026F001B0001A77101010001D09200050008000044000000000000000000000000010001D076001C000E
2026-08-17 03:50:45.066 | [link] disconnect request from the peer, ND frame kind 0x6F
2026-08-17 03:50:45.074 | [sniff] node100 -> node19999  kind0x6F seq=23 snd=1 rcv=42865 plen=257   <== ADDRESSED TO US
2026-08-17 03:50:45.084 | [sniff]   llc+nd : 0B026F00170001A7710101
2026-08-17 03:50:45.090 | [sniff]   frame  : 0800261F4E00080026640000000EA8A8030B026F00170001A77101010001CF3200050008000044000000000000000000000000010001D0CE001C000E
2026-08-17 03:50:45.106 | [link] disconnect request from the peer, ND frame kind 0x6F
2026-08-17 03:50:45.114 | [sniff] node100 -> node19999  kind0x6F seq=24 snd=1 rcv=42865 plen=257   <== ADDRESSED TO US
2026-08-17 03:50:45.127 | [sniff]   llc+nd : 0B026F00180001A7710101
2026-08-17 03:50:45.132 | [sniff]   frame  : 0800261F4E00080026640000000EA8A8030B026F00180001A77101010001CF3200000000000500200000340000000000000000004E1F0001A3D20100
2026-08-17 03:50:45.148 | [link] disconnect request from the peer, ND frame kind 0x6F
2026-08-17 03:50:45.156 | [sniff] node100 -> node19999  kind0x6F seq=25 snd=1 rcv=42865 plen=257   <== ADDRESSED TO US
2026-08-17 03:50:45.168 | [sniff]   llc+nd : 0B026F00190001A7710101
2026-08-17 03:50:45.173 | [sniff]   frame  : 0800261F4E00080026640000000EA8A8030B026F00190001A77101010001CFE200050008000044000000000000000000000000010001CFC6001C000E
2026-08-17 03:50:45.190 | [link] disconnect request from the peer, ND frame kind 0x6F
2026-08-17 03:50:45.197 | [sniff] node100 -> node19999  kind0x6F seq=26 snd=1 rcv=42865 plen=257   <== ADDRESSED TO US
2026-08-17 03:50:45.209 | [sniff]   llc+nd : 0B026F001A0001A7710101
2026-08-17 03:50:45.214 | [sniff]   frame  : 0800261F4E00080026640000000EA8A8030B026F001A0001A77101010001D03A00050008000044000000000000000000000000010001D01E001C000E
2026-08-17 03:50:45.230 | [link] disconnect request from the peer, ND frame kind 0x6F
2026-08-17 03:50:45.237 | [sniff] node100 -> node19999  kind0x6F seq=27 snd=1 rcv=42865 plen=257   <== ADDRESSED TO US
2026-08-17 03:50:45.250 | [sniff]   llc+nd : 0B026F001B0001A7710101
2026-08-17 03:50:45.255 | [sniff]   frame  : 0800261F4E00080026640000000EA8A8030B026F001B0001A77101010001D09200050008000044000000000000000000000000010001D076001C000E
2026-08-17 03:50:45.272 | [link] disconnect request from the peer, ND frame kind 0x6F
2026-08-17 03:50:45.279 | [sniff] node100 -> node19999  kind0x6F seq=23 snd=1 rcv=42865 plen=257   <== ADDRESSED TO US
2026-08-17 03:50:45.290 | [sniff]   llc+nd : 0B026F00170001A7710101
2026-08-17 03:50:45.295 | [sniff]   frame  : 0800261F4E00080026640000000EA8A8030B026F00170001A77101010001CF3200050008000044000000000000000000000000010001D0CE001C000E
2026-08-17 03:50:45.313 | [link] disconnect request from the peer, ND frame kind 0x6F
2026-08-17 03:50:45.320 | [sniff] node100 -> node19999  kind0x6F seq=24 snd=1 rcv=42865 plen=257   <== ADDRESSED TO US
2026-08-17 03:50:45.331 | [sniff]   llc+nd : 0B026F00180001A7710101
2026-08-17 03:50:45.336 | [sniff]   frame  : 0800261F4E00080026640000000EA8A8030B026F00180001A77101010001CF3200000000000500200000340000000000000000004E1F0001A3D20100
2026-08-17 03:50:45.353 | [link] disconnect request from the peer, ND frame kind 0x6F
2026-08-17 03:50:45.361 | [sniff] node100 -> node19999  kind0x6F seq=25 snd=1 rcv=42865 plen=257   <== ADDRESSED TO US
2026-08-17 03:50:45.372 | [sniff]   llc+nd : 0B026F00190001A7710101
2026-08-17 03:50:45.377 | [sniff]   frame  : 0800261F4E00080026640000000EA8A8030B026F00190001A77101010001CFE200050008000044000000000000000000000000010001CFC6001C000E
2026-08-17 03:50:45.394 | [link] disconnect request from the peer, ND frame kind 0x6F
2026-08-17 03:50:45.401 | [sniff] node100 -> node19999  kind0x6F seq=26 snd=1 rcv=42865 plen=257   <== ADDRESSED TO US
2026-08-17 03:50:45.412 | [sniff]   llc+nd : 0B026F001A0001A7710101
2026-08-17 03:50:45.422 | [sniff]   frame  : 0800261F4E00080026640000000EA8A8030B026F001A0001A77101010001D03A00050008000044000000000000000000000000010001D01E001C000E
2026-08-17 03:50:45.445 | [link] disconnect request from the peer, ND frame kind 0x6F
2026-08-17 03:50:45.453 | [sniff] node100 -> node19999  kind0x6F seq=27 snd=1 rcv=42865 plen=257   <== ADDRESSED TO US
2026-08-17 03:50:45.464 | [sniff]   llc+nd : 0B026F001B0001A7710101
2026-08-17 03:50:45.469 | [sniff]   frame  : 0800261F4E00080026640000000EA8A8030B026F001B0001A77101010001D09200050008000044000000000000000000000000010001D076001C000E
2026-08-17 03:50:45.486 | [link] disconnect request from the peer, ND frame kind 0x6F
2026-08-17 03:50:45.492 | [sniff] node100 -> node19999  kind0x6F seq=23 snd=1 rcv=42865 plen=257   <== ADDRESSED TO US
2026-08-17 03:50:45.503 | [sniff]   llc+nd : 0B026F00170001A7710101
2026-08-17 03:50:45.508 | [sniff]   frame  : 0800261F4E00080026640000000EA8A8030B026F00170001A77101010001CF3200050008000044000000000000000000000000010001D0CE001C000E
2026-08-17 03:50:45.524 | [link] disconnect request from the peer, ND frame kind 0x6F
2026-08-17 03:50:45.531 | [sniff] node100 -> node19999  kind0x6F seq=24 snd=1 rcv=42865 plen=257   <== ADDRESSED TO US
2026-08-17 03:50:45.542 | [sniff]   llc+nd : 0B026F00180001A7710101
2026-08-17 03:50:45.547 | [sniff]   frame  : 0800261F4E00080026640000000EA8A8030B026F00180001A77101010001CF3200000000000500200000340000000000000000004E1F0001A3D20100
2026-08-17 03:50:45.564 | [link] disconnect request from the peer, ND frame kind 0x6F
2026-08-17 03:50:45.571 | [sniff] node100 -> node19999  kind0x6F seq=25 snd=1 rcv=42865 plen=257   <== ADDRESSED TO US
2026-08-17 03:50:45.582 | [sniff]   llc+nd : 0B026F00190001A7710101
2026-08-17 03:50:45.586 | [sniff]   frame  : 0800261F4E00080026640000000EA8A8030B026F00190001A77101010001CFE200050008000044000000000000000000000000010001CFC6001C000E
2026-08-17 03:50:45.602 | [link] disconnect request from the peer, ND frame kind 0x6F
2026-08-17 03:50:45.610 | [sniff] node100 -> node19999  kind0x6F seq=26 snd=1 rcv=42865 plen=257   <== ADDRESSED TO US
2026-08-17 03:50:45.620 | [sniff]   llc+nd : 0B026F001A0001A7710101
2026-08-17 03:50:45.625 | [sniff]   frame  : 0800261F4E00080026640000000EA8A8030B026F001A0001A77101010001D03A00050008000044000000000000000000000000010001D01E001C000E
2026-08-17 03:50:45.642 | [link] disconnect request from the peer, ND frame kind 0x6F
2026-08-17 03:50:45.649 | [sniff] node100 -> node19999  kind0x6F seq=27 snd=1 rcv=42865 plen=257   <== ADDRESSED TO US
2026-08-17 03:50:45.660 | [sniff]   llc+nd : 0B026F001B0001A7710101
2026-08-17 03:50:45.665 | [sniff]   frame  : 0800261F4E00080026640000000EA8A8030B026F001B0001A77101010001D09200050008000044000000000000000000000000010001D076001C000E
2026-08-17 03:50:45.680 | [link] disconnect request from the peer, ND frame kind 0x6F
2026-08-17 03:50:45.687 | [sniff] node100 -> node19999  kind0x6F seq=23 snd=1 rcv=42865 plen=257   <== ADDRESSED TO US
2026-08-17 03:50:45.698 | [sniff]   llc+nd : 0B026F00170001A7710101
2026-08-17 03:50:45.703 | [sniff]   frame  : 0800261F4E00080026640000000EA8A8030B026F00170001A77101010001CF3200050008000044000000000000000000000000010001D0CE001C000E
2026-08-17 03:50:45.719 | [link] disconnect request from the peer, ND frame kind 0x6F
2026-08-17 03:50:45.726 | [sniff] node100 -> node19999  kind0x6F seq=24 snd=1 rcv=42865 plen=257   <== ADDRESSED TO US
2026-08-17 03:50:45.736 | [sniff]   llc+nd : 0B026F00180001A7710101
2026-08-17 03:50:45.742 | [sniff]   frame  : 0800261F4E00080026640000000EA8A8030B026F00180001A77101010001CF3200000000000500200000340000000000000000004E1F0001A3D20100
2026-08-17 03:50:45.758 | [link] disconnect request from the peer, ND frame kind 0x6F
2026-08-17 03:50:45.765 | [sniff] node100 -> node19999  kind0x6F seq=25 snd=1 rcv=42865 plen=257   <== ADDRESSED TO US
2026-08-17 03:50:45.776 | [sniff]   llc+nd : 0B026F00190001A7710101
2026-08-17 03:50:45.781 | [sniff]   frame  : 0800261F4E00080026640000000EA8A8030B026F00190001A77101010001CFE200050008000044000000000000000000000000010001CFC6001C000E
2026-08-17 03:50:45.798 | [link] disconnect request from the peer, ND frame kind 0x6F
2026-08-17 03:50:45.805 | [sniff] node100 -> node19999  kind0x6F seq=26 snd=1 rcv=42865 plen=257   <== ADDRESSED TO US
2026-08-17 03:50:45.816 | [sniff]   llc+nd : 0B026F001A0001A7710101
2026-08-17 03:50:45.821 | [sniff]   frame  : 0800261F4E00080026640000000EA8A8030B026F001A0001A77101010001D03A00050008000044000000000000000000000000010001D01E001C000E
2026-08-17 03:50:45.837 | [link] disconnect request from the peer, ND frame kind 0x6F
2026-08-17 03:50:46.145 | [segment] data=94 acks=22 other-stations=12
2026-08-17 03:50:51.159 | [segment] data=94 acks=22 other-stations=12
2026-08-17 03:50:56.186 | [segment] data=94 acks=22 other-stations=12
2026-08-17 03:51:01.204 | [segment] data=94 acks=22 other-stations=12
2026-08-17 03:51:06.224 | [segment] data=94 acks=22 other-stations=12
2026-08-17 03:51:09.543 | [sniff] node100 -> node19999  kind0x0F seq=27 snd=0 rcv=42866 plen=100   <== ADDRESSED TO US
2026-08-17 03:51:09.558 | [sniff]   llc+nd : 0B020F001B0000A7720064
2026-08-17 03:51:09.564 | [sniff]   frame  : 0800261F4E00080026640000000EA8A8030B020F001B0000A77200640001D09200050008000044000000000000000000000000010001D076001C000E
2026-08-17 03:51:09.580 | [tx] node19999 -> node100  kind0x1F seq=27 snd=42866 rcv=1 plen=19999
2026-08-17 03:51:09.588 | [tx]   llc+nd : 0B021F001BA77200014E1F
2026-08-17 03:51:09.619 | [sniff] node100 -> node19999  data seq=0 snd=1 rcv=42866 plen=60   <== ADDRESSED TO US
2026-08-17 03:51:09.633 | [sniff]   llc+nd : 0B022000000001A772003C2113000E4E1F0064000400209037210082844E1F0211006404EF002007F000C38100D7D592000B920002F20001BB44454C4D453A5458542754F200FF
2026-08-17 03:51:09.651 | [sniff]   frame  : 0800261F4E00080026640000004AA8A8030B022000000001A772003C2113000E4E1F0064000400209037210082844E1F0211006404EF002007F000C38100D7D592000B920002F20001BB44454C4D453A5458542754F200FF
2026-08-17 03:51:09.673 | [link] WARNING the peer RE-SENT data frame seq=0 (we were waiting for 21). It has not seen our acknowledgement - check the send window and our own receive latency BEFORE looking for a fault in XMSG or the file server.
2026-08-17 03:51:09.697 | [tx] node19999 -> node100  ack seq=1 snd=42866 rcv=1 plen=0
2026-08-17 03:51:09.704 | [tx]   llc+nd : 0B023F0001A77200010000
2026-08-17 03:51:09.709 | [RX] 100->19999 sub=Data f1=0x0004 info=2113000E4E1F0064000400209037210082844E1F0211006404EF002007F000C38100D7D592000B920002F20001BB44454C4D453A5458542754F200FF
2026-08-17 03:51:09.727 | [fa] DeleteFile 'DELME:TXT' for system 100: NoSuchFile
2026-08-17 03:51:09.734 | [seq] node 100: ORIGINATE at Flags1 0x0022 (next becomes 0x0023)
2026-08-17 03:51:09.742 | [fa] short acknowledgement 1 to system 100 at Flags1 0x0004
2026-08-17 03:51:09.749 | [seq] node 100: ORIGINATE at Flags1 0x0023 (next becomes 0x0024)
2026-08-17 03:51:09.757 | [fa] reply to system 100: 24 byte(s), FA body 07F000028000908192000B920002F200...
2026-08-17 03:51:09.767 | [tx] node19999 -> node100  data seq=76 snd=42866 rcv=1 plen=14
2026-08-17 03:51:09.775 | [tx]   llc+nd : 0B0220004CA7720001000E2113000300644E1F000400019061
2026-08-17 03:51:09.783 | [TX] *** PARKED *** eth:d100 took a 36B frame but the send window is full; 1 datagram(s) now waiting and NOTHING is leaving this node until the peer acknowledges us
2026-08-17 03:51:09.802 | [TX] *** PARKED *** eth:d100 took a 52B frame but the send window is full; 2 datagram(s) now waiting and NOTHING is leaving this node until the peer acknowledges us
2026-08-17 03:51:09.822 | [RX] 100->19999 sub=Data answered with 3 frame(s)
2026-08-17 03:51:09.828 | [sniff] node100 -> node19999  data seq=1 snd=1 rcv=42866 plen=36   <== ADDRESSED TO US
2026-08-17 03:51:09.838 | [sniff]   llc+nd : 0B022000010001A77200242113000E4E1F006400050008904E210082844E1F0211006404EF0008078000C3000A8500
2026-08-17 03:51:09.851 | [sniff]   frame  : 0800261F4E000800266400000032A8A8030B022000010001A77200242113000E4E1F006400050008904E210082844E1F0211006404EF0008078000C3000A8500
2026-08-17 03:51:09.869 | [link] WARNING the peer RE-SENT data frame seq=1 (we were waiting for 21). It has not seen our acknowledgement - check the send window and our own receive latency BEFORE looking for a fault in XMSG or the file server.
2026-08-17 03:51:09.893 | [tx] node19999 -> node100  ack seq=2 snd=42866 rcv=1 plen=0
2026-08-17 03:51:09.900 | [tx]   llc+nd : 0B023F0002A77200010000
2026-08-17 03:51:09.905 | [RX] 100->19999 sub=Data f1=0x0005 info=2113000E4E1F006400050008904E210082844E1F0211006404EF0008078000C3000A8500
2026-08-17 03:51:09.918 | [fa] system 100 has finished with conversation 0x00C3 (0x0780); answering with a close
2026-08-17 03:51:09.929 | [seq] node 100: ORIGINATE at Flags1 0x0024 (next becomes 0x0025)
2026-08-17 03:51:09.936 | [fa] reply to system 100: 8 byte(s), FA body 07C0000200C30000...
2026-08-17 03:51:09.945 | [TX] *** PARKED *** eth:d100 took a 14B frame but the send window is full; 3 datagram(s) now waiting and NOTHING is leaving this node until the peer acknowledges us
2026-08-17 03:51:09.965 | [TX] *** PARKED *** eth:d100 took a 36B frame but the send window is full; 4 datagram(s) now waiting and NOTHING is leaving this node until the peer acknowledges us
2026-08-17 03:51:09.984 | [RX] 100->19999 sub=Data answered with 2 frame(s)
2026-08-17 03:51:09.990 | [sniff] node100 -> node19999  data seq=1 snd=1 rcv=42866 plen=36   <== ADDRESSED TO US
2026-08-17 03:51:10.000 | [sniff]   llc+nd : 0B022000010001A77200242113000E4E1F006400050008904E210082844E1F0211006404EF0008078000C3000A8500
2026-08-17 03:51:10.013 | [sniff]   frame  : 0800261F4E000800266400000032A8A8030B022000010001A77200242113000E4E1F006400050008904E210082844E1F0211006404EF0008078000C3000A8500
2026-08-17 03:51:10.030 | [link] WARNING the peer RE-SENT data frame seq=1 (we were waiting for 21). It has not seen our acknowledgement - check the send window and our own receive latency BEFORE looking for a fault in XMSG or the file server.
2026-08-17 03:51:10.055 | [tx] node19999 -> node100  ack seq=2 snd=42866 rcv=1 plen=0
2026-08-17 03:51:10.062 | [tx]   llc+nd : 0B023F0002A77200010000
2026-08-17 03:51:10.067 | [RX] 100->19999 sub=Data f1=0x0005 info=2113000E4E1F006400050008904E210082844E1F0211006404EF0008078000C3000A8500
2026-08-17 03:51:10.080 | [fa] system 100 has finished with conversation 0x00C3 (0x0780); answering with a close
2026-08-17 03:51:10.094 | [seq] node 100: ORIGINATE at Flags1 0x0025 (next becomes 0x0026)
2026-08-17 03:51:10.103 | [fa] reply to system 100: 8 byte(s), FA body 07C0000200C30000...
2026-08-17 03:51:10.112 | [TX] *** PARKED *** eth:d100 took a 14B frame but the send window is full; 5 datagram(s) now waiting and NOTHING is leaving this node until the peer acknowledges us
2026-08-17 03:51:10.146 | [TX] *** PARKED *** eth:d100 took a 36B frame but the send window is full; 6 datagram(s) now waiting and NOTHING is leaving this node until the peer acknowledges us
2026-08-17 03:51:10.165 | [RX] 100->19999 sub=Data answered with 2 frame(s)
2026-08-17 03:51:10.172 | [sniff] node100 -> node19999  ack seq=0 snd=1 rcv=42866 plen=0   <== ADDRESSED TO US
2026-08-17 03:51:10.183 | [sniff]   llc+nd : 0B023F00000001A7720000
2026-08-17 03:51:10.188 | [sniff]   frame  : 0800261F4E00080026640000000EA8A8030B023F00000001A77200000001CF3200050008000044000000000000000000000000010001D0CE001C000E
2026-08-17 03:51:10.204 | [tx] node19999 -> node100  data seq=0 snd=42866 rcv=1 plen=14
2026-08-17 03:51:10.212 | [tx]   llc+nd : 0B02200000A7720001000E2113000300644E1F000400019061
2026-08-17 03:51:10.220 | [tx] node19999 -> node100  data seq=1 snd=42866 rcv=1 plen=36
2026-08-17 03:51:10.228 | [tx]   llc+nd : 0B02200001A772000100242113000E00644E1F00220008903121008284006404EF4E1F0211000807A200020100922A
2026-08-17 03:51:10.241 | [tx] node19999 -> node100  data seq=2 snd=42866 rcv=1 plen=52
2026-08-17 03:51:10.249 | [tx]   llc+nd : 0B02200002A772000100342113000E00644E1F00230018902021008284006404EF4E1F0211001807F000028000908192000B920002F20001A2002EF200FF00
2026-08-17 03:51:10.266 | [tx] node19999 -> node100  data seq=3 snd=42866 rcv=1 plen=14
2026-08-17 03:51:10.274 | [tx]   llc+nd : 0B02200003A7720001000E2113000300644E1F000500019060
2026-08-17 03:51:10.283 | [tx] node19999 -> node100  data seq=4 snd=42866 rcv=1 plen=36
2026-08-17 03:51:10.290 | [tx]   llc+nd : 0B02200004A772000100242113000E00644E1F00240008902F21008284006404EF4E1F0211000807C0000200C30000
2026-08-17 03:51:10.303 | [tx] node19999 -> node100  data seq=5 snd=42866 rcv=1 plen=14
2026-08-17 03:51:10.310 | [tx]   llc+nd : 0B02200005A7720001000E2113000300644E1F000500019060
2026-08-17 03:51:10.319 | [sniff] node100 -> node19999  ack seq=1 snd=1 rcv=42866 plen=0   <== ADDRESSED TO US
2026-08-17 03:51:10.329 | [sniff]   llc+nd : 0B023F00010001A7720000
2026-08-17 03:51:10.335 | [sniff]   frame  : 0800261F4E00080026640000000EA8A8030B023F00010001A77200000001CF3200000000000500200000340000000000000000004E1F0001A3D20100
2026-08-17 03:51:10.352 | [tx] node19999 -> node100  data seq=6 snd=42866 rcv=1 plen=36
2026-08-17 03:51:10.360 | [tx]   llc+nd : 0B02200006A772000100242113000E00644E1F00250008902E21008284006404EF4E1F0211000807C0000200C30000
2026-08-17 03:51:10.375 | [sniff] node100 -> node19999  ack seq=2 snd=1 rcv=42866 plen=0   <== ADDRESSED TO US
2026-08-17 03:51:10.386 | [sniff]   llc+nd : 0B023F00020001A7720000
2026-08-17 03:51:10.392 | [sniff]   frame  : 0800261F4E00080026640000000EA8A8030B023F00020001A77200000001CFE200050008000044000000000000000000000000010001CFC6001C000E
2026-08-17 03:51:10.410 | [sniff] node100 -> node19999  data seq=2 snd=1 rcv=42866 plen=14   <== ADDRESSED TO US
2026-08-17 03:51:10.420 | [sniff]   llc+nd : 0B022000020001A772000E211300074E1F00640022FFDE9061
2026-08-17 03:51:10.429 | [sniff]   frame  : 0800261F4E00080026640000001CA8A8030B022000020001A772000E211300074E1F00640022FFDE9061210086E44E1F0000006404EF00241B410014
2026-08-17 03:51:10.445 | [link] WARNING the peer RE-SENT data frame seq=2 (we were waiting for 21). It has not seen our acknowledgement - check the send window and our own receive latency BEFORE looking for a fault in XMSG or the file server.
2026-08-17 03:51:10.470 | [tx] node19999 -> node100  ack seq=3 snd=42866 rcv=1 plen=0
2026-08-17 03:51:10.478 | [tx]   llc+nd : 0B023F0003A77200010000
2026-08-17 03:51:10.483 | [RX] 100->19999 sub=NetworkError f1=0x0022 info=211300074E1F00640022FFDE9061
2026-08-17 03:51:10.494 | [net] node 100 rejected our frame at Flags1 0x0022 with XENSE (our sequence is AHEAD of what the peer expects) Flags2=0xFFDE (-34)
2026-08-17 03:51:10.511 | [RX] 100->19999 sub=NetworkError (no reply expected)
2026-08-17 03:51:10.518 | [sniff] node100 -> node19999  ack seq=3 snd=1 rcv=42866 plen=0   <== ADDRESSED TO US
2026-08-17 03:51:10.529 | [sniff]   llc+nd : 0B023F00030001A7720000
2026-08-17 03:51:10.534 | [sniff]   frame  : 0800261F4E00080026640000000EA8A8030B023F00030001A77200000001D03A0005000800004400000000000001A410000000010001D01E001C000E
2026-08-17 03:51:10.550 | [sniff] node100 -> node19999  data seq=3 snd=1 rcv=42866 plen=14   <== ADDRESSED TO US
2026-08-17 03:51:10.560 | [sniff]   llc+nd : 0B022000030001A772000E211300074E1F00640023FFDE9060
2026-08-17 03:51:10.569 | [sniff]   frame  : 0800261F4E00080026640000001CA8A8030B022000030001A772000E211300074E1F00640023FFDE9060210082840066000000640624006401440060
2026-08-17 03:51:10.585 | [link] WARNING the peer RE-SENT data frame seq=3 (we were waiting for 21). It has not seen our acknowledgement - check the send window and our own receive latency BEFORE looking for a fault in XMSG or the file server.
2026-08-17 03:51:10.611 | [tx] node19999 -> node100  ack seq=4 snd=42866 rcv=1 plen=0
2026-08-17 03:51:10.618 | [tx]   llc+nd : 0B023F0004A77200010000
2026-08-17 03:51:10.623 | [RX] 100->19999 sub=NetworkError f1=0x0023 info=211300074E1F00640023FFDE9060
2026-08-17 03:51:10.634 | [net] node 100 rejected our frame at Flags1 0x0023 with XENSE (our sequence is AHEAD of what the peer expects) Flags2=0xFFDE (-34)
2026-08-17 03:51:10.656 | [RX] 100->19999 sub=NetworkError (no reply expected)
2026-08-17 03:51:10.666 | [sniff] node100 -> node19999  ack seq=4 snd=1 rcv=42866 plen=0   <== ADDRESSED TO US
2026-08-17 03:51:10.677 | [sniff]   llc+nd : 0B023F00040001A7720000
2026-08-17 03:51:10.682 | [sniff]   frame  : 0800261F4E00080026640000000EA8A8030B023F00040001A77200000001D0920005000800004400000000000001A410000000010001D076001C000E
2026-08-17 03:51:10.698 | [sniff] node100 -> node19999  ack seq=6 snd=1 rcv=42866 plen=0   <== ADDRESSED TO US
2026-08-17 03:51:10.708 | [sniff]   llc+nd : 0B023F00060001A7720000
2026-08-17 03:51:10.713 | [sniff]   frame  : 0800261F4E00080026640000000EA8A8030B023F00060001A77200000001CF320005000800004400000000000001A410000000010001D0CE001C000E
2026-08-17 03:51:10.729 | [sniff] node100 -> node19999  data seq=4 snd=1 rcv=42866 plen=14   <== ADDRESSED TO US
2026-08-17 03:51:10.739 | [sniff]   llc+nd : 0B022000040001A772000E211300074E1F00640024FFDE905F
2026-08-17 03:51:10.747 | [sniff]   frame  : 0800261F4E00080026640000001CA8A8030B022000040001A772000E211300074E1F00640024FFDE905F210082840066045F006407CE000807A20002
2026-08-17 03:51:10.763 | [link] WARNING the peer RE-SENT data frame seq=4 (we were waiting for 21). It has not seen our acknowledgement - check the send window and our own receive latency BEFORE looking for a fault in XMSG or the file server.
2026-08-17 03:51:10.788 | [tx] node19999 -> node100  ack seq=5 snd=42866 rcv=1 plen=0
2026-08-17 03:51:10.795 | [tx]   llc+nd : 0B023F0005A77200010000
2026-08-17 03:51:10.799 | [RX] 100->19999 sub=NetworkError f1=0x0024 info=211300074E1F00640024FFDE905F
2026-08-17 03:51:10.808 | [net] node 100 rejected our frame at Flags1 0x0024 with XENSE (our sequence is AHEAD of what the peer expects) Flags2=0xFFDE (-34)
2026-08-17 03:51:10.823 | [RX] 100->19999 sub=NetworkError (no reply expected)
2026-08-17 03:51:10.829 | [sniff] node100 -> node19999  ack seq=7 snd=1 rcv=42866 plen=0   <== ADDRESSED TO US
2026-08-17 03:51:10.839 | [sniff]   llc+nd : 0B023F00070001A7720000
2026-08-17 03:51:10.844 | [sniff]   frame  : 0800261F4E00080026640000000EA8A8030B023F00070001A77200000001CF3200000000000500200000340000000000000000004E1F0001A3D20100
2026-08-17 03:51:10.860 | [sniff] node100 -> node19999  data seq=5 snd=1 rcv=42866 plen=14   <== ADDRESSED TO US
2026-08-17 03:51:10.871 | [sniff]   llc+nd : 0B022000050001A772000E211300074E1F00640025FFDE905E
2026-08-17 03:51:10.880 | [sniff]   frame  : 0800261F4E00080026640000001CA8A8030B022000050001A772000E211300074E1F00640025FFDE905E210082840066045F006407CE000807A20002
2026-08-17 03:51:10.896 | [link] WARNING the peer RE-SENT data frame seq=5 (we were waiting for 21). It has not seen our acknowledgement - check the send window and our own receive latency BEFORE looking for a fault in XMSG or the file server.
2026-08-17 03:51:10.921 | [tx] node19999 -> node100  ack seq=6 snd=42866 rcv=1 plen=0
2026-08-17 03:51:10.928 | [tx]   llc+nd : 0B023F0006A77200010000
2026-08-17 03:51:10.933 | [RX] 100->19999 sub=NetworkError f1=0x0025 info=211300074E1F00640025FFDE905E
2026-08-17 03:51:10.943 | [net] node 100 rejected our frame at Flags1 0x0025 with XENSE (our sequence is AHEAD of what the peer expects) Flags2=0xFFDE (-34)
2026-08-17 03:51:10.959 | [RX] 100->19999 sub=NetworkError (no reply expected)
2026-08-17 03:51:10.965 | [sniff] node100 -> node19999  data seq=2 snd=1 rcv=42866 plen=14   <== ADDRESSED TO US
2026-08-17 03:51:10.975 | [sniff]   llc+nd : 0B022000020001A772000E211300074E1F00640022FFDE9061
2026-08-17 03:51:10.983 | [sniff]   frame  : 0800261F4E00080026640000001CA8A8030B022000020001A772000E211300074E1F00640022FFDE9061210086E44E1F0000006404EF00241B410014
2026-08-17 03:51:11.000 | [link] WARNING the peer RE-SENT data frame seq=2 (we were waiting for 21). It has not seen our acknowledgement - check the send window and our own receive latency BEFORE looking for a fault in XMSG or the file server.
2026-08-17 03:51:11.025 | [tx] node19999 -> node100  ack seq=3 snd=42866 rcv=1 plen=0
2026-08-17 03:51:11.032 | [tx]   llc+nd : 0B023F0003A77200010000
2026-08-17 03:51:11.037 | [RX] 100->19999 sub=NetworkError f1=0x0022 info=211300074E1F00640022FFDE9061
2026-08-17 03:51:11.046 | [net] node 100 rejected our frame at Flags1 0x0022 with XENSE (our sequence is AHEAD of what the peer expects) Flags2=0xFFDE (-34)
2026-08-17 03:51:11.062 | [RX] 100->19999 sub=NetworkError (no reply expected)
2026-08-17 03:51:11.069 | [sniff] node100 -> node19999  data seq=3 snd=1 rcv=42866 plen=14   <== ADDRESSED TO US
2026-08-17 03:51:11.078 | [sniff]   llc+nd : 0B022000030001A772000E211300074E1F00640023FFDE9060
2026-08-17 03:51:11.087 | [sniff]   frame  : 0800261F4E00080026640000001CA8A8030B022000030001A772000E211300074E1F00640023FFDE9060210082840066000000640624006401440060
2026-08-17 03:51:11.103 | [link] WARNING the peer RE-SENT data frame seq=3 (we were waiting for 21). It has not seen our acknowledgement - check the send window and our own receive latency BEFORE looking for a fault in XMSG or the file server.
2026-08-17 03:51:11.130 | [tx] node19999 -> node100  ack seq=4 snd=42866 rcv=1 plen=0
2026-08-17 03:51:11.137 | [tx]   llc+nd : 0B023F0004A77200010000
2026-08-17 03:51:11.142 | [RX] 100->19999 sub=NetworkError f1=0x0023 info=211300074E1F00640023FFDE9060
2026-08-17 03:51:11.155 | [net] node 100 rejected our frame at Flags1 0x0023 with XENSE (our sequence is AHEAD of what the peer expects) Flags2=0xFFDE (-34)
2026-08-17 03:51:11.179 | [RX] 100->19999 sub=NetworkError (no reply expected)
2026-08-17 03:51:11.186 | [sniff] node100 -> node19999  data seq=4 snd=1 rcv=42866 plen=14   <== ADDRESSED TO US
2026-08-17 03:51:11.197 | [sniff]   llc+nd : 0B022000040001A772000E211300074E1F00640024FFDE905F
2026-08-17 03:51:11.205 | [sniff]   frame  : 0800261F4E00080026640000001CA8A8030B022000040001A772000E211300074E1F00640024FFDE905F210082840066045F006407CE000807A20002
2026-08-17 03:51:11.221 | [link] WARNING the peer RE-SENT data frame seq=4 (we were waiting for 21). It has not seen our acknowledgement - check the send window and our own receive latency BEFORE looking for a fault in XMSG or the file server.
2026-08-17 03:51:11.246 | [tx] node19999 -> node100  ack seq=5 snd=42866 rcv=1 plen=0
2026-08-17 03:51:11.253 | [tx]   llc+nd : 0B023F0005A77200010000
2026-08-17 03:51:11.258 | [segment] data=104 acks=29 other-stations=12
2026-08-17 03:51:11.264 | [RX] 100->19999 sub=NetworkError f1=0x0024 info=211300074E1F00640024FFDE905F
2026-08-17 03:51:11.274 | [net] node 100 rejected our frame at Flags1 0x0024 with XENSE (our sequence is AHEAD of what the peer expects) Flags2=0xFFDE (-34)
2026-08-17 03:51:11.289 | [RX] 100->19999 sub=NetworkError (no reply expected)
2026-08-17 03:51:11.295 | [sniff] node100 -> node19999  data seq=5 snd=1 rcv=42866 plen=14   <== ADDRESSED TO US
2026-08-17 03:51:11.306 | [sniff]   llc+nd : 0B022000050001A772000E211300074E1F00640025FFDE905E
2026-08-17 03:51:11.314 | [sniff]   frame  : 0800261F4E00080026640000001CA8A8030B022000050001A772000E211300074E1F00640025FFDE905E210082840066045F006407CE000807A20002
2026-08-17 03:51:11.331 | [link] WARNING the peer RE-SENT data frame seq=5 (we were waiting for 21). It has not seen our acknowledgement - check the send window and our own receive latency BEFORE looking for a fault in XMSG or the file server.
2026-08-17 03:51:11.355 | [tx] node19999 -> node100  ack seq=6 snd=42866 rcv=1 plen=0
2026-08-17 03:51:11.362 | [tx]   llc+nd : 0B023F0006A77200010000
2026-08-17 03:51:11.367 | [RX] 100->19999 sub=NetworkError f1=0x0025 info=211300074E1F00640025FFDE905E
2026-08-17 03:51:11.377 | [net] node 100 rejected our frame at Flags1 0x0025 with XENSE (our sequence is AHEAD of what the peer expects) Flags2=0xFFDE (-34)
2026-08-17 03:51:11.392 | [RX] 100->19999 sub=NetworkError (no reply expected)
2026-08-17 03:51:11.399 | [sniff] node100 -> node19999  data seq=3 snd=1 rcv=42866 plen=14   <== ADDRESSED TO US
2026-08-17 03:51:11.409 | [sniff]   llc+nd : 0B022000030001A772000E211300074E1F00640023FFDE9060
2026-08-17 03:51:11.417 | [sniff]   frame  : 0800261F4E00080026640000001CA8A8030B022000030001A772000E211300074E1F00640023FFDE9060210082840066000000640624006401440060
2026-08-17 03:51:11.433 | [link] WARNING the peer RE-SENT data frame seq=3 (we were waiting for 21). It has not seen our acknowledgement - check the send window and our own receive latency BEFORE looking for a fault in XMSG or the file server.
2026-08-17 03:51:11.459 | [tx] node19999 -> node100  ack seq=4 snd=42866 rcv=1 plen=0
2026-08-17 03:51:11.466 | [tx]   llc+nd : 0B023F0004A77200010000
2026-08-17 03:51:11.471 | [RX] 100->19999 sub=NetworkError f1=0x0023 info=211300074E1F00640023FFDE9060
2026-08-17 03:51:11.481 | [net] node 100 rejected our frame at Flags1 0x0023 with XENSE (our sequence is AHEAD of what the peer expects) Flags2=0xFFDE (-34)
2026-08-17 03:51:11.496 | [RX] 100->19999 sub=NetworkError (no reply expected)
2026-08-17 03:51:11.504 | [sniff] node100 -> node19999  data seq=4 snd=1 rcv=42866 plen=14   <== ADDRESSED TO US
2026-08-17 03:51:11.514 | [sniff]   llc+nd : 0B022000040001A772000E211300074E1F00640024FFDE905F
2026-08-17 03:51:11.522 | [sniff]   frame  : 0800261F4E00080026640000001CA8A8030B022000040001A772000E211300074E1F00640024FFDE905F210082840066045F006407CE000807A20002
2026-08-17 03:51:11.538 | [link] WARNING the peer RE-SENT data frame seq=4 (we were waiting for 21). It has not seen our acknowledgement - check the send window and our own receive latency BEFORE looking for a fault in XMSG or the file server.
2026-08-17 03:51:11.564 | [tx] node19999 -> node100  ack seq=5 snd=42866 rcv=1 plen=0
2026-08-17 03:51:11.571 | [tx]   llc+nd : 0B023F0005A77200010000
2026-08-17 03:51:11.576 | [RX] 100->19999 sub=NetworkError f1=0x0024 info=211300074E1F00640024FFDE905F
2026-08-17 03:51:11.585 | [net] node 100 rejected our frame at Flags1 0x0024 with XENSE (our sequence is AHEAD of what the peer expects) Flags2=0xFFDE (-34)
2026-08-17 03:51:11.601 | [RX] 100->19999 sub=NetworkError (no reply expected)
2026-08-17 03:51:11.608 | [sniff] node100 -> node19999  data seq=5 snd=1 rcv=42866 plen=14   <== ADDRESSED TO US
2026-08-17 03:51:11.619 | [sniff]   llc+nd : 0B022000050001A772000E211300074E1F00640025FFDE905E
2026-08-17 03:51:11.627 | [sniff]   frame  : 0800261F4E00080026640000001CA8A8030B022000050001A772000E211300074E1F00640025FFDE905E210082840066045F006407CE000807A20002
2026-08-17 03:51:11.644 | [link] WARNING the peer RE-SENT data frame seq=5 (we were waiting for 21). It has not seen our acknowledgement - check the send window and our own receive latency BEFORE looking for a fault in XMSG or the file server.
2026-08-17 03:51:11.676 | [tx] node19999 -> node100  ack seq=6 snd=42866 rcv=1 plen=0
2026-08-17 03:51:11.690 | [tx]   llc+nd : 0B023F0006A77200010000
2026-08-17 03:51:11.694 | [RX] 100->19999 sub=NetworkError f1=0x0025 info=211300074E1F00640025FFDE905E
2026-08-17 03:51:11.703 | [net] node 100 rejected our frame at Flags1 0x0025 with XENSE (our sequence is AHEAD of what the peer expects) Flags2=0xFFDE (-34)
2026-08-17 03:51:11.719 | [RX] 100->19999 sub=NetworkError (no reply expected)
2026-08-17 03:51:11.725 | [sniff] node100 -> node19999  data seq=5 snd=1 rcv=42866 plen=14   <== ADDRESSED TO US
2026-08-17 03:51:11.735 | [sniff]   llc+nd : 0B022000050001A772000E211300074E1F00640025FFDE905E
2026-08-17 03:51:11.743 | [sniff]   frame  : 0800261F4E00080026640000001CA8A8030B022000050001A772000E211300074E1F00640025FFDE905E210082840066045F006407CE000807A20002
2026-08-17 03:51:11.758 | [link] WARNING the peer RE-SENT data frame seq=5 (we were waiting for 21). It has not seen our acknowledgement - check the send window and our own receive latency BEFORE looking for a fault in XMSG or the file server.
2026-08-17 03:51:11.784 | [tx] node19999 -> node100  ack seq=6 snd=42866 rcv=1 plen=0
2026-08-17 03:51:11.791 | [tx]   llc+nd : 0B023F0006A77200010000
2026-08-17 03:51:11.797 | [RX] 100->19999 sub=NetworkError f1=0x0025 info=211300074E1F00640025FFDE905E
2026-08-17 03:51:11.806 | [net] node 100 rejected our frame at Flags1 0x0025 with XENSE (our sequence is AHEAD of what the peer expects) Flags2=0xFFDE (-34)
2026-08-17 03:51:11.821 | [RX] 100->19999 sub=NetworkError (no reply expected)
2026-08-17 03:51:16.284 | [segment] data=109 acks=29 other-stations=12
2026-08-17 03:51:21.314 | [segment] data=109 acks=29 other-stations=12
2026-08-17 03:51:26.344 | [segment] data=109 acks=29 other-stations=12
2026-08-17 03:51:31.347 | [segment] data=109 acks=29 other-stations=12
2026-08-17 03:51:36.377 | [segment] data=109 acks=29 other-stations=12
2026-08-17 03:51:41.386 | [segment] data=109 acks=29 other-stations=12
2026-08-17 03:51:46.414 | [segment] data=109 acks=29 other-stations=12
2026-08-17 03:51:51.443 | [segment] data=109 acks=29 other-stations=12
2026-08-17 03:51:56.447 | [segment] data=109 acks=29 other-stations=12
2026-08-17 03:52:01.476 | [segment] data=109 acks=29 other-stations=12
