[runner] topology loaded: self=19999, 4 node(s), file=topology-d19999.json
[runner] logging to E:\Dev\Ronny\NDInsight\SINTRAN\XMSG\SRC\Xmsg.Live.Runner\bin\Debug\net9.0\xmsg-d19999.log (level Info, max 2 MB, keep 3).
2026-08-17 03:25:26.010 | [runner] Xmsg.Live.Runner v1.1.0.0 built 2026-08-17 03:18:40
2026-08-17 03:25:26.064 | [runner] config folder: 
2026-08-17 03:25:26.092 | [runner] config file:   topology-d19999.json
2026-08-17 03:25:26.132 | [runner] log folder:    E:\Dev\Ronny\NDInsight\SINTRAN\XMSG\SRC\Xmsg.Live.Runner\bin\Debug\net9.0
2026-08-17 03:25:26.215 | [runner] log file:      E:\Dev\Ronny\NDInsight\SINTRAN\XMSG\SRC\Xmsg.Live.Runner\bin\Debug\net9.0\xmsg-d19999.log
2026-08-17 03:25:26.321 | [runner] path=seam connecting to 127.0.0.1:10364 as node 19999 for 3600s
2026-08-17 03:25:26.345 | [fa] connection numbers 0x0042..0x0081 (state: E:\Dev\Ronny\NDInsight\SINTRAN\XMSG\SRC\Xmsg.Live.Runner\bin\Debug\net9.0\fa-connection.state)
2026-08-17 03:25:26.368 | [fa] file server ON as *FA-SERVER (logical port 4, wire port 0x0257)
2026-08-17 03:25:26.380 | [fa] serving folder: E:\Dev\Ronny\NDInsight\SINTRAN\XMSG\SRC\Xmsg.Live.Runner\bin\Debug\net9.0\served-files
2026-08-17 03:25:26.402 | [fa] files visible now: 7
2026-08-17 03:25:26.421 | [runner] joining COSMOS segment tcp:127.0.0.1:5010 as node 19999 (MAC 08:00:26:1F:4E:00), peer 100 (MAC 08:00:26:64:00:00)
2026-08-17 03:25:26.446 | [runner] datagram-sequence state file: E:\Dev\Ronny\NDInsight\SINTRAN\XMSG\SRC\Xmsg.Live.Runner\bin\Debug\net9.0\xmsg-sequence.state
2026-08-17 03:25:26.471 | [tad] 2 login account(s) loaded
2026-08-17 03:25:26.482 | [runner] link-seed state file: E:\Dev\Ronny\NDInsight\SINTRAN\XMSG\SRC\Xmsg.Live.Runner\bin\Debug\net9.0\xmsg-link-seed.state
2026-08-17 03:25:26.509 | [link] eth:d100 status Stopped -> Starting (backend started, awaiting peer)
2026-08-17 03:25:26.522 | [runner] waiting for node 100 to send us a frame (we cannot address it until it does)...
2026-08-17 03:25:31.557 | [segment] still waiting for 100. Frames from other stations: 0 (+0 in the last 5s). NOTHING at all is arriving - either no ND machine is on this group, or they have not been restarted since the ini change.
2026-08-17 03:25:36.562 | [segment] still waiting for 100. Frames from other stations: 0 (+0 in the last 5s). NOTHING at all is arriving - either no ND machine is on this group, or they have not been restarted since the ini change.
2026-08-17 03:25:41.585 | [segment] still waiting for 100. Frames from other stations: 0 (+0 in the last 5s). NOTHING at all is arriving - either no ND machine is on this group, or they have not been restarted since the ini change.
2026-08-17 03:25:46.605 | [segment] still waiting for 100. Frames from other stations: 0 (+0 in the last 5s). NOTHING at all is arriving - either no ND machine is on this group, or they have not been restarted since the ini change.
2026-08-17 03:25:51.607 | [segment] still waiting for 100. Frames from other stations: 0 (+0 in the last 5s). NOTHING at all is arriving - either no ND machine is on this group, or they have not been restarted since the ini change.
2026-08-17 03:25:56.632 | [segment] still waiting for 100. Frames from other stations: 0 (+0 in the last 5s). NOTHING at all is arriving - either no ND machine is on this group, or they have not been restarted since the ini change.
2026-08-17 03:26:01.632 | [segment] still waiting for 100. Frames from other stations: 0 (+0 in the last 5s). NOTHING at all is arriving - either no ND machine is on this group, or they have not been restarted since the ini change.
2026-08-17 03:26:06.660 | [segment] still waiting for 100. Frames from other stations: 0 (+0 in the last 5s). NOTHING at all is arriving - either no ND machine is on this group, or they have not been restarted since the ini change.
2026-08-17 03:26:11.678 | [segment] still waiting for 100. Frames from other stations: 0 (+0 in the last 5s). NOTHING at all is arriving - either no ND machine is on this group, or they have not been restarted since the ini change.
2026-08-17 03:26:16.686 | [segment] still waiting for 100. Frames from other stations: 0 (+0 in the last 5s). NOTHING at all is arriving - either no ND machine is on this group, or they have not been restarted since the ini change.
2026-08-17 03:26:21.689 | [segment] still waiting for 100. Frames from other stations: 0 (+0 in the last 5s). NOTHING at all is arriving - either no ND machine is on this group, or they have not been restarted since the ini change.
2026-08-17 03:26:26.717 | [segment] still waiting for 100. Frames from other stations: 0 (+0 in the last 5s). NOTHING at all is arriving - either no ND machine is on this group, or they have not been restarted since the ini change.
2026-08-17 03:26:31.746 | [segment] still waiting for 100. Frames from other stations: 0 (+0 in the last 5s). NOTHING at all is arriving - either no ND machine is on this group, or they have not been restarted since the ini change.
2026-08-17 03:26:36.762 | [segment] still waiting for 100. Frames from other stations: 0 (+0 in the last 5s). NOTHING at all is arriving - either no ND machine is on this group, or they have not been restarted since the ini change.
2026-08-17 03:26:41.786 | [segment] still waiting for 100. Frames from other stations: 0 (+0 in the last 5s). NOTHING at all is arriving - either no ND machine is on this group, or they have not been restarted since the ini change.
2026-08-17 03:26:46.803 | [segment] still waiting for 100. Frames from other stations: 0 (+0 in the last 5s). NOTHING at all is arriving - either no ND machine is on this group, or they have not been restarted since the ini change.
2026-08-17 03:26:51.818 | [segment] still waiting for 100. Frames from other stations: 0 (+0 in the last 5s). NOTHING at all is arriving - either no ND machine is on this group, or they have not been restarted since the ini change.
2026-08-17 03:26:56.830 | [segment] still waiting for 100. Frames from other stations: 0 (+0 in the last 5s). NOTHING at all is arriving - either no ND machine is on this group, or they have not been restarted since the ini change.
2026-08-17 03:27:01.843 | [segment] still waiting for 100. Frames from other stations: 0 (+0 in the last 5s). NOTHING at all is arriving - either no ND machine is on this group, or they have not been restarted since the ini change.
2026-08-17 03:27:06.850 | [segment] still waiting for 100. Frames from other stations: 0 (+0 in the last 5s). NOTHING at all is arriving - either no ND machine is on this group, or they have not been restarted since the ini change.
2026-08-17 03:27:11.874 | [segment] still waiting for 100. Frames from other stations: 0 (+0 in the last 5s). NOTHING at all is arriving - either no ND machine is on this group, or they have not been restarted since the ini change.
2026-08-17 03:27:16.890 | [segment] still waiting for 100. Frames from other stations: 0 (+0 in the last 5s). NOTHING at all is arriving - either no ND machine is on this group, or they have not been restarted since the ini change.
2026-08-17 03:27:20.004 | [sniff] node100 -> node19999  kind0x0F seq=12 snd=0 rcv=42863 plen=100   <== ADDRESSED TO US
2026-08-17 03:27:20.023 | [sniff]   llc+nd : 0B020F000C0000A76F0064
2026-08-17 03:27:20.029 | [sniff]   frame  : 0800261F4E00080026640000000EA8A8030B020F000C0000A76F00640001D0920005000800004400000000000001AA5C000000010001D076001C000E
2026-08-17 03:27:20.047 | [link] eth:d100 status Starting -> Active (peer learned)
2026-08-17 03:27:20.056 | [tx] node19999 -> node100  kind0x1F seq=12 snd=42863 rcv=1 plen=19999
2026-08-17 03:27:20.066 | [tx]   llc+nd : 0B021F000CA76F00014E1F
2026-08-17 03:27:20.071 | [announce] telling system 100 that our XMSG restarted, so it resets the datagram sequence it expects from us
2026-08-17 03:27:20.089 | [announce] --resync-hard: also zeroing OUR counter for 100. The next originated frame goes out at 0x0000 - if the peer accepts it, the peer resets on our announce; if it is dropped in silence, it does not.
2026-08-17 03:27:20.116 | [sniff] node100 -> node19999  data seq=0 snd=1 rcv=42863 plen=14   <== ADDRESSED TO US
2026-08-17 03:27:20.128 | [tx] node19999 -> node100  data seq=0 snd=42863 rcv=1 plen=14
2026-08-17 03:27:20.136 | [sniff]   llc+nd : 0B022000000001A76F000E211300194E1F0064FFFF0001904F
2026-08-17 03:27:20.145 | [tx]   llc+nd : 0B02200000A76F0001000E2113001900644E1FFFFF0001904F
2026-08-17 03:27:20.155 | [sniff]   frame  : 0800261F4E00080026640000001CA8A8030B022000000001A76F000E211300194E1F0064FFFF0001904F210082840066045F006407CE000807A20002
2026-08-17 03:27:20.174 | [seq] node 100: RESET to 0x0000 (was 0x0000); link KEPT
2026-08-17 03:27:20.182 | [tx] node19999 -> node100  ack seq=1 snd=42863 rcv=1 plen=0
2026-08-17 03:27:20.194 | [tx]   llc+nd : 0B023F0001A76F00010000
2026-08-17 03:27:20.208 | [announce] telling system 102 that our XMSG restarted, so it resets the datagram sequence it expects from us
2026-08-17 03:27:20.225 | [RX] 100->19999 sub=ReachabilityRequest f1=0xFFFF info=211300194E1F0064FFFF0001904F
2026-08-17 03:27:20.234 | [announce] --resync-hard: also zeroing OUR counter for 102. The next originated frame goes out at 0x0000 - if the peer accepts it, the peer resets on our announce; if it is dropped in silence, it does not.
2026-08-17 03:27:20.264 | [seq] node 100: RESET to 0x0000 (was 0x0000); in-memory link dropped
2026-08-17 03:27:20.275 | [TX] *** PARKED *** eth:d100 took a 14B frame but the send window is full; 1 datagram(s) now waiting and NOTHING is leaving this node until the peer acknowledges us
2026-08-17 03:27:20.302 | [RX] 100->19999 sub=ReachabilityRequest answered with 1 frame(s)
2026-08-17 03:27:20.314 | [sniff] node100 -> node19999  ack seq=1 snd=1 rcv=42863 plen=0   <== ADDRESSED TO US
2026-08-17 03:27:20.326 | [sniff]   llc+nd : 0B023F00010001A76F0000
2026-08-17 03:27:20.331 | [sniff]   frame  : 0800261F4E00080026640000000EA8A8030B023F00010001A76F00000001CF320005000800004400000000000001A44E000000010001D0CE001C000E
2026-08-17 03:27:20.350 | [TX] *** PARKED *** eth:d100 took a 14B frame but the send window is full; 2 datagram(s) now waiting and NOTHING is leaving this node until the peer acknowledges us
2026-08-17 03:27:20.375 | [tx] node19999 -> node100  data seq=1 snd=42863 rcv=1 plen=14
2026-08-17 03:27:20.384 | [seq] node 102: RESET to 0x0000 (was 0x0000); link KEPT
2026-08-17 03:27:20.391 | [tx]   llc+nd : 0B02200001A76F0001000E2113001300644E1FFFFF00019055
2026-08-17 03:27:20.400 | [runner] peer 100 heard after 113.9s; link is up
2026-08-17 03:27:20.406 | [tx] node19999 -> node100  data seq=2 snd=42863 rcv=1 plen=14
2026-08-17 03:27:20.415 | [tx]   llc+nd : 0B02200002A76F0001000E2113001900664E1FFFFF0001904D
2026-08-17 03:27:20.424 | [sniff] node100 -> node19999  data seq=1 snd=1 rcv=42863 plen=14   <== ADDRESSED TO US
2026-08-17 03:27:20.435 | [sniff]   llc+nd : 0B022000010001A76F000E211300134E1F0064FFFF00019055
2026-08-17 03:27:20.444 | [sniff]   frame  : 0800261F4E00080026640000001CA8A8030B022000010001A76F000E211300134E1F0064FFFF00019055210082840066045F006407CE006207F00002
2026-08-17 03:27:20.461 | [tx] node19999 -> node100  ack seq=2 snd=42863 rcv=1 plen=0
2026-08-17 03:27:20.469 | [tx]   llc+nd : 0B023F0002A76F00010000
2026-08-17 03:27:20.474 | [RX] 100->19999 sub=ReachabilityReply f1=0xFFFF info=211300134E1F0064FFFF00019055
2026-08-17 03:27:20.485 | [RX] 100->19999 sub=ReachabilityReply (no reply expected)
2026-08-17 03:27:20.493 | [sniff] node100 -> node19999  data seq=2 snd=1 rcv=42863 plen=64   <== ADDRESSED TO US
2026-08-17 03:27:20.505 | [sniff]   llc+nd : 0B022000020001A76F00402113000E4E1F0064000000249037210086E44E1F0000006404EF00241B410014FF0A2A46412D534552564552FE0644313939393907E2000000026400A200FF00
2026-08-17 03:27:20.529 | [sniff]   frame  : 0800261F4E00080026640000004EA8A8030B022000020001A76F00402113000E4E1F0064000000249037210086E44E1F0000006404EF00241B410014FF0A2A46412D534552564552FE0644313939393907E2000000026400A200FF00
2026-08-17 03:27:20.561 | [tx] node19999 -> node100  ack seq=3 snd=42863 rcv=1 plen=0
2026-08-17 03:27:20.570 | [tx]   llc+nd : 0B023F0003A76F00010000
2026-08-17 03:27:20.577 | [RX] 100->19999 sub=Data f1=0x0000 info=2113000E4E1F0064000000249037210086E44E1F0000006404EF00241B410014FF0A2A46412D534552564552FE0644313939393907E2000000026400A200FF00
2026-08-17 03:27:20.602 | [seq] node 100: link created, starting Flags1 0x0000 from the store (the frame that created it carried 0x0000)
2026-08-17 03:27:20.621 | [fa] connect letter from node 100 (system 100 port 0x04EF); serving E:\Dev\Ronny\NDInsight\SINTRAN\XMSG\SRC\Xmsg.Live.Runner\bin\Debug\net9.0\served-files; answering from session port 0x0211 with an FA ConnectionConfirm 07D2000200426400
2026-08-17 03:27:20.653 | [seq] node 100: ORIGINATE at Flags1 0x0000 (next becomes 0x0001)
2026-08-17 03:27:20.664 | [tx] node19999 -> node100  data seq=3 snd=42863 rcv=1 plen=14
2026-08-17 03:27:20.672 | [tx]   llc+nd : 0B02200003A76F0001000E2113000300644E1F000000019065
2026-08-17 03:27:20.682 | [tx] node19999 -> node100  data seq=4 snd=42863 rcv=1 plen=36
2026-08-17 03:27:20.690 | [tx]   llc+nd : 0B02200004A76F000100242113000E00644E1F00000008905321008284006404EF4E1F0211000807D2000200426400
2026-08-17 03:27:20.709 | [RX] 100->19999 sub=Data answered with 2 frame(s)
2026-08-17 03:27:20.723 | [sniff] node100 -> node19999  ack seq=2 snd=1 rcv=42863 plen=0   <== ADDRESSED TO US
2026-08-17 03:27:20.740 | [sniff]   llc+nd : 0B023F00020001A76F0000
2026-08-17 03:27:20.745 | [sniff]   frame  : 0800261F4E00080026640000000EA8A8030B023F00020001A76F00000001CF3200000000000500200000340000000000000000004E1F0001AA5C0100
2026-08-17 03:27:20.764 | [sniff] node100 -> node19999  data seq=3 snd=1 rcv=42863 plen=64   <== ADDRESSED TO US
2026-08-17 03:27:20.777 | [sniff]   llc+nd : 0B022000030001A76F00402113000E4E1F0064000000249037210086E44E1F0000006404EF00241B410014FF0A2A46412D534552564552FE0644313939393907E2000000026400A200FF00
2026-08-17 03:27:20.801 | [sniff]   frame  : 0800261F4E00080026640000004EA8A8030B022000030001A76F00402113000E4E1F0064000000249037210086E44E1F0000006404EF00241B410014FF0A2A46412D534552564552FE0644313939393907E2000000026400A200FF00
2026-08-17 03:27:20.827 | [tx] node19999 -> node100  ack seq=4 snd=42863 rcv=1 plen=0
2026-08-17 03:27:20.835 | [tx]   llc+nd : 0B023F0004A76F00010000
2026-08-17 03:27:20.840 | [RX] 100->19999 sub=Data f1=0x0000 info=2113000E4E1F0064000000249037210086E44E1F0000006404EF00241B410014FF0A2A46412D534552564552FE0644313939393907E2000000026400A200FF00
2026-08-17 03:27:20.861 | [fa] connect letter from node 100 (system 100 port 0x04EF); serving E:\Dev\Ronny\NDInsight\SINTRAN\XMSG\SRC\Xmsg.Live.Runner\bin\Debug\net9.0\served-files; answering from session port 0x0211 with an FA ConnectionConfirm 07D2000200426400
2026-08-17 03:27:20.896 | [tx] node19999 -> node100  data seq=5 snd=42863 rcv=1 plen=14
2026-08-17 03:27:20.906 | [tx]   llc+nd : 0B02200005A76F0001000E2113000300644E1F000000019065
2026-08-17 03:27:20.918 | [tx] node19999 -> node100  data seq=6 snd=42863 rcv=1 plen=36
2026-08-17 03:27:20.928 | [tx]   llc+nd : 0B02200006A76F000100242113000E00644E1F00000008905321008284006404EF4E1F0211000807D2000200426400
2026-08-17 03:27:20.946 | [RX] 100->19999 sub=Data answered with 2 frame(s)
2026-08-17 03:27:20.955 | [sniff] node100 -> node19999  data seq=1 snd=1 rcv=42863 plen=14   <== ADDRESSED TO US
2026-08-17 03:27:20.969 | [sniff]   llc+nd : 0B022000010001A76F000E211300134E1F0064FFFF00019055
2026-08-17 03:27:20.980 | [sniff]   frame  : 0800261F4E00080026640000001CA8A8030B022000010001A76F000E211300134E1F0064FFFF00019055210082840066045F006407CE006207F00002
2026-08-17 03:27:21.001 | [link] WARNING the peer RE-SENT data frame seq=1 (we were waiting for 4). It has not seen our acknowledgement - check the send window and our own receive latency BEFORE looking for a fault in XMSG or the file server.
2026-08-17 03:27:21.029 | [tx] node19999 -> node100  ack seq=2 snd=42863 rcv=1 plen=0
2026-08-17 03:27:21.039 | [tx]   llc+nd : 0B023F0002A76F00010000
2026-08-17 03:27:21.045 | [RX] 100->19999 sub=ReachabilityReply f1=0xFFFF info=211300134E1F0064FFFF00019055
2026-08-17 03:27:21.055 | [RX] 100->19999 sub=ReachabilityReply (no reply expected)
2026-08-17 03:27:21.063 | [sniff] node100 -> node19999  data seq=2 snd=1 rcv=42863 plen=64   <== ADDRESSED TO US
2026-08-17 03:27:21.074 | [sniff]   llc+nd : 0B022000020001A76F00402113000E4E1F0064000000249037210086E44E1F0000006404EF00241B410014FF0A2A46412D534552564552FE0644313939393907E2000000026400A200FF00
2026-08-17 03:27:21.099 | [sniff]   frame  : 0800261F4E00080026640000004EA8A8030B022000020001A76F00402113000E4E1F0064000000249037210086E44E1F0000006404EF00241B410014FF0A2A46412D534552564552FE0644313939393907E2000000026400A200FF00
2026-08-17 03:27:21.126 | [link] WARNING the peer RE-SENT data frame seq=2 (we were waiting for 4). It has not seen our acknowledgement - check the send window and our own receive latency BEFORE looking for a fault in XMSG or the file server.
2026-08-17 03:27:21.153 | [tx] node19999 -> node100  ack seq=3 snd=42863 rcv=1 plen=0
2026-08-17 03:27:21.162 | [tx]   llc+nd : 0B023F0003A76F00010000
2026-08-17 03:27:21.167 | [RX] 100->19999 sub=Data f1=0x0000 info=2113000E4E1F0064000000249037210086E44E1F0000006404EF00241B410014FF0A2A46412D534552564552FE0644313939393907E2000000026400A200FF00
2026-08-17 03:27:21.189 | [fa] connect letter from node 100 (system 100 port 0x04EF); serving E:\Dev\Ronny\NDInsight\SINTRAN\XMSG\SRC\Xmsg.Live.Runner\bin\Debug\net9.0\served-files; answering from session port 0x0211 with an FA ConnectionConfirm 07D2000200426400
2026-08-17 03:27:21.221 | [tx] node19999 -> node100  data seq=7 snd=42863 rcv=1 plen=14
2026-08-17 03:27:21.238 | [tx]   llc+nd : 0B02200007A76F0001000E2113000300644E1F000000019065
2026-08-17 03:27:21.253 | [TX] *** PARKED *** eth:d100 took a 36B frame but the send window is full; 1 datagram(s) now waiting and NOTHING is leaving this node until the peer acknowledges us
2026-08-17 03:27:21.279 | [RX] 100->19999 sub=Data answered with 2 frame(s)
2026-08-17 03:27:21.286 | [sniff] node100 -> node19999  ack seq=3 snd=1 rcv=42863 plen=0   <== ADDRESSED TO US
2026-08-17 03:27:21.297 | [sniff]   llc+nd : 0B023F00030001A76F0000
2026-08-17 03:27:21.303 | [sniff]   frame  : 0800261F4E00080026640000000EA8A8030B023F00030001A76F00000001CFE20005000800004400000000000001A44E000000010001CFC6001C000E
2026-08-17 03:27:21.323 | [tx] node19999 -> node100  data seq=8 snd=42863 rcv=1 plen=36
2026-08-17 03:27:21.332 | [tx]   llc+nd : 0B02200008A76F000100242113000E00644E1F00000008905321008284006404EF4E1F0211000807D2000200426400
2026-08-17 03:27:21.347 | [sniff] node100 -> node102  data seq=113 snd=51615 rcv=42837 plen=14
2026-08-17 03:27:21.357 | [sniff] node102 -> node100  ack seq=114 snd=42837 rcv=51615 plen=0
2026-08-17 03:27:21.366 | [sniff] node102 -> node19999  kind0x0F seq=110 snd=0 rcv=51628 plen=102   <== ADDRESSED TO US
2026-08-17 03:27:21.380 | [sniff]   llc+nd : 0B020F006E0000C9AC0066
2026-08-17 03:27:21.387 | [sniff]   frame  : 0800261F4E00080026660000000EA8A8030B020F006E0000C9AC00660001D03A0005000800004400000000000001A356000000010001D01E001C000E
2026-08-17 03:27:21.407 | [sniff] node100 -> node19999  data seq=3 snd=1 rcv=42863 plen=64   <== ADDRESSED TO US
2026-08-17 03:27:21.421 | [sniff]   llc+nd : 0B022000030001A76F00402113000E4E1F0064000000249037210086E44E1F0000006404EF00241B410014FF0A2A46412D534552564552FE0644313939393907E2000000026400A200FF00
2026-08-17 03:27:21.446 | [sniff]   frame  : 0800261F4E00080026640000004EA8A8030B022000030001A76F00402113000E4E1F0064000000249037210086E44E1F0000006404EF00241B410014FF0A2A46412D534552564552FE0644313939393907E2000000026400A200FF00
2026-08-17 03:27:21.474 | [link] WARNING the peer RE-SENT data frame seq=3 (we were waiting for 4). It has not seen our acknowledgement - check the send window and our own receive latency BEFORE looking for a fault in XMSG or the file server.
2026-08-17 03:27:21.501 | [tx] node19999 -> node100  ack seq=4 snd=42863 rcv=1 plen=0
2026-08-17 03:27:21.509 | [tx]   llc+nd : 0B023F0004A76F00010000
2026-08-17 03:27:21.514 | [RX] 100->19999 sub=Data f1=0x0000 info=2113000E4E1F0064000000249037210086E44E1F0000006404EF00241B410014FF0A2A46412D534552564552FE0644313939393907E2000000026400A200FF00
2026-08-17 03:27:21.536 | [fa] connect letter from node 100 (system 100 port 0x04EF); serving E:\Dev\Ronny\NDInsight\SINTRAN\XMSG\SRC\Xmsg.Live.Runner\bin\Debug\net9.0\served-files; answering from session port 0x0211 with an FA ConnectionConfirm 07D2000200426400
2026-08-17 03:27:21.567 | [TX] *** PARKED *** eth:d100 took a 14B frame but the send window is full; 1 datagram(s) now waiting and NOTHING is leaving this node until the peer acknowledges us
2026-08-17 03:27:21.587 | [TX] *** PARKED *** eth:d100 took a 36B frame but the send window is full; 2 datagram(s) now waiting and NOTHING is leaving this node until the peer acknowledges us
2026-08-17 03:27:21.611 | [RX] 100->19999 sub=Data answered with 2 frame(s)
2026-08-17 03:27:21.619 | [sniff] node102 -> node19999  kind0x0F seq=110 snd=0 rcv=51628 plen=102   <== ADDRESSED TO US
2026-08-17 03:27:21.631 | [sniff]   llc+nd : 0B020F006E0000C9AC0066
2026-08-17 03:27:21.636 | [sniff]   frame  : 0800261F4E00080026660000000EA8A8030B020F006E0000C9AC00660001D03A0005000800004400000000000001A356000000010001D01E001C000E
2026-08-17 03:27:21.654 | [sniff] node100 -> node19999  ack seq=4 snd=1 rcv=42863 plen=0   <== ADDRESSED TO US
2026-08-17 03:27:21.666 | [sniff]   llc+nd : 0B023F00040001A76F0000
2026-08-17 03:27:21.672 | [sniff]   frame  : 0800261F4E00080026640000000EA8A8030B023F00040001A76F00000001D03A0005000800004400000000000001A356000000010001D01E001C000E
2026-08-17 03:27:21.692 | [tx] node19999 -> node100  data seq=9 snd=42863 rcv=1 plen=14
2026-08-17 03:27:21.700 | [tx]   llc+nd : 0B02200009A76F0001000E2113000300644E1F000000019065
2026-08-17 03:27:21.710 | [sniff] node100 -> node19999  ack seq=5 snd=1 rcv=42863 plen=0   <== ADDRESSED TO US
2026-08-17 03:27:21.723 | [sniff]   llc+nd : 0B023F00050001A76F0000
2026-08-17 03:27:21.729 | [sniff]   frame  : 0800261F4E00080026640000000EA8A8030B023F00050001A76F00000001D0920005000800004400000000000001A356000000010001D076001C000E
2026-08-17 03:27:21.756 | [tx] node19999 -> node100  data seq=10 snd=42863 rcv=1 plen=36
2026-08-17 03:27:21.772 | [tx]   llc+nd : 0B0220000AA76F000100242113000E00644E1F00000008905321008284006404EF4E1F0211000807D2000200426400
2026-08-17 03:27:21.787 | [sniff] node100 -> node19999  data seq=4 snd=1 rcv=42863 plen=14   <== ADDRESSED TO US
2026-08-17 03:27:21.798 | [sniff]   llc+nd : 0B022000040001A76F000E211300034E1F0064000000019065
2026-08-17 03:27:21.807 | [sniff]   frame  : 0800261F4E00080026640000001CA8A8030B022000040001A76F000E211300034E1F0064000000019065210082840066045F006407CE006207F00002
2026-08-17 03:27:21.825 | [tx] node19999 -> node100  ack seq=5 snd=42863 rcv=1 plen=0
2026-08-17 03:27:21.832 | [tx]   llc+nd : 0B023F0005A76F00010000
2026-08-17 03:27:21.837 | [RX] 100->19999 sub=Ack f1=0x0000 info=211300034E1F0064000000019065
2026-08-17 03:27:21.846 | [seq] node 100: ACK 0x0000 did NOT advance the store (still 0x0001)
2026-08-17 03:27:21.856 | [RX] 100->19999 sub=Ack (no reply expected)
2026-08-17 03:27:21.862 | [sniff] node100 -> node19999  data seq=5 snd=1 rcv=42863 plen=140   <== ADDRESSED TO US
2026-08-17 03:27:21.873 | [sniff]   llc+nd : 0B022000050001A76F008C2113000E4E1F0064000100708FEA210082844E1F0211006404EF007007F0004280000001920002920001F20001A207D0F200028C06920001920001F20003BD42414B3032202053595354454DF200048C38B01053595354454D27000000000000000000E180B01000000000000000000000000000000000B01000000000000000000000000000000000F200FF
2026-08-17 03:27:21.916 | [sniff]   frame  : 0800261F4E00080026640000009AA8A8030B022000050001A76F008C2113000E4E1F0064000100708FEA210082844E1F0211006404EF007007F0004280000001920002920001F20001A207D0F200028C06920001920001F20003BD42414B3032202053595354454DF200048C38B01053595354454D27000000000000000000E180B01000000000000000000000000000000000B01000000000000000000000000000000000F200FF
2026-08-17 03:27:21.960 | [segment] data=8 acks=5 other-stations=3
2026-08-17 03:27:21.965 | [tx] node19999 -> node100  ack seq=6 snd=42863 rcv=1 plen=0
2026-08-17 03:27:21.974 | [tx]   llc+nd : 0B023F0006A76F00010000
2026-08-17 03:27:21.979 | [RX] 100->19999 sub=Data f1=0x0001 info=2113000E4E1F0064000100708FEA210082844E1F0211006404EF007007F0004280000001920002920001F20001A207D0F200028C06920001920001F20003BD42414B3032202053595354454DF200048C38B01053595354454D27000000000000000000E180B01000000000000000000000000000000000B01000000000000000000000000000000000F200FF
2026-08-17 03:27:22.020 | [fa] request ReserveFileEntry seq 1 from system 100: accepted
2026-08-17 03:27:22.030 | [seq] node 100: ORIGINATE at Flags1 0x0001 (next becomes 0x0002)
2026-08-17 03:27:22.038 | [fa] short acknowledgement 1 to system 100 at Flags1 0x0001
2026-08-17 03:27:22.049 | [seq] node 100: ORIGINATE at Flags1 0x0002 (next becomes 0x0003)
2026-08-17 03:27:22.058 | [fa] reply to system 100: 18 byte(s), FA body 07F0000280009081920002920001F200...
2026-08-17 03:27:22.070 | [TX] *** PARKED *** eth:d100 took a 14B frame but the send window is full; 1 datagram(s) now waiting and NOTHING is leaving this node until the peer acknowledges us
2026-08-17 03:27:22.090 | [TX] *** PARKED *** eth:d100 took a 36B frame but the send window is full; 2 datagram(s) now waiting and NOTHING is leaving this node until the peer acknowledges us
2026-08-17 03:27:22.114 | [TX] *** PARKED *** eth:d100 took a 46B frame but the send window is full; 3 datagram(s) now waiting and NOTHING is leaving this node until the peer acknowledges us
2026-08-17 03:27:22.134 | [RX] 100->19999 sub=Data answered with 3 frame(s)
2026-08-17 03:27:22.141 | [sniff] node102 -> node19999  kind0x0F seq=110 snd=0 rcv=51628 plen=102   <== ADDRESSED TO US
2026-08-17 03:27:22.152 | [sniff]   llc+nd : 0B020F006E0000C9AC0066
2026-08-17 03:27:22.158 | [sniff]   frame  : 0800261F4E00080026660000000EA8A8030B020F006E0000C9AC00660001D03A0005000800004400000000000001A356000000010001D01E001C000E
2026-08-17 03:27:22.176 | [sniff] node100 -> node19999  data seq=4 snd=1 rcv=42863 plen=14   <== ADDRESSED TO US
2026-08-17 03:27:22.187 | [sniff]   llc+nd : 0B022000040001A76F000E211300034E1F0064000000019065
2026-08-17 03:27:22.197 | [sniff]   frame  : 0800261F4E00080026640000001CA8A8030B022000040001A76F000E211300034E1F0064000000019065210082840066045F006407CE006207F00002
2026-08-17 03:27:22.221 | [link] WARNING the peer RE-SENT data frame seq=4 (we were waiting for 6). It has not seen our acknowledgement - check the send window and our own receive latency BEFORE looking for a fault in XMSG or the file server.
2026-08-17 03:27:22.264 | [tx] node19999 -> node100  ack seq=5 snd=42863 rcv=1 plen=0
2026-08-17 03:27:22.281 | [tx]   llc+nd : 0B023F0005A76F00010000
2026-08-17 03:27:22.294 | [RX] 100->19999 sub=Ack f1=0x0000 info=211300034E1F0064000000019065
2026-08-17 03:27:22.310 | [seq] node 100: ACK 0x0000 did NOT advance the store (still 0x0003)
2026-08-17 03:27:22.323 | [RX] 100->19999 sub=Ack (no reply expected)
2026-08-17 03:27:22.332 | [sniff] node100 -> node19999  data seq=5 snd=1 rcv=42863 plen=140   <== ADDRESSED TO US
2026-08-17 03:27:22.349 | [sniff]   llc+nd : 0B022000050001A76F008C2113000E4E1F0064000100708FEA210082844E1F0211006404EF007007F0004280000001920002920001F20001A207D0F200028C06920001920001F20003BD42414B3032202053595354454DF200048C38B01053595354454D27000000000000000000E180B01000000000000000000000000000000000B01000000000000000000000000000000000F200FF
2026-08-17 03:27:22.410 | [sniff]   frame  : 0800261F4E00080026640000009AA8A8030B022000050001A76F008C2113000E4E1F0064000100708FEA210082844E1F0211006404EF007007F0004280000001920002920001F20001A207D0F200028C06920001920001F20003BD42414B3032202053595354454DF200048C38B01053595354454D27000000000000000000E180B01000000000000000000000000000000000B01000000000000000000000000000000000F200FF
2026-08-17 03:27:22.478 | [link] WARNING the peer RE-SENT data frame seq=5 (we were waiting for 6). It has not seen our acknowledgement - check the send window and our own receive latency BEFORE looking for a fault in XMSG or the file server.
2026-08-17 03:27:22.520 | [tx] node19999 -> node100  ack seq=6 snd=42863 rcv=1 plen=0
2026-08-17 03:27:22.532 | [tx]   llc+nd : 0B023F0006A76F00010000
2026-08-17 03:27:22.541 | [RX] 100->19999 sub=Data f1=0x0001 info=2113000E4E1F0064000100708FEA210082844E1F0211006404EF007007F0004280000001920002920001F20001A207D0F200028C06920001920001F20003BD42414B3032202053595354454DF200048C38B01053595354454D27000000000000000000E180B01000000000000000000000000000000000B01000000000000000000000000000000000F200FF
2026-08-17 03:27:22.603 | [fa] system 100 re-sent the request at datagram Flags 1 0x0001; replaying the same reply rather than building a new one
2026-08-17 03:27:22.625 | [seq] node 100: ORIGINATE at Flags1 0x0003 (next becomes 0x0004)
2026-08-17 03:27:22.637 | [fa] short acknowledgement 2 to system 100 at Flags1 0x0001
2026-08-17 03:27:22.649 | [seq] node 100: ORIGINATE at Flags1 0x0004 (next becomes 0x0005)
2026-08-17 03:27:22.660 | [fa] reply to system 100: 18 byte(s), FA body 07F0000280009081920002920001F200...
2026-08-17 03:27:22.676 | [TX] *** PARKED *** eth:d100 took a 14B frame but the send window is full; 4 datagram(s) now waiting and NOTHING is leaving this node until the peer acknowledges us
2026-08-17 03:27:22.703 | [TX] *** PARKED *** eth:d100 took a 36B frame but the send window is full; 5 datagram(s) now waiting and NOTHING is leaving this node until the peer acknowledges us
2026-08-17 03:27:22.732 | [TX] *** PARKED *** eth:d100 took a 46B frame but the send window is full; 6 datagram(s) now waiting and NOTHING is leaving this node until the peer acknowledges us
2026-08-17 03:27:22.760 | [RX] 100->19999 sub=Data answered with 3 frame(s)
2026-08-17 03:27:22.767 | [sniff] node100 -> node19999  ack seq=7 snd=1 rcv=42863 plen=0   <== ADDRESSED TO US
2026-08-17 03:27:22.790 | [sniff]   llc+nd : 0B023F00070001A76F0000
2026-08-17 03:27:22.801 | [sniff]   frame  : 0800261F4E00080026640000000EA8A8030B023F00070001A76F00000001CF320005000800004400000000000001A356000000010001D0CE001C000E
2026-08-17 03:27:22.831 | [tx] node19999 -> node100  data seq=11 snd=42863 rcv=1 plen=14
2026-08-17 03:27:22.843 | [tx]   llc+nd : 0B0220000BA76F0001000E2113000300644E1F000100019064
2026-08-17 03:27:22.859 | [tx] node19999 -> node100  data seq=12 snd=42863 rcv=1 plen=36
2026-08-17 03:27:22.871 | [tx]   llc+nd : 0B0220000CA76F000100242113000E00644E1F00010008905221008284006404EF4E1F0211000807A200020100922A
2026-08-17 03:27:22.893 | [sniff] node102 -> node19999  kind0x0F seq=110 snd=0 rcv=51628 plen=102   <== ADDRESSED TO US
2026-08-17 03:27:22.913 | [sniff]   llc+nd : 0B020F006E0000C9AC0066
2026-08-17 03:27:22.922 | [sniff]   frame  : 0800261F4E00080026660000000EA8A8030B020F006E0000C9AC00660001D03A0005000800004400000000000001A356000000010001D01E001C000E
2026-08-17 03:27:22.947 | [sniff] node100 -> node19999  data seq=4 snd=1 rcv=42863 plen=14   <== ADDRESSED TO US
2026-08-17 03:27:22.963 | [sniff]   llc+nd : 0B022000040001A76F000E211300034E1F0064000000019065
2026-08-17 03:27:22.975 | [sniff]   frame  : 0800261F4E00080026640000001CA8A8030B022000040001A76F000E211300034E1F0064000000019065210082840066045F006407CE006207F00002
2026-08-17 03:27:23.002 | [link] WARNING the peer RE-SENT data frame seq=4 (we were waiting for 6). It has not seen our acknowledgement - check the send window and our own receive latency BEFORE looking for a fault in XMSG or the file server.
2026-08-17 03:27:23.047 | [tx] node19999 -> node100  ack seq=5 snd=42863 rcv=1 plen=0
2026-08-17 03:27:23.057 | [tx]   llc+nd : 0B023F0005A76F00010000
2026-08-17 03:27:23.065 | [RX] 100->19999 sub=Ack f1=0x0000 info=211300034E1F0064000000019065
2026-08-17 03:27:23.078 | [seq] node 100: ACK 0x0000 did NOT advance the store (still 0x0005)
2026-08-17 03:27:23.092 | [RX] 100->19999 sub=Ack (no reply expected)
2026-08-17 03:27:23.101 | [sniff] node100 -> node19999  data seq=5 snd=1 rcv=42863 plen=140   <== ADDRESSED TO US
2026-08-17 03:27:23.118 | [sniff]   llc+nd : 0B022000050001A76F008C2113000E4E1F0064000100708FEA210082844E1F0211006404EF007007F0004280000001920002920001F20001A207D0F200028C06920001920001F20003BD42414B3032202053595354454DF200048C38B01053595354454D27000000000000000000E180B01000000000000000000000000000000000B01000000000000000000000000000000000F200FF
2026-08-17 03:27:23.180 | [sniff]   frame  : 0800261F4E00080026640000009AA8A8030B022000050001A76F008C2113000E4E1F0064000100708FEA210082844E1F0211006404EF007007F0004280000001920002920001F20001A207D0F200028C06920001920001F20003BD42414B3032202053595354454DF200048C38B01053595354454D27000000000000000000E180B01000000000000000000000000000000000B01000000000000000000000000000000000F200FF
2026-08-17 03:27:23.243 | [link] WARNING the peer RE-SENT data frame seq=5 (we were waiting for 6). It has not seen our acknowledgement - check the send window and our own receive latency BEFORE looking for a fault in XMSG or the file server.
2026-08-17 03:27:23.280 | [tx] node19999 -> node100  ack seq=6 snd=42863 rcv=1 plen=0
2026-08-17 03:27:23.295 | [tx]   llc+nd : 0B023F0006A76F00010000
2026-08-17 03:27:23.303 | [RX] 100->19999 sub=Data f1=0x0001 info=2113000E4E1F0064000100708FEA210082844E1F0211006404EF007007F0004280000001920002920001F20001A207D0F200028C06920001920001F20003BD42414B3032202053595354454DF200048C38B01053595354454D27000000000000000000E180B01000000000000000000000000000000000B01000000000000000000000000000000000F200FF
2026-08-17 03:27:23.355 | [fa] system 100 re-sent the request at datagram Flags 1 0x0001; replaying the same reply rather than building a new one
2026-08-17 03:27:23.374 | [seq] node 100: ORIGINATE at Flags1 0x0005 (next becomes 0x0006)
2026-08-17 03:27:23.385 | [fa] short acknowledgement 3 to system 100 at Flags1 0x0001
2026-08-17 03:27:23.396 | [seq] node 100: ORIGINATE at Flags1 0x0006 (next becomes 0x0007)
2026-08-17 03:27:23.409 | [fa] reply to system 100: 18 byte(s), FA body 07F0000280009081920002920001F200...
2026-08-17 03:27:23.422 | [TX] *** PARKED *** eth:d100 took a 14B frame but the send window is full; 5 datagram(s) now waiting and NOTHING is leaving this node until the peer acknowledges us
2026-08-17 03:27:23.454 | [TX] *** PARKED *** eth:d100 took a 36B frame but the send window is full; 6 datagram(s) now waiting and NOTHING is leaving this node until the peer acknowledges us
2026-08-17 03:27:23.480 | [TX] *** PARKED *** eth:d100 took a 46B frame but the send window is full; 7 datagram(s) now waiting and NOTHING is leaving this node until the peer acknowledges us
2026-08-17 03:27:23.504 | [RX] 100->19999 sub=Data answered with 3 frame(s)
2026-08-17 03:27:23.511 | [sniff] node102 -> node19999  kind0x0F seq=110 snd=0 rcv=51628 plen=102   <== ADDRESSED TO US
2026-08-17 03:27:23.526 | [sniff]   llc+nd : 0B020F006E0000C9AC0066
2026-08-17 03:27:23.532 | [sniff]   frame  : 0800261F4E00080026660000000EA8A8030B020F006E0000C9AC00660001D03A0005000800004400000000000001A356000000010001D01E001C000E
2026-08-17 03:27:23.552 | [sniff] node100 -> node19999  ack seq=8 snd=1 rcv=42863 plen=0   <== ADDRESSED TO US
2026-08-17 03:27:23.564 | [sniff]   llc+nd : 0B023F00080001A76F0000
2026-08-17 03:27:23.569 | [sniff]   frame  : 0800261F4E00080026640000000EA8A8030B023F00080001A76F00000001CF3200000000000500200000340000000000000000004E1F0001AA5C0100
2026-08-17 03:27:23.587 | [tx] node19999 -> node100  data seq=13 snd=42863 rcv=1 plen=46
2026-08-17 03:27:23.596 | [tx]   llc+nd : 0B0220000DA76F0001002E2113000E00644E1F00020012904721008284006404EF4E1F0211001207F0000280009081920002920001F200FF00
2026-08-17 03:27:23.614 | [sniff] node100 -> node19999  data seq=4 snd=1 rcv=42863 plen=14   <== ADDRESSED TO US
2026-08-17 03:27:23.628 | [sniff]   llc+nd : 0B022000040001A76F000E211300034E1F0064000000019065
2026-08-17 03:27:23.640 | [sniff]   frame  : 0800261F4E00080026640000001CA8A8030B022000040001A76F000E211300034E1F0064000000019065210082840066045F006407CE006207F00002
2026-08-17 03:27:23.664 | [link] WARNING the peer RE-SENT data frame seq=4 (we were waiting for 6). It has not seen our acknowledgement - check the send window and our own receive latency BEFORE looking for a fault in XMSG or the file server.
2026-08-17 03:27:23.701 | [tx] node19999 -> node100  ack seq=5 snd=42863 rcv=1 plen=0
2026-08-17 03:27:23.711 | [tx]   llc+nd : 0B023F0005A76F00010000
2026-08-17 03:27:23.719 | [RX] 100->19999 sub=Ack f1=0x0000 info=211300034E1F0064000000019065
2026-08-17 03:27:23.731 | [seq] node 100: ACK 0x0000 did NOT advance the store (still 0x0007)
2026-08-17 03:27:23.744 | [RX] 100->19999 sub=Ack (no reply expected)
2026-08-17 03:27:23.753 | [sniff] node100 -> node19999  data seq=5 snd=1 rcv=42863 plen=140   <== ADDRESSED TO US
2026-08-17 03:27:23.768 | [sniff]   llc+nd : 0B022000050001A76F008C2113000E4E1F0064000100708FEA210082844E1F0211006404EF007007F0004280000001920002920001F20001A207D0F200028C06920001920001F20003BD42414B3032202053595354454DF200048C38B01053595354454D27000000000000000000E180B01000000000000000000000000000000000B01000000000000000000000000000000000F200FF
2026-08-17 03:27:23.833 | [sniff]   frame  : 0800261F4E00080026640000009AA8A8030B022000050001A76F008C2113000E4E1F0064000100708FEA210082844E1F0211006404EF007007F0004280000001920002920001F20001A207D0F200028C06920001920001F20003BD42414B3032202053595354454DF200048C38B01053595354454D27000000000000000000E180B01000000000000000000000000000000000B01000000000000000000000000000000000F200FF
2026-08-17 03:27:23.880 | [link] WARNING the peer RE-SENT data frame seq=5 (we were waiting for 6). It has not seen our acknowledgement - check the send window and our own receive latency BEFORE looking for a fault in XMSG or the file server.
2026-08-17 03:27:23.908 | [tx] node19999 -> node100  ack seq=6 snd=42863 rcv=1 plen=0
2026-08-17 03:27:23.917 | [tx]   llc+nd : 0B023F0006A76F00010000
2026-08-17 03:27:23.924 | [RX] 100->19999 sub=Data f1=0x0001 info=2113000E4E1F0064000100708FEA210082844E1F0211006404EF007007F0004280000001920002920001F20001A207D0F200028C06920001920001F20003BD42414B3032202053595354454DF200048C38B01053595354454D27000000000000000000E180B01000000000000000000000000000000000B01000000000000000000000000000000000F200FF
2026-08-17 03:27:23.982 | [fa] system 100 re-sent the request at datagram Flags 1 0x0001; replaying the same reply rather than building a new one
2026-08-17 03:27:24.006 | [seq] node 100: ORIGINATE at Flags1 0x0007 (next becomes 0x0008)
2026-08-17 03:27:24.018 | [fa] short acknowledgement 4 to system 100 at Flags1 0x0001
2026-08-17 03:27:24.031 | [seq] node 100: ORIGINATE at Flags1 0x0008 (next becomes 0x0009)
2026-08-17 03:27:24.042 | [fa] reply to system 100: 18 byte(s), FA body 07F0000280009081920002920001F200...
2026-08-17 03:27:24.056 | [TX] *** PARKED *** eth:d100 took a 14B frame but the send window is full; 7 datagram(s) now waiting and NOTHING is leaving this node until the peer acknowledges us
2026-08-17 03:27:24.086 | [TX] *** PARKED *** eth:d100 took a 36B frame but the send window is full; 8 datagram(s) now waiting and NOTHING is leaving this node until the peer acknowledges us
2026-08-17 03:27:24.116 | [TX] *** PARKED *** eth:d100 took a 46B frame but the send window is full; 9 datagram(s) now waiting and NOTHING is leaving this node until the peer acknowledges us
2026-08-17 03:27:24.147 | [RX] 100->19999 sub=Data answered with 3 frame(s)
2026-08-17 03:27:24.157 | [sniff] node102 -> node19999  kind0x0F seq=110 snd=0 rcv=51628 plen=102   <== ADDRESSED TO US
2026-08-17 03:27:24.172 | [sniff]   llc+nd : 0B020F006E0000C9AC0066
2026-08-17 03:27:24.180 | [sniff]   frame  : 0800261F4E00080026660000000EA8A8030B020F006E0000C9AC00660001D03A0005000800004400000000000001A356000000010001D01E001C000E
2026-08-17 03:27:24.207 | [sniff] node100 -> node19999  ack seq=9 snd=1 rcv=42863 plen=0   <== ADDRESSED TO US
2026-08-17 03:27:24.223 | [sniff]   llc+nd : 0B023F00090001A76F0000
2026-08-17 03:27:24.231 | [sniff]   frame  : 0800261F4E00080026640000000EA8A8030B023F00090001A76F00000001CFE20005000800004400000000000001A356000000010001CFC6001C000E
2026-08-17 03:27:24.258 | [tx] node19999 -> node100  data seq=14 snd=42863 rcv=1 plen=14
2026-08-17 03:27:24.271 | [tx]   llc+nd : 0B0220000EA76F0001000E2113000300644E1F000100019064
2026-08-17 03:27:24.283 | [sniff] node102 -> node19999  kind0x0F seq=110 snd=0 rcv=51628 plen=102   <== ADDRESSED TO US
2026-08-17 03:27:24.300 | [sniff]   llc+nd : 0B020F006E0000C9AC0066
2026-08-17 03:27:24.310 | [sniff]   frame  : 0800261F4E00080026660000000EA8A8030B020F006E0000C9AC00660001D03A0005000800004400000000000001A356000000010001D01E001C000E
2026-08-17 03:27:24.349 | [sniff] node100 -> node19999  data seq=4 snd=1 rcv=42863 plen=14   <== ADDRESSED TO US
2026-08-17 03:27:24.366 | [sniff]   llc+nd : 0B022000040001A76F000E211300034E1F0064000000019065
2026-08-17 03:27:24.379 | [sniff]   frame  : 0800261F4E00080026640000001CA8A8030B022000040001A76F000E211300034E1F0064000000019065210082840066045F006407CE006207F00002
2026-08-17 03:27:24.406 | [link] WARNING the peer RE-SENT data frame seq=4 (we were waiting for 6). It has not seen our acknowledgement - check the send window and our own receive latency BEFORE looking for a fault in XMSG or the file server.
2026-08-17 03:27:24.445 | [tx] node19999 -> node100  ack seq=5 snd=42863 rcv=1 plen=0
2026-08-17 03:27:24.456 | [tx]   llc+nd : 0B023F0005A76F00010000
2026-08-17 03:27:24.464 | [RX] 100->19999 sub=Ack f1=0x0000 info=211300034E1F0064000000019065
2026-08-17 03:27:24.476 | [seq] node 100: ACK 0x0000 did NOT advance the store (still 0x0009)
2026-08-17 03:27:24.488 | [RX] 100->19999 sub=Ack (no reply expected)
2026-08-17 03:27:24.496 | [sniff] node100 -> node19999  data seq=5 snd=1 rcv=42863 plen=140   <== ADDRESSED TO US
2026-08-17 03:27:24.514 | [sniff]   llc+nd : 0B022000050001A76F008C2113000E4E1F0064000100708FEA210082844E1F0211006404EF007007F0004280000001920002920001F20001A207D0F200028C06920001920001F20003BD42414B3032202053595354454DF200048C38B01053595354454D27000000000000000000E180B01000000000000000000000000000000000B01000000000000000000000000000000000F200FF
2026-08-17 03:27:24.573 | [sniff]   frame  : 0800261F4E00080026640000009AA8A8030B022000050001A76F008C2113000E4E1F0064000100708FEA210082844E1F0211006404EF007007F0004280000001920002920001F20001A207D0F200028C06920001920001F20003BD42414B3032202053595354454DF200048C38B01053595354454D27000000000000000000E180B01000000000000000000000000000000000B01000000000000000000000000000000000F200FF
2026-08-17 03:27:24.638 | [link] WARNING the peer RE-SENT data frame seq=5 (we were waiting for 6). It has not seen our acknowledgement - check the send window and our own receive latency BEFORE looking for a fault in XMSG or the file server.
2026-08-17 03:27:24.675 | [tx] node19999 -> node100  ack seq=6 snd=42863 rcv=1 plen=0
2026-08-17 03:27:24.687 | [tx]   llc+nd : 0B023F0006A76F00010000
2026-08-17 03:27:24.695 | [RX] 100->19999 sub=Data f1=0x0001 info=2113000E4E1F0064000100708FEA210082844E1F0211006404EF007007F0004280000001920002920001F20001A207D0F200028C06920001920001F20003BD42414B3032202053595354454DF200048C38B01053595354454D27000000000000000000E180B01000000000000000000000000000000000B01000000000000000000000000000000000F200FF
2026-08-17 03:27:24.750 | [fa] system 100 re-sent the request at datagram Flags 1 0x0001; replaying the same reply rather than building a new one
2026-08-17 03:27:24.773 | [seq] node 100: ORIGINATE at Flags1 0x0009 (next becomes 0x000A)
2026-08-17 03:27:24.783 | [fa] short acknowledgement 5 to system 100 at Flags1 0x0001
2026-08-17 03:27:24.793 | [seq] node 100: ORIGINATE at Flags1 0x000A (next becomes 0x000B)
2026-08-17 03:27:24.804 | [fa] reply to system 100: 18 byte(s), FA body 07F0000280009081920002920001F200...
2026-08-17 03:27:24.820 | [TX] *** PARKED *** eth:d100 took a 14B frame but the send window is full; 9 datagram(s) now waiting and NOTHING is leaving this node until the peer acknowledges us
2026-08-17 03:27:24.863 | [TX] *** PARKED *** eth:d100 took a 36B frame but the send window is full; 10 datagram(s) now waiting and NOTHING is leaving this node until the peer acknowledges us
2026-08-17 03:27:24.892 | [TX] *** PARKED *** eth:d100 took a 46B frame but the send window is full; 11 datagram(s) now waiting and NOTHING is leaving this node until the peer acknowledges us
2026-08-17 03:27:24.925 | [RX] 100->19999 sub=Data answered with 3 frame(s)
2026-08-17 03:27:24.936 | [sniff] node102 -> node19999  kind0x0F seq=110 snd=0 rcv=51628 plen=102   <== ADDRESSED TO US
2026-08-17 03:27:24.954 | [sniff]   llc+nd : 0B020F006E0000C9AC0066
2026-08-17 03:27:24.961 | [sniff]   frame  : 0800261F4E00080026660000000EA8A8030B020F006E0000C9AC00660001D03A0005000800004400000000000001A356000000010001D01E001C000E
2026-08-17 03:27:24.986 | [sniff] node100 -> node19999  ack seq=10 snd=1 rcv=42863 plen=0   <== ADDRESSED TO US
2026-08-17 03:27:25.004 | [sniff]   llc+nd : 0B023F000A0001A76F0000
2026-08-17 03:27:25.012 | [sniff]   frame  : 0800261F4E00080026640000000EA8A8030B023F000A0001A76F00000001D03A0005000800004400000000000001A356000000010001D01E001C000E
2026-08-17 03:27:25.035 | [tx] node19999 -> node100  data seq=15 snd=42863 rcv=1 plen=36
2026-08-17 03:27:25.047 | [tx]   llc+nd : 0B0220000FA76F000100242113000E00644E1F00030008905021008284006404EF4E1F0211000807A200020200922A
2026-08-17 03:27:25.069 | [sniff] node100 -> node19999  data seq=4 snd=1 rcv=42863 plen=14   <== ADDRESSED TO US
2026-08-17 03:27:25.086 | [sniff]   llc+nd : 0B022000040001A76F000E211300034E1F0064000000019065
2026-08-17 03:27:25.097 | [sniff]   frame  : 0800261F4E00080026640000001CA8A8030B022000040001A76F000E211300034E1F0064000000019065210082840066045F006407CE006207F00002
2026-08-17 03:27:25.124 | [link] WARNING the peer RE-SENT data frame seq=4 (we were waiting for 6). It has not seen our acknowledgement - check the send window and our own receive latency BEFORE looking for a fault in XMSG or the file server.
2026-08-17 03:27:25.165 | [tx] node19999 -> node100  ack seq=5 snd=42863 rcv=1 plen=0
2026-08-17 03:27:25.175 | [tx]   llc+nd : 0B023F0005A76F00010000
2026-08-17 03:27:25.183 | [RX] 100->19999 sub=Ack f1=0x0000 info=211300034E1F0064000000019065
2026-08-17 03:27:25.196 | [seq] node 100: ACK 0x0000 did NOT advance the store (still 0x000B)
2026-08-17 03:27:25.210 | [RX] 100->19999 sub=Ack (no reply expected)
2026-08-17 03:27:25.219 | [sniff] node100 -> node19999  data seq=5 snd=1 rcv=42863 plen=140   <== ADDRESSED TO US
2026-08-17 03:27:25.234 | [sniff]   llc+nd : 0B022000050001A76F008C2113000E4E1F0064000100708FEA210082844E1F0211006404EF007007F0004280000001920002920001F20001A207D0F200028C06920001920001F20003BD42414B3032202053595354454DF200048C38B01053595354454D27000000000000000000E180B01000000000000000000000000000000000B01000000000000000000000000000000000F200FF
2026-08-17 03:27:25.294 | [sniff]   frame  : 0800261F4E00080026640000009AA8A8030B022000050001A76F008C2113000E4E1F0064000100708FEA210082844E1F0211006404EF007007F0004280000001920002920001F20001A207D0F200028C06920001920001F20003BD42414B3032202053595354454DF200048C38B01053595354454D27000000000000000000E180B01000000000000000000000000000000000B01000000000000000000000000000000000F200FF
2026-08-17 03:27:25.364 | [link] WARNING the peer RE-SENT data frame seq=5 (we were waiting for 6). It has not seen our acknowledgement - check the send window and our own receive latency BEFORE looking for a fault in XMSG or the file server.
2026-08-17 03:27:25.410 | [tx] node19999 -> node100  ack seq=6 snd=42863 rcv=1 plen=0
2026-08-17 03:27:25.421 | [tx]   llc+nd : 0B023F0006A76F00010000
2026-08-17 03:27:25.428 | [RX] 100->19999 sub=Data f1=0x0001 info=2113000E4E1F0064000100708FEA210082844E1F0211006404EF007007F0004280000001920002920001F20001A207D0F200028C06920001920001F20003BD42414B3032202053595354454DF200048C38B01053595354454D27000000000000000000E180B01000000000000000000000000000000000B01000000000000000000000000000000000F200FF
2026-08-17 03:27:25.477 | [fa] system 100 re-sent the request at datagram Flags 1 0x0001; replaying the same reply rather than building a new one
2026-08-17 03:27:25.497 | [seq] node 100: ORIGINATE at Flags1 0x000B (next becomes 0x000C)
2026-08-17 03:27:25.508 | [fa] short acknowledgement 6 to system 100 at Flags1 0x0001
2026-08-17 03:27:25.518 | [seq] node 100: ORIGINATE at Flags1 0x000C (next becomes 0x000D)
2026-08-17 03:27:25.529 | [fa] reply to system 100: 18 byte(s), FA body 07F0000280009081920002920001F200...
2026-08-17 03:27:25.542 | [TX] *** PARKED *** eth:d100 took a 14B frame but the send window is full; 11 datagram(s) now waiting and NOTHING is leaving this node until the peer acknowledges us
2026-08-17 03:27:25.567 | [TX] *** PARKED *** eth:d100 took a 36B frame but the send window is full; 12 datagram(s) now waiting and NOTHING is leaving this node until the peer acknowledges us
2026-08-17 03:27:25.595 | [TX] *** PARKED *** eth:d100 took a 46B frame but the send window is full; 13 datagram(s) now waiting and NOTHING is leaving this node until the peer acknowledges us
2026-08-17 03:27:25.625 | [RX] 100->19999 sub=Data answered with 3 frame(s)
2026-08-17 03:27:25.634 | [sniff] node100 -> node19999  ack seq=11 snd=1 rcv=42863 plen=0   <== ADDRESSED TO US
2026-08-17 03:27:25.650 | [sniff]   llc+nd : 0B023F000B0001A76F0000
2026-08-17 03:27:25.658 | [sniff]   frame  : 0800261F4E00080026640000000EA8A8030B023F000B0001A76F00000001D0920005000800004400000000000001A356000000010001D076001C000E
2026-08-17 03:27:25.679 | [tx] node19999 -> node100  data seq=16 snd=42863 rcv=1 plen=46
2026-08-17 03:27:25.689 | [tx]   llc+nd : 0B02200010A76F0001002E2113000E00644E1F00040012904521008284006404EF4E1F0211001207F0000280009081920002920001F200FF00
2026-08-17 03:27:25.710 | [sniff] node102 -> node19999  kind0x0F seq=110 snd=0 rcv=51628 plen=102   <== ADDRESSED TO US
2026-08-17 03:27:25.727 | [sniff]   llc+nd : 0B020F006E0000C9AC0066
2026-08-17 03:27:25.734 | [sniff]   frame  : 0800261F4E00080026660000000EA8A8030B020F006E0000C9AC00660001D03A0005000800004400000000000001A356000000010001D01E001C000E
2026-08-17 03:27:25.762 | [sniff] node100 -> node19999  data seq=5 snd=1 rcv=42863 plen=140   <== ADDRESSED TO US
2026-08-17 03:27:25.779 | [sniff]   llc+nd : 0B022000050001A76F008C2113000E4E1F0064000100708FEA210082844E1F0211006404EF007007F0004280000001920002920001F20001A207D0F200028C06920001920001F20003BD42414B3032202053595354454DF200048C38B01053595354454D27000000000000000000E180B01000000000000000000000000000000000B01000000000000000000000000000000000F200FF
2026-08-17 03:27:25.838 | [sniff]   frame  : 0800261F4E00080026640000009AA8A8030B022000050001A76F008C2113000E4E1F0064000100708FEA210082844E1F0211006404EF007007F0004280000001920002920001F20001A207D0F200028C06920001920001F20003BD42414B3032202053595354454DF200048C38B01053595354454D27000000000000000000E180B01000000000000000000000000000000000B01000000000000000000000000000000000F200FF
2026-08-17 03:27:25.921 | [link] WARNING the peer RE-SENT data frame seq=5 (we were waiting for 6). It has not seen our acknowledgement - check the send window and our own receive latency BEFORE looking for a fault in XMSG or the file server.
2026-08-17 03:27:25.963 | [tx] node19999 -> node100  ack seq=6 snd=42863 rcv=1 plen=0
2026-08-17 03:27:25.975 | [tx]   llc+nd : 0B023F0006A76F00010000
2026-08-17 03:27:25.984 | [RX] 100->19999 sub=Data f1=0x0001 info=2113000E4E1F0064000100708FEA210082844E1F0211006404EF007007F0004280000001920002920001F20001A207D0F200028C06920001920001F20003BD42414B3032202053595354454DF200048C38B01053595354454D27000000000000000000E180B01000000000000000000000000000000000B01000000000000000000000000000000000F200FF
2026-08-17 03:27:26.045 | [fa] system 100 re-sent the request at datagram Flags 1 0x0001; replaying the same reply rather than building a new one
2026-08-17 03:27:26.065 | [seq] node 100: ORIGINATE at Flags1 0x000D (next becomes 0x000E)
2026-08-17 03:27:26.077 | [fa] short acknowledgement 7 to system 100 at Flags1 0x0001
2026-08-17 03:27:26.088 | [seq] node 100: ORIGINATE at Flags1 0x000E (next becomes 0x000F)
2026-08-17 03:27:26.099 | [fa] reply to system 100: 18 byte(s), FA body 07F0000280009081920002920001F200...
2026-08-17 03:27:26.113 | [TX] *** PARKED *** eth:d100 took a 14B frame but the send window is full; 13 datagram(s) now waiting and NOTHING is leaving this node until the peer acknowledges us
2026-08-17 03:27:26.141 | [TX] *** PARKED *** eth:d100 took a 36B frame but the send window is full; 14 datagram(s) now waiting and NOTHING is leaving this node until the peer acknowledges us
2026-08-17 03:27:26.171 | [TX] *** PARKED *** eth:d100 took a 46B frame but the send window is full; 15 datagram(s) now waiting and NOTHING is leaving this node until the peer acknowledges us
2026-08-17 03:27:26.199 | [RX] 100->19999 sub=Data answered with 3 frame(s)
2026-08-17 03:27:26.208 | [sniff] node102 -> node19999  kind0x0F seq=110 snd=0 rcv=51628 plen=102   <== ADDRESSED TO US
2026-08-17 03:27:26.225 | [sniff]   llc+nd : 0B020F006E0000C9AC0066
2026-08-17 03:27:26.232 | [sniff]   frame  : 0800261F4E00080026660000000EA8A8030B020F006E0000C9AC00660001D03A0005000800004400000000000001A356000000010001D01E001C000E
2026-08-17 03:27:26.257 | [sniff] node102 -> node19999  kind0x0F seq=110 snd=0 rcv=51628 plen=102   <== ADDRESSED TO US
2026-08-17 03:27:26.274 | [sniff]   llc+nd : 0B020F006E0000C9AC0066
2026-08-17 03:27:26.282 | [sniff]   frame  : 0800261F4E00080026660000000EA8A8030B020F006E0000C9AC00660001D03A0005000800004400000000000001A356000000010001D01E001C000E
2026-08-17 03:27:26.308 | [sniff] node100 -> node19999  ack seq=12 snd=1 rcv=42863 plen=0   <== ADDRESSED TO US
2026-08-17 03:27:26.323 | [sniff]   llc+nd : 0B023F000C0001A76F0000
2026-08-17 03:27:26.330 | [sniff]   frame  : 0800261F4E00080026640000000EA8A8030B023F000C0001A76F00000001CF320005000800004400000000000001A356000000010001D0CE001C000E
2026-08-17 03:27:26.357 | [tx] node19999 -> node100  data seq=17 snd=42863 rcv=1 plen=14
2026-08-17 03:27:26.377 | [tx]   llc+nd : 0B02200011A76F0001000E2113000300644E1F000100019064
2026-08-17 03:27:26.389 | [sniff] node100 -> node19999  ack seq=13 snd=1 rcv=42863 plen=0   <== ADDRESSED TO US
2026-08-17 03:27:26.411 | [sniff]   llc+nd : 0B023F000D0001A76F0000
2026-08-17 03:27:26.420 | [sniff]   frame  : 0800261F4E00080026640000000EA8A8030B023F000D0001A76F00000001CF3200000000000500200000340000000000000000004E1F0001AA5C0100
2026-08-17 03:27:26.446 | [tx] node19999 -> node100  data seq=18 snd=42863 rcv=1 plen=36
2026-08-17 03:27:26.456 | [tx]   llc+nd : 0B02200012A76F000100242113000E00644E1F00050008904E21008284006404EF4E1F0211000807A200020300922A
2026-08-17 03:27:26.472 | [sniff] node100 -> node19999  data seq=6 snd=1 rcv=42863 plen=14   <== ADDRESSED TO US
2026-08-17 03:27:26.485 | [sniff]   llc+nd : 0B022000060001A76F000E211300034E1F0064000100019064
2026-08-17 03:27:26.497 | [sniff]   frame  : 0800261F4E00080026640000001CA8A8030B022000060001A76F000E211300034E1F0064000100019064210086E44E1F000000640683040000410012
2026-08-17 03:27:26.520 | [tx] node19999 -> node100  ack seq=7 snd=42863 rcv=1 plen=0
2026-08-17 03:27:26.531 | [tx]   llc+nd : 0B023F0007A76F00010000
2026-08-17 03:27:26.540 | [RX] 100->19999 sub=Ack f1=0x0001 info=211300034E1F0064000100019064
2026-08-17 03:27:26.553 | [seq] node 100: ACK 0x0001 did NOT advance the store (still 0x000F)
2026-08-17 03:27:26.565 | [RX] 100->19999 sub=Ack (no reply expected)
2026-08-17 03:27:26.573 | [sniff] node100 -> node19999  data seq=6 snd=1 rcv=42863 plen=14   <== ADDRESSED TO US
2026-08-17 03:27:26.586 | [sniff]   llc+nd : 0B022000060001A76F000E211300034E1F0064000100019064
2026-08-17 03:27:26.598 | [sniff]   frame  : 0800261F4E00080026640000001CA8A8030B022000060001A76F000E211300034E1F0064000100019064210086E44E1F000000640683040000410012
2026-08-17 03:27:26.622 | [link] WARNING the peer RE-SENT data frame seq=6 (we were waiting for 7). It has not seen our acknowledgement - check the send window and our own receive latency BEFORE looking for a fault in XMSG or the file server.
2026-08-17 03:27:26.657 | [tx] node19999 -> node100  ack seq=7 snd=42863 rcv=1 plen=0
2026-08-17 03:27:26.668 | [tx]   llc+nd : 0B023F0007A76F00010000
2026-08-17 03:27:26.676 | [RX] 100->19999 sub=Ack f1=0x0001 info=211300034E1F0064000100019064
2026-08-17 03:27:26.689 | [seq] node 100: ACK 0x0001 did NOT advance the store (still 0x000F)
2026-08-17 03:27:26.700 | [RX] 100->19999 sub=Ack (no reply expected)
2026-08-17 03:27:26.708 | [sniff] node100 -> node19999  data seq=6 snd=1 rcv=42863 plen=14   <== ADDRESSED TO US
2026-08-17 03:27:26.721 | [sniff]   llc+nd : 0B022000060001A76F000E211300034E1F0064000100019064
2026-08-17 03:27:26.734 | [sniff]   frame  : 0800261F4E00080026640000001CA8A8030B022000060001A76F000E211300034E1F0064000100019064210086E44E1F000000640683040000410012
2026-08-17 03:27:26.757 | [link] WARNING the peer RE-SENT data frame seq=6 (we were waiting for 7). It has not seen our acknowledgement - check the send window and our own receive latency BEFORE looking for a fault in XMSG or the file server.
2026-08-17 03:27:26.794 | [tx] node19999 -> node100  ack seq=7 snd=42863 rcv=1 plen=0
2026-08-17 03:27:26.806 | [tx]   llc+nd : 0B023F0007A76F00010000
2026-08-17 03:27:26.815 | [RX] 100->19999 sub=Ack f1=0x0001 info=211300034E1F0064000100019064
2026-08-17 03:27:26.828 | [seq] node 100: ACK 0x0001 did NOT advance the store (still 0x000F)
2026-08-17 03:27:26.842 | [RX] 100->19999 sub=Ack (no reply expected)
2026-08-17 03:27:26.850 | [sniff] node100 -> node19999  ack seq=14 snd=1 rcv=42863 plen=0   <== ADDRESSED TO US
2026-08-17 03:27:26.867 | [sniff]   llc+nd : 0B023F000E0001A76F0000
2026-08-17 03:27:26.876 | [sniff]   frame  : 0800261F4E00080026640000000EA8A8030B023F000E0001A76F00000001CFE20005000800004400000000000001A356000000010001CFC6001C000E
2026-08-17 03:27:26.909 | [tx] node19999 -> node100  data seq=19 snd=42863 rcv=1 plen=46
2026-08-17 03:27:26.924 | [tx]   llc+nd : 0B02200013A76F0001002E2113000E00644E1F00060012904321008284006404EF4E1F0211001207F0000280009081920002920001F200FF00
2026-08-17 03:27:26.950 | [segment] data=23 acks=13 other-stations=12
2026-08-17 03:27:26.958 | [sniff] node100 -> node19999  data seq=7 snd=1 rcv=42863 plen=14   <== ADDRESSED TO US
2026-08-17 03:27:26.973 | [sniff]   llc+nd : 0B022000070001A76F000E211300034E1F0064000200019063
2026-08-17 03:27:26.985 | [sniff]   frame  : 0800261F4E00080026640000001CA8A8030B022000070001A76F000E211300034E1F0064000200019063210086E44E1F000000640683040000410012
2026-08-17 03:27:27.009 | [tx] node19999 -> node100  ack seq=8 snd=42863 rcv=1 plen=0
2026-08-17 03:27:27.021 | [tx]   llc+nd : 0B023F0008A76F00010000
2026-08-17 03:27:27.028 | [RX] 100->19999 sub=Ack f1=0x0002 info=211300034E1F0064000200019063
2026-08-17 03:27:27.041 | [seq] node 100: ACK 0x0002 did NOT advance the store (still 0x000F)
2026-08-17 03:27:27.053 | [RX] 100->19999 sub=Ack (no reply expected)
2026-08-17 03:27:27.062 | [sniff] node100 -> node19999  data seq=8 snd=1 rcv=42863 plen=36   <== ADDRESSED TO US
2026-08-17 03:27:27.079 | [sniff]   llc+nd : 0B022000080001A76F00242113000E4E1F0064000200089051210082844E1F0211006404EF000807A2004201008485
2026-08-17 03:27:27.099 | [sniff]   frame  : 0800261F4E000800266400000032A8A8030B022000080001A76F00242113000E4E1F0064000200089051210082844E1F0211006404EF000807A2004201008485
2026-08-17 03:27:27.125 | [tx] node19999 -> node100  ack seq=9 snd=42863 rcv=1 plen=0
2026-08-17 03:27:27.136 | [tx]   llc+nd : 0B023F0009A76F00010000
2026-08-17 03:27:27.144 | [RX] 100->19999 sub=Data f1=0x0002 info=2113000E4E1F0064000200089051210082844E1F0211006404EF000807A2004201008485
2026-08-17 03:27:27.164 | [fa] short acknowledgement from system 100, conversation 0x0042
2026-08-17 03:27:27.175 | [TX] *** PARKED *** eth:d100 took a 14B frame but the send window is full; 13 datagram(s) now waiting and NOTHING is leaving this node until the peer acknowledges us
2026-08-17 03:27:27.204 | [RX] 100->19999 sub=Data answered with 1 frame(s)
2026-08-17 03:27:27.213 | [sniff] node100 -> node19999  data seq=9 snd=1 rcv=42863 plen=128   <== ADDRESSED TO US
2026-08-17 03:27:27.229 | [sniff]   llc+nd : 0B022000090001A76F00802113000E4E1F0064000300648FF4210082844E1F0211006404EF006407F000428100D76192000C920002F20001920078F200028C8046B03E2853595354454D2944454C4D453A545854275354454D2944454C4D453A54585427FF00000000000000000000000000000000000000000000000000000000A20000A2FFFFF200FF39
2026-08-17 03:27:27.279 | [sniff]   frame  : 0800261F4E00080026640000008EA8A8030B022000090001A76F00802113000E4E1F0064000300648FF4210082844E1F0211006404EF006407F000428100D76192000C920002F20001920078F200028C8046B03E2853595354454D2944454C4D453A545854275354454D2944454C4D453A54585427FF00000000000000000000000000000000000000000000000000000000A20000A2FFFFF200FF39
2026-08-17 03:27:27.346 | [tx] node19999 -> node100  ack seq=10 snd=42863 rcv=1 plen=0
2026-08-17 03:27:27.357 | [tx]   llc+nd : 0B023F000AA76F00010000
2026-08-17 03:27:27.364 | [RX] 100->19999 sub=Data f1=0x0003 info=2113000E4E1F0064000300648FF4210082844E1F0211006404EF006407F000428100D76192000C920002F20001920078F200028C8046B03E2853595354454D2944454C4D453A545854275354454D2944454C4D453A54585427FF00000000000000000000000000000000000000000000000000000000A20000A2FFFFF200FF39
2026-08-17 03:27:27.425 | [fa] the request names 'DELME:TXT': 1 of 7 file(s) match
2026-08-17 03:27:27.435 | [fa] directory walk started by system 100: 1 file(s) in E:\Dev\Ronny\NDInsight\SINTRAN\XMSG\SRC\Xmsg.Live.Runner\bin\Debug\net9.0\served-files
2026-08-17 03:27:27.470 | [fa] directory entry 0 for system 100: DELME:TXT file 2, 62 byte(s)
2026-08-17 03:27:27.484 | [seq] node 100: ORIGINATE at Flags1 0x000F (next becomes 0x0010)
2026-08-17 03:27:27.497 | [fa] short acknowledgement 8 to system 100 at Flags1 0x0003
2026-08-17 03:27:27.509 | [seq] node 100: ORIGINATE at Flags1 0x0010 (next becomes 0x0011)
2026-08-17 03:27:27.523 | [fa] reply to system 100: 98 byte(s), FA body 07F000028100908192000C920002F200...
2026-08-17 03:27:27.544 | [TX] *** PARKED *** eth:d100 took a 14B frame but the send window is full; 14 datagram(s) now waiting and NOTHING is leaving this node until the peer acknowledges us
2026-08-17 03:27:27.578 | [TX] *** PARKED *** eth:d100 took a 36B frame but the send window is full; 15 datagram(s) now waiting and NOTHING is leaving this node until the peer acknowledges us
2026-08-17 03:27:27.608 | [TX] *** PARKED *** eth:d100 took a 126B frame but the send window is full; 16 datagram(s) now waiting and NOTHING is leaving this node until the peer acknowledges us
2026-08-17 03:27:27.638 | [RX] 100->19999 sub=Data answered with 3 frame(s)
2026-08-17 03:27:27.646 | [sniff] node100 -> node19999  data seq=6 snd=1 rcv=42863 plen=14   <== ADDRESSED TO US
2026-08-17 03:27:27.659 | [sniff]   llc+nd : 0B022000060001A76F000E211300034E1F0064000100019064
2026-08-17 03:27:27.670 | [sniff]   frame  : 0800261F4E00080026640000001CA8A8030B022000060001A76F000E211300034E1F0064000100019064210086E44E1F000000640683040000410012
2026-08-17 03:27:27.692 | [link] WARNING the peer RE-SENT data frame seq=6 (we were waiting for 10). It has not seen our acknowledgement - check the send window and our own receive latency BEFORE looking for a fault in XMSG or the file server.
2026-08-17 03:27:27.728 | [tx] node19999 -> node100  ack seq=7 snd=42863 rcv=1 plen=0
2026-08-17 03:27:27.738 | [tx]   llc+nd : 0B023F0007A76F00010000
2026-08-17 03:27:27.744 | [RX] 100->19999 sub=Ack f1=0x0001 info=211300034E1F0064000100019064
2026-08-17 03:27:27.757 | [seq] node 100: ACK 0x0001 did NOT advance the store (still 0x0011)
2026-08-17 03:27:27.769 | [RX] 100->19999 sub=Ack (no reply expected)
2026-08-17 03:27:27.775 | [sniff] node100 -> node19999  data seq=7 snd=1 rcv=42863 plen=14   <== ADDRESSED TO US
2026-08-17 03:27:27.789 | [sniff]   llc+nd : 0B022000070001A76F000E211300034E1F0064000200019063
2026-08-17 03:27:27.802 | [sniff]   frame  : 0800261F4E00080026640000001CA8A8030B022000070001A76F000E211300034E1F0064000200019063210086E44E1F000000640683040000410012
2026-08-17 03:27:27.824 | [link] WARNING the peer RE-SENT data frame seq=7 (we were waiting for 10). It has not seen our acknowledgement - check the send window and our own receive latency BEFORE looking for a fault in XMSG or the file server.
2026-08-17 03:27:27.860 | [tx] node19999 -> node100  ack seq=8 snd=42863 rcv=1 plen=0
2026-08-17 03:27:27.871 | [tx]   llc+nd : 0B023F0008A76F00010000
2026-08-17 03:27:27.879 | [RX] 100->19999 sub=Ack f1=0x0002 info=211300034E1F0064000200019063
2026-08-17 03:27:27.889 | [seq] node 100: ACK 0x0002 did NOT advance the store (still 0x0011)
2026-08-17 03:27:27.903 | [RX] 100->19999 sub=Ack (no reply expected)
2026-08-17 03:27:27.911 | [sniff] node100 -> node19999  data seq=8 snd=1 rcv=42863 plen=36   <== ADDRESSED TO US
2026-08-17 03:27:27.925 | [sniff]   llc+nd : 0B022000080001A76F00242113000E4E1F0064000200089051210082844E1F0211006404EF000807A2004201008485
2026-08-17 03:27:27.945 | [sniff]   frame  : 0800261F4E000800266400000032A8A8030B022000080001A76F00242113000E4E1F0064000200089051210082844E1F0211006404EF000807A2004201008485
2026-08-17 03:27:27.973 | [link] WARNING the peer RE-SENT data frame seq=8 (we were waiting for 10). It has not seen our acknowledgement - check the send window and our own receive latency BEFORE looking for a fault in XMSG or the file server.
2026-08-17 03:27:28.009 | [tx] node19999 -> node100  ack seq=9 snd=42863 rcv=1 plen=0
2026-08-17 03:27:28.023 | [tx]   llc+nd : 0B023F0009A76F00010000
2026-08-17 03:27:28.032 | [RX] 100->19999 sub=Data f1=0x0002 info=2113000E4E1F0064000200089051210082844E1F0211006404EF000807A2004201008485
2026-08-17 03:27:28.062 | [fa] short acknowledgement from system 100, conversation 0x0042
2026-08-17 03:27:28.072 | [TX] *** PARKED *** eth:d100 took a 14B frame but the send window is full; 17 datagram(s) now waiting and NOTHING is leaving this node until the peer acknowledges us
2026-08-17 03:27:28.098 | [RX] 100->19999 sub=Data answered with 1 frame(s)
2026-08-17 03:27:28.106 | [sniff] node100 -> node19999  data seq=6 snd=1 rcv=42863 plen=14   <== ADDRESSED TO US
2026-08-17 03:27:28.118 | [sniff]   llc+nd : 0B022000060001A76F000E211300034E1F0064000100019064
2026-08-17 03:27:28.129 | [sniff]   frame  : 0800261F4E00080026640000001CA8A8030B022000060001A76F000E211300034E1F0064000100019064210086E44E1F000000640683040000410012
2026-08-17 03:27:28.153 | [link] WARNING the peer RE-SENT data frame seq=6 (we were waiting for 10). It has not seen our acknowledgement - check the send window and our own receive latency BEFORE looking for a fault in XMSG or the file server.
2026-08-17 03:27:28.195 | [tx] node19999 -> node100  ack seq=7 snd=42863 rcv=1 plen=0
2026-08-17 03:27:28.207 | [tx]   llc+nd : 0B023F0007A76F00010000
2026-08-17 03:27:28.216 | [RX] 100->19999 sub=Ack f1=0x0001 info=211300034E1F0064000100019064
2026-08-17 03:27:28.227 | [seq] node 100: ACK 0x0001 did NOT advance the store (still 0x0011)
2026-08-17 03:27:28.240 | [RX] 100->19999 sub=Ack (no reply expected)
2026-08-17 03:27:28.248 | [sniff] node100 -> node19999  data seq=9 snd=1 rcv=42863 plen=128   <== ADDRESSED TO US
2026-08-17 03:27:28.264 | [sniff]   llc+nd : 0B022000090001A76F00802113000E4E1F0064000300648FF4210082844E1F0211006404EF006407F000428100D76192000C920002F20001920078F200028C8046B03E2853595354454D2944454C4D453A545854275354454D2944454C4D453A54585427FF00000000000000000000000000000000000000000000000000000000A20000A2FFFFF200FF39
2026-08-17 03:27:28.315 | [sniff]   frame  : 0800261F4E00080026640000008EA8A8030B022000090001A76F00802113000E4E1F0064000300648FF4210082844E1F0211006404EF006407F000428100D76192000C920002F20001920078F200028C8046B03E2853595354454D2944454C4D453A545854275354454D2944454C4D453A54585427FF00000000000000000000000000000000000000000000000000000000A20000A2FFFFF200FF39
2026-08-17 03:27:28.376 | [link] WARNING the peer RE-SENT data frame seq=9 (we were waiting for 10). It has not seen our acknowledgement - check the send window and our own receive latency BEFORE looking for a fault in XMSG or the file server.
2026-08-17 03:27:28.414 | [tx] node19999 -> node100  ack seq=10 snd=42863 rcv=1 plen=0
2026-08-17 03:27:28.425 | [tx]   llc+nd : 0B023F000AA76F00010000
2026-08-17 03:27:28.432 | [RX] 100->19999 sub=Data f1=0x0003 info=2113000E4E1F0064000300648FF4210082844E1F0211006404EF006407F000428100D76192000C920002F20001920078F200028C8046B03E2853595354454D2944454C4D453A545854275354454D2944454C4D453A54585427FF00000000000000000000000000000000000000000000000000000000A20000A2FFFFF200FF39
2026-08-17 03:27:28.485 | [fa] system 100 re-sent the request at datagram Flags 1 0x0003; replaying the same reply rather than building a new one
2026-08-17 03:27:28.504 | [seq] node 100: ORIGINATE at Flags1 0x0011 (next becomes 0x0012)
2026-08-17 03:27:28.515 | [fa] short acknowledgement 9 to system 100 at Flags1 0x0003
2026-08-17 03:27:28.525 | [seq] node 100: ORIGINATE at Flags1 0x0012 (next becomes 0x0013)
2026-08-17 03:27:28.536 | [fa] reply to system 100: 98 byte(s), FA body 07F000028100908192000C920002F200...
2026-08-17 03:27:28.553 | [TX] *** PARKED *** eth:d100 took a 14B frame but the send window is full; 18 datagram(s) now waiting and NOTHING is leaving this node until the peer acknowledges us
2026-08-17 03:27:28.594 | [TX] *** PARKED *** eth:d100 took a 36B frame but the send window is full; 19 datagram(s) now waiting and NOTHING is leaving this node until the peer acknowledges us
2026-08-17 03:27:28.624 | [TX] *** PARKED *** eth:d100 took a 126B frame but the send window is full; 20 datagram(s) now waiting and NOTHING is leaving this node until the peer acknowledges us
2026-08-17 03:27:28.652 | [RX] 100->19999 sub=Data answered with 3 frame(s)
2026-08-17 03:27:28.663 | [sniff] node100 -> node19999  data seq=7 snd=1 rcv=42863 plen=14   <== ADDRESSED TO US
2026-08-17 03:27:28.677 | [sniff]   llc+nd : 0B022000070001A76F000E211300034E1F0064000200019063
2026-08-17 03:27:28.689 | [sniff]   frame  : 0800261F4E00080026640000001CA8A8030B022000070001A76F000E211300034E1F0064000200019063210086E44E1F000000640683040000410012
2026-08-17 03:27:28.715 | [link] WARNING the peer RE-SENT data frame seq=7 (we were waiting for 10). It has not seen our acknowledgement - check the send window and our own receive latency BEFORE looking for a fault in XMSG or the file server.
2026-08-17 03:27:28.760 | [tx] node19999 -> node100  ack seq=8 snd=42863 rcv=1 plen=0
2026-08-17 03:27:28.771 | [tx]   llc+nd : 0B023F0008A76F00010000
2026-08-17 03:27:28.779 | [RX] 100->19999 sub=Ack f1=0x0002 info=211300034E1F0064000200019063
2026-08-17 03:27:28.791 | [seq] node 100: ACK 0x0002 did NOT advance the store (still 0x0013)
2026-08-17 03:27:28.802 | [RX] 100->19999 sub=Ack (no reply expected)
2026-08-17 03:27:28.809 | [sniff] node100 -> node19999  data seq=8 snd=1 rcv=42863 plen=36   <== ADDRESSED TO US
2026-08-17 03:27:28.825 | [sniff]   llc+nd : 0B022000080001A76F00242113000E4E1F0064000200089051210082844E1F0211006404EF000807A2004201008485
2026-08-17 03:27:28.846 | [sniff]   frame  : 0800261F4E000800266400000032A8A8030B022000080001A76F00242113000E4E1F0064000200089051210082844E1F0211006404EF000807A2004201008485
2026-08-17 03:27:28.871 | [link] WARNING the peer RE-SENT data frame seq=8 (we were waiting for 10). It has not seen our acknowledgement - check the send window and our own receive latency BEFORE looking for a fault in XMSG or the file server.
2026-08-17 03:27:28.908 | [tx] node19999 -> node100  ack seq=9 snd=42863 rcv=1 plen=0
2026-08-17 03:27:28.917 | [tx]   llc+nd : 0B023F0009A76F00010000
2026-08-17 03:27:28.925 | [RX] 100->19999 sub=Data f1=0x0002 info=2113000E4E1F0064000200089051210082844E1F0211006404EF000807A2004201008485
2026-08-17 03:27:28.944 | [fa] short acknowledgement from system 100, conversation 0x0042
2026-08-17 03:27:28.956 | [TX] *** PARKED *** eth:d100 took a 14B frame but the send window is full; 21 datagram(s) now waiting and NOTHING is leaving this node until the peer acknowledges us
2026-08-17 03:27:28.984 | [RX] 100->19999 sub=Data answered with 1 frame(s)
2026-08-17 03:27:28.993 | [sniff] node100 -> node19999  data seq=6 snd=1 rcv=42863 plen=14   <== ADDRESSED TO US
2026-08-17 03:27:29.008 | [sniff]   llc+nd : 0B022000060001A76F000E211300034E1F0064000100019064
2026-08-17 03:27:29.021 | [sniff]   frame  : 0800261F4E00080026640000001CA8A8030B022000060001A76F000E211300034E1F0064000100019064210086E44E1F000000640683040000410012
2026-08-17 03:27:29.046 | [link] WARNING the peer RE-SENT data frame seq=6 (we were waiting for 10). It has not seen our acknowledgement - check the send window and our own receive latency BEFORE looking for a fault in XMSG or the file server.
2026-08-17 03:27:29.094 | [tx] node19999 -> node100  ack seq=7 snd=42863 rcv=1 plen=0
2026-08-17 03:27:29.110 | [tx]   llc+nd : 0B023F0007A76F00010000
2026-08-17 03:27:29.118 | [RX] 100->19999 sub=Ack f1=0x0001 info=211300034E1F0064000100019064
2026-08-17 03:27:29.129 | [seq] node 100: ACK 0x0001 did NOT advance the store (still 0x0013)
2026-08-17 03:27:29.140 | [RX] 100->19999 sub=Ack (no reply expected)
2026-08-17 03:27:29.148 | [sniff] node100 -> node19999  data seq=9 snd=1 rcv=42863 plen=128   <== ADDRESSED TO US
2026-08-17 03:27:29.164 | [sniff]   llc+nd : 0B022000090001A76F00802113000E4E1F0064000300648FF4210082844E1F0211006404EF006407F000428100D76192000C920002F20001920078F200028C8046B03E2853595354454D2944454C4D453A545854275354454D2944454C4D453A54585427FF00000000000000000000000000000000000000000000000000000000A20000A2FFFFF200FF39
2026-08-17 03:27:29.209 | [sniff]   frame  : 0800261F4E00080026640000008EA8A8030B022000090001A76F00802113000E4E1F0064000300648FF4210082844E1F0211006404EF006407F000428100D76192000C920002F20001920078F200028C8046B03E2853595354454D2944454C4D453A545854275354454D2944454C4D453A54585427FF00000000000000000000000000000000000000000000000000000000A20000A2FFFFF200FF39
2026-08-17 03:27:29.263 | [link] WARNING the peer RE-SENT data frame seq=9 (we were waiting for 10). It has not seen our acknowledgement - check the send window and our own receive latency BEFORE looking for a fault in XMSG or the file server.
2026-08-17 03:27:29.301 | [tx] node19999 -> node100  ack seq=10 snd=42863 rcv=1 plen=0
2026-08-17 03:27:29.311 | [tx]   llc+nd : 0B023F000AA76F00010000
2026-08-17 03:27:29.319 | [RX] 100->19999 sub=Data f1=0x0003 info=2113000E4E1F0064000300648FF4210082844E1F0211006404EF006407F000428100D76192000C920002F20001920078F200028C8046B03E2853595354454D2944454C4D453A545854275354454D2944454C4D453A54585427FF00000000000000000000000000000000000000000000000000000000A20000A2FFFFF200FF39
2026-08-17 03:27:29.369 | [fa] system 100 re-sent the request at datagram Flags 1 0x0003; replaying the same reply rather than building a new one
2026-08-17 03:27:29.390 | [seq] node 100: ORIGINATE at Flags1 0x0013 (next becomes 0x0014)
2026-08-17 03:27:29.401 | [fa] short acknowledgement 10 to system 100 at Flags1 0x0003
2026-08-17 03:27:29.411 | [seq] node 100: ORIGINATE at Flags1 0x0014 (next becomes 0x0015)
2026-08-17 03:27:29.421 | [fa] reply to system 100: 98 byte(s), FA body 07F000028100908192000C920002F200...
2026-08-17 03:27:29.434 | [TX] *** PARKED *** eth:d100 took a 14B frame but the send window is full; 22 datagram(s) now waiting and NOTHING is leaving this node until the peer acknowledges us
2026-08-17 03:27:29.458 | [TX] *** PARKED *** eth:d100 took a 36B frame but the send window is full; 23 datagram(s) now waiting and NOTHING is leaving this node until the peer acknowledges us
2026-08-17 03:27:29.485 | [TX] *** PARKED *** eth:d100 took a 126B frame but the send window is full; 24 datagram(s) now waiting and NOTHING is leaving this node until the peer acknowledges us
2026-08-17 03:27:29.513 | [RX] 100->19999 sub=Data answered with 3 frame(s)
2026-08-17 03:27:29.522 | [sniff] node100 -> node19999  ack seq=15 snd=1 rcv=42863 plen=0   <== ADDRESSED TO US
2026-08-17 03:27:29.537 | [sniff]   llc+nd : 0B023F000F0001A76F0000
2026-08-17 03:27:29.544 | [sniff]   frame  : 0800261F4E00080026640000000EA8A8030B023F000F0001A76F00000001D03A0005000800004400000000000001A356000000010001D01E001C000E
2026-08-17 03:27:29.566 | [tx] node19999 -> node100  data seq=20 snd=42863 rcv=1 plen=14
2026-08-17 03:27:29.577 | [tx]   llc+nd : 0B02200014A76F0001000E2113000300644E1F000100019064
2026-08-17 03:27:29.591 | [sniff] node100 -> node19999  data seq=7 snd=1 rcv=42863 plen=14   <== ADDRESSED TO US
2026-08-17 03:27:29.607 | [sniff]   llc+nd : 0B022000070001A76F000E211300034E1F0064000200019063
2026-08-17 03:27:29.622 | [sniff]   frame  : 0800261F4E00080026640000001CA8A8030B022000070001A76F000E211300034E1F0064000200019063210086E44E1F000000640683040000410012
2026-08-17 03:27:29.647 | [link] WARNING the peer RE-SENT data frame seq=7 (we were waiting for 10). It has not seen our acknowledgement - check the send window and our own receive latency BEFORE looking for a fault in XMSG or the file server.
2026-08-17 03:27:29.684 | [tx] node19999 -> node100  ack seq=8 snd=42863 rcv=1 plen=0
2026-08-17 03:27:29.695 | [tx]   llc+nd : 0B023F0008A76F00010000
2026-08-17 03:27:29.703 | [RX] 100->19999 sub=Ack f1=0x0002 info=211300034E1F0064000200019063
2026-08-17 03:27:29.718 | [seq] node 100: ACK 0x0002 did NOT advance the store (still 0x0015)
2026-08-17 03:27:29.729 | [RX] 100->19999 sub=Ack (no reply expected)
2026-08-17 03:27:29.736 | [sniff] node100 -> node19999  data seq=8 snd=1 rcv=42863 plen=36   <== ADDRESSED TO US
2026-08-17 03:27:29.751 | [sniff]   llc+nd : 0B022000080001A76F00242113000E4E1F0064000200089051210082844E1F0211006404EF000807A2004201008485
2026-08-17 03:27:29.771 | [sniff]   frame  : 0800261F4E000800266400000032A8A8030B022000080001A76F00242113000E4E1F0064000200089051210082844E1F0211006404EF000807A2004201008485
2026-08-17 03:27:29.798 | [link] WARNING the peer RE-SENT data frame seq=8 (we were waiting for 10). It has not seen our acknowledgement - check the send window and our own receive latency BEFORE looking for a fault in XMSG or the file server.
2026-08-17 03:27:29.836 | [tx] node19999 -> node100  ack seq=9 snd=42863 rcv=1 plen=0
2026-08-17 03:27:29.846 | [tx]   llc+nd : 0B023F0009A76F00010000
2026-08-17 03:27:29.854 | [RX] 100->19999 sub=Data f1=0x0002 info=2113000E4E1F0064000200089051210082844E1F0211006404EF000807A2004201008485
2026-08-17 03:27:29.873 | [fa] short acknowledgement from system 100, conversation 0x0042
2026-08-17 03:27:29.884 | [TX] *** PARKED *** eth:d100 took a 14B frame but the send window is full; 24 datagram(s) now waiting and NOTHING is leaving this node until the peer acknowledges us
2026-08-17 03:27:29.915 | [RX] 100->19999 sub=Data answered with 1 frame(s)
2026-08-17 03:27:29.924 | [sniff] node100 -> node19999  data seq=6 snd=1 rcv=42863 plen=14   <== ADDRESSED TO US
2026-08-17 03:27:29.940 | [sniff]   llc+nd : 0B022000060001A76F000E211300034E1F0064000100019064
2026-08-17 03:27:29.955 | [sniff]   frame  : 0800261F4E00080026640000001CA8A8030B022000060001A76F000E211300034E1F0064000100019064210086E44E1F000000640683040000410012
2026-08-17 03:27:29.980 | [link] WARNING the peer RE-SENT data frame seq=6 (we were waiting for 10). It has not seen our acknowledgement - check the send window and our own receive latency BEFORE looking for a fault in XMSG or the file server.
2026-08-17 03:27:30.016 | [tx] node19999 -> node100  ack seq=7 snd=42863 rcv=1 plen=0
2026-08-17 03:27:30.026 | [tx]   llc+nd : 0B023F0007A76F00010000
2026-08-17 03:27:30.033 | [RX] 100->19999 sub=Ack f1=0x0001 info=211300034E1F0064000100019064
2026-08-17 03:27:30.045 | [seq] node 100: ACK 0x0001 did NOT advance the store (still 0x0015)
2026-08-17 03:27:30.057 | [RX] 100->19999 sub=Ack (no reply expected)
2026-08-17 03:27:30.066 | [sniff] node100 -> node19999  data seq=9 snd=1 rcv=42863 plen=128   <== ADDRESSED TO US
2026-08-17 03:27:30.082 | [sniff]   llc+nd : 0B022000090001A76F00802113000E4E1F0064000300648FF4210082844E1F0211006404EF006407F000428100D76192000C920002F20001920078F200028C8046B03E2853595354454D2944454C4D453A545854275354454D2944454C4D453A54585427FF00000000000000000000000000000000000000000000000000000000A20000A2FFFFF200FF39
2026-08-17 03:27:30.157 | [sniff]   frame  : 0800261F4E00080026640000008EA8A8030B022000090001A76F00802113000E4E1F0064000300648FF4210082844E1F0211006404EF006407F000428100D76192000C920002F20001920078F200028C8046B03E2853595354454D2944454C4D453A545854275354454D2944454C4D453A54585427FF00000000000000000000000000000000000000000000000000000000A20000A2FFFFF200FF39
2026-08-17 03:27:30.212 | [link] WARNING the peer RE-SENT data frame seq=9 (we were waiting for 10). It has not seen our acknowledgement - check the send window and our own receive latency BEFORE looking for a fault in XMSG or the file server.
2026-08-17 03:27:30.252 | [tx] node19999 -> node100  ack seq=10 snd=42863 rcv=1 plen=0
2026-08-17 03:27:30.262 | [tx]   llc+nd : 0B023F000AA76F00010000
2026-08-17 03:27:30.270 | [RX] 100->19999 sub=Data f1=0x0003 info=2113000E4E1F0064000300648FF4210082844E1F0211006404EF006407F000428100D76192000C920002F20001920078F200028C8046B03E2853595354454D2944454C4D453A545854275354454D2944454C4D453A54585427FF00000000000000000000000000000000000000000000000000000000A20000A2FFFFF200FF39
2026-08-17 03:27:30.320 | [fa] system 100 re-sent the request at datagram Flags 1 0x0003; replaying the same reply rather than building a new one
2026-08-17 03:27:30.342 | [seq] node 100: ORIGINATE at Flags1 0x0015 (next becomes 0x0016)
2026-08-17 03:27:30.353 | [fa] short acknowledgement 11 to system 100 at Flags1 0x0003
2026-08-17 03:27:30.364 | [seq] node 100: ORIGINATE at Flags1 0x0016 (next becomes 0x0017)
2026-08-17 03:27:30.375 | [fa] reply to system 100: 98 byte(s), FA body 07F000028100908192000C920002F200...
2026-08-17 03:27:30.389 | [TX] *** PARKED *** eth:d100 took a 14B frame but the send window is full; 25 datagram(s) now waiting and NOTHING is leaving this node until the peer acknowledges us
2026-08-17 03:27:30.416 | [TX] *** PARKED *** eth:d100 took a 36B frame but the send window is full; 26 datagram(s) now waiting and NOTHING is leaving this node until the peer acknowledges us
2026-08-17 03:27:30.443 | [TX] *** PARKED *** eth:d100 took a 126B frame but the send window is full; 27 datagram(s) now waiting and NOTHING is leaving this node until the peer acknowledges us
2026-08-17 03:27:30.468 | [RX] 100->19999 sub=Data answered with 3 frame(s)
2026-08-17 03:27:30.479 | [sniff] node100 -> node19999  data seq=7 snd=1 rcv=42863 plen=14   <== ADDRESSED TO US
2026-08-17 03:27:30.494 | [sniff]   llc+nd : 0B022000070001A76F000E211300034E1F0064000200019063
2026-08-17 03:27:30.509 | [sniff]   frame  : 0800261F4E00080026640000001CA8A8030B022000070001A76F000E211300034E1F0064000200019063210086E44E1F000000640683040000410012
2026-08-17 03:27:30.533 | [link] WARNING the peer RE-SENT data frame seq=7 (we were waiting for 10). It has not seen our acknowledgement - check the send window and our own receive latency BEFORE looking for a fault in XMSG or the file server.
2026-08-17 03:27:30.574 | [tx] node19999 -> node100  ack seq=8 snd=42863 rcv=1 plen=0
2026-08-17 03:27:30.586 | [tx]   llc+nd : 0B023F0008A76F00010000
2026-08-17 03:27:30.594 | [RX] 100->19999 sub=Ack f1=0x0002 info=211300034E1F0064000200019063
2026-08-17 03:27:30.607 | [seq] node 100: ACK 0x0002 did NOT advance the store (still 0x0017)
2026-08-17 03:27:30.619 | [RX] 100->19999 sub=Ack (no reply expected)
2026-08-17 03:27:30.628 | [sniff] node100 -> node19999  data seq=8 snd=1 rcv=42863 plen=36   <== ADDRESSED TO US
2026-08-17 03:27:30.648 | [sniff]   llc+nd : 0B022000080001A76F00242113000E4E1F0064000200089051210082844E1F0211006404EF000807A2004201008485
2026-08-17 03:27:30.669 | [sniff]   frame  : 0800261F4E000800266400000032A8A8030B022000080001A76F00242113000E4E1F0064000200089051210082844E1F0211006404EF000807A2004201008485
2026-08-17 03:27:30.694 | [link] WARNING the peer RE-SENT data frame seq=8 (we were waiting for 10). It has not seen our acknowledgement - check the send window and our own receive latency BEFORE looking for a fault in XMSG or the file server.
2026-08-17 03:27:30.730 | [tx] node19999 -> node100  ack seq=9 snd=42863 rcv=1 plen=0
2026-08-17 03:27:30.745 | [tx]   llc+nd : 0B023F0009A76F00010000
2026-08-17 03:27:30.753 | [RX] 100->19999 sub=Data f1=0x0002 info=2113000E4E1F0064000200089051210082844E1F0211006404EF000807A2004201008485
2026-08-17 03:27:30.773 | [fa] short acknowledgement from system 100, conversation 0x0042
2026-08-17 03:27:30.783 | [TX] *** PARKED *** eth:d100 took a 14B frame but the send window is full; 28 datagram(s) now waiting and NOTHING is leaving this node until the peer acknowledges us
2026-08-17 03:27:30.812 | [RX] 100->19999 sub=Data answered with 1 frame(s)
2026-08-17 03:27:30.822 | [sniff] node100 -> node19999  data seq=6 snd=1 rcv=42863 plen=14   <== ADDRESSED TO US
2026-08-17 03:27:30.835 | [sniff]   llc+nd : 0B022000060001A76F000E211300034E1F0064000100019064
2026-08-17 03:27:30.845 | [sniff]   frame  : 0800261F4E00080026640000001CA8A8030B022000060001A76F000E211300034E1F0064000100019064210086E44E1F000000640683040000410012
2026-08-17 03:27:30.867 | [link] WARNING the peer RE-SENT data frame seq=6 (we were waiting for 10). It has not seen our acknowledgement - check the send window and our own receive latency BEFORE looking for a fault in XMSG or the file server.
2026-08-17 03:27:30.903 | [tx] node19999 -> node100  ack seq=7 snd=42863 rcv=1 plen=0
2026-08-17 03:27:30.913 | [tx]   llc+nd : 0B023F0007A76F00010000
2026-08-17 03:27:30.919 | [RX] 100->19999 sub=Ack f1=0x0001 info=211300034E1F0064000100019064
2026-08-17 03:27:30.930 | [seq] node 100: ACK 0x0001 did NOT advance the store (still 0x0017)
2026-08-17 03:27:30.944 | [RX] 100->19999 sub=Ack (no reply expected)
2026-08-17 03:27:30.952 | [sniff] node100 -> node19999  data seq=9 snd=1 rcv=42863 plen=128   <== ADDRESSED TO US
2026-08-17 03:27:30.967 | [sniff]   llc+nd : 0B022000090001A76F00802113000E4E1F0064000300648FF4210082844E1F0211006404EF006407F000428100D76192000C920002F20001920078F200028C8046B03E2853595354454D2944454C4D453A545854275354454D2944454C4D453A54585427FF00000000000000000000000000000000000000000000000000000000A20000A2FFFFF200FF39
2026-08-17 03:27:31.020 | [sniff]   frame  : 0800261F4E00080026640000008EA8A8030B022000090001A76F00802113000E4E1F0064000300648FF4210082844E1F0211006404EF006407F000428100D76192000C920002F20001920078F200028C8046B03E2853595354454D2944454C4D453A545854275354454D2944454C4D453A54585427FF00000000000000000000000000000000000000000000000000000000A20000A2FFFFF200FF39
2026-08-17 03:27:31.075 | [link] WARNING the peer RE-SENT data frame seq=9 (we were waiting for 10). It has not seen our acknowledgement - check the send window and our own receive latency BEFORE looking for a fault in XMSG or the file server.
2026-08-17 03:27:31.109 | [tx] node19999 -> node100  ack seq=10 snd=42863 rcv=1 plen=0
2026-08-17 03:27:31.120 | [tx]   llc+nd : 0B023F000AA76F00010000
2026-08-17 03:27:31.127 | [RX] 100->19999 sub=Data f1=0x0003 info=2113000E4E1F0064000300648FF4210082844E1F0211006404EF006407F000428100D76192000C920002F20001920078F200028C8046B03E2853595354454D2944454C4D453A545854275354454D2944454C4D453A54585427FF00000000000000000000000000000000000000000000000000000000A20000A2FFFFF200FF39
2026-08-17 03:27:31.182 | [fa] system 100 re-sent the request at datagram Flags 1 0x0003; replaying the same reply rather than building a new one
2026-08-17 03:27:31.202 | [seq] node 100: ORIGINATE at Flags1 0x0017 (next becomes 0x0018)
2026-08-17 03:27:31.216 | [fa] short acknowledgement 12 to system 100 at Flags1 0x0003
2026-08-17 03:27:31.227 | [seq] node 100: ORIGINATE at Flags1 0x0018 (next becomes 0x0019)
2026-08-17 03:27:31.238 | [fa] reply to system 100: 98 byte(s), FA body 07F000028100908192000C920002F200...
2026-08-17 03:27:31.253 | [TX] *** PARKED *** eth:d100 took a 14B frame but the send window is full; 29 datagram(s) now waiting and NOTHING is leaving this node until the peer acknowledges us
2026-08-17 03:27:31.284 | [TX] *** PARKED *** eth:d100 took a 36B frame but the send window is full; 30 datagram(s) now waiting and NOTHING is leaving this node until the peer acknowledges us
2026-08-17 03:27:31.313 | [TX] *** PARKED *** eth:d100 took a 126B frame but the send window is full; 31 datagram(s) now waiting and NOTHING is leaving this node until the peer acknowledges us
2026-08-17 03:27:31.340 | [RX] 100->19999 sub=Data answered with 3 frame(s)
2026-08-17 03:27:31.348 | [sniff] node100 -> node19999  ack seq=16 snd=1 rcv=42863 plen=0   <== ADDRESSED TO US
2026-08-17 03:27:31.362 | [sniff]   llc+nd : 0B023F00100001A76F0000
2026-08-17 03:27:31.370 | [sniff]   frame  : 0800261F4E00080026640000000EA8A8030B023F00100001A76F00000001D0920005000800004400000000000001A356000000010001D076001C000E
2026-08-17 03:27:31.392 | [tx] node19999 -> node100  data seq=21 snd=42863 rcv=1 plen=36
2026-08-17 03:27:31.402 | [tx]   llc+nd : 0B02200015A76F000100242113000E00644E1F00070008904C21008284006404EF4E1F0211000807A200020400922A
2026-08-17 03:27:31.420 | [sniff] node100 -> node19999  data seq=10 snd=1 rcv=42863 plen=14   <== ADDRESSED TO US
2026-08-17 03:27:31.434 | [sniff]   llc+nd : 0B0220000A0001A76F000E211300034E1F0064000300019062
2026-08-17 03:27:31.446 | [sniff]   frame  : 0800261F4E00080026640000001CA8A8030B0220000A0001A76F000E211300034E1F0064000300019062210086E44E1F0000006406B8040000410012
2026-08-17 03:27:31.467 | [tx] node19999 -> node100  ack seq=11 snd=42863 rcv=1 plen=0
2026-08-17 03:27:31.484 | [tx]   llc+nd : 0B023F000BA76F00010000
2026-08-17 03:27:31.491 | [RX] 100->19999 sub=Ack f1=0x0003 info=211300034E1F0064000300019062
2026-08-17 03:27:31.502 | [seq] node 100: ACK 0x0003 did NOT advance the store (still 0x0019)
2026-08-17 03:27:31.512 | [RX] 100->19999 sub=Ack (no reply expected)
2026-08-17 03:27:31.519 | [sniff] node100 -> node19999  data seq=7 snd=1 rcv=42863 plen=14   <== ADDRESSED TO US
2026-08-17 03:27:31.534 | [sniff]   llc+nd : 0B022000070001A76F000E211300034E1F0064000200019063
2026-08-17 03:27:31.546 | [sniff]   frame  : 0800261F4E00080026640000001CA8A8030B022000070001A76F000E211300034E1F0064000200019063210086E44E1F000000640683040000410012
2026-08-17 03:27:31.568 | [link] WARNING the peer RE-SENT data frame seq=7 (we were waiting for 11). It has not seen our acknowledgement - check the send window and our own receive latency BEFORE looking for a fault in XMSG or the file server.
2026-08-17 03:27:31.605 | [tx] node19999 -> node100  ack seq=8 snd=42863 rcv=1 plen=0
2026-08-17 03:27:31.614 | [tx]   llc+nd : 0B023F0008A76F00010000
2026-08-17 03:27:31.621 | [RX] 100->19999 sub=Ack f1=0x0002 info=211300034E1F0064000200019063
2026-08-17 03:27:31.632 | [seq] node 100: ACK 0x0002 did NOT advance the store (still 0x0019)
2026-08-17 03:27:31.642 | [RX] 100->19999 sub=Ack (no reply expected)
2026-08-17 03:27:31.649 | [sniff] node100 -> node19999  data seq=8 snd=1 rcv=42863 plen=36   <== ADDRESSED TO US
2026-08-17 03:27:31.662 | [sniff]   llc+nd : 0B022000080001A76F00242113000E4E1F0064000200089051210082844E1F0211006404EF000807A2004201008485
2026-08-17 03:27:31.703 | [sniff]   frame  : 0800261F4E000800266400000032A8A8030B022000080001A76F00242113000E4E1F0064000200089051210082844E1F0211006404EF000807A2004201008485
2026-08-17 03:27:31.730 | [link] WARNING the peer RE-SENT data frame seq=8 (we were waiting for 11). It has not seen our acknowledgement - check the send window and our own receive latency BEFORE looking for a fault in XMSG or the file server.
2026-08-17 03:27:31.764 | [tx] node19999 -> node100  ack seq=9 snd=42863 rcv=1 plen=0
2026-08-17 03:27:31.773 | [tx]   llc+nd : 0B023F0009A76F00010000
2026-08-17 03:27:31.779 | [RX] 100->19999 sub=Data f1=0x0002 info=2113000E4E1F0064000200089051210082844E1F0211006404EF000807A2004201008485
2026-08-17 03:27:31.799 | [fa] short acknowledgement from system 100, conversation 0x0042
2026-08-17 03:27:31.810 | [TX] *** PARKED *** eth:d100 took a 14B frame but the send window is full; 31 datagram(s) now waiting and NOTHING is leaving this node until the peer acknowledges us
2026-08-17 03:27:31.839 | [RX] 100->19999 sub=Data answered with 1 frame(s)
2026-08-17 03:27:31.848 | [sniff] node100 -> node19999  data seq=6 snd=1 rcv=42863 plen=14   <== ADDRESSED TO US
2026-08-17 03:27:31.860 | [sniff]   llc+nd : 0B022000060001A76F000E211300034E1F0064000100019064
2026-08-17 03:27:31.872 | [sniff]   frame  : 0800261F4E00080026640000001CA8A8030B022000060001A76F000E211300034E1F0064000100019064210086E44E1F000000640683040000410012
2026-08-17 03:27:31.892 | [link] WARNING the peer RE-SENT data frame seq=6 (we were waiting for 11). It has not seen our acknowledgement - check the send window and our own receive latency BEFORE looking for a fault in XMSG or the file server.
2026-08-17 03:27:31.927 | [tx] node19999 -> node100  ack seq=7 snd=42863 rcv=1 plen=0
2026-08-17 03:27:31.937 | [tx]   llc+nd : 0B023F0007A76F00010000
2026-08-17 03:27:31.944 | [segment] data=47 acks=15 other-stations=12
2026-08-17 03:27:31.952 | [RX] 100->19999 sub=Ack f1=0x0001 info=211300034E1F0064000100019064
2026-08-17 03:27:31.963 | [seq] node 100: ACK 0x0001 did NOT advance the store (still 0x0019)
2026-08-17 03:27:31.975 | [RX] 100->19999 sub=Ack (no reply expected)
2026-08-17 03:27:31.981 | [sniff] node100 -> node19999  data seq=9 snd=1 rcv=42863 plen=128   <== ADDRESSED TO US
2026-08-17 03:27:31.995 | [sniff]   llc+nd : 0B022000090001A76F00802113000E4E1F0064000300648FF4210082844E1F0211006404EF006407F000428100D76192000C920002F20001920078F200028C8046B03E2853595354454D2944454C4D453A545854275354454D2944454C4D453A54585427FF00000000000000000000000000000000000000000000000000000000A20000A2FFFFF200FF39
2026-08-17 03:27:32.041 | [sniff]   frame  : 0800261F4E00080026640000008EA8A8030B022000090001A76F00802113000E4E1F0064000300648FF4210082844E1F0211006404EF006407F000428100D76192000C920002F20001920078F200028C8046B03E2853595354454D2944454C4D453A545854275354454D2944454C4D453A54585427FF00000000000000000000000000000000000000000000000000000000A20000A2FFFFF200FF39
2026-08-17 03:27:32.092 | [link] WARNING the peer RE-SENT data frame seq=9 (we were waiting for 11). It has not seen our acknowledgement - check the send window and our own receive latency BEFORE looking for a fault in XMSG or the file server.
2026-08-17 03:27:32.130 | [tx] node19999 -> node100  ack seq=10 snd=42863 rcv=1 plen=0
2026-08-17 03:27:32.140 | [tx]   llc+nd : 0B023F000AA76F00010000
2026-08-17 03:27:32.147 | [RX] 100->19999 sub=Data f1=0x0003 info=2113000E4E1F0064000300648FF4210082844E1F0211006404EF006407F000428100D76192000C920002F20001920078F200028C8046B03E2853595354454D2944454C4D453A545854275354454D2944454C4D453A54585427FF00000000000000000000000000000000000000000000000000000000A20000A2FFFFF200FF39
2026-08-17 03:27:32.192 | [fa] system 100 re-sent the request at datagram Flags 1 0x0003; replaying the same reply rather than building a new one
2026-08-17 03:27:32.213 | [seq] node 100: ORIGINATE at Flags1 0x0019 (next becomes 0x001A)
2026-08-17 03:27:32.223 | [fa] short acknowledgement 13 to system 100 at Flags1 0x0003
2026-08-17 03:27:32.233 | [seq] node 100: ORIGINATE at Flags1 0x001A (next becomes 0x001B)
2026-08-17 03:27:32.247 | [fa] reply to system 100: 98 byte(s), FA body 07F000028100908192000C920002F200...
2026-08-17 03:27:32.262 | [TX] *** PARKED *** eth:d100 took a 14B frame but the send window is full; 32 datagram(s) now waiting and NOTHING is leaving this node until the peer acknowledges us
2026-08-17 03:27:32.293 | [TX] *** PARKED *** eth:d100 took a 36B frame but the send window is full; 33 datagram(s) now waiting and NOTHING is leaving this node until the peer acknowledges us
2026-08-17 03:27:32.322 | [TX] *** PARKED *** eth:d100 took a 126B frame but the send window is full; 34 datagram(s) now waiting and NOTHING is leaving this node until the peer acknowledges us
2026-08-17 03:27:32.351 | [RX] 100->19999 sub=Data answered with 3 frame(s)
2026-08-17 03:27:32.362 | [sniff] node100 -> node19999  data seq=10 snd=1 rcv=42863 plen=14   <== ADDRESSED TO US
2026-08-17 03:27:32.379 | [sniff]   llc+nd : 0B0220000A0001A76F000E211300034E1F0064000300019062
2026-08-17 03:27:32.393 | [sniff]   frame  : 0800261F4E00080026640000001CA8A8030B0220000A0001A76F000E211300034E1F0064000300019062210086E44E1F0000006406B8040000410012
2026-08-17 03:27:32.416 | [link] WARNING the peer RE-SENT data frame seq=10 (we were waiting for 11). It has not seen our acknowledgement - check the send window and our own receive latency BEFORE looking for a fault in XMSG or the file server.
2026-08-17 03:27:32.453 | [tx] node19999 -> node100  ack seq=11 snd=42863 rcv=1 plen=0
2026-08-17 03:27:32.462 | [tx]   llc+nd : 0B023F000BA76F00010000
2026-08-17 03:27:32.469 | [RX] 100->19999 sub=Ack f1=0x0003 info=211300034E1F0064000300019062
2026-08-17 03:27:32.479 | [seq] node 100: ACK 0x0003 did NOT advance the store (still 0x001B)
2026-08-17 03:27:32.491 | [RX] 100->19999 sub=Ack (no reply expected)
2026-08-17 03:27:32.497 | [sniff] node100 -> node19999  data seq=7 snd=1 rcv=42863 plen=14   <== ADDRESSED TO US
2026-08-17 03:27:32.511 | [sniff]   llc+nd : 0B022000070001A76F000E211300034E1F0064000200019063
2026-08-17 03:27:32.523 | [sniff]   frame  : 0800261F4E00080026640000001CA8A8030B022000070001A76F000E211300034E1F0064000200019063210086E44E1F000000640683040000410012
2026-08-17 03:27:32.545 | [link] WARNING the peer RE-SENT data frame seq=7 (we were waiting for 11). It has not seen our acknowledgement - check the send window and our own receive latency BEFORE looking for a fault in XMSG or the file server.
2026-08-17 03:27:32.580 | [tx] node19999 -> node100  ack seq=8 snd=42863 rcv=1 plen=0
2026-08-17 03:27:32.591 | [tx]   llc+nd : 0B023F0008A76F00010000
2026-08-17 03:27:32.598 | [RX] 100->19999 sub=Ack f1=0x0002 info=211300034E1F0064000200019063
2026-08-17 03:27:32.608 | [seq] node 100: ACK 0x0002 did NOT advance the store (still 0x001B)
2026-08-17 03:27:32.619 | [RX] 100->19999 sub=Ack (no reply expected)
2026-08-17 03:27:32.626 | [sniff] node100 -> node19999  data seq=8 snd=1 rcv=42863 plen=36   <== ADDRESSED TO US
2026-08-17 03:27:32.640 | [sniff]   llc+nd : 0B022000080001A76F00242113000E4E1F0064000200089051210082844E1F0211006404EF000807A2004201008485
2026-08-17 03:27:32.658 | [sniff]   frame  : 0800261F4E000800266400000032A8A8030B022000080001A76F00242113000E4E1F0064000200089051210082844E1F0211006404EF000807A2004201008485
2026-08-17 03:27:32.680 | [link] WARNING the peer RE-SENT data frame seq=8 (we were waiting for 11). It has not seen our acknowledgement - check the send window and our own receive latency BEFORE looking for a fault in XMSG or the file server.
2026-08-17 03:27:32.712 | [tx] node19999 -> node100  ack seq=9 snd=42863 rcv=1 plen=0
2026-08-17 03:27:32.720 | [tx]   llc+nd : 0B023F0009A76F00010000
2026-08-17 03:27:32.726 | [RX] 100->19999 sub=Data f1=0x0002 info=2113000E4E1F0064000200089051210082844E1F0211006404EF000807A2004201008485
2026-08-17 03:27:32.745 | [fa] short acknowledgement from system 100, conversation 0x0042
2026-08-17 03:27:32.756 | [TX] *** PARKED *** eth:d100 took a 14B frame but the send window is full; 35 datagram(s) now waiting and NOTHING is leaving this node until the peer acknowledges us
2026-08-17 03:27:32.785 | [RX] 100->19999 sub=Data answered with 1 frame(s)
2026-08-17 03:27:32.793 | [sniff] node100 -> node19999  data seq=6 snd=1 rcv=42863 plen=14   <== ADDRESSED TO US
2026-08-17 03:27:32.808 | [sniff]   llc+nd : 0B022000060001A76F000E211300034E1F0064000100019064
2026-08-17 03:27:32.819 | [sniff]   frame  : 0800261F4E00080026640000001CA8A8030B022000060001A76F000E211300034E1F0064000100019064210086E44E1F000000640683040000410012
2026-08-17 03:27:32.842 | [link] WARNING the peer RE-SENT data frame seq=6 (we were waiting for 11). It has not seen our acknowledgement - check the send window and our own receive latency BEFORE looking for a fault in XMSG or the file server.
2026-08-17 03:27:32.875 | [tx] node19999 -> node100  ack seq=7 snd=42863 rcv=1 plen=0
2026-08-17 03:27:32.886 | [tx]   llc+nd : 0B023F0007A76F00010000
2026-08-17 03:27:32.893 | [RX] 100->19999 sub=Ack f1=0x0001 info=211300034E1F0064000100019064
2026-08-17 03:27:32.905 | [seq] node 100: ACK 0x0001 did NOT advance the store (still 0x001B)
2026-08-17 03:27:32.914 | [RX] 100->19999 sub=Ack (no reply expected)
2026-08-17 03:27:32.922 | [sniff] node100 -> node19999  data seq=9 snd=1 rcv=42863 plen=128   <== ADDRESSED TO US
2026-08-17 03:27:32.936 | [sniff]   llc+nd : 0B022000090001A76F00802113000E4E1F0064000300648FF4210082844E1F0211006404EF006407F000428100D76192000C920002F20001920078F200028C8046B03E2853595354454D2944454C4D453A545854275354454D2944454C4D453A54585427FF00000000000000000000000000000000000000000000000000000000A20000A2FFFFF200FF39
2026-08-17 03:27:32.982 | [sniff]   frame  : 0800261F4E00080026640000008EA8A8030B022000090001A76F00802113000E4E1F0064000300648FF4210082844E1F0211006404EF006407F000428100D76192000C920002F20001920078F200028C8046B03E2853595354454D2944454C4D453A545854275354454D2944454C4D453A54585427FF00000000000000000000000000000000000000000000000000000000A20000A2FFFFF200FF39
2026-08-17 03:27:33.034 | [link] WARNING the peer RE-SENT data frame seq=9 (we were waiting for 11). It has not seen our acknowledgement - check the send window and our own receive latency BEFORE looking for a fault in XMSG or the file server.
2026-08-17 03:27:33.065 | [tx] node19999 -> node100  ack seq=10 snd=42863 rcv=1 plen=0
2026-08-17 03:27:33.074 | [tx]   llc+nd : 0B023F000AA76F00010000
2026-08-17 03:27:33.079 | [RX] 100->19999 sub=Data f1=0x0003 info=2113000E4E1F0064000300648FF4210082844E1F0211006404EF006407F000428100D76192000C920002F20001920078F200028C8046B03E2853595354454D2944454C4D453A545854275354454D2944454C4D453A54585427FF00000000000000000000000000000000000000000000000000000000A20000A2FFFFF200FF39
2026-08-17 03:27:33.123 | [fa] system 100 re-sent the request at datagram Flags 1 0x0003; replaying the same reply rather than building a new one
2026-08-17 03:27:33.140 | [seq] node 100: ORIGINATE at Flags1 0x001B (next becomes 0x001C)
2026-08-17 03:27:33.149 | [fa] short acknowledgement 14 to system 100 at Flags1 0x0003
2026-08-17 03:27:33.158 | [seq] node 100: ORIGINATE at Flags1 0x001C (next becomes 0x001D)
2026-08-17 03:27:33.167 | [fa] reply to system 100: 98 byte(s), FA body 07F000028100908192000C920002F200...
2026-08-17 03:27:33.178 | [TX] *** PARKED *** eth:d100 took a 14B frame but the send window is full; 36 datagram(s) now waiting and NOTHING is leaving this node until the peer acknowledges us
2026-08-17 03:27:33.202 | [TX] *** PARKED *** eth:d100 took a 36B frame but the send window is full; 37 datagram(s) now waiting and NOTHING is leaving this node until the peer acknowledges us
2026-08-17 03:27:33.228 | [TX] *** PARKED *** eth:d100 took a 126B frame but the send window is full; 38 datagram(s) now waiting and NOTHING is leaving this node until the peer acknowledges us
2026-08-17 03:27:33.251 | [RX] 100->19999 sub=Data answered with 3 frame(s)
2026-08-17 03:27:33.258 | [sniff] node100 -> node19999  ack seq=17 snd=1 rcv=42863 plen=0   <== ADDRESSED TO US
2026-08-17 03:27:33.271 | [sniff]   llc+nd : 0B023F00110001A76F0000
2026-08-17 03:27:33.281 | [sniff]   frame  : 0800261F4E00080026640000000EA8A8030B023F00110001A76F00000001CF320005000800004400000000000001A356000000010001D0CE001C000E
2026-08-17 03:27:33.304 | [tx] node19999 -> node100  data seq=22 snd=42863 rcv=1 plen=46
2026-08-17 03:27:33.312 | [tx]   llc+nd : 0B02200016A76F0001002E2113000E00644E1F00080012904121008284006404EF4E1F0211001207F0000280009081920002920001F200FF00
2026-08-17 03:27:33.329 | [sniff] node100 -> node19999  data seq=11 snd=1 rcv=42863 plen=14   <== ADDRESSED TO US
2026-08-17 03:27:33.341 | [sniff]   llc+nd : 0B0220000B0001A76F000E211300034E1F0064000400019061
2026-08-17 03:27:33.351 | [sniff]   frame  : 0800261F4E00080026640000001CA8A8030B0220000B0001A76F000E211300034E1F0064000400019061210082840066045F006407CE000807A20002
2026-08-17 03:27:33.369 | [tx] node19999 -> node100  ack seq=12 snd=42863 rcv=1 plen=0
2026-08-17 03:27:33.377 | [tx]   llc+nd : 0B023F000CA76F00010000
2026-08-17 03:27:33.383 | [RX] 100->19999 sub=Ack f1=0x0004 info=211300034E1F0064000400019061
2026-08-17 03:27:33.394 | [seq] node 100: ACK 0x0004 did NOT advance the store (still 0x001D)
2026-08-17 03:27:33.405 | [RX] 100->19999 sub=Ack (no reply expected)
2026-08-17 03:27:33.412 | [sniff] node100 -> node19999  data seq=12 snd=1 rcv=42863 plen=36   <== ADDRESSED TO US
2026-08-17 03:27:33.434 | [sniff]   llc+nd : 0B0220000C0001A76F00242113000E4E1F006400040008904F210082844E1F0211006404EF00080780004200028500
2026-08-17 03:27:33.451 | [sniff]   frame  : 0800261F4E000800266400000032A8A8030B0220000C0001A76F00242113000E4E1F006400040008904F210082844E1F0211006404EF00080780004200028500
2026-08-17 03:27:33.473 | [tx] node19999 -> node100  ack seq=13 snd=42863 rcv=1 plen=0
2026-08-17 03:27:33.483 | [tx]   llc+nd : 0B023F000DA76F00010000
2026-08-17 03:27:33.491 | [RX] 100->19999 sub=Data f1=0x0004 info=2113000E4E1F006400040008904F210082844E1F0211006404EF00080780004200028500
2026-08-17 03:27:33.510 | [fa] system 100 has finished with conversation 0x0042 (0x0780); answering with a close
2026-08-17 03:27:33.526 | [seq] node 100: ORIGINATE at Flags1 0x001D (next becomes 0x001E)
2026-08-17 03:27:33.537 | [fa] reply to system 100: 8 byte(s), FA body 07C0000200420000...
2026-08-17 03:27:33.548 | [TX] *** PARKED *** eth:d100 took a 14B frame but the send window is full; 38 datagram(s) now waiting and NOTHING is leaving this node until the peer acknowledges us
2026-08-17 03:27:33.576 | [TX] *** PARKED *** eth:d100 took a 36B frame but the send window is full; 39 datagram(s) now waiting and NOTHING is leaving this node until the peer acknowledges us
2026-08-17 03:27:33.604 | [RX] 100->19999 sub=Data answered with 2 frame(s)
2026-08-17 03:27:33.614 | [sniff] node100 -> node19999  data seq=10 snd=1 rcv=42863 plen=14   <== ADDRESSED TO US
2026-08-17 03:27:33.629 | [sniff]   llc+nd : 0B0220000A0001A76F000E211300034E1F0064000300019062
2026-08-17 03:27:33.640 | [sniff]   frame  : 0800261F4E00080026640000001CA8A8030B0220000A0001A76F000E211300034E1F0064000300019062210086E44E1F0000006406B8040000410012
2026-08-17 03:27:33.664 | [link] WARNING the peer RE-SENT data frame seq=10 (we were waiting for 13). It has not seen our acknowledgement - check the send window and our own receive latency BEFORE looking for a fault in XMSG or the file server.
2026-08-17 03:27:33.700 | [tx] node19999 -> node100  ack seq=11 snd=42863 rcv=1 plen=0
2026-08-17 03:27:33.711 | [tx]   llc+nd : 0B023F000BA76F00010000
2026-08-17 03:27:33.719 | [RX] 100->19999 sub=Ack f1=0x0003 info=211300034E1F0064000300019062
2026-08-17 03:27:33.729 | [seq] node 100: ACK 0x0003 did NOT advance the store (still 0x001E)
2026-08-17 03:27:33.741 | [RX] 100->19999 sub=Ack (no reply expected)
2026-08-17 03:27:33.750 | [sniff] node100 -> node19999  data seq=7 snd=1 rcv=42863 plen=14   <== ADDRESSED TO US
2026-08-17 03:27:33.764 | [sniff]   llc+nd : 0B022000070001A76F000E211300034E1F0064000200019063
2026-08-17 03:27:33.775 | [sniff]   frame  : 0800261F4E00080026640000001CA8A8030B022000070001A76F000E211300034E1F0064000200019063210086E44E1F000000640683040000410012
2026-08-17 03:27:33.803 | [link] WARNING the peer RE-SENT data frame seq=7 (we were waiting for 13). It has not seen our acknowledgement - check the send window and our own receive latency BEFORE looking for a fault in XMSG or the file server.
2026-08-17 03:27:33.831 | [tx] node19999 -> node100  ack seq=8 snd=42863 rcv=1 plen=0
2026-08-17 03:27:33.841 | [tx]   llc+nd : 0B023F0008A76F00010000
2026-08-17 03:27:33.848 | [RX] 100->19999 sub=Ack f1=0x0002 info=211300034E1F0064000200019063
2026-08-17 03:27:33.859 | [seq] node 100: ACK 0x0002 did NOT advance the store (still 0x001E)
2026-08-17 03:27:33.868 | [RX] 100->19999 sub=Ack (no reply expected)
2026-08-17 03:27:33.876 | [sniff] node100 -> node19999  data seq=8 snd=1 rcv=42863 plen=36   <== ADDRESSED TO US
2026-08-17 03:27:33.888 | [sniff]   llc+nd : 0B022000080001A76F00242113000E4E1F0064000200089051210082844E1F0211006404EF000807A2004201008485
2026-08-17 03:27:33.905 | [sniff]   frame  : 0800261F4E000800266400000032A8A8030B022000080001A76F00242113000E4E1F0064000200089051210082844E1F0211006404EF000807A2004201008485
2026-08-17 03:27:33.927 | [link] WARNING the peer RE-SENT data frame seq=8 (we were waiting for 13). It has not seen our acknowledgement - check the send window and our own receive latency BEFORE looking for a fault in XMSG or the file server.
2026-08-17 03:27:33.961 | [tx] node19999 -> node100  ack seq=9 snd=42863 rcv=1 plen=0
2026-08-17 03:27:33.969 | [tx]   llc+nd : 0B023F0009A76F00010000
2026-08-17 03:27:33.974 | [RX] 100->19999 sub=Data f1=0x0002 info=2113000E4E1F0064000200089051210082844E1F0211006404EF000807A2004201008485
2026-08-17 03:27:33.989 | [fa] short acknowledgement from system 100, conversation 0x0042
2026-08-17 03:27:33.999 | [TX] *** PARKED *** eth:d100 took a 14B frame but the send window is full; 40 datagram(s) now waiting and NOTHING is leaving this node until the peer acknowledges us
2026-08-17 03:27:34.022 | [RX] 100->19999 sub=Data answered with 1 frame(s)
2026-08-17 03:27:34.030 | [sniff] node100 -> node19999  data seq=13 snd=1 rcv=42863 plen=64   <== ADDRESSED TO US
2026-08-17 03:27:34.041 | [sniff]   llc+nd : 0B0220000D0001A76F00402113000E4E1F0064000500249032210086E44E1F0000006404EF00241B410014FF0A2A46412D534552564552FE0644313939393907E2000000046400A200FF92
2026-08-17 03:27:34.062 | [sniff]   frame  : 0800261F4E00080026640000004EA8A8030B0220000D0001A76F00402113000E4E1F0064000500249032210086E44E1F0000006404EF00241B410014FF0A2A46412D534552564552FE0644313939393907E2000000046400A200FF92
2026-08-17 03:27:34.091 | [tx] node19999 -> node100  ack seq=14 snd=42863 rcv=1 plen=0
2026-08-17 03:27:34.099 | [tx]   llc+nd : 0B023F000EA76F00010000
2026-08-17 03:27:34.105 | [RX] 100->19999 sub=Data f1=0x0005 info=2113000E4E1F0064000500249032210086E44E1F0000006404EF00241B410014FF0A2A46412D534552564552FE0644313939393907E2000000046400A200FF92
2026-08-17 03:27:34.127 | [fa] connect letter from node 100 (system 100 port 0x04EF); serving E:\Dev\Ronny\NDInsight\SINTRAN\XMSG\SRC\Xmsg.Live.Runner\bin\Debug\net9.0\served-files; answering from session port 0x0211 with an FA ConnectionConfirm 07D2000400436400
2026-08-17 03:27:34.159 | [seq] node 100: ORIGINATE at Flags1 0x001E (next becomes 0x001F)
2026-08-17 03:27:34.168 | [TX] *** PARKED *** eth:d100 took a 14B frame but the send window is full; 41 datagram(s) now waiting and NOTHING is leaving this node until the peer acknowledges us
2026-08-17 03:27:34.191 | [TX] *** PARKED *** eth:d100 took a 36B frame but the send window is full; 42 datagram(s) now waiting and NOTHING is leaving this node until the peer acknowledges us
2026-08-17 03:27:34.217 | [RX] 100->19999 sub=Data answered with 2 frame(s)
2026-08-17 03:27:34.224 | [sniff] node100 -> node19999  data seq=6 snd=1 rcv=42863 plen=14   <== ADDRESSED TO US
2026-08-17 03:27:34.235 | [sniff]   llc+nd : 0B022000060001A76F000E211300034E1F0064000100019064
2026-08-17 03:27:34.245 | [sniff]   frame  : 0800261F4E00080026640000001CA8A8030B022000060001A76F000E211300034E1F0064000100019064210086E44E1F000000640683040000410012
2026-08-17 03:27:34.270 | [link] WARNING the peer RE-SENT data frame seq=6 (we were waiting for 14). It has not seen our acknowledgement - check the send window and our own receive latency BEFORE looking for a fault in XMSG or the file server.
2026-08-17 03:27:34.310 | [tx] node19999 -> node100  ack seq=7 snd=42863 rcv=1 plen=0
2026-08-17 03:27:34.318 | [tx]   llc+nd : 0B023F0007A76F00010000
2026-08-17 03:27:34.324 | [RX] 100->19999 sub=Ack f1=0x0001 info=211300034E1F0064000100019064
2026-08-17 03:27:34.335 | [seq] node 100: ACK 0x0001 did NOT advance the store (still 0x001F)
2026-08-17 03:27:34.343 | [RX] 100->19999 sub=Ack (no reply expected)
2026-08-17 03:27:34.351 | [sniff] node100 -> node19999  data seq=9 snd=1 rcv=42863 plen=128   <== ADDRESSED TO US
2026-08-17 03:27:34.364 | [sniff]   llc+nd : 0B022000090001A76F00802113000E4E1F0064000300648FF4210082844E1F0211006404EF006407F000428100D76192000C920002F20001920078F200028C8046B03E2853595354454D2944454C4D453A545854275354454D2944454C4D453A54585427FF00000000000000000000000000000000000000000000000000000000A20000A2FFFFF200FF39
2026-08-17 03:27:34.402 | [sniff]   frame  : 0800261F4E00080026640000008EA8A8030B022000090001A76F00802113000E4E1F0064000300648FF4210082844E1F0211006404EF006407F000428100D76192000C920002F20001920078F200028C8046B03E2853595354454D2944454C4D453A545854275354454D2944454C4D453A54585427FF00000000000000000000000000000000000000000000000000000000A20000A2FFFFF200FF39
2026-08-17 03:27:34.451 | [link] WARNING the peer RE-SENT data frame seq=9 (we were waiting for 14). It has not seen our acknowledgement - check the send window and our own receive latency BEFORE looking for a fault in XMSG or the file server.
2026-08-17 03:27:34.478 | [tx] node19999 -> node100  ack seq=10 snd=42863 rcv=1 plen=0
2026-08-17 03:27:34.486 | [tx]   llc+nd : 0B023F000AA76F00010000
2026-08-17 03:27:34.491 | [RX] 100->19999 sub=Data f1=0x0003 info=2113000E4E1F0064000300648FF4210082844E1F0211006404EF006407F000428100D76192000C920002F20001920078F200028C8046B03E2853595354454D2944454C4D453A545854275354454D2944454C4D453A54585427FF00000000000000000000000000000000000000000000000000000000A20000A2FFFFF200FF39
2026-08-17 03:27:34.532 | [fa] the request names 'DELME:TXT': 1 of 7 file(s) match
2026-08-17 03:27:34.539 | [fa] directory walk started by system 100: 1 file(s) in E:\Dev\Ronny\NDInsight\SINTRAN\XMSG\SRC\Xmsg.Live.Runner\bin\Debug\net9.0\served-files
2026-08-17 03:27:34.559 | [fa] directory entry 0 for system 100: DELME:TXT file 2, 62 byte(s)
2026-08-17 03:27:34.570 | [seq] node 100: ORIGINATE at Flags1 0x001F (next becomes 0x0020)
2026-08-17 03:27:34.580 | [fa] short acknowledgement 1 to system 100 at Flags1 0x0003
2026-08-17 03:27:34.591 | [seq] node 100: ORIGINATE at Flags1 0x0020 (next becomes 0x0021)
2026-08-17 03:27:34.603 | [fa] reply to system 100: 98 byte(s), FA body 07F000048000908192000C920002F200...
2026-08-17 03:27:34.616 | [TX] *** PARKED *** eth:d100 took a 14B frame but the send window is full; 43 datagram(s) now waiting and NOTHING is leaving this node until the peer acknowledges us
2026-08-17 03:27:34.641 | [TX] *** PARKED *** eth:d100 took a 36B frame but the send window is full; 44 datagram(s) now waiting and NOTHING is leaving this node until the peer acknowledges us
2026-08-17 03:27:34.664 | [TX] *** PARKED *** eth:d100 took a 126B frame but the send window is full; 45 datagram(s) now waiting and NOTHING is leaving this node until the peer acknowledges us
2026-08-17 03:27:34.688 | [RX] 100->19999 sub=Data answered with 3 frame(s)
2026-08-17 03:27:34.696 | [sniff] node100 -> node19999  data seq=11 snd=1 rcv=42863 plen=14   <== ADDRESSED TO US
2026-08-17 03:27:34.710 | [sniff]   llc+nd : 0B0220000B0001A76F000E211300034E1F0064000400019061
2026-08-17 03:27:34.719 | [sniff]   frame  : 0800261F4E00080026640000001CA8A8030B0220000B0001A76F000E211300034E1F0064000400019061210082840066045F006407CE000807A20002
2026-08-17 03:27:34.740 | [link] WARNING the peer RE-SENT data frame seq=11 (we were waiting for 14). It has not seen our acknowledgement - check the send window and our own receive latency BEFORE looking for a fault in XMSG or the file server.
2026-08-17 03:27:34.771 | [tx] node19999 -> node100  ack seq=12 snd=42863 rcv=1 plen=0
2026-08-17 03:27:34.780 | [tx]   llc+nd : 0B023F000CA76F00010000
2026-08-17 03:27:34.785 | [RX] 100->19999 sub=Ack f1=0x0004 info=211300034E1F0064000400019061
2026-08-17 03:27:34.795 | [seq] node 100: ACK 0x0004 did NOT advance the store (still 0x0021)
2026-08-17 03:27:34.804 | [RX] 100->19999 sub=Ack (no reply expected)
2026-08-17 03:27:34.816 | [sniff] node100 -> node19999  data seq=10 snd=1 rcv=42863 plen=14   <== ADDRESSED TO US
2026-08-17 03:27:34.828 | [sniff]   llc+nd : 0B0220000A0001A76F000E211300034E1F0064000300019062
2026-08-17 03:27:34.836 | [sniff]   frame  : 0800261F4E00080026640000001CA8A8030B0220000A0001A76F000E211300034E1F0064000300019062210086E44E1F0000006406B8040000410012
2026-08-17 03:27:34.855 | [link] WARNING the peer RE-SENT data frame seq=10 (we were waiting for 14). It has not seen our acknowledgement - check the send window and our own receive latency BEFORE looking for a fault in XMSG or the file server.
2026-08-17 03:27:34.885 | [tx] node19999 -> node100  ack seq=11 snd=42863 rcv=1 plen=0
2026-08-17 03:27:34.893 | [tx]   llc+nd : 0B023F000BA76F00010000
2026-08-17 03:27:34.899 | [RX] 100->19999 sub=Ack f1=0x0003 info=211300034E1F0064000300019062
2026-08-17 03:27:34.908 | [seq] node 100: ACK 0x0003 did NOT advance the store (still 0x0021)
2026-08-17 03:27:34.917 | [RX] 100->19999 sub=Ack (no reply expected)
2026-08-17 03:27:34.925 | [sniff] node100 -> node19999  data seq=12 snd=1 rcv=42863 plen=36   <== ADDRESSED TO US
2026-08-17 03:27:34.938 | [sniff]   llc+nd : 0B0220000C0001A76F00242113000E4E1F006400040008904F210082844E1F0211006404EF00080780004200028500
2026-08-17 03:27:34.962 | [sniff]   frame  : 0800261F4E000800266400000032A8A8030B0220000C0001A76F00242113000E4E1F006400040008904F210082844E1F0211006404EF00080780004200028500
2026-08-17 03:27:34.981 | [link] WARNING the peer RE-SENT data frame seq=12 (we were waiting for 14). It has not seen our acknowledgement - check the send window and our own receive latency BEFORE looking for a fault in XMSG or the file server.
2026-08-17 03:27:35.009 | [tx] node19999 -> node100  ack seq=13 snd=42863 rcv=1 plen=0
2026-08-17 03:27:35.018 | [tx]   llc+nd : 0B023F000DA76F00010000
2026-08-17 03:27:35.024 | [RX] 100->19999 sub=Data f1=0x0004 info=2113000E4E1F006400040008904F210082844E1F0211006404EF00080780004200028500
2026-08-17 03:27:35.038 | [fa] system 100 has finished with conversation 0x0042 (0x0780); answering with a close
2026-08-17 03:27:35.051 | [seq] node 100: ORIGINATE at Flags1 0x0021 (next becomes 0x0022)
2026-08-17 03:27:35.059 | [fa] reply to system 100: 8 byte(s), FA body 07C0000400420000...
2026-08-17 03:27:35.067 | [TX] *** PARKED *** eth:d100 took a 14B frame but the send window is full; 46 datagram(s) now waiting and NOTHING is leaving this node until the peer acknowledges us
2026-08-17 03:27:35.088 | [TX] *** PARKED *** eth:d100 took a 36B frame but the send window is full; 47 datagram(s) now waiting and NOTHING is leaving this node until the peer acknowledges us
2026-08-17 03:27:35.111 | [RX] 100->19999 sub=Data answered with 2 frame(s)
2026-08-17 03:27:35.119 | [sniff] node100 -> node19999  data seq=7 snd=1 rcv=42863 plen=14   <== ADDRESSED TO US
2026-08-17 03:27:35.129 | [sniff]   llc+nd : 0B022000070001A76F000E211300034E1F0064000200019063
2026-08-17 03:27:35.139 | [sniff]   frame  : 0800261F4E00080026640000001CA8A8030B022000070001A76F000E211300034E1F0064000200019063210086E44E1F000000640683040000410012
2026-08-17 03:27:35.158 | [link] WARNING the peer RE-SENT data frame seq=7 (we were waiting for 14). It has not seen our acknowledgement - check the send window and our own receive latency BEFORE looking for a fault in XMSG or the file server.
2026-08-17 03:27:35.186 | [tx] node19999 -> node100  ack seq=8 snd=42863 rcv=1 plen=0
2026-08-17 03:27:35.194 | [tx]   llc+nd : 0B023F0008A76F00010000
2026-08-17 03:27:35.199 | [RX] 100->19999 sub=Ack f1=0x0002 info=211300034E1F0064000200019063
2026-08-17 03:27:35.210 | [seq] node 100: ACK 0x0002 did NOT advance the store (still 0x0022)
2026-08-17 03:27:35.218 | [RX] 100->19999 sub=Ack (no reply expected)
2026-08-17 03:27:35.223 | [sniff] node100 -> node19999  data seq=8 snd=1 rcv=42863 plen=36   <== ADDRESSED TO US
2026-08-17 03:27:35.235 | [sniff]   llc+nd : 0B022000080001A76F00242113000E4E1F0064000200089051210082844E1F0211006404EF000807A2004201008485
2026-08-17 03:27:35.251 | [sniff]   frame  : 0800261F4E000800266400000032A8A8030B022000080001A76F00242113000E4E1F0064000200089051210082844E1F0211006404EF000807A2004201008485
2026-08-17 03:27:35.275 | [link] WARNING the peer RE-SENT data frame seq=8 (we were waiting for 14). It has not seen our acknowledgement - check the send window and our own receive latency BEFORE looking for a fault in XMSG or the file server.
2026-08-17 03:27:35.306 | [tx] node19999 -> node100  ack seq=9 snd=42863 rcv=1 plen=0
2026-08-17 03:27:35.318 | [tx]   llc+nd : 0B023F0009A76F00010000
2026-08-17 03:27:35.327 | [RX] 100->19999 sub=Data f1=0x0002 info=2113000E4E1F0064000200089051210082844E1F0211006404EF000807A2004201008485
2026-08-17 03:27:35.341 | [fa] short acknowledgement from system 100, conversation 0x0042
2026-08-17 03:27:35.350 | [TX] *** PARKED *** eth:d100 took a 14B frame but the send window is full; 48 datagram(s) now waiting and NOTHING is leaving this node until the peer acknowledges us
2026-08-17 03:27:35.370 | [RX] 100->19999 sub=Data answered with 1 frame(s)
2026-08-17 03:27:35.377 | [sniff] node100 -> node19999  data seq=13 snd=1 rcv=42863 plen=64   <== ADDRESSED TO US
2026-08-17 03:27:35.388 | [sniff]   llc+nd : 0B0220000D0001A76F00402113000E4E1F0064000500249032210086E44E1F0000006404EF00241B410014FF0A2A46412D534552564552FE0644313939393907E2000000046400A200FF92
2026-08-17 03:27:35.409 | [sniff]   frame  : 0800261F4E00080026640000004EA8A8030B0220000D0001A76F00402113000E4E1F0064000500249032210086E44E1F0000006404EF00241B410014FF0A2A46412D534552564552FE0644313939393907E2000000046400A200FF92
2026-08-17 03:27:35.436 | [link] WARNING the peer RE-SENT data frame seq=13 (we were waiting for 14). It has not seen our acknowledgement - check the send window and our own receive latency BEFORE looking for a fault in XMSG or the file server.
2026-08-17 03:27:35.474 | [tx] node19999 -> node100  ack seq=14 snd=42863 rcv=1 plen=0
2026-08-17 03:27:35.483 | [tx]   llc+nd : 0B023F000EA76F00010000
2026-08-17 03:27:35.488 | [RX] 100->19999 sub=Data f1=0x0005 info=2113000E4E1F0064000500249032210086E44E1F0000006404EF00241B410014FF0A2A46412D534552564552FE0644313939393907E2000000046400A200FF92
2026-08-17 03:27:35.510 | [fa] connect letter from node 100 (system 100 port 0x04EF); serving E:\Dev\Ronny\NDInsight\SINTRAN\XMSG\SRC\Xmsg.Live.Runner\bin\Debug\net9.0\served-files; answering from session port 0x0211 with an FA ConnectionConfirm 07D2000400446400
2026-08-17 03:27:35.540 | [seq] node 100: ORIGINATE at Flags1 0x0022 (next becomes 0x0023)
2026-08-17 03:27:35.549 | [TX] *** PARKED *** eth:d100 took a 14B frame but the send window is full; 49 datagram(s) now waiting and NOTHING is leaving this node until the peer acknowledges us
2026-08-17 03:27:35.571 | [TX] *** PARKED *** eth:d100 took a 36B frame but the send window is full; 50 datagram(s) now waiting and NOTHING is leaving this node until the peer acknowledges us
2026-08-17 03:27:35.597 | [RX] 100->19999 sub=Data answered with 2 frame(s)
2026-08-17 03:27:35.606 | [sniff] node100 -> node19999  kind0x6F seq=13 snd=1 rcv=42863 plen=257   <== ADDRESSED TO US
2026-08-17 03:27:35.622 | [sniff]   llc+nd : 0B026F000D0001A76F0101
2026-08-17 03:27:35.631 | [sniff]   frame  : 0800261F4E00080026640000000EA8A8030B026F000D0001A76F01010001CF3200000000000500200000340000000000000000004E1F0001A3560100
2026-08-17 03:27:35.653 | [link] disconnect request from the peer, ND frame kind 0x6F
2026-08-17 03:27:35.662 | [tx] node19999 -> node100  data seq=23 snd=42863 rcv=1 plen=14
2026-08-17 03:27:35.671 | [tx]   llc+nd : 0B02200017A76F0001000E2113000300644E1F000100019064
2026-08-17 03:27:35.681 | [sniff] node100 -> node19999  kind0x6F seq=14 snd=1 rcv=42863 plen=257   <== ADDRESSED TO US
2026-08-17 03:27:35.695 | [sniff]   llc+nd : 0B026F000E0001A76F0101
2026-08-17 03:27:35.700 | [sniff]   frame  : 0800261F4E00080026640000000EA8A8030B026F000E0001A76F01010001CFE20005000800004400000000000001A356000000010001CFC6001C000E
2026-08-17 03:27:35.719 | [link] disconnect request from the peer, ND frame kind 0x6F
2026-08-17 03:27:35.728 | [tx] node19999 -> node100  data seq=24 snd=42863 rcv=1 plen=36
2026-08-17 03:27:35.737 | [tx]   llc+nd : 0B02200018A76F000100242113000E00644E1F00090008904A21008284006404EF4E1F0211000807A200020500922A
2026-08-17 03:27:35.752 | [sniff] node100 -> node19999  kind0x6F seq=15 snd=1 rcv=42863 plen=257   <== ADDRESSED TO US
2026-08-17 03:27:35.766 | [sniff]   llc+nd : 0B026F000F0001A76F0101
2026-08-17 03:27:35.772 | [sniff]   frame  : 0800261F4E00080026640000000EA8A8030B026F000F0001A76F01010001D03A0005000800004400000000000001A356000000010001D01E001C000E
2026-08-17 03:27:35.791 | [link] disconnect request from the peer, ND frame kind 0x6F
2026-08-17 03:27:35.799 | [tx] node19999 -> node100  data seq=25 snd=42863 rcv=1 plen=46
2026-08-17 03:27:35.808 | [tx]   llc+nd : 0B02200019A76F0001002E2113000E00644E1F000A0012903F21008284006404EF4E1F0211001207F0000280009081920002920001F200FF00
2026-08-17 03:27:35.834 | [sniff] node100 -> node19999  kind0x6F seq=16 snd=1 rcv=42863 plen=257   <== ADDRESSED TO US
2026-08-17 03:27:35.848 | [sniff]   llc+nd : 0B026F00100001A76F0101
2026-08-17 03:27:35.854 | [sniff]   frame  : 0800261F4E00080026640000000EA8A8030B026F00100001A76F01010001D0920005000800004400000000000001A356000000010001D076001C000E
2026-08-17 03:27:35.875 | [link] disconnect request from the peer, ND frame kind 0x6F
2026-08-17 03:27:35.884 | [tx] node19999 -> node100  data seq=26 snd=42863 rcv=1 plen=14
2026-08-17 03:27:35.892 | [tx]   llc+nd : 0B0220001AA76F0001000E2113000300644E1F000100019064
2026-08-17 03:27:35.902 | [sniff] node100 -> node19999  kind0x6F seq=17 snd=1 rcv=42863 plen=257   <== ADDRESSED TO US
2026-08-17 03:27:35.917 | [sniff]   llc+nd : 0B026F00110001A76F0101
2026-08-17 03:27:35.923 | [sniff]   frame  : 0800261F4E00080026640000000EA8A8030B026F00110001A76F01010001CF3200050008000044000000000000000000000000010001D0CE001C000E
2026-08-17 03:27:35.945 | [link] disconnect request from the peer, ND frame kind 0x6F
2026-08-17 03:27:35.954 | [tx] node19999 -> node100  data seq=27 snd=42863 rcv=1 plen=36
2026-08-17 03:27:35.962 | [tx]   llc+nd : 0B0220001BA76F000100242113000E00644E1F000B0008904821008284006404EF4E1F0211000807A200020600922A
2026-08-17 03:27:35.984 | [sniff] node100 -> node19999  kind0x6F seq=13 snd=1 rcv=42863 plen=257   <== ADDRESSED TO US
2026-08-17 03:27:35.997 | [sniff]   llc+nd : 0B026F000D0001A76F0101
2026-08-17 03:27:36.003 | [sniff]   frame  : 0800261F4E00080026640000000EA8A8030B026F000D0001A76F01010001CF3200000000000500200000340000000000000000004E1F0001A3560100
2026-08-17 03:27:36.021 | [link] disconnect request from the peer, ND frame kind 0x6F
2026-08-17 03:27:36.029 | [tx] node19999 -> node100  data seq=28 snd=42863 rcv=1 plen=46
2026-08-17 03:27:36.040 | [tx]   llc+nd : 0B0220001CA76F0001002E2113000E00644E1F000C0012903D21008284006404EF4E1F0211001207F0000280009081920002920001F200FF00
2026-08-17 03:27:36.060 | [sniff] node100 -> node19999  kind0x6F seq=14 snd=1 rcv=42863 plen=257   <== ADDRESSED TO US
2026-08-17 03:27:36.079 | [sniff]   llc+nd : 0B026F000E0001A76F0101
2026-08-17 03:27:36.086 | [sniff]   frame  : 0800261F4E00080026640000000EA8A8030B026F000E0001A76F01010001CFE200050008000044000000000000000000000000010001CFC6001C000E
2026-08-17 03:27:36.109 | [link] disconnect request from the peer, ND frame kind 0x6F
2026-08-17 03:27:36.119 | [tx] node19999 -> node100  data seq=29 snd=42863 rcv=1 plen=14
2026-08-17 03:27:36.127 | [tx]   llc+nd : 0B0220001DA76F0001000E2113000300644E1F000100019064
2026-08-17 03:27:36.138 | [sniff] node100 -> node19999  kind0x6F seq=15 snd=1 rcv=42863 plen=257   <== ADDRESSED TO US
2026-08-17 03:27:36.153 | [sniff]   llc+nd : 0B026F000F0001A76F0101
2026-08-17 03:27:36.160 | [sniff]   frame  : 0800261F4E00080026640000000EA8A8030B026F000F0001A76F01010001D03A00050008000044000000000000000000000000010001D01E001C000E
2026-08-17 03:27:36.181 | [link] disconnect request from the peer, ND frame kind 0x6F
2026-08-17 03:27:36.190 | [tx] node19999 -> node100  data seq=30 snd=42863 rcv=1 plen=36
2026-08-17 03:27:36.200 | [tx]   llc+nd : 0B0220001EA76F000100242113000E00644E1F000D0008904621008284006404EF4E1F0211000807A200020700922A
2026-08-17 03:27:36.221 | [sniff] node100 -> node19999  kind0x6F seq=16 snd=1 rcv=42863 plen=257   <== ADDRESSED TO US
2026-08-17 03:27:36.238 | [sniff]   llc+nd : 0B026F00100001A76F0101
2026-08-17 03:27:36.246 | [sniff]   frame  : 0800261F4E00080026640000000EA8A8030B026F00100001A76F01010001D09200050008000044000000000000000000000000010001D076001C000E
2026-08-17 03:27:36.270 | [link] disconnect request from the peer, ND frame kind 0x6F
2026-08-17 03:27:36.283 | [tx] node19999 -> node100  data seq=31 snd=42863 rcv=1 plen=46
2026-08-17 03:27:36.295 | [tx]   llc+nd : 0B0220001FA76F0001002E2113000E00644E1F000E0012903B21008284006404EF4E1F0211001207F0000280009081920002920001F200FF00
2026-08-17 03:27:36.320 | [sniff] node100 -> node19999  kind0x6F seq=17 snd=1 rcv=42863 plen=257   <== ADDRESSED TO US
2026-08-17 03:27:36.345 | [sniff]   llc+nd : 0B026F00110001A76F0101
2026-08-17 03:27:36.352 | [sniff]   frame  : 0800261F4E00080026640000000EA8A8030B026F00110001A76F01010001CF3200050008000044000000000000000000000000010001D0CE001C000E
2026-08-17 03:27:36.375 | [link] disconnect request from the peer, ND frame kind 0x6F
2026-08-17 03:27:36.385 | [tx] node19999 -> node100  data seq=32 snd=42863 rcv=1 plen=14
2026-08-17 03:27:36.396 | [tx]   llc+nd : 0B02200020A76F0001000E2113000300644E1F000200019063
2026-08-17 03:27:36.408 | [sniff] node100 -> node19999  kind0x6F seq=13 snd=1 rcv=42863 plen=257   <== ADDRESSED TO US
2026-08-17 03:27:36.423 | [sniff]   llc+nd : 0B026F000D0001A76F0101
2026-08-17 03:27:36.431 | [sniff]   frame  : 0800261F4E00080026640000000EA8A8030B026F000D0001A76F01010001CF3200000000000500200000340000000000000000004E1F0001A3560100
2026-08-17 03:27:36.453 | [link] disconnect request from the peer, ND frame kind 0x6F
2026-08-17 03:27:36.463 | [tx] node19999 -> node100  data seq=33 snd=42863 rcv=1 plen=14
2026-08-17 03:27:36.473 | [tx]   llc+nd : 0B02200021A76F0001000E2113000300644E1F000300019062
2026-08-17 03:27:36.490 | [sniff] node100 -> node19999  kind0x6F seq=14 snd=1 rcv=42863 plen=257   <== ADDRESSED TO US
2026-08-17 03:27:36.505 | [sniff]   llc+nd : 0B026F000E0001A76F0101
2026-08-17 03:27:36.511 | [sniff]   frame  : 0800261F4E00080026640000000EA8A8030B026F000E0001A76F01010001CFE200050008000044000000000000000000000000010001CFC6001C000E
2026-08-17 03:27:36.530 | [link] disconnect request from the peer, ND frame kind 0x6F
2026-08-17 03:27:36.538 | [tx] node19999 -> node100  data seq=34 snd=42863 rcv=1 plen=36
2026-08-17 03:27:36.547 | [tx]   llc+nd : 0B02200022A76F000100242113000E00644E1F000F0008904421008284006404EF4E1F0211000807A200020800922A
2026-08-17 03:27:36.563 | [sniff] node100 -> node19999  kind0x6F seq=15 snd=1 rcv=42863 plen=257   <== ADDRESSED TO US
2026-08-17 03:27:36.577 | [sniff]   llc+nd : 0B026F000F0001A76F0101
2026-08-17 03:27:36.583 | [sniff]   frame  : 0800261F4E00080026640000000EA8A8030B026F000F0001A76F01010001D03A00050008000044000000000000000000000000010001D01E001C000E
2026-08-17 03:27:36.605 | [link] disconnect request from the peer, ND frame kind 0x6F
2026-08-17 03:27:36.615 | [tx] node19999 -> node100  data seq=35 snd=42863 rcv=1 plen=126
2026-08-17 03:27:36.625 | [tx]   llc+nd : 0B02200023A76F0001007E2113000E00644E1F001000628FE921008284006404EF4E1F0211006207F000028100908192000C920002F200028C4BA20000A20000A20001B040900044454C4D452700000000000000000000545854270000000004F7000800000000000000000000322216500000000032221650000000010000003D400078DAF200FF00
2026-08-17 03:27:36.663 | [sniff] node100 -> node19999  kind0x6F seq=16 snd=1 rcv=42863 plen=257   <== ADDRESSED TO US
2026-08-17 03:27:36.678 | [sniff]   llc+nd : 0B026F00100001A76F0101
2026-08-17 03:27:36.684 | [sniff]   frame  : 0800261F4E00080026640000000EA8A8030B026F00100001A76F01010001D09200050008000044000000000000000000000000010001D076001C000E
2026-08-17 03:27:36.707 | [link] disconnect request from the peer, ND frame kind 0x6F
2026-08-17 03:27:36.718 | [tx] node19999 -> node100  data seq=36 snd=42863 rcv=1 plen=14
2026-08-17 03:27:36.730 | [tx]   llc+nd : 0B02200024A76F0001000E2113000300644E1F000200019063
2026-08-17 03:27:36.742 | [sniff] node100 -> node19999  kind0x6F seq=17 snd=1 rcv=42863 plen=257   <== ADDRESSED TO US
2026-08-17 03:27:36.759 | [sniff]   llc+nd : 0B026F00110001A76F0101
2026-08-17 03:27:36.766 | [sniff]   frame  : 0800261F4E00080026640000000EA8A8030B026F00110001A76F01010001CF3200050008000044000000000000000000000000010001D0CE001C000E
2026-08-17 03:27:36.788 | [link] disconnect request from the peer, ND frame kind 0x6F
2026-08-17 03:27:36.798 | [tx] node19999 -> node100  data seq=37 snd=42863 rcv=1 plen=14
2026-08-17 03:27:36.808 | [tx]   llc+nd : 0B02200025A76F0001000E2113000300644E1F000300019062
2026-08-17 03:27:36.819 | [sniff] node100 -> node19999  kind0x6F seq=13 snd=1 rcv=42863 plen=257   <== ADDRESSED TO US
2026-08-17 03:27:36.834 | [sniff]   llc+nd : 0B026F000D0001A76F0101
2026-08-17 03:27:36.842 | [sniff]   frame  : 0800261F4E00080026640000000EA8A8030B026F000D0001A76F01010001CF3200000000000500200000340000000000000000004E1F0001A3560100
2026-08-17 03:27:36.871 | [link] disconnect request from the peer, ND frame kind 0x6F
2026-08-17 03:27:36.880 | [tx] node19999 -> node100  data seq=38 snd=42863 rcv=1 plen=36
2026-08-17 03:27:36.891 | [tx]   llc+nd : 0B02200026A76F000100242113000E00644E1F00110008904221008284006404EF4E1F0211000807A200020900922A
2026-08-17 03:27:36.907 | [sniff] node100 -> node19999  kind0x6F seq=14 snd=1 rcv=42863 plen=257   <== ADDRESSED TO US
2026-08-17 03:27:36.922 | [sniff]   llc+nd : 0B026F000E0001A76F0101
2026-08-17 03:27:36.929 | [sniff]   frame  : 0800261F4E00080026640000000EA8A8030B026F000E0001A76F01010001CFE200050008000044000000000000000000000000010001CFC6001C000E
2026-08-17 03:27:36.962 | [segment] data=67 acks=16 other-stations=12
2026-08-17 03:27:36.969 | [link] disconnect request from the peer, ND frame kind 0x6F
2026-08-17 03:27:36.978 | [tx] node19999 -> node100  data seq=39 snd=42863 rcv=1 plen=126
2026-08-17 03:27:36.988 | [tx]   llc+nd : 0B02200027A76F0001007E2113000E00644E1F001200628FE721008284006404EF4E1F0211006207F000028100908192000C920002F200028C4BA20000A20000A20001B040900044454C4D452700000000000000000000545854270000000004F7000800000000000000000000322216500000000032221650000000010000003D400078DAF200FF00
2026-08-17 03:27:37.034 | [sniff] node100 -> node19999  kind0x6F seq=15 snd=1 rcv=42863 plen=257   <== ADDRESSED TO US
2026-08-17 03:27:37.047 | [sniff]   llc+nd : 0B026F000F0001A76F0101
2026-08-17 03:27:37.053 | [sniff]   frame  : 0800261F4E00080026640000000EA8A8030B026F000F0001A76F01010001D03A00050008000044000000000000000000000000010001D01E001C000E
2026-08-17 03:27:37.073 | [link] disconnect request from the peer, ND frame kind 0x6F
2026-08-17 03:27:37.083 | [tx] node19999 -> node100  data seq=40 snd=42863 rcv=1 plen=14
2026-08-17 03:27:37.092 | [tx]   llc+nd : 0B02200028A76F0001000E2113000300644E1F000200019063
2026-08-17 03:27:37.103 | [sniff] node100 -> node19999  kind0x6F seq=16 snd=1 rcv=42863 plen=257   <== ADDRESSED TO US
2026-08-17 03:27:37.119 | [sniff]   llc+nd : 0B026F00100001A76F0101
2026-08-17 03:27:37.127 | [sniff]   frame  : 0800261F4E00080026640000000EA8A8030B026F00100001A76F01010001D09200050008000044000000000000000000000000010001D076001C000E
2026-08-17 03:27:37.150 | [link] disconnect request from the peer, ND frame kind 0x6F
2026-08-17 03:27:37.159 | [tx] node19999 -> node100  data seq=41 snd=42863 rcv=1 plen=14
2026-08-17 03:27:37.170 | [tx]   llc+nd : 0B02200029A76F0001000E2113000300644E1F000300019062
2026-08-17 03:27:37.181 | [sniff] node100 -> node19999  kind0x6F seq=17 snd=1 rcv=42863 plen=257   <== ADDRESSED TO US
2026-08-17 03:27:37.196 | [sniff]   llc+nd : 0B026F00110001A76F0101
2026-08-17 03:27:37.202 | [sniff]   frame  : 0800261F4E00080026640000000EA8A8030B026F00110001A76F01010001CF3200050008000044000000000000000000000000010001D0CE001C000E
2026-08-17 03:27:37.224 | [link] disconnect request from the peer, ND frame kind 0x6F
2026-08-17 03:27:37.233 | [tx] node19999 -> node100  data seq=42 snd=42863 rcv=1 plen=36
2026-08-17 03:27:37.244 | [tx]   llc+nd : 0B0220002AA76F000100242113000E00644E1F00130008904021008284006404EF4E1F0211000807A200020A00922A
2026-08-17 03:27:37.263 | [sniff] node100 -> node19999  kind0x6F seq=13 snd=1 rcv=42863 plen=257   <== ADDRESSED TO US
2026-08-17 03:27:37.279 | [sniff]   llc+nd : 0B026F000D0001A76F0101
2026-08-17 03:27:37.287 | [sniff]   frame  : 0800261F4E00080026640000000EA8A8030B026F000D0001A76F01010001CF3200000000000500200000340000000000000000004E1F0001A3560100
2026-08-17 03:27:37.310 | [link] disconnect request from the peer, ND frame kind 0x6F
2026-08-17 03:27:37.320 | [tx] node19999 -> node100  data seq=43 snd=42863 rcv=1 plen=126
2026-08-17 03:27:37.330 | [tx]   llc+nd : 0B0220002BA76F0001007E2113000E00644E1F001400628FE521008284006404EF4E1F0211006207F000028100908192000C920002F200028C4BA20000A20000A20001B040900044454C4D452700000000000000000000545854270000000004F7000800000000000000000000322216500000000032221650000000010000003D400078DAF200FF00
2026-08-17 03:27:37.382 | [sniff] node100 -> node19999  kind0x6F seq=14 snd=1 rcv=42863 plen=257   <== ADDRESSED TO US
2026-08-17 03:27:37.395 | [sniff]   llc+nd : 0B026F000E0001A76F0101
2026-08-17 03:27:37.402 | [sniff]   frame  : 0800261F4E00080026640000000EA8A8030B026F000E0001A76F01010001CFE200050008000044000000000000000000000000010001CFC6001C000E
2026-08-17 03:27:37.422 | [link] disconnect request from the peer, ND frame kind 0x6F
2026-08-17 03:27:37.432 | [tx] node19999 -> node100  data seq=44 snd=42863 rcv=1 plen=14
2026-08-17 03:27:37.441 | [tx]   llc+nd : 0B0220002CA76F0001000E2113000300644E1F000200019063
2026-08-17 03:27:37.451 | [sniff] node100 -> node19999  kind0x6F seq=15 snd=1 rcv=42863 plen=257   <== ADDRESSED TO US
2026-08-17 03:27:37.466 | [sniff]   llc+nd : 0B026F000F0001A76F0101
2026-08-17 03:27:37.472 | [sniff]   frame  : 0800261F4E00080026640000000EA8A8030B026F000F0001A76F01010001D03A00050008000044000000000000000000000000010001D01E001C000E
2026-08-17 03:27:37.493 | [link] disconnect request from the peer, ND frame kind 0x6F
2026-08-17 03:27:37.504 | [tx] node19999 -> node100  data seq=45 snd=42863 rcv=1 plen=14
2026-08-17 03:27:37.516 | [tx]   llc+nd : 0B0220002DA76F0001000E2113000300644E1F000300019062
2026-08-17 03:27:37.528 | [sniff] node100 -> node19999  kind0x6F seq=16 snd=1 rcv=42863 plen=257   <== ADDRESSED TO US
2026-08-17 03:27:37.545 | [sniff]   llc+nd : 0B026F00100001A76F0101
2026-08-17 03:27:37.552 | [sniff]   frame  : 0800261F4E00080026640000000EA8A8030B026F00100001A76F01010001D09200050008000044000000000000000000000000010001D076001C000E
2026-08-17 03:27:37.575 | [link] disconnect request from the peer, ND frame kind 0x6F
2026-08-17 03:27:37.585 | [tx] node19999 -> node100  data seq=46 snd=42863 rcv=1 plen=36
2026-08-17 03:27:37.595 | [tx]   llc+nd : 0B0220002EA76F000100242113000E00644E1F00150008903E21008284006404EF4E1F0211000807A200020B00922A
2026-08-17 03:27:37.613 | [sniff] node100 -> node19999  kind0x6F seq=17 snd=1 rcv=42863 plen=257   <== ADDRESSED TO US
2026-08-17 03:27:37.628 | [sniff]   llc+nd : 0B026F00110001A76F0101
2026-08-17 03:27:37.634 | [sniff]   frame  : 0800261F4E00080026640000000EA8A8030B026F00110001A76F01010001CF3200050008000044000000000000000000000000010001D0CE001C000E
2026-08-17 03:27:37.655 | [link] disconnect request from the peer, ND frame kind 0x6F
2026-08-17 03:27:37.665 | [tx] node19999 -> node100  data seq=47 snd=42863 rcv=1 plen=126
2026-08-17 03:27:37.675 | [tx]   llc+nd : 0B0220002FA76F0001007E2113000E00644E1F001600628FE321008284006404EF4E1F0211006207F000028100908192000C920002F200028C4BA20000A20000A20001B040900044454C4D452700000000000000000000545854270000000004F7000800000000000000000000322216500000000032221650000000010000003D400078DAF200FF00
2026-08-17 03:27:37.717 | [sniff] node100 -> node19999  kind0x6F seq=13 snd=1 rcv=42863 plen=257   <== ADDRESSED TO US
2026-08-17 03:27:37.760 | [sniff]   llc+nd : 0B026F000D0001A76F0101
2026-08-17 03:27:37.766 | [sniff]   frame  : 0800261F4E00080026640000000EA8A8030B026F000D0001A76F01010001CF3200000000000500200000340000000000000000004E1F0001A3560100
2026-08-17 03:27:37.787 | [link] disconnect request from the peer, ND frame kind 0x6F
2026-08-17 03:27:37.796 | [tx] node19999 -> node100  data seq=48 snd=42863 rcv=1 plen=14
2026-08-17 03:27:37.806 | [tx]   llc+nd : 0B02200030A76F0001000E2113000300644E1F000200019063
2026-08-17 03:27:37.818 | [sniff] node100 -> node19999  kind0x6F seq=14 snd=1 rcv=42863 plen=257   <== ADDRESSED TO US
2026-08-17 03:27:37.832 | [sniff]   llc+nd : 0B026F000E0001A76F0101
2026-08-17 03:27:37.840 | [sniff]   frame  : 0800261F4E00080026640000000EA8A8030B026F000E0001A76F01010001CFE200050008000044000000000000000000000000010001CFC6001C000E
2026-08-17 03:27:37.863 | [link] disconnect request from the peer, ND frame kind 0x6F
2026-08-17 03:27:37.874 | [tx] node19999 -> node100  data seq=49 snd=42863 rcv=1 plen=14
2026-08-17 03:27:37.885 | [tx]   llc+nd : 0B02200031A76F0001000E2113000300644E1F000300019062
2026-08-17 03:27:37.897 | [sniff] node100 -> node19999  kind0x6F seq=15 snd=1 rcv=42863 plen=257   <== ADDRESSED TO US
2026-08-17 03:27:37.915 | [sniff]   llc+nd : 0B026F000F0001A76F0101
2026-08-17 03:27:37.921 | [sniff]   frame  : 0800261F4E00080026640000000EA8A8030B026F000F0001A76F01010001D03A00050008000044000000000000000000000000010001D01E001C000E
2026-08-17 03:27:37.945 | [link] disconnect request from the peer, ND frame kind 0x6F
2026-08-17 03:27:37.955 | [tx] node19999 -> node100  data seq=50 snd=42863 rcv=1 plen=36
2026-08-17 03:27:37.968 | [tx]   llc+nd : 0B02200032A76F000100242113000E00644E1F00170008903C21008284006404EF4E1F0211000807A200020C00922A
2026-08-17 03:27:37.988 | [sniff] node100 -> node19999  kind0x6F seq=16 snd=1 rcv=42863 plen=257   <== ADDRESSED TO US
2026-08-17 03:27:38.004 | [sniff]   llc+nd : 0B026F00100001A76F0101
2026-08-17 03:27:38.011 | [sniff]   frame  : 0800261F4E00080026640000000EA8A8030B026F00100001A76F01010001D09200050008000044000000000000000000000000010001D076001C000E
2026-08-17 03:27:38.040 | [link] disconnect request from the peer, ND frame kind 0x6F
2026-08-17 03:27:38.058 | [tx] node19999 -> node100  data seq=51 snd=42863 rcv=1 plen=126
2026-08-17 03:27:38.072 | [tx]   llc+nd : 0B02200033A76F0001007E2113000E00644E1F001800628FE121008284006404EF4E1F0211006207F000028100908192000C920002F200028C4BA20000A20000A20001B040900044454C4D452700000000000000000000545854270000000004F7000800000000000000000000322216500000000032221650000000010000003D400078DAF200FF00
2026-08-17 03:27:38.124 | [sniff] node100 -> node19999  kind0x6F seq=17 snd=1 rcv=42863 plen=257   <== ADDRESSED TO US
2026-08-17 03:27:38.139 | [sniff]   llc+nd : 0B026F00110001A76F0101
2026-08-17 03:27:38.146 | [sniff]   frame  : 0800261F4E00080026640000000EA8A8030B026F00110001A76F01010001CF3200050008000044000000000000000000000000010001D0CE001C000E
2026-08-17 03:27:38.168 | [link] disconnect request from the peer, ND frame kind 0x6F
2026-08-17 03:27:38.178 | [tx] node19999 -> node100  data seq=52 snd=42863 rcv=1 plen=14
2026-08-17 03:27:38.188 | [tx]   llc+nd : 0B02200034A76F0001000E2113000300644E1F000200019063
2026-08-17 03:27:38.199 | [sniff] node100 -> node19999  kind0x6F seq=13 snd=1 rcv=42863 plen=257   <== ADDRESSED TO US
2026-08-17 03:27:38.215 | [sniff]   llc+nd : 0B026F000D0001A76F0101
2026-08-17 03:27:38.222 | [sniff]   frame  : 0800261F4E00080026640000000EA8A8030B026F000D0001A76F01010001CF3200000000000500200000340000000000000000004E1F0001A3560100
2026-08-17 03:27:38.244 | [link] disconnect request from the peer, ND frame kind 0x6F
2026-08-17 03:27:38.253 | [tx] node19999 -> node100  data seq=53 snd=42863 rcv=1 plen=14
2026-08-17 03:27:38.263 | [tx]   llc+nd : 0B02200035A76F0001000E2113000300644E1F000300019062
2026-08-17 03:27:38.275 | [sniff] node100 -> node19999  kind0x6F seq=14 snd=1 rcv=42863 plen=257   <== ADDRESSED TO US
2026-08-17 03:27:38.293 | [sniff]   llc+nd : 0B026F000E0001A76F0101
2026-08-17 03:27:38.301 | [sniff]   frame  : 0800261F4E00080026640000000EA8A8030B026F000E0001A76F01010001CFE200050008000044000000000000000000000000010001CFC6001C000E
2026-08-17 03:27:38.323 | [link] disconnect request from the peer, ND frame kind 0x6F
2026-08-17 03:27:38.334 | [tx] node19999 -> node100  data seq=54 snd=42863 rcv=1 plen=36
2026-08-17 03:27:38.345 | [tx]   llc+nd : 0B02200036A76F000100242113000E00644E1F00190008903A21008284006404EF4E1F0211000807A200020D00922A
2026-08-17 03:27:38.364 | [sniff] node100 -> node19999  kind0x6F seq=15 snd=1 rcv=42863 plen=257   <== ADDRESSED TO US
2026-08-17 03:27:38.379 | [sniff]   llc+nd : 0B026F000F0001A76F0101
2026-08-17 03:27:38.387 | [sniff]   frame  : 0800261F4E00080026640000000EA8A8030B026F000F0001A76F01010001D03A00050008000044000000000000000000000000010001D01E001C000E
2026-08-17 03:27:38.411 | [link] disconnect request from the peer, ND frame kind 0x6F
2026-08-17 03:27:38.421 | [tx] node19999 -> node100  data seq=55 snd=42863 rcv=1 plen=126
2026-08-17 03:27:38.431 | [tx]   llc+nd : 0B02200037A76F0001007E2113000E00644E1F001A00628FDF21008284006404EF4E1F0211006207F000028100908192000C920002F200028C4BA20000A20000A20001B040900044454C4D452700000000000000000000545854270000000004F7000800000000000000000000322216500000000032221650000000010000003D400078DAF200FF00
2026-08-17 03:27:38.486 | [sniff] node100 -> node19999  kind0x6F seq=16 snd=1 rcv=42863 plen=257   <== ADDRESSED TO US
2026-08-17 03:27:38.502 | [sniff]   llc+nd : 0B026F00100001A76F0101
2026-08-17 03:27:38.509 | [sniff]   frame  : 0800261F4E00080026640000000EA8A8030B026F00100001A76F01010001D09200050008000044000000000000000000000000010001D076001C000E
2026-08-17 03:27:38.534 | [link] disconnect request from the peer, ND frame kind 0x6F
2026-08-17 03:27:38.544 | [tx] node19999 -> node100  data seq=56 snd=42863 rcv=1 plen=14
2026-08-17 03:27:38.554 | [tx]   llc+nd : 0B02200038A76F0001000E2113000300644E1F000200019063
2026-08-17 03:27:38.565 | [sniff] node100 -> node19999  kind0x6F seq=17 snd=1 rcv=42863 plen=257   <== ADDRESSED TO US
2026-08-17 03:27:38.583 | [sniff]   llc+nd : 0B026F00110001A76F0101
2026-08-17 03:27:38.591 | [sniff]   frame  : 0800261F4E00080026640000000EA8A8030B026F00110001A76F01010001CF3200050008000044000000000000000000000000010001D0CE001C000E
2026-08-17 03:27:38.615 | [link] disconnect request from the peer, ND frame kind 0x6F
2026-08-17 03:27:38.625 | [tx] node19999 -> node100  data seq=57 snd=42863 rcv=1 plen=14
2026-08-17 03:27:38.634 | [tx]   llc+nd : 0B02200039A76F0001000E2113000300644E1F000300019062
2026-08-17 03:27:38.646 | [sniff] node100 -> node19999  kind0x6F seq=13 snd=1 rcv=42863 plen=257   <== ADDRESSED TO US
2026-08-17 03:27:38.663 | [sniff]   llc+nd : 0B026F000D0001A76F0101
2026-08-17 03:27:38.670 | [sniff]   frame  : 0800261F4E00080026640000000EA8A8030B026F000D0001A76F01010001CF3200000000000500200000340000000000000000004E1F0001A3560100
2026-08-17 03:27:38.691 | [link] disconnect request from the peer, ND frame kind 0x6F
2026-08-17 03:27:38.702 | [tx] node19999 -> node100  data seq=58 snd=42863 rcv=1 plen=36
2026-08-17 03:27:38.712 | [tx]   llc+nd : 0B0220003AA76F000100242113000E00644E1F001B0008903821008284006404EF4E1F0211000807A200020E00922A
2026-08-17 03:27:38.728 | [sniff] node100 -> node19999  kind0x6F seq=14 snd=1 rcv=42863 plen=257   <== ADDRESSED TO US
2026-08-17 03:27:38.742 | [sniff]   llc+nd : 0B026F000E0001A76F0101
2026-08-17 03:27:38.749 | [sniff]   frame  : 0800261F4E00080026640000000EA8A8030B026F000E0001A76F01010001CFE200050008000044000000000000000000000000010001CFC6001C000E
2026-08-17 03:27:38.768 | [link] disconnect request from the peer, ND frame kind 0x6F
2026-08-17 03:27:38.777 | [tx] node19999 -> node100  data seq=59 snd=42863 rcv=1 plen=126
2026-08-17 03:27:38.787 | [tx]   llc+nd : 0B0220003BA76F0001007E2113000E00644E1F001C00628FDD21008284006404EF4E1F0211006207F000028100908192000C920002F200028C4BA20000A20000A20001B040900044454C4D452700000000000000000000545854270000000004F7000800000000000000000000322216500000000032221650000000010000003D400078DAF200FF00
2026-08-17 03:27:38.833 | [sniff] node100 -> node19999  kind0x6F seq=15 snd=1 rcv=42863 plen=257   <== ADDRESSED TO US
2026-08-17 03:27:38.849 | [sniff]   llc+nd : 0B026F000F0001A76F0101
2026-08-17 03:27:38.855 | [sniff]   frame  : 0800261F4E00080026640000000EA8A8030B026F000F0001A76F01010001D03A00050008000044000000000000000000000000010001D01E001C000E
2026-08-17 03:27:38.877 | [link] disconnect request from the peer, ND frame kind 0x6F
2026-08-17 03:27:38.886 | [tx] node19999 -> node100  data seq=60 snd=42863 rcv=1 plen=14
2026-08-17 03:27:38.896 | [tx]   llc+nd : 0B0220003CA76F0001000E2113000300644E1F000400019061
2026-08-17 03:27:38.906 | [sniff] node100 -> node19999  kind0x6F seq=16 snd=1 rcv=42863 plen=257   <== ADDRESSED TO US
2026-08-17 03:27:38.921 | [sniff]   llc+nd : 0B026F00100001A76F0101
2026-08-17 03:27:38.929 | [sniff]   frame  : 0800261F4E00080026640000000EA8A8030B026F00100001A76F01010001D09200050008000044000000000000000000000000010001D076001C000E
2026-08-17 03:27:38.953 | [link] disconnect request from the peer, ND frame kind 0x6F
2026-08-17 03:27:38.964 | [tx] node19999 -> node100  data seq=61 snd=42863 rcv=1 plen=36
2026-08-17 03:27:38.975 | [tx]   llc+nd : 0B0220003DA76F000100242113000E00644E1F001D0008903621008284006404EF4E1F0211000807C0000200420000
2026-08-17 03:27:39.000 | [sniff] node100 -> node19999  kind0x6F seq=17 snd=1 rcv=42863 plen=257   <== ADDRESSED TO US
2026-08-17 03:27:39.017 | [sniff]   llc+nd : 0B026F00110001A76F0101
2026-08-17 03:27:39.024 | [sniff]   frame  : 0800261F4E00080026640000000EA8A8030B026F00110001A76F01010001CF3200050008000044000000000000000000000000010001D0CE001C000E
2026-08-17 03:27:39.049 | [link] disconnect request from the peer, ND frame kind 0x6F
2026-08-17 03:27:39.060 | [tx] node19999 -> node100  data seq=62 snd=42863 rcv=1 plen=14
2026-08-17 03:27:39.070 | [tx]   llc+nd : 0B0220003EA76F0001000E2113000300644E1F000200019063
2026-08-17 03:27:39.082 | [sniff] node100 -> node19999  kind0x6F seq=13 snd=1 rcv=42863 plen=257   <== ADDRESSED TO US
2026-08-17 03:27:39.096 | [sniff]   llc+nd : 0B026F000D0001A76F0101
2026-08-17 03:27:39.105 | [sniff]   frame  : 0800261F4E00080026640000000EA8A8030B026F000D0001A76F01010001CF3200000000000500200000340000000000000000004E1F0001A3560100
2026-08-17 03:27:39.131 | [link] disconnect request from the peer, ND frame kind 0x6F
2026-08-17 03:27:39.143 | [tx] node19999 -> node100  data seq=63 snd=42863 rcv=1 plen=14
2026-08-17 03:27:39.153 | [tx]   llc+nd : 0B0220003FA76F0001000E2113000300644E1F000500019060
2026-08-17 03:27:39.165 | [sniff] node100 -> node19999  kind0x6F seq=14 snd=1 rcv=42863 plen=257   <== ADDRESSED TO US
2026-08-17 03:27:39.180 | [sniff]   llc+nd : 0B026F000E0001A76F0101
2026-08-17 03:27:39.187 | [sniff]   frame  : 0800261F4E00080026640000000EA8A8030B026F000E0001A76F01010001CFE200050008000044000000000000000000000000010001CFC6001C000E
2026-08-17 03:27:39.210 | [link] disconnect request from the peer, ND frame kind 0x6F
2026-08-17 03:27:39.221 | [tx] node19999 -> node100  data seq=64 snd=42863 rcv=1 plen=36
2026-08-17 03:27:39.234 | [tx]   llc+nd : 0B02200040A76F000100242113000E00644E1F001E0008903521008284006404EF4E1F0211000807D2000400436400
2026-08-17 03:27:39.256 | [sniff] node100 -> node19999  kind0x6F seq=15 snd=1 rcv=42863 plen=257   <== ADDRESSED TO US
2026-08-17 03:27:39.271 | [sniff]   llc+nd : 0B026F000F0001A76F0101
2026-08-17 03:27:39.280 | [sniff]   frame  : 0800261F4E00080026640000000EA8A8030B026F000F0001A76F01010001D03A00050008000044000000000000000000000000010001D01E001C000E
2026-08-17 03:27:39.303 | [link] disconnect request from the peer, ND frame kind 0x6F
2026-08-17 03:27:39.313 | [tx] node19999 -> node100  data seq=65 snd=42863 rcv=1 plen=14
2026-08-17 03:27:39.324 | [tx]   llc+nd : 0B02200041A76F0001000E2113000300644E1F000300019062
2026-08-17 03:27:39.336 | [sniff] node100 -> node19999  kind0x6F seq=16 snd=1 rcv=42863 plen=257   <== ADDRESSED TO US
2026-08-17 03:27:39.351 | [sniff]   llc+nd : 0B026F00100001A76F0101
2026-08-17 03:27:39.358 | [sniff]   frame  : 0800261F4E00080026640000000EA8A8030B026F00100001A76F01010001D09200050008000044000000000000000000000000010001D076001C000E
2026-08-17 03:27:39.380 | [link] disconnect request from the peer, ND frame kind 0x6F
2026-08-17 03:27:39.389 | [tx] node19999 -> node100  data seq=66 snd=42863 rcv=1 plen=36
2026-08-17 03:27:39.399 | [tx]   llc+nd : 0B02200042A76F000100242113000E00644E1F001F0008903421008284006404EF4E1F0211000807A200040100922A
2026-08-17 03:27:39.416 | [sniff] node100 -> node19999  kind0x6F seq=17 snd=1 rcv=42863 plen=257   <== ADDRESSED TO US
2026-08-17 03:27:39.431 | [sniff]   llc+nd : 0B026F00110001A76F0101
2026-08-17 03:27:39.437 | [sniff]   frame  : 0800261F4E00080026640000000EA8A8030B026F00110001A76F01010001CF3200050008000044000000000000000000000000010001D0CE001C000E
2026-08-17 03:27:39.458 | [link] disconnect request from the peer, ND frame kind 0x6F
2026-08-17 03:27:39.467 | [tx] node19999 -> node100  data seq=67 snd=42863 rcv=1 plen=126
2026-08-17 03:27:39.478 | [tx]   llc+nd : 0B02200043A76F0001007E2113000E00644E1F002000628FD921008284006404EF4E1F0211006207F000048000908192000C920002F200028C4BA20000A20000A20001B040900044454C4D452700000000000000000000545854270000000004F7000800000000000000000000322216500000000032221650000000010000003D400078DAF200FF00
2026-08-17 03:27:39.524 | [sniff] node100 -> node19999  kind0x6F seq=13 snd=1 rcv=42863 plen=257   <== ADDRESSED TO US
2026-08-17 03:27:39.540 | [sniff]   llc+nd : 0B026F000D0001A76F0101
2026-08-17 03:27:39.546 | [sniff]   frame  : 0800261F4E00080026640000000EA8A8030B026F000D0001A76F01010001CF3200000000000500200000340000000000000000004E1F0001A3560100
2026-08-17 03:27:39.568 | [link] disconnect request from the peer, ND frame kind 0x6F
2026-08-17 03:27:39.578 | [tx] node19999 -> node100  data seq=68 snd=42863 rcv=1 plen=14
2026-08-17 03:27:39.588 | [tx]   llc+nd : 0B02200044A76F0001000E2113000300644E1F000400019061
2026-08-17 03:27:39.599 | [sniff] node100 -> node19999  kind0x6F seq=14 snd=1 rcv=42863 plen=257   <== ADDRESSED TO US
2026-08-17 03:27:39.617 | [sniff]   llc+nd : 0B026F000E0001A76F0101
2026-08-17 03:27:39.625 | [sniff]   frame  : 0800261F4E00080026640000000EA8A8030B026F000E0001A76F01010001CFE200050008000044000000000000000000000000010001CFC6001C000E
2026-08-17 03:27:39.649 | [link] disconnect request from the peer, ND frame kind 0x6F
2026-08-17 03:27:39.662 | [tx] node19999 -> node100  data seq=69 snd=42863 rcv=1 plen=36
2026-08-17 03:27:39.674 | [tx]   llc+nd : 0B02200045A76F000100242113000E00644E1F00210008903221008284006404EF4E1F0211000807C0000400420000
2026-08-17 03:27:39.693 | [sniff] node100 -> node19999  kind0x6F seq=15 snd=1 rcv=42863 plen=257   <== ADDRESSED TO US
2026-08-17 03:27:39.708 | [sniff]   llc+nd : 0B026F000F0001A76F0101
2026-08-17 03:27:39.715 | [sniff]   frame  : 0800261F4E00080026640000000EA8A8030B026F000F0001A76F01010001D03A00050008000044000000000000000000000000010001D01E001C000E
2026-08-17 03:27:39.736 | [link] disconnect request from the peer, ND frame kind 0x6F
2026-08-17 03:27:39.746 | [tx] node19999 -> node100  data seq=70 snd=42863 rcv=1 plen=14
2026-08-17 03:27:39.755 | [tx]   llc+nd : 0B02200046A76F0001000E2113000300644E1F000200019063
2026-08-17 03:27:39.766 | [sniff] node100 -> node19999  kind0x6F seq=16 snd=1 rcv=42863 plen=257   <== ADDRESSED TO US
2026-08-17 03:27:39.779 | [sniff]   llc+nd : 0B026F00100001A76F0101
2026-08-17 03:27:39.786 | [sniff]   frame  : 0800261F4E00080026640000000EA8A8030B026F00100001A76F01010001D09200050008000044000000000000000000000000010001D076001C000E
2026-08-17 03:27:39.806 | [link] disconnect request from the peer, ND frame kind 0x6F
2026-08-17 03:27:39.815 | [tx] node19999 -> node100  data seq=71 snd=42863 rcv=1 plen=14
2026-08-17 03:27:39.824 | [tx]   llc+nd : 0B02200047A76F0001000E2113000300644E1F000500019060
2026-08-17 03:27:39.833 | [sniff] node100 -> node19999  kind0x6F seq=17 snd=1 rcv=42863 plen=257   <== ADDRESSED TO US
2026-08-17 03:27:39.847 | [sniff]   llc+nd : 0B026F00110001A76F0101
2026-08-17 03:27:39.853 | [sniff]   frame  : 0800261F4E00080026640000000EA8A8030B026F00110001A76F01010001CF3200050008000044000000000000000000000000010001D0CE001C000E
2026-08-17 03:27:39.872 | [link] disconnect request from the peer, ND frame kind 0x6F
2026-08-17 03:27:39.880 | [tx] node19999 -> node100  data seq=72 snd=42863 rcv=1 plen=36
2026-08-17 03:27:39.890 | [tx]   llc+nd : 0B02200048A76F000100242113000E00644E1F00220008903121008284006404EF4E1F0211000807D2000400446400
2026-08-17 03:27:39.905 | [sniff] node100 -> node19999  kind0x6F seq=13 snd=1 rcv=42863 plen=257   <== ADDRESSED TO US
2026-08-17 03:27:39.920 | [sniff]   llc+nd : 0B026F000D0001A76F0101
2026-08-17 03:27:39.926 | [sniff]   frame  : 0800261F4E00080026640000000EA8A8030B026F000D0001A76F01010001CF3200000000000500200000340000000000000000004E1F0001A3560100
2026-08-17 03:27:39.947 | [link] disconnect request from the peer, ND frame kind 0x6F
2026-08-17 03:27:39.956 | [sniff] node100 -> node19999  kind0x6F seq=14 snd=1 rcv=42863 plen=257   <== ADDRESSED TO US
2026-08-17 03:27:39.971 | [sniff]   llc+nd : 0B026F000E0001A76F0101
2026-08-17 03:27:39.978 | [sniff]   frame  : 0800261F4E00080026640000000EA8A8030B026F000E0001A76F01010001CFE200050008000044000000000000000000000000010001CFC6001C000E
2026-08-17 03:27:39.998 | [link] disconnect request from the peer, ND frame kind 0x6F
2026-08-17 03:27:40.007 | [sniff] node100 -> node19999  kind0x6F seq=15 snd=1 rcv=42863 plen=257   <== ADDRESSED TO US
2026-08-17 03:27:40.020 | [sniff]   llc+nd : 0B026F000F0001A76F0101
2026-08-17 03:27:40.027 | [sniff]   frame  : 0800261F4E00080026640000000EA8A8030B026F000F0001A76F01010001D03A00050008000044000000000000000000000000010001D01E001C000E
2026-08-17 03:27:40.050 | [link] disconnect request from the peer, ND frame kind 0x6F
2026-08-17 03:27:40.060 | [sniff] node100 -> node19999  kind0x6F seq=16 snd=1 rcv=42863 plen=257   <== ADDRESSED TO US
2026-08-17 03:27:40.077 | [sniff]   llc+nd : 0B026F00100001A76F0101
2026-08-17 03:27:40.084 | [sniff]   frame  : 0800261F4E00080026640000000EA8A8030B026F00100001A76F01010001D09200050008000044000000000000000000000000010001D076001C000E
2026-08-17 03:27:40.104 | [link] disconnect request from the peer, ND frame kind 0x6F
2026-08-17 03:27:40.113 | [sniff] node100 -> node19999  kind0x6F seq=17 snd=1 rcv=42863 plen=257   <== ADDRESSED TO US
2026-08-17 03:27:40.126 | [sniff]   llc+nd : 0B026F00110001A76F0101
2026-08-17 03:27:40.132 | [sniff]   frame  : 0800261F4E00080026640000000EA8A8030B026F00110001A76F01010001CF3200050008000044000000000000000000000000010001D0CE001C000E
2026-08-17 03:27:40.153 | [link] disconnect request from the peer, ND frame kind 0x6F
2026-08-17 03:27:40.163 | [sniff] node100 -> node19999  kind0x6F seq=13 snd=1 rcv=42863 plen=257   <== ADDRESSED TO US
2026-08-17 03:27:40.178 | [sniff]   llc+nd : 0B026F000D0001A76F0101
2026-08-17 03:27:40.186 | [sniff]   frame  : 0800261F4E00080026640000000EA8A8030B026F000D0001A76F01010001CF3200000000000500200000340000000000000000004E1F0001A3560100
2026-08-17 03:27:40.210 | [link] disconnect request from the peer, ND frame kind 0x6F
2026-08-17 03:27:40.219 | [sniff] node100 -> node19999  kind0x6F seq=14 snd=1 rcv=42863 plen=257   <== ADDRESSED TO US
2026-08-17 03:27:40.237 | [sniff]   llc+nd : 0B026F000E0001A76F0101
2026-08-17 03:27:40.244 | [sniff]   frame  : 0800261F4E00080026640000000EA8A8030B026F000E0001A76F01010001CFE200050008000044000000000000000000000000010001CFC6001C000E
2026-08-17 03:27:40.268 | [link] disconnect request from the peer, ND frame kind 0x6F
2026-08-17 03:27:40.280 | [sniff] node100 -> node19999  kind0x6F seq=15 snd=1 rcv=42863 plen=257   <== ADDRESSED TO US
2026-08-17 03:27:40.296 | [sniff]   llc+nd : 0B026F000F0001A76F0101
2026-08-17 03:27:40.303 | [sniff]   frame  : 0800261F4E00080026640000000EA8A8030B026F000F0001A76F01010001D03A00050008000044000000000000000000000000010001D01E001C000E
2026-08-17 03:27:40.322 | [link] disconnect request from the peer, ND frame kind 0x6F
2026-08-17 03:27:40.330 | [sniff] node100 -> node19999  kind0x6F seq=16 snd=1 rcv=42863 plen=257   <== ADDRESSED TO US
2026-08-17 03:27:40.342 | [sniff]   llc+nd : 0B026F00100001A76F0101
2026-08-17 03:27:40.349 | [sniff]   frame  : 0800261F4E00080026640000000EA8A8030B026F00100001A76F01010001D09200050008000044000000000000000000000000010001D076001C000E
2026-08-17 03:27:40.369 | [link] disconnect request from the peer, ND frame kind 0x6F
2026-08-17 03:27:40.377 | [sniff] node100 -> node19999  kind0x6F seq=17 snd=1 rcv=42863 plen=257   <== ADDRESSED TO US
2026-08-17 03:27:40.390 | [sniff]   llc+nd : 0B026F00110001A76F0101
2026-08-17 03:27:40.396 | [sniff]   frame  : 0800261F4E00080026640000000EA8A8030B026F00110001A76F01010001CF3200050008000044000000000000000000000000010001D0CE001C000E
2026-08-17 03:27:40.417 | [link] disconnect request from the peer, ND frame kind 0x6F
2026-08-17 03:27:40.425 | [sniff] node100 -> node19999  kind0x6F seq=13 snd=1 rcv=42863 plen=257   <== ADDRESSED TO US
2026-08-17 03:27:40.439 | [sniff]   llc+nd : 0B026F000D0001A76F0101
2026-08-17 03:27:40.446 | [sniff]   frame  : 0800261F4E00080026640000000EA8A8030B026F000D0001A76F01010001CF3200000000000500200000340000000000000000004E1F0001A3560100
2026-08-17 03:27:40.465 | [link] disconnect request from the peer, ND frame kind 0x6F
2026-08-17 03:27:40.473 | [sniff] node100 -> node19999  kind0x6F seq=14 snd=1 rcv=42863 plen=257   <== ADDRESSED TO US
2026-08-17 03:27:40.486 | [sniff]   llc+nd : 0B026F000E0001A76F0101
2026-08-17 03:27:40.493 | [sniff]   frame  : 0800261F4E00080026640000000EA8A8030B026F000E0001A76F01010001CFE200050008000044000000000000000000000000010001CFC6001C000E
2026-08-17 03:27:40.515 | [link] disconnect request from the peer, ND frame kind 0x6F
2026-08-17 03:27:40.526 | [sniff] node100 -> node19999  kind0x6F seq=15 snd=1 rcv=42863 plen=257   <== ADDRESSED TO US
2026-08-17 03:27:40.540 | [sniff]   llc+nd : 0B026F000F0001A76F0101
2026-08-17 03:27:40.547 | [sniff]   frame  : 0800261F4E00080026640000000EA8A8030B026F000F0001A76F01010001D03A00050008000044000000000000000000000000010001D01E001C000E
2026-08-17 03:27:40.566 | [link] disconnect request from the peer, ND frame kind 0x6F
2026-08-17 03:27:40.579 | [sniff] node100 -> node19999  kind0x6F seq=16 snd=1 rcv=42863 plen=257   <== ADDRESSED TO US
2026-08-17 03:27:40.593 | [sniff]   llc+nd : 0B026F00100001A76F0101
2026-08-17 03:27:40.603 | [sniff]   frame  : 0800261F4E00080026640000000EA8A8030B026F00100001A76F01010001D09200050008000044000000000000000000000000010001D076001C000E
2026-08-17 03:27:40.625 | [link] disconnect request from the peer, ND frame kind 0x6F
2026-08-17 03:27:40.633 | [sniff] node100 -> node19999  kind0x6F seq=17 snd=1 rcv=42863 plen=257   <== ADDRESSED TO US
2026-08-17 03:27:40.647 | [sniff]   llc+nd : 0B026F00110001A76F0101
2026-08-17 03:27:40.653 | [sniff]   frame  : 0800261F4E00080026640000000EA8A8030B026F00110001A76F01010001CF3200050008000044000000000000000000000000010001D0CE001C000E
2026-08-17 03:27:40.670 | [link] disconnect request from the peer, ND frame kind 0x6F
2026-08-17 03:27:40.678 | [sniff] node100 -> node19999  kind0x6F seq=13 snd=1 rcv=42863 plen=257   <== ADDRESSED TO US
2026-08-17 03:27:40.690 | [sniff]   llc+nd : 0B026F000D0001A76F0101
2026-08-17 03:27:40.698 | [sniff]   frame  : 0800261F4E00080026640000000EA8A8030B026F000D0001A76F01010001CF3200000000000500200000340000000000000000004E1F0001A3560100
2026-08-17 03:27:40.722 | [link] disconnect request from the peer, ND frame kind 0x6F
2026-08-17 03:27:40.731 | [sniff] node100 -> node19999  kind0x6F seq=14 snd=1 rcv=42863 plen=257   <== ADDRESSED TO US
2026-08-17 03:27:40.745 | [sniff]   llc+nd : 0B026F000E0001A76F0101
2026-08-17 03:27:40.752 | [sniff]   frame  : 0800261F4E00080026640000000EA8A8030B026F000E0001A76F01010001CFE200050008000044000000000000000000000000010001CFC6001C000E
2026-08-17 03:27:40.776 | [link] disconnect request from the peer, ND frame kind 0x6F
2026-08-17 03:27:40.784 | [sniff] node100 -> node19999  kind0x6F seq=15 snd=1 rcv=42863 plen=257   <== ADDRESSED TO US
2026-08-17 03:27:40.796 | [sniff]   llc+nd : 0B026F000F0001A76F0101
2026-08-17 03:27:40.803 | [sniff]   frame  : 0800261F4E00080026640000000EA8A8030B026F000F0001A76F01010001D03A00050008000044000000000000000000000000010001D01E001C000E
2026-08-17 03:27:40.825 | [link] disconnect request from the peer, ND frame kind 0x6F
2026-08-17 03:27:40.834 | [sniff] node100 -> node19999  kind0x6F seq=16 snd=1 rcv=42863 plen=257   <== ADDRESSED TO US
2026-08-17 03:27:40.846 | [sniff]   llc+nd : 0B026F00100001A76F0101
2026-08-17 03:27:40.852 | [sniff]   frame  : 0800261F4E00080026640000000EA8A8030B026F00100001A76F01010001D09200050008000044000000000000000000000000010001D076001C000E
2026-08-17 03:27:40.870 | [link] disconnect request from the peer, ND frame kind 0x6F
2026-08-17 03:27:40.877 | [sniff] node100 -> node19999  kind0x6F seq=17 snd=1 rcv=42863 plen=257   <== ADDRESSED TO US
2026-08-17 03:27:40.889 | [sniff]   llc+nd : 0B026F00110001A76F0101
2026-08-17 03:27:40.895 | [sniff]   frame  : 0800261F4E00080026640000000EA8A8030B026F00110001A76F01010001CF3200050008000044000000000000000000000000010001D0CE001C000E
2026-08-17 03:27:40.913 | [link] disconnect request from the peer, ND frame kind 0x6F
2026-08-17 03:27:40.922 | [sniff] node100 -> node19999  kind0x6F seq=13 snd=1 rcv=42863 plen=257   <== ADDRESSED TO US
2026-08-17 03:27:40.935 | [sniff]   llc+nd : 0B026F000D0001A76F0101
2026-08-17 03:27:40.941 | [sniff]   frame  : 0800261F4E00080026640000000EA8A8030B026F000D0001A76F01010001CF3200000000000500200000340000000000000000004E1F0001A3560100
2026-08-17 03:27:40.961 | [link] disconnect request from the peer, ND frame kind 0x6F
2026-08-17 03:27:40.969 | [sniff] node100 -> node19999  kind0x6F seq=14 snd=1 rcv=42863 plen=257   <== ADDRESSED TO US
2026-08-17 03:27:40.985 | [sniff]   llc+nd : 0B026F000E0001A76F0101
2026-08-17 03:27:40.991 | [sniff]   frame  : 0800261F4E00080026640000000EA8A8030B026F000E0001A76F01010001CFE200050008000044000000000000000000000000010001CFC6001C000E
2026-08-17 03:27:41.011 | [link] disconnect request from the peer, ND frame kind 0x6F
2026-08-17 03:27:41.023 | [sniff] node100 -> node19999  kind0x6F seq=15 snd=1 rcv=42863 plen=257   <== ADDRESSED TO US
2026-08-17 03:27:41.040 | [sniff]   llc+nd : 0B026F000F0001A76F0101
2026-08-17 03:27:41.046 | [sniff]   frame  : 0800261F4E00080026640000000EA8A8030B026F000F0001A76F01010001D03A00050008000044000000000000000000000000010001D01E001C000E
2026-08-17 03:27:41.065 | [link] disconnect request from the peer, ND frame kind 0x6F
2026-08-17 03:27:41.073 | [sniff] node100 -> node19999  kind0x6F seq=16 snd=1 rcv=42863 plen=257   <== ADDRESSED TO US
2026-08-17 03:27:41.084 | [sniff]   llc+nd : 0B026F00100001A76F0101
2026-08-17 03:27:41.095 | [sniff]   frame  : 0800261F4E00080026640000000EA8A8030B026F00100001A76F01010001D09200050008000044000000000000000000000000010001D076001C000E
2026-08-17 03:27:41.114 | [link] disconnect request from the peer, ND frame kind 0x6F
2026-08-17 03:27:41.122 | [sniff] node100 -> node19999  kind0x6F seq=17 snd=1 rcv=42863 plen=257   <== ADDRESSED TO US
2026-08-17 03:27:41.134 | [sniff]   llc+nd : 0B026F00110001A76F0101
2026-08-17 03:27:41.139 | [sniff]   frame  : 0800261F4E00080026640000000EA8A8030B026F00110001A76F01010001CF3200050008000044000000000000000000000000010001D0CE001C000E
2026-08-17 03:27:41.157 | [link] disconnect request from the peer, ND frame kind 0x6F
2026-08-17 03:27:41.166 | [sniff] node100 -> node19999  kind0x6F seq=13 snd=1 rcv=42863 plen=257   <== ADDRESSED TO US
2026-08-17 03:27:41.180 | [sniff]   llc+nd : 0B026F000D0001A76F0101
2026-08-17 03:27:41.186 | [sniff]   frame  : 0800261F4E00080026640000000EA8A8030B026F000D0001A76F01010001CF3200000000000500200000340000000000000000004E1F0001A3560100
2026-08-17 03:27:41.204 | [link] disconnect request from the peer, ND frame kind 0x6F
2026-08-17 03:27:41.218 | [sniff] node100 -> node19999  kind0x6F seq=14 snd=1 rcv=42863 plen=257   <== ADDRESSED TO US
2026-08-17 03:27:41.230 | [sniff]   llc+nd : 0B026F000E0001A76F0101
2026-08-17 03:27:41.236 | [sniff]   frame  : 0800261F4E00080026640000000EA8A8030B026F000E0001A76F01010001CFE200050008000044000000000000000000000000010001CFC6001C000E
2026-08-17 03:27:41.255 | [link] disconnect request from the peer, ND frame kind 0x6F
2026-08-17 03:27:41.266 | [sniff] node100 -> node19999  kind0x6F seq=15 snd=1 rcv=42863 plen=257   <== ADDRESSED TO US
2026-08-17 03:27:41.285 | [sniff]   llc+nd : 0B026F000F0001A76F0101
2026-08-17 03:27:41.292 | [sniff]   frame  : 0800261F4E00080026640000000EA8A8030B026F000F0001A76F01010001D03A00050008000044000000000000000000000000010001D01E001C000E
2026-08-17 03:27:41.312 | [link] disconnect request from the peer, ND frame kind 0x6F
2026-08-17 03:27:41.320 | [sniff] node100 -> node19999  kind0x6F seq=16 snd=1 rcv=42863 plen=257   <== ADDRESSED TO US
2026-08-17 03:27:41.335 | [sniff]   llc+nd : 0B026F00100001A76F0101
2026-08-17 03:27:41.341 | [sniff]   frame  : 0800261F4E00080026640000000EA8A8030B026F00100001A76F01010001D09200050008000044000000000000000000000000010001D076001C000E
2026-08-17 03:27:41.361 | [link] disconnect request from the peer, ND frame kind 0x6F
2026-08-17 03:27:41.373 | [sniff] node100 -> node19999  kind0x6F seq=17 snd=1 rcv=42863 plen=257   <== ADDRESSED TO US
2026-08-17 03:27:41.388 | [sniff]   llc+nd : 0B026F00110001A76F0101
2026-08-17 03:27:41.394 | [sniff]   frame  : 0800261F4E00080026640000000EA8A8030B026F00110001A76F01010001CF3200050008000044000000000000000000000000010001D0CE001C000E
2026-08-17 03:27:41.414 | [link] disconnect request from the peer, ND frame kind 0x6F
2026-08-17 03:27:41.422 | [sniff] node100 -> node19999  kind0x6F seq=13 snd=1 rcv=42863 plen=257   <== ADDRESSED TO US
2026-08-17 03:27:41.433 | [sniff]   llc+nd : 0B026F000D0001A76F0101
2026-08-17 03:27:41.439 | [sniff]   frame  : 0800261F4E00080026640000000EA8A8030B026F000D0001A76F01010001CF3200000000000500200000340000000000000000004E1F0001A3560100
2026-08-17 03:27:41.459 | [link] disconnect request from the peer, ND frame kind 0x6F
2026-08-17 03:27:41.468 | [sniff] node100 -> node19999  kind0x6F seq=14 snd=1 rcv=42863 plen=257   <== ADDRESSED TO US
2026-08-17 03:27:41.480 | [sniff]   llc+nd : 0B026F000E0001A76F0101
2026-08-17 03:27:41.486 | [sniff]   frame  : 0800261F4E00080026640000000EA8A8030B026F000E0001A76F01010001CFE200050008000044000000000000000000000000010001CFC6001C000E
2026-08-17 03:27:41.505 | [link] disconnect request from the peer, ND frame kind 0x6F
2026-08-17 03:27:41.515 | [sniff] node100 -> node19999  kind0x6F seq=15 snd=1 rcv=42863 plen=257   <== ADDRESSED TO US
2026-08-17 03:27:41.527 | [sniff]   llc+nd : 0B026F000F0001A76F0101
2026-08-17 03:27:41.535 | [sniff]   frame  : 0800261F4E00080026640000000EA8A8030B026F000F0001A76F01010001D03A00050008000044000000000000000000000000010001D01E001C000E
2026-08-17 03:27:41.555 | [link] disconnect request from the peer, ND frame kind 0x6F
2026-08-17 03:27:41.564 | [sniff] node100 -> node19999  kind0x6F seq=16 snd=1 rcv=42863 plen=257   <== ADDRESSED TO US
2026-08-17 03:27:41.576 | [sniff]   llc+nd : 0B026F00100001A76F0101
2026-08-17 03:27:41.591 | [sniff]   frame  : 0800261F4E00080026640000000EA8A8030B026F00100001A76F01010001D09200050008000044000000000000000000000000010001D076001C000E
2026-08-17 03:27:41.624 | [link] disconnect request from the peer, ND frame kind 0x6F
2026-08-17 03:27:41.633 | [sniff] node100 -> node19999  kind0x6F seq=17 snd=1 rcv=42863 plen=257   <== ADDRESSED TO US
2026-08-17 03:27:41.646 | [sniff]   llc+nd : 0B026F00110001A76F0101
2026-08-17 03:27:41.653 | [sniff]   frame  : 0800261F4E00080026640000000EA8A8030B026F00110001A76F01010001CF3200050008000044000000000000000000000000010001D0CE001C000E
2026-08-17 03:27:41.671 | [link] disconnect request from the peer, ND frame kind 0x6F
2026-08-17 03:27:41.679 | [sniff] node100 -> node19999  kind0x6F seq=13 snd=1 rcv=42863 plen=257   <== ADDRESSED TO US
2026-08-17 03:27:41.691 | [sniff]   llc+nd : 0B026F000D0001A76F0101
2026-08-17 03:27:41.698 | [sniff]   frame  : 0800261F4E00080026640000000EA8A8030B026F000D0001A76F01010001CF3200000000000500200000340000000000000000004E1F0001A3560100
2026-08-17 03:27:41.721 | [link] disconnect request from the peer, ND frame kind 0x6F
2026-08-17 03:27:41.736 | [sniff] node100 -> node19999  kind0x6F seq=14 snd=1 rcv=42863 plen=257   <== ADDRESSED TO US
2026-08-17 03:27:41.752 | [sniff]   llc+nd : 0B026F000E0001A76F0101
2026-08-17 03:27:41.760 | [sniff]   frame  : 0800261F4E00080026640000000EA8A8030B026F000E0001A76F01010001CFE200050008000044000000000000000000000000010001CFC6001C000E
2026-08-17 03:27:41.783 | [link] disconnect request from the peer, ND frame kind 0x6F
2026-08-17 03:27:41.792 | [sniff] node100 -> node19999  kind0x6F seq=15 snd=1 rcv=42863 plen=257   <== ADDRESSED TO US
2026-08-17 03:27:41.808 | [sniff]   llc+nd : 0B026F000F0001A76F0101
2026-08-17 03:27:41.814 | [sniff]   frame  : 0800261F4E00080026640000000EA8A8030B026F000F0001A76F01010001D03A00050008000044000000000000000000000000010001D01E001C000E
2026-08-17 03:27:41.835 | [link] disconnect request from the peer, ND frame kind 0x6F
2026-08-17 03:27:41.843 | [sniff] node100 -> node19999  kind0x6F seq=16 snd=1 rcv=42863 plen=257   <== ADDRESSED TO US
2026-08-17 03:27:41.856 | [sniff]   llc+nd : 0B026F00100001A76F0101
2026-08-17 03:27:41.862 | [sniff]   frame  : 0800261F4E00080026640000000EA8A8030B026F00100001A76F01010001D09200050008000044000000000000000000000000010001D076001C000E
2026-08-17 03:27:41.881 | [link] disconnect request from the peer, ND frame kind 0x6F
2026-08-17 03:27:41.889 | [sniff] node100 -> node19999  kind0x6F seq=17 snd=1 rcv=42863 plen=257   <== ADDRESSED TO US
2026-08-17 03:27:41.902 | [sniff]   llc+nd : 0B026F00110001A76F0101
2026-08-17 03:27:41.908 | [sniff]   frame  : 0800261F4E00080026640000000EA8A8030B026F00110001A76F01010001CF3200050008000044000000000000000000000000010001D0CE001C000E
2026-08-17 03:27:41.929 | [link] disconnect request from the peer, ND frame kind 0x6F
2026-08-17 03:27:41.936 | [sniff] node100 -> node19999  kind0x6F seq=13 snd=1 rcv=42863 plen=257   <== ADDRESSED TO US
2026-08-17 03:27:41.951 | [sniff]   llc+nd : 0B026F000D0001A76F0101
2026-08-17 03:27:41.958 | [sniff]   frame  : 0800261F4E00080026640000000EA8A8030B026F000D0001A76F01010001CF3200000000000500200000340000000000000000004E1F0001A3560100
2026-08-17 03:27:41.978 | [segment] data=67 acks=16 other-stations=12
2026-08-17 03:27:41.983 | [link] disconnect request from the peer, ND frame kind 0x6F
2026-08-17 03:27:41.992 | [sniff] node100 -> node19999  kind0x6F seq=14 snd=1 rcv=42863 plen=257   <== ADDRESSED TO US
2026-08-17 03:27:42.005 | [sniff]   llc+nd : 0B026F000E0001A76F0101
2026-08-17 03:27:42.011 | [sniff]   frame  : 0800261F4E00080026640000000EA8A8030B026F000E0001A76F01010001CFE200050008000044000000000000000000000000010001CFC6001C000E
2026-08-17 03:27:42.032 | [link] disconnect request from the peer, ND frame kind 0x6F
2026-08-17 03:27:42.043 | [sniff] node100 -> node19999  kind0x6F seq=15 snd=1 rcv=42863 plen=257   <== ADDRESSED TO US
2026-08-17 03:27:42.056 | [sniff]   llc+nd : 0B026F000F0001A76F0101
2026-08-17 03:27:42.062 | [sniff]   frame  : 0800261F4E00080026640000000EA8A8030B026F000F0001A76F01010001D03A00050008000044000000000000000000000000010001D01E001C000E
2026-08-17 03:27:42.083 | [link] disconnect request from the peer, ND frame kind 0x6F
2026-08-17 03:27:42.091 | [sniff] node100 -> node19999  kind0x6F seq=16 snd=1 rcv=42863 plen=257   <== ADDRESSED TO US
2026-08-17 03:27:42.104 | [sniff]   llc+nd : 0B026F00100001A76F0101
2026-08-17 03:27:42.113 | [sniff]   frame  : 0800261F4E00080026640000000EA8A8030B026F00100001A76F01010001D09200050008000044000000000000000000000000010001D076001C000E
2026-08-17 03:27:42.139 | [link] disconnect request from the peer, ND frame kind 0x6F
2026-08-17 03:27:42.150 | [sniff] node100 -> node19999  kind0x6F seq=17 snd=1 rcv=42863 plen=257   <== ADDRESSED TO US
2026-08-17 03:27:42.166 | [sniff]   llc+nd : 0B026F00110001A76F0101
2026-08-17 03:27:42.173 | [sniff]   frame  : 0800261F4E00080026640000000EA8A8030B026F00110001A76F01010001CF3200050008000044000000000000000000000000010001D0CE001C000E
2026-08-17 03:27:42.198 | [link] disconnect request from the peer, ND frame kind 0x6F
2026-08-17 03:27:42.206 | [sniff] node100 -> node19999  kind0x6F seq=13 snd=1 rcv=42863 plen=257   <== ADDRESSED TO US
2026-08-17 03:27:42.220 | [sniff]   llc+nd : 0B026F000D0001A76F0101
2026-08-17 03:27:42.226 | [sniff]   frame  : 0800261F4E00080026640000000EA8A8030B026F000D0001A76F01010001CF3200000000000500200000340000000000000000004E1F0001A3560100
2026-08-17 03:27:42.255 | [link] disconnect request from the peer, ND frame kind 0x6F
2026-08-17 03:27:42.266 | [sniff] node100 -> node19999  kind0x6F seq=14 snd=1 rcv=42863 plen=257   <== ADDRESSED TO US
2026-08-17 03:27:42.281 | [sniff]   llc+nd : 0B026F000E0001A76F0101
2026-08-17 03:27:42.288 | [sniff]   frame  : 0800261F4E00080026640000000EA8A8030B026F000E0001A76F01010001CFE200050008000044000000000000000000000000010001CFC6001C000E
2026-08-17 03:27:42.311 | [link] disconnect request from the peer, ND frame kind 0x6F
2026-08-17 03:27:42.320 | [sniff] node100 -> node19999  kind0x6F seq=15 snd=1 rcv=42863 plen=257   <== ADDRESSED TO US
2026-08-17 03:27:42.335 | [sniff]   llc+nd : 0B026F000F0001A76F0101
2026-08-17 03:27:42.342 | [sniff]   frame  : 0800261F4E00080026640000000EA8A8030B026F000F0001A76F01010001D03A00050008000044000000000000000000000000010001D01E001C000E
2026-08-17 03:27:42.366 | [link] disconnect request from the peer, ND frame kind 0x6F
2026-08-17 03:27:42.376 | [sniff] node100 -> node19999  kind0x6F seq=16 snd=1 rcv=42863 plen=257   <== ADDRESSED TO US
2026-08-17 03:27:42.405 | [sniff]   llc+nd : 0B026F00100001A76F0101
2026-08-17 03:27:42.412 | [sniff]   frame  : 0800261F4E00080026640000000EA8A8030B026F00100001A76F01010001D09200050008000044000000000000000000000000010001D076001C000E
2026-08-17 03:27:42.432 | [link] disconnect request from the peer, ND frame kind 0x6F
2026-08-17 03:27:42.441 | [sniff] node100 -> node19999  kind0x6F seq=17 snd=1 rcv=42863 plen=257   <== ADDRESSED TO US
2026-08-17 03:27:42.453 | [sniff]   llc+nd : 0B026F00110001A76F0101
2026-08-17 03:27:42.459 | [sniff]   frame  : 0800261F4E00080026640000000EA8A8030B026F00110001A76F01010001CF3200050008000044000000000000000000000000010001D0CE001C000E
2026-08-17 03:27:42.478 | [link] disconnect request from the peer, ND frame kind 0x6F
2026-08-17 03:27:42.487 | [sniff] node100 -> node19999  kind0x6F seq=13 snd=1 rcv=42863 plen=257   <== ADDRESSED TO US
2026-08-17 03:27:42.501 | [sniff]   llc+nd : 0B026F000D0001A76F0101
2026-08-17 03:27:42.507 | [sniff]   frame  : 0800261F4E00080026640000000EA8A8030B026F000D0001A76F01010001CF3200000000000500200000340000000000000000004E1F0001A3560100
2026-08-17 03:27:42.528 | [link] disconnect request from the peer, ND frame kind 0x6F
2026-08-17 03:27:42.539 | [sniff] node100 -> node19999  kind0x6F seq=14 snd=1 rcv=42863 plen=257   <== ADDRESSED TO US
2026-08-17 03:27:42.553 | [sniff]   llc+nd : 0B026F000E0001A76F0101
2026-08-17 03:27:42.560 | [sniff]   frame  : 0800261F4E00080026640000000EA8A8030B026F000E0001A76F01010001CFE200050008000044000000000000000000000000010001CFC6001C000E
2026-08-17 03:27:42.582 | [link] disconnect request from the peer, ND frame kind 0x6F
2026-08-17 03:27:42.592 | [sniff] node100 -> node19999  kind0x6F seq=15 snd=1 rcv=42863 plen=257   <== ADDRESSED TO US
2026-08-17 03:27:42.607 | [sniff]   llc+nd : 0B026F000F0001A76F0101
2026-08-17 03:27:42.617 | [sniff]   frame  : 0800261F4E00080026640000000EA8A8030B026F000F0001A76F01010001D03A00050008000044000000000000000000000000010001D01E001C000E
2026-08-17 03:27:42.644 | [link] disconnect request from the peer, ND frame kind 0x6F
2026-08-17 03:27:46.991 | [segment] data=67 acks=16 other-stations=12
2026-08-17 03:27:52.021 | [segment] data=67 acks=16 other-stations=12
2026-08-17 03:27:57.023 | [segment] data=67 acks=16 other-stations=12
2026-08-17 03:28:02.039 | [segment] data=67 acks=16 other-stations=12
2026-08-17 03:28:03.559 | [sniff] node100 -> node19999  kind0x0F seq=16 snd=0 rcv=42864 plen=100   <== ADDRESSED TO US
2026-08-17 03:28:03.580 | [sniff]   llc+nd : 0B020F00100000A7700064
2026-08-17 03:28:03.586 | [sniff]   frame  : 0800261F4E00080026640000000EA8A8030B020F00100000A77000640001D09200050008000044000000000000000000000000010001D076001C000E
2026-08-17 03:28:03.608 | [tx] node19999 -> node100  kind0x1F seq=16 snd=42864 rcv=1 plen=19999
2026-08-17 03:28:03.622 | [tx]   llc+nd : 0B021F0010A77000014E1F
2026-08-17 03:28:03.636 | [sniff] node100 -> node19999  data seq=0 snd=1 rcv=42864 plen=36   <== ADDRESSED TO US
2026-08-17 03:28:03.653 | [sniff]   llc+nd : 0B022000000001A77000242113000E4E1F0064000200089051210082844E1F0211006404EF000807A2004201008485
2026-08-17 03:28:03.668 | [sniff]   frame  : 0800261F4E000800266400000032A8A8030B022000000001A77000242113000E4E1F0064000200089051210082844E1F0211006404EF000807A2004201008485
2026-08-17 03:28:03.690 | [link] WARNING the peer RE-SENT data frame seq=0 (we were waiting for 14). It has not seen our acknowledgement - check the send window and our own receive latency BEFORE looking for a fault in XMSG or the file server.
2026-08-17 03:28:03.721 | [tx] node19999 -> node100  ack seq=1 snd=42864 rcv=1 plen=0
2026-08-17 03:28:03.729 | [tx]   llc+nd : 0B023F0001A77000010000
2026-08-17 03:28:03.735 | [RX] 100->19999 sub=Data f1=0x0002 info=2113000E4E1F0064000200089051210082844E1F0211006404EF000807A2004201008485
2026-08-17 03:28:03.750 | [fa] short acknowledgement from system 100, conversation 0x0042
2026-08-17 03:28:03.762 | [tx] node19999 -> node100  data seq=73 snd=42864 rcv=1 plen=14
2026-08-17 03:28:03.772 | [tx]   llc+nd : 0B02200049A7700001000E2113000300644E1F000200019063
2026-08-17 03:28:03.781 | [RX] 100->19999 sub=Data answered with 1 frame(s)
2026-08-17 03:28:03.788 | [sniff] node100 -> node19999  data seq=1 snd=1 rcv=42864 plen=128   <== ADDRESSED TO US
2026-08-17 03:28:03.801 | [sniff]   llc+nd : 0B022000010001A77000802113000E4E1F0064000300648FF4210082844E1F0211006404EF006407F000428100D76192000C920002F20001920078F200028C8046B03E2853595354454D2944454C4D453A545854275354454D2944454C4D453A54585427FF00000000000000000000000000000000000000000000000000000000A20000A2FFFFF200FF39
2026-08-17 03:28:03.849 | [sniff]   frame  : 0800261F4E00080026640000008EA8A8030B022000010001A77000802113000E4E1F0064000300648FF4210082844E1F0211006404EF006407F000428100D76192000C920002F20001920078F200028C8046B03E2853595354454D2944454C4D453A545854275354454D2944454C4D453A54585427FF00000000000000000000000000000000000000000000000000000000A20000A2FFFFF200FF39
2026-08-17 03:28:03.893 | [link] WARNING the peer RE-SENT data frame seq=1 (we were waiting for 14). It has not seen our acknowledgement - check the send window and our own receive latency BEFORE looking for a fault in XMSG or the file server.
2026-08-17 03:28:03.921 | [tx] node19999 -> node100  ack seq=2 snd=42864 rcv=1 plen=0
2026-08-17 03:28:03.929 | [tx]   llc+nd : 0B023F0002A77000010000
2026-08-17 03:28:03.934 | [RX] 100->19999 sub=Data f1=0x0003 info=2113000E4E1F0064000300648FF4210082844E1F0211006404EF006407F000428100D76192000C920002F20001920078F200028C8046B03E2853595354454D2944454C4D453A545854275354454D2944454C4D453A54585427FF00000000000000000000000000000000000000000000000000000000A20000A2FFFFF200FF39
2026-08-17 03:28:03.976 | [fa] the request names 'DELME:TXT': 1 of 7 file(s) match
2026-08-17 03:28:03.986 | [fa] directory walk started by system 100: 1 file(s) in E:\Dev\Ronny\NDInsight\SINTRAN\XMSG\SRC\Xmsg.Live.Runner\bin\Debug\net9.0\served-files
2026-08-17 03:28:04.006 | [fa] directory entry 0 for system 100: DELME:TXT file 2, 62 byte(s)
2026-08-17 03:28:04.016 | [seq] node 100: ORIGINATE at Flags1 0x0023 (next becomes 0x0024)
2026-08-17 03:28:04.024 | [fa] short acknowledgement 1 to system 100 at Flags1 0x0003
2026-08-17 03:28:04.032 | [seq] node 100: ORIGINATE at Flags1 0x0024 (next becomes 0x0025)
2026-08-17 03:28:04.040 | [fa] reply to system 100: 98 byte(s), FA body 07F000048000908192000C920002F200...
2026-08-17 03:28:04.051 | [TX] *** PARKED *** eth:d100 took a 14B frame but the send window is full; 1 datagram(s) now waiting and NOTHING is leaving this node until the peer acknowledges us
2026-08-17 03:28:04.073 | [TX] *** PARKED *** eth:d100 took a 36B frame but the send window is full; 2 datagram(s) now waiting and NOTHING is leaving this node until the peer acknowledges us
2026-08-17 03:28:04.096 | [TX] *** PARKED *** eth:d100 took a 126B frame but the send window is full; 3 datagram(s) now waiting and NOTHING is leaving this node until the peer acknowledges us
2026-08-17 03:28:04.118 | [RX] 100->19999 sub=Data answered with 3 frame(s)
2026-08-17 03:28:04.126 | [sniff] node100 -> node19999  data seq=2 snd=1 rcv=42864 plen=36   <== ADDRESSED TO US
2026-08-17 03:28:04.151 | [sniff]   llc+nd : 0B022000020001A77000242113000E4E1F006400040008904F210082844E1F0211006404EF00080780004200028500
2026-08-17 03:28:04.165 | [sniff]   frame  : 0800261F4E000800266400000032A8A8030B022000020001A77000242113000E4E1F006400040008904F210082844E1F0211006404EF00080780004200028500
2026-08-17 03:28:04.185 | [link] WARNING the peer RE-SENT data frame seq=2 (we were waiting for 14). It has not seen our acknowledgement - check the send window and our own receive latency BEFORE looking for a fault in XMSG or the file server.
2026-08-17 03:28:04.215 | [tx] node19999 -> node100  ack seq=3 snd=42864 rcv=1 plen=0
2026-08-17 03:28:04.222 | [tx]   llc+nd : 0B023F0003A77000010000
2026-08-17 03:28:04.228 | [RX] 100->19999 sub=Data f1=0x0004 info=2113000E4E1F006400040008904F210082844E1F0211006404EF00080780004200028500
2026-08-17 03:28:04.243 | [fa] system 100 has finished with conversation 0x0042 (0x0780); answering with a close
2026-08-17 03:28:04.256 | [seq] node 100: ORIGINATE at Flags1 0x0025 (next becomes 0x0026)
2026-08-17 03:28:04.265 | [fa] reply to system 100: 8 byte(s), FA body 07C0000400420000...
2026-08-17 03:28:04.277 | [TX] *** PARKED *** eth:d100 took a 14B frame but the send window is full; 4 datagram(s) now waiting and NOTHING is leaving this node until the peer acknowledges us
2026-08-17 03:28:04.299 | [TX] *** PARKED *** eth:d100 took a 36B frame but the send window is full; 5 datagram(s) now waiting and NOTHING is leaving this node until the peer acknowledges us
2026-08-17 03:28:04.325 | [RX] 100->19999 sub=Data answered with 2 frame(s)
2026-08-17 03:28:04.332 | [sniff] node100 -> node19999  data seq=3 snd=1 rcv=42864 plen=64   <== ADDRESSED TO US
2026-08-17 03:28:04.345 | [sniff]   llc+nd : 0B022000030001A77000402113000E4E1F0064000500249032210086E44E1F0000006404EF00241B410014FF0A2A46412D534552564552FE0644313939393907E2000000046400A200FF92
2026-08-17 03:28:04.367 | [sniff]   frame  : 0800261F4E00080026640000004EA8A8030B022000030001A77000402113000E4E1F0064000500249032210086E44E1F0000006404EF00241B410014FF0A2A46412D534552564552FE0644313939393907E2000000046400A200FF92
2026-08-17 03:28:04.393 | [link] WARNING the peer RE-SENT data frame seq=3 (we were waiting for 14). It has not seen our acknowledgement - check the send window and our own receive latency BEFORE looking for a fault in XMSG or the file server.
2026-08-17 03:28:04.421 | [tx] node19999 -> node100  ack seq=4 snd=42864 rcv=1 plen=0
2026-08-17 03:28:04.429 | [tx]   llc+nd : 0B023F0004A77000010000
2026-08-17 03:28:04.434 | [RX] 100->19999 sub=Data f1=0x0005 info=2113000E4E1F0064000500249032210086E44E1F0000006404EF00241B410014FF0A2A46412D534552564552FE0644313939393907E2000000046400A200FF92
2026-08-17 03:28:04.454 | [fa] connect letter from node 100 (system 100 port 0x04EF); serving E:\Dev\Ronny\NDInsight\SINTRAN\XMSG\SRC\Xmsg.Live.Runner\bin\Debug\net9.0\served-files; answering from session port 0x0211 with an FA ConnectionConfirm 07D2000400456400
2026-08-17 03:28:04.486 | [seq] node 100: ORIGINATE at Flags1 0x0026 (next becomes 0x0027)
2026-08-17 03:28:04.495 | [TX] *** PARKED *** eth:d100 took a 14B frame but the send window is full; 6 datagram(s) now waiting and NOTHING is leaving this node until the peer acknowledges us
2026-08-17 03:28:04.516 | [TX] *** PARKED *** eth:d100 took a 36B frame but the send window is full; 7 datagram(s) now waiting and NOTHING is leaving this node until the peer acknowledges us
2026-08-17 03:28:04.538 | [RX] 100->19999 sub=Data answered with 2 frame(s)
2026-08-17 03:28:04.545 | [sniff] node100 -> node19999  ack seq=0 snd=1 rcv=42864 plen=0   <== ADDRESSED TO US
2026-08-17 03:28:04.556 | [sniff]   llc+nd : 0B023F00000001A7700000
2026-08-17 03:28:04.561 | [sniff]   frame  : 0800261F4E00080026640000000EA8A8030B023F00000001A77000000001CF3200050008000044000000000000000000000000010001D0CE001C000E
2026-08-17 03:28:04.580 | [tx] node19999 -> node100  data seq=0 snd=42864 rcv=1 plen=14
2026-08-17 03:28:04.588 | [tx]   llc+nd : 0B02200000A7700001000E2113000300644E1F000200019063
2026-08-17 03:28:04.596 | [tx] node19999 -> node100  data seq=1 snd=42864 rcv=1 plen=14
2026-08-17 03:28:04.604 | [tx]   llc+nd : 0B02200001A7700001000E2113000300644E1F000300019062
2026-08-17 03:28:04.614 | [tx] node19999 -> node100  data seq=2 snd=42864 rcv=1 plen=36
2026-08-17 03:28:04.623 | [tx]   llc+nd : 0B02200002A770000100242113000E00644E1F00230008903021008284006404EF4E1F0211000807A200040100922A
2026-08-17 03:28:04.648 | [tx] node19999 -> node100  data seq=3 snd=42864 rcv=1 plen=126
2026-08-17 03:28:04.663 | [tx]   llc+nd : 0B02200003A7700001007E2113000E00644E1F002400628FD521008284006404EF4E1F0211006207F000048000908192000C920002F200028C4BA20000A20000A20001B040900044454C4D452700000000000000000000545854270000000004F7000800000000000000000000322216500000000032221650000000010000003D400078DAF200FF00
2026-08-17 03:28:04.700 | [tx] node19999 -> node100  data seq=4 snd=42864 rcv=1 plen=14
2026-08-17 03:28:04.708 | [tx]   llc+nd : 0B02200004A7700001000E2113000300644E1F000400019061
2026-08-17 03:28:04.717 | [tx] node19999 -> node100  data seq=5 snd=42864 rcv=1 plen=36
2026-08-17 03:28:04.725 | [tx]   llc+nd : 0B02200005A770000100242113000E00644E1F00250008902E21008284006404EF4E1F0211000807C0000400420000
2026-08-17 03:28:04.739 | [sniff] node100 -> node19999  data seq=1 snd=1 rcv=42864 plen=128   <== ADDRESSED TO US
2026-08-17 03:28:04.749 | [sniff]   llc+nd : 0B022000010001A77000802113000E4E1F0064000300648FF4210082844E1F0211006404EF006407F000428100D76192000C920002F20001920078F200028C8046B03E2853595354454D2944454C4D453A545854275354454D2944454C4D453A54585427FF00000000000000000000000000000000000000000000000000000000A20000A2FFFFF200FF39
2026-08-17 03:28:04.788 | [sniff]   frame  : 0800261F4E00080026640000008EA8A8030B022000010001A77000802113000E4E1F0064000300648FF4210082844E1F0211006404EF006407F000428100D76192000C920002F20001920078F200028C8046B03E2853595354454D2944454C4D453A545854275354454D2944454C4D453A54585427FF00000000000000000000000000000000000000000000000000000000A20000A2FFFFF200FF39
2026-08-17 03:28:04.831 | [link] WARNING the peer RE-SENT data frame seq=1 (we were waiting for 14). It has not seen our acknowledgement - check the send window and our own receive latency BEFORE looking for a fault in XMSG or the file server.
2026-08-17 03:28:04.857 | [tx] node19999 -> node100  ack seq=2 snd=42864 rcv=1 plen=0
2026-08-17 03:28:04.865 | [tx]   llc+nd : 0B023F0002A77000010000
2026-08-17 03:28:04.870 | [RX] 100->19999 sub=Data f1=0x0003 info=2113000E4E1F0064000300648FF4210082844E1F0211006404EF006407F000428100D76192000C920002F20001920078F200028C8046B03E2853595354454D2944454C4D453A545854275354454D2944454C4D453A54585427FF00000000000000000000000000000000000000000000000000000000A20000A2FFFFF200FF39
2026-08-17 03:28:04.906 | [fa] the request names 'DELME:TXT': 1 of 7 file(s) match
2026-08-17 03:28:04.914 | [fa] directory walk started by system 100: 1 file(s) in E:\Dev\Ronny\NDInsight\SINTRAN\XMSG\SRC\Xmsg.Live.Runner\bin\Debug\net9.0\served-files
2026-08-17 03:28:04.931 | [fa] directory entry 0 for system 100: DELME:TXT file 2, 62 byte(s)
2026-08-17 03:28:04.942 | [seq] node 100: ORIGINATE at Flags1 0x0027 (next becomes 0x0028)
2026-08-17 03:28:04.951 | [fa] short acknowledgement 1 to system 100 at Flags1 0x0003
2026-08-17 03:28:04.962 | [seq] node 100: ORIGINATE at Flags1 0x0028 (next becomes 0x0029)
2026-08-17 03:28:04.971 | [fa] reply to system 100: 98 byte(s), FA body 07F000048000908192000C920002F200...
2026-08-17 03:28:04.982 | [TX] *** PARKED *** eth:d100 took a 14B frame but the send window is full; 3 datagram(s) now waiting and NOTHING is leaving this node until the peer acknowledges us
2026-08-17 03:28:05.004 | [TX] *** PARKED *** eth:d100 took a 36B frame but the send window is full; 4 datagram(s) now waiting and NOTHING is leaving this node until the peer acknowledges us
2026-08-17 03:28:05.025 | [TX] *** PARKED *** eth:d100 took a 126B frame but the send window is full; 5 datagram(s) now waiting and NOTHING is leaving this node until the peer acknowledges us
2026-08-17 03:28:05.046 | [RX] 100->19999 sub=Data answered with 3 frame(s)
2026-08-17 03:28:05.054 | [sniff] node100 -> node19999  data seq=2 snd=1 rcv=42864 plen=36   <== ADDRESSED TO US
2026-08-17 03:28:05.066 | [sniff]   llc+nd : 0B022000020001A77000242113000E4E1F006400040008904F210082844E1F0211006404EF00080780004200028500
2026-08-17 03:28:05.082 | [sniff]   frame  : 0800261F4E000800266400000032A8A8030B022000020001A77000242113000E4E1F006400040008904F210082844E1F0211006404EF00080780004200028500
2026-08-17 03:28:05.102 | [link] WARNING the peer RE-SENT data frame seq=2 (we were waiting for 14). It has not seen our acknowledgement - check the send window and our own receive latency BEFORE looking for a fault in XMSG or the file server.
2026-08-17 03:28:05.133 | [tx] node19999 -> node100  ack seq=3 snd=42864 rcv=1 plen=0
2026-08-17 03:28:05.140 | [tx]   llc+nd : 0B023F0003A77000010000
2026-08-17 03:28:05.152 | [RX] 100->19999 sub=Data f1=0x0004 info=2113000E4E1F006400040008904F210082844E1F0211006404EF00080780004200028500
2026-08-17 03:28:05.173 | [fa] system 100 has finished with conversation 0x0042 (0x0780); answering with a close
2026-08-17 03:28:05.186 | [seq] node 100: ORIGINATE at Flags1 0x0029 (next becomes 0x002A)
2026-08-17 03:28:05.195 | [fa] reply to system 100: 8 byte(s), FA body 07C0000400420000...
2026-08-17 03:28:05.203 | [TX] *** PARKED *** eth:d100 took a 14B frame but the send window is full; 6 datagram(s) now waiting and NOTHING is leaving this node until the peer acknowledges us
2026-08-17 03:28:05.225 | [TX] *** PARKED *** eth:d100 took a 36B frame but the send window is full; 7 datagram(s) now waiting and NOTHING is leaving this node until the peer acknowledges us
2026-08-17 03:28:05.250 | [RX] 100->19999 sub=Data answered with 2 frame(s)
2026-08-17 03:28:05.257 | [sniff] node100 -> node19999  data seq=3 snd=1 rcv=42864 plen=64   <== ADDRESSED TO US
2026-08-17 03:28:05.272 | [sniff]   llc+nd : 0B022000030001A77000402113000E4E1F0064000500249032210086E44E1F0000006404EF00241B410014FF0A2A46412D534552564552FE0644313939393907E2000000046400A200FF92
2026-08-17 03:28:05.300 | [sniff]   frame  : 0800261F4E00080026640000004EA8A8030B022000030001A77000402113000E4E1F0064000500249032210086E44E1F0000006404EF00241B410014FF0A2A46412D534552564552FE0644313939393907E2000000046400A200FF92
2026-08-17 03:28:05.330 | [link] WARNING the peer RE-SENT data frame seq=3 (we were waiting for 14). It has not seen our acknowledgement - check the send window and our own receive latency BEFORE looking for a fault in XMSG or the file server.
2026-08-17 03:28:05.364 | [tx] node19999 -> node100  ack seq=4 snd=42864 rcv=1 plen=0
2026-08-17 03:28:05.373 | [tx]   llc+nd : 0B023F0004A77000010000
2026-08-17 03:28:05.379 | [RX] 100->19999 sub=Data f1=0x0005 info=2113000E4E1F0064000500249032210086E44E1F0000006404EF00241B410014FF0A2A46412D534552564552FE0644313939393907E2000000046400A200FF92
2026-08-17 03:28:05.400 | [fa] connect letter from node 100 (system 100 port 0x04EF); serving E:\Dev\Ronny\NDInsight\SINTRAN\XMSG\SRC\Xmsg.Live.Runner\bin\Debug\net9.0\served-files; answering from session port 0x0211 with an FA ConnectionConfirm 07D2000400466400
2026-08-17 03:28:05.432 | [seq] node 100: ORIGINATE at Flags1 0x002A (next becomes 0x002B)
2026-08-17 03:28:05.441 | [TX] *** PARKED *** eth:d100 took a 14B frame but the send window is full; 8 datagram(s) now waiting and NOTHING is leaving this node until the peer acknowledges us
2026-08-17 03:28:05.463 | [TX] *** PARKED *** eth:d100 took a 36B frame but the send window is full; 9 datagram(s) now waiting and NOTHING is leaving this node until the peer acknowledges us
2026-08-17 03:28:05.488 | [RX] 100->19999 sub=Data answered with 2 frame(s)
2026-08-17 03:28:05.495 | [sniff] node100 -> node19999  data seq=2 snd=1 rcv=42864 plen=36   <== ADDRESSED TO US
2026-08-17 03:28:05.506 | [sniff]   llc+nd : 0B022000020001A77000242113000E4E1F006400040008904F210082844E1F0211006404EF00080780004200028500
2026-08-17 03:28:05.520 | [sniff]   frame  : 0800261F4E000800266400000032A8A8030B022000020001A77000242113000E4E1F006400040008904F210082844E1F0211006404EF00080780004200028500
2026-08-17 03:28:05.539 | [link] WARNING the peer RE-SENT data frame seq=2 (we were waiting for 14). It has not seen our acknowledgement - check the send window and our own receive latency BEFORE looking for a fault in XMSG or the file server.
2026-08-17 03:28:05.567 | [tx] node19999 -> node100  ack seq=3 snd=42864 rcv=1 plen=0
2026-08-17 03:28:05.575 | [tx]   llc+nd : 0B023F0003A77000010000
2026-08-17 03:28:05.580 | [RX] 100->19999 sub=Data f1=0x0004 info=2113000E4E1F006400040008904F210082844E1F0211006404EF00080780004200028500
2026-08-17 03:28:05.596 | [fa] system 100 has finished with conversation 0x0042 (0x0780); answering with a close
2026-08-17 03:28:05.607 | [seq] node 100: ORIGINATE at Flags1 0x002B (next becomes 0x002C)
2026-08-17 03:28:05.616 | [fa] reply to system 100: 8 byte(s), FA body 07C0000400420000...
2026-08-17 03:28:05.625 | [TX] *** PARKED *** eth:d100 took a 14B frame but the send window is full; 10 datagram(s) now waiting and NOTHING is leaving this node until the peer acknowledges us
2026-08-17 03:28:05.648 | [TX] *** PARKED *** eth:d100 took a 36B frame but the send window is full; 11 datagram(s) now waiting and NOTHING is leaving this node until the peer acknowledges us
2026-08-17 03:28:05.685 | [RX] 100->19999 sub=Data answered with 2 frame(s)
2026-08-17 03:28:05.691 | [sniff] node100 -> node19999  data seq=3 snd=1 rcv=42864 plen=64   <== ADDRESSED TO US
2026-08-17 03:28:05.703 | [sniff]   llc+nd : 0B022000030001A77000402113000E4E1F0064000500249032210086E44E1F0000006404EF00241B410014FF0A2A46412D534552564552FE0644313939393907E2000000046400A200FF92
2026-08-17 03:28:05.724 | [sniff]   frame  : 0800261F4E00080026640000004EA8A8030B022000030001A77000402113000E4E1F0064000500249032210086E44E1F0000006404EF00241B410014FF0A2A46412D534552564552FE0644313939393907E2000000046400A200FF92
2026-08-17 03:28:05.751 | [link] WARNING the peer RE-SENT data frame seq=3 (we were waiting for 14). It has not seen our acknowledgement - check the send window and our own receive latency BEFORE looking for a fault in XMSG or the file server.
2026-08-17 03:28:05.780 | [tx] node19999 -> node100  ack seq=4 snd=42864 rcv=1 plen=0
2026-08-17 03:28:05.789 | [tx]   llc+nd : 0B023F0004A77000010000
2026-08-17 03:28:05.794 | [RX] 100->19999 sub=Data f1=0x0005 info=2113000E4E1F0064000500249032210086E44E1F0000006404EF00241B410014FF0A2A46412D534552564552FE0644313939393907E2000000046400A200FF92
2026-08-17 03:28:05.817 | [fa] connect letter from node 100 (system 100 port 0x04EF); serving E:\Dev\Ronny\NDInsight\SINTRAN\XMSG\SRC\Xmsg.Live.Runner\bin\Debug\net9.0\served-files; answering from session port 0x0211 with an FA ConnectionConfirm 07D2000400476400
2026-08-17 03:28:05.848 | [seq] node 100: ORIGINATE at Flags1 0x002C (next becomes 0x002D)
2026-08-17 03:28:05.856 | [TX] *** PARKED *** eth:d100 took a 14B frame but the send window is full; 12 datagram(s) now waiting and NOTHING is leaving this node until the peer acknowledges us
2026-08-17 03:28:05.879 | [TX] *** PARKED *** eth:d100 took a 36B frame but the send window is full; 13 datagram(s) now waiting and NOTHING is leaving this node until the peer acknowledges us
2026-08-17 03:28:05.900 | [RX] 100->19999 sub=Data answered with 2 frame(s)
2026-08-17 03:28:05.907 | [sniff] node100 -> node19999  data seq=3 snd=1 rcv=42864 plen=64   <== ADDRESSED TO US
2026-08-17 03:28:05.918 | [sniff]   llc+nd : 0B022000030001A77000402113000E4E1F0064000500249032210086E44E1F0000006404EF00241B410014FF0A2A46412D534552564552FE0644313939393907E2000000046400A200FF92
2026-08-17 03:28:05.939 | [sniff]   frame  : 0800261F4E00080026640000004EA8A8030B022000030001A77000402113000E4E1F0064000500249032210086E44E1F0000006404EF00241B410014FF0A2A46412D534552564552FE0644313939393907E2000000046400A200FF92
2026-08-17 03:28:05.967 | [link] WARNING the peer RE-SENT data frame seq=3 (we were waiting for 14). It has not seen our acknowledgement - check the send window and our own receive latency BEFORE looking for a fault in XMSG or the file server.
2026-08-17 03:28:05.997 | [tx] node19999 -> node100  ack seq=4 snd=42864 rcv=1 plen=0
2026-08-17 03:28:06.006 | [tx]   llc+nd : 0B023F0004A77000010000
2026-08-17 03:28:06.011 | [RX] 100->19999 sub=Data f1=0x0005 info=2113000E4E1F0064000500249032210086E44E1F0000006404EF00241B410014FF0A2A46412D534552564552FE0644313939393907E2000000046400A200FF92
2026-08-17 03:28:06.033 | [fa] connect letter from node 100 (system 100 port 0x04EF); serving E:\Dev\Ronny\NDInsight\SINTRAN\XMSG\SRC\Xmsg.Live.Runner\bin\Debug\net9.0\served-files; answering from session port 0x0211 with an FA ConnectionConfirm 07D2000400476400
2026-08-17 03:28:06.062 | [TX] *** PARKED *** eth:d100 took a 14B frame but the send window is full; 14 datagram(s) now waiting and NOTHING is leaving this node until the peer acknowledges us
2026-08-17 03:28:06.082 | [TX] *** PARKED *** eth:d100 took a 36B frame but the send window is full; 15 datagram(s) now waiting and NOTHING is leaving this node until the peer acknowledges us
2026-08-17 03:28:06.105 | [RX] 100->19999 sub=Data answered with 2 frame(s)
2026-08-17 03:28:06.112 | [sniff] node100 -> node19999  ack seq=2 snd=1 rcv=42864 plen=0   <== ADDRESSED TO US
2026-08-17 03:28:06.126 | [sniff]   llc+nd : 0B023F00020001A7700000
2026-08-17 03:28:06.135 | [sniff]   frame  : 0800261F4E00080026640000000EA8A8030B023F00020001A77000000001CF3200000000000500200000340000000000000000004E1F0001A3560100
2026-08-17 03:28:06.160 | [tx] node19999 -> node100  data seq=6 snd=42864 rcv=1 plen=14
2026-08-17 03:28:06.179 | [tx]   llc+nd : 0B02200006A7700001000E2113000300644E1F000500019060
2026-08-17 03:28:06.194 | [tx] node19999 -> node100  data seq=7 snd=42864 rcv=1 plen=36
2026-08-17 03:28:06.203 | [tx]   llc+nd : 0B02200007A770000100242113000E00644E1F00260008902D21008284006404EF4E1F0211000807D2000400456400
2026-08-17 03:28:06.218 | [sniff] node100 -> node19999  ack seq=3 snd=1 rcv=42864 plen=0   <== ADDRESSED TO US
2026-08-17 03:28:06.229 | [sniff]   llc+nd : 0B023F00030001A7700000
2026-08-17 03:28:06.235 | [sniff]   frame  : 0800261F4E00080026640000000EA8A8030B023F00030001A77000000001CFE200050008000044000000000000000000000000010001CFC6001C000E
2026-08-17 03:28:06.254 | [tx] node19999 -> node100  data seq=8 snd=42864 rcv=1 plen=14
2026-08-17 03:28:06.262 | [tx]   llc+nd : 0B02200008A7700001000E2113000300644E1F000300019062
2026-08-17 03:28:06.271 | [sniff] node100 -> node19999  data seq=4 snd=1 rcv=42864 plen=14   <== ADDRESSED TO US
2026-08-17 03:28:06.286 | [sniff]   llc+nd : 0B022000040001A770000E211300074E1F00640023FFDE9060
2026-08-17 03:28:06.295 | [sniff]   frame  : 0800261F4E00080026640000001CA8A8030B022000040001A770000E211300074E1F00640023FFDE9060210082840066000000640624006401440060
2026-08-17 03:28:06.313 | [link] WARNING the peer RE-SENT data frame seq=4 (we were waiting for 14). It has not seen our acknowledgement - check the send window and our own receive latency BEFORE looking for a fault in XMSG or the file server.
2026-08-17 03:28:06.343 | [tx] node19999 -> node100  ack seq=5 snd=42864 rcv=1 plen=0
2026-08-17 03:28:06.352 | [tx]   llc+nd : 0B023F0005A77000010000
2026-08-17 03:28:06.358 | [RX] 100->19999 sub=NetworkError f1=0x0023 info=211300074E1F00640023FFDE9060
2026-08-17 03:28:06.370 | [net] node 100 rejected our frame at Flags1 0x0023 with XENSE (our sequence is AHEAD of what the peer expects) Flags2=0xFFDE (-34)
2026-08-17 03:28:06.386 | [RX] 100->19999 sub=NetworkError (no reply expected)
2026-08-17 03:28:06.393 | [sniff] node100 -> node19999  ack seq=4 snd=1 rcv=42864 plen=0   <== ADDRESSED TO US
2026-08-17 03:28:06.405 | [sniff]   llc+nd : 0B023F00040001A7700000
2026-08-17 03:28:06.411 | [sniff]   frame  : 0800261F4E00080026640000000EA8A8030B023F00040001A77000000001D03A0005000800004400000000000001A394000000010001D01E001C000E
2026-08-17 03:28:06.429 | [tx] node19999 -> node100  data seq=9 snd=42864 rcv=1 plen=36
2026-08-17 03:28:06.437 | [tx]   llc+nd : 0B02200009A770000100242113000E00644E1F00270008902C21008284006404EF4E1F0211000807A200040100922A
2026-08-17 03:28:06.451 | [sniff] node100 -> node19999  data seq=5 snd=1 rcv=42864 plen=14   <== ADDRESSED TO US
2026-08-17 03:28:06.463 | [sniff]   llc+nd : 0B022000050001A770000E211300074E1F00640024FFDE905F
2026-08-17 03:28:06.472 | [sniff]   frame  : 0800261F4E00080026640000001CA8A8030B022000050001A770000E211300074E1F00640024FFDE905F210082840066045F006407CE000807A20002
2026-08-17 03:28:06.489 | [link] WARNING the peer RE-SENT data frame seq=5 (we were waiting for 14). It has not seen our acknowledgement - check the send window and our own receive latency BEFORE looking for a fault in XMSG or the file server.
2026-08-17 03:28:06.516 | [tx] node19999 -> node100  ack seq=6 snd=42864 rcv=1 plen=0
2026-08-17 03:28:06.525 | [tx]   llc+nd : 0B023F0006A77000010000
2026-08-17 03:28:06.531 | [RX] 100->19999 sub=NetworkError f1=0x0024 info=211300074E1F00640024FFDE905F
2026-08-17 03:28:06.546 | [net] node 100 rejected our frame at Flags1 0x0024 with XENSE (our sequence is AHEAD of what the peer expects) Flags2=0xFFDE (-34)
2026-08-17 03:28:06.568 | [RX] 100->19999 sub=NetworkError (no reply expected)
2026-08-17 03:28:06.575 | [sniff] node100 -> node19999  ack seq=5 snd=1 rcv=42864 plen=0   <== ADDRESSED TO US
2026-08-17 03:28:06.589 | [sniff]   llc+nd : 0B023F00050001A7700000
2026-08-17 03:28:06.595 | [sniff]   frame  : 0800261F4E00080026640000000EA8A8030B023F00050001A77000000001D0920005000800004400000000000001A394000000010001D076001C000E
2026-08-17 03:28:06.615 | [tx] node19999 -> node100  data seq=10 snd=42864 rcv=1 plen=126
2026-08-17 03:28:06.624 | [tx]   llc+nd : 0B0220000AA7700001007E2113000E00644E1F002800628FD121008284006404EF4E1F0211006207F000048000908192000C920002F200028C4BA20000A20000A20001B040900044454C4D452700000000000000000000545854270000000004F7000800000000000000000000322216500000000032221650000000010000003D400078DAF200FF00
2026-08-17 03:28:06.665 | [sniff] node100 -> node19999  ack seq=6 snd=1 rcv=42864 plen=0   <== ADDRESSED TO US
2026-08-17 03:28:06.689 | [sniff]   llc+nd : 0B023F00060001A7700000
2026-08-17 03:28:06.698 | [sniff]   frame  : 0800261F4E00080026640000000EA8A8030B023F00060001A77000000001CF320005000800004400000000000001A394000000010001D0CE001C000E
2026-08-17 03:28:06.719 | [tx] node19999 -> node100  data seq=11 snd=42864 rcv=1 plen=14
2026-08-17 03:28:06.727 | [tx]   llc+nd : 0B0220000BA7700001000E2113000300644E1F000400019061
2026-08-17 03:28:06.738 | [sniff] node100 -> node19999  data seq=6 snd=1 rcv=42864 plen=14   <== ADDRESSED TO US
2026-08-17 03:28:06.750 | [sniff]   llc+nd : 0B022000060001A770000E211300074E1F00640025FFDE905E
2026-08-17 03:28:06.762 | [sniff]   frame  : 0800261F4E00080026640000001CA8A8030B022000060001A770000E211300074E1F00640025FFDE905E210082840066045F006407CE000807A20002
2026-08-17 03:28:06.782 | [link] WARNING the peer RE-SENT data frame seq=6 (we were waiting for 14). It has not seen our acknowledgement - check the send window and our own receive latency BEFORE looking for a fault in XMSG or the file server.
2026-08-17 03:28:06.809 | [tx] node19999 -> node100  ack seq=7 snd=42864 rcv=1 plen=0
2026-08-17 03:28:06.817 | [tx]   llc+nd : 0B023F0007A77000010000
2026-08-17 03:28:06.822 | [RX] 100->19999 sub=NetworkError f1=0x0025 info=211300074E1F00640025FFDE905E
2026-08-17 03:28:06.833 | [net] node 100 rejected our frame at Flags1 0x0025 with XENSE (our sequence is AHEAD of what the peer expects) Flags2=0xFFDE (-34)
2026-08-17 03:28:06.851 | [RX] 100->19999 sub=NetworkError (no reply expected)
2026-08-17 03:28:06.857 | [sniff] node100 -> node19999  data seq=4 snd=1 rcv=42864 plen=14   <== ADDRESSED TO US
2026-08-17 03:28:06.869 | [sniff]   llc+nd : 0B022000040001A770000E211300074E1F00640023FFDE9060
2026-08-17 03:28:06.880 | [sniff]   frame  : 0800261F4E00080026640000001CA8A8030B022000040001A770000E211300074E1F00640023FFDE9060210082840066000000640624006401440060
2026-08-17 03:28:06.899 | [link] WARNING the peer RE-SENT data frame seq=4 (we were waiting for 14). It has not seen our acknowledgement - check the send window and our own receive latency BEFORE looking for a fault in XMSG or the file server.
2026-08-17 03:28:06.928 | [tx] node19999 -> node100  ack seq=5 snd=42864 rcv=1 plen=0
2026-08-17 03:28:06.936 | [tx]   llc+nd : 0B023F0005A77000010000
2026-08-17 03:28:06.941 | [RX] 100->19999 sub=NetworkError f1=0x0023 info=211300074E1F00640023FFDE9060
2026-08-17 03:28:06.951 | [net] node 100 rejected our frame at Flags1 0x0023 with XENSE (our sequence is AHEAD of what the peer expects) Flags2=0xFFDE (-34)
2026-08-17 03:28:06.968 | [RX] 100->19999 sub=NetworkError (no reply expected)
2026-08-17 03:28:06.974 | [sniff] node100 -> node19999  data seq=5 snd=1 rcv=42864 plen=14   <== ADDRESSED TO US
2026-08-17 03:28:06.986 | [sniff]   llc+nd : 0B022000050001A770000E211300074E1F00640024FFDE905F
2026-08-17 03:28:06.994 | [sniff]   frame  : 0800261F4E00080026640000001CA8A8030B022000050001A770000E211300074E1F00640024FFDE905F210082840066045F006407CE000807A20002
2026-08-17 03:28:07.011 | [link] WARNING the peer RE-SENT data frame seq=5 (we were waiting for 14). It has not seen our acknowledgement - check the send window and our own receive latency BEFORE looking for a fault in XMSG or the file server.
2026-08-17 03:28:07.041 | [tx] node19999 -> node100  ack seq=6 snd=42864 rcv=1 plen=0
2026-08-17 03:28:07.050 | [tx]   llc+nd : 0B023F0006A77000010000
2026-08-17 03:28:07.056 | [RX] 100->19999 sub=NetworkError f1=0x0024 info=211300074E1F00640024FFDE905F
2026-08-17 03:28:07.069 | [segment] data=82 acks=22 other-stations=12
2026-08-17 03:28:07.076 | [net] node 100 rejected our frame at Flags1 0x0024 with XENSE (our sequence is AHEAD of what the peer expects) Flags2=0xFFDE (-34)
2026-08-17 03:28:07.092 | [RX] 100->19999 sub=NetworkError (no reply expected)
2026-08-17 03:28:07.099 | [sniff] node100 -> node19999  data seq=6 snd=1 rcv=42864 plen=14   <== ADDRESSED TO US
2026-08-17 03:28:07.112 | [sniff]   llc+nd : 0B022000060001A770000E211300074E1F00640025FFDE905E
2026-08-17 03:28:07.122 | [sniff]   frame  : 0800261F4E00080026640000001CA8A8030B022000060001A770000E211300074E1F00640025FFDE905E210082840066045F006407CE000807A20002
2026-08-17 03:28:07.140 | [link] WARNING the peer RE-SENT data frame seq=6 (we were waiting for 14). It has not seen our acknowledgement - check the send window and our own receive latency BEFORE looking for a fault in XMSG or the file server.
2026-08-17 03:28:07.167 | [tx] node19999 -> node100  ack seq=7 snd=42864 rcv=1 plen=0
2026-08-17 03:28:07.174 | [tx]   llc+nd : 0B023F0007A77000010000
2026-08-17 03:28:07.181 | [RX] 100->19999 sub=NetworkError f1=0x0025 info=211300074E1F00640025FFDE905E
2026-08-17 03:28:07.200 | [net] node 100 rejected our frame at Flags1 0x0025 with XENSE (our sequence is AHEAD of what the peer expects) Flags2=0xFFDE (-34)
2026-08-17 03:28:07.225 | [RX] 100->19999 sub=NetworkError (no reply expected)
2026-08-17 03:28:07.234 | [sniff] node100 -> node19999  data seq=4 snd=1 rcv=42864 plen=14   <== ADDRESSED TO US
2026-08-17 03:28:07.246 | [sniff]   llc+nd : 0B022000040001A770000E211300074E1F00640023FFDE9060
2026-08-17 03:28:07.257 | [sniff]   frame  : 0800261F4E00080026640000001CA8A8030B022000040001A770000E211300074E1F00640023FFDE9060210082840066000000640624006401440060
2026-08-17 03:28:07.279 | [link] WARNING the peer RE-SENT data frame seq=4 (we were waiting for 14). It has not seen our acknowledgement - check the send window and our own receive latency BEFORE looking for a fault in XMSG or the file server.
2026-08-17 03:28:07.313 | [tx] node19999 -> node100  ack seq=5 snd=42864 rcv=1 plen=0
2026-08-17 03:28:07.322 | [tx]   llc+nd : 0B023F0005A77000010000
2026-08-17 03:28:07.327 | [RX] 100->19999 sub=NetworkError f1=0x0023 info=211300074E1F00640023FFDE9060
2026-08-17 03:28:07.337 | [net] node 100 rejected our frame at Flags1 0x0023 with XENSE (our sequence is AHEAD of what the peer expects) Flags2=0xFFDE (-34)
2026-08-17 03:28:07.355 | [RX] 100->19999 sub=NetworkError (no reply expected)
2026-08-17 03:28:07.362 | [sniff] node100 -> node19999  data seq=5 snd=1 rcv=42864 plen=14   <== ADDRESSED TO US
2026-08-17 03:28:07.374 | [sniff]   llc+nd : 0B022000050001A770000E211300074E1F00640024FFDE905F
2026-08-17 03:28:07.384 | [sniff]   frame  : 0800261F4E00080026640000001CA8A8030B022000050001A770000E211300074E1F00640024FFDE905F210082840066045F006407CE000807A20002
2026-08-17 03:28:07.404 | [link] WARNING the peer RE-SENT data frame seq=5 (we were waiting for 14). It has not seen our acknowledgement - check the send window and our own receive latency BEFORE looking for a fault in XMSG or the file server.
2026-08-17 03:28:07.437 | [tx] node19999 -> node100  ack seq=6 snd=42864 rcv=1 plen=0
2026-08-17 03:28:07.445 | [tx]   llc+nd : 0B023F0006A77000010000
2026-08-17 03:28:07.452 | [RX] 100->19999 sub=NetworkError f1=0x0024 info=211300074E1F00640024FFDE905F
2026-08-17 03:28:07.464 | [net] node 100 rejected our frame at Flags1 0x0024 with XENSE (our sequence is AHEAD of what the peer expects) Flags2=0xFFDE (-34)
2026-08-17 03:28:07.483 | [RX] 100->19999 sub=NetworkError (no reply expected)
2026-08-17 03:28:07.490 | [sniff] node100 -> node19999  data seq=6 snd=1 rcv=42864 plen=14   <== ADDRESSED TO US
2026-08-17 03:28:07.503 | [sniff]   llc+nd : 0B022000060001A770000E211300074E1F00640025FFDE905E
2026-08-17 03:28:07.515 | [sniff]   frame  : 0800261F4E00080026640000001CA8A8030B022000060001A770000E211300074E1F00640025FFDE905E210082840066045F006407CE000807A20002
2026-08-17 03:28:07.534 | [link] WARNING the peer RE-SENT data frame seq=6 (we were waiting for 14). It has not seen our acknowledgement - check the send window and our own receive latency BEFORE looking for a fault in XMSG or the file server.
2026-08-17 03:28:07.562 | [tx] node19999 -> node100  ack seq=7 snd=42864 rcv=1 plen=0
2026-08-17 03:28:07.570 | [tx]   llc+nd : 0B023F0007A77000010000
2026-08-17 03:28:07.575 | [RX] 100->19999 sub=NetworkError f1=0x0025 info=211300074E1F00640025FFDE905E
2026-08-17 03:28:07.585 | [net] node 100 rejected our frame at Flags1 0x0025 with XENSE (our sequence is AHEAD of what the peer expects) Flags2=0xFFDE (-34)
2026-08-17 03:28:07.602 | [RX] 100->19999 sub=NetworkError (no reply expected)
2026-08-17 03:28:07.608 | [sniff] node100 -> node19999  data seq=4 snd=1 rcv=42864 plen=14   <== ADDRESSED TO US
2026-08-17 03:28:07.620 | [sniff]   llc+nd : 0B022000040001A770000E211300074E1F00640023FFDE9060
2026-08-17 03:28:07.630 | [sniff]   frame  : 0800261F4E00080026640000001CA8A8030B022000040001A770000E211300074E1F00640023FFDE9060210082840066000000640624006401440060
2026-08-17 03:28:07.650 | [link] WARNING the peer RE-SENT data frame seq=4 (we were waiting for 14). It has not seen our acknowledgement - check the send window and our own receive latency BEFORE looking for a fault in XMSG or the file server.
2026-08-17 03:28:07.684 | [tx] node19999 -> node100  ack seq=5 snd=42864 rcv=1 plen=0
2026-08-17 03:28:07.699 | [tx]   llc+nd : 0B023F0005A77000010000
2026-08-17 03:28:07.710 | [RX] 100->19999 sub=NetworkError f1=0x0023 info=211300074E1F00640023FFDE9060
2026-08-17 03:28:07.726 | [net] node 100 rejected our frame at Flags1 0x0023 with XENSE (our sequence is AHEAD of what the peer expects) Flags2=0xFFDE (-34)
2026-08-17 03:28:07.744 | [RX] 100->19999 sub=NetworkError (no reply expected)
2026-08-17 03:28:07.751 | [sniff] node100 -> node19999  data seq=5 snd=1 rcv=42864 plen=14   <== ADDRESSED TO US
2026-08-17 03:28:07.763 | [sniff]   llc+nd : 0B022000050001A770000E211300074E1F00640024FFDE905F
2026-08-17 03:28:07.772 | [sniff]   frame  : 0800261F4E00080026640000001CA8A8030B022000050001A770000E211300074E1F00640024FFDE905F210082840066045F006407CE000807A20002
2026-08-17 03:28:07.790 | [link] WARNING the peer RE-SENT data frame seq=5 (we were waiting for 14). It has not seen our acknowledgement - check the send window and our own receive latency BEFORE looking for a fault in XMSG or the file server.
2026-08-17 03:28:07.817 | [tx] node19999 -> node100  ack seq=6 snd=42864 rcv=1 plen=0
2026-08-17 03:28:07.825 | [tx]   llc+nd : 0B023F0006A77000010000
2026-08-17 03:28:07.830 | [RX] 100->19999 sub=NetworkError f1=0x0024 info=211300074E1F00640024FFDE905F
2026-08-17 03:28:07.840 | [net] node 100 rejected our frame at Flags1 0x0024 with XENSE (our sequence is AHEAD of what the peer expects) Flags2=0xFFDE (-34)
2026-08-17 03:28:07.856 | [RX] 100->19999 sub=NetworkError (no reply expected)
2026-08-17 03:28:07.865 | [sniff] node100 -> node19999  data seq=6 snd=1 rcv=42864 plen=14   <== ADDRESSED TO US
2026-08-17 03:28:07.877 | [sniff]   llc+nd : 0B022000060001A770000E211300074E1F00640025FFDE905E
2026-08-17 03:28:07.888 | [sniff]   frame  : 0800261F4E00080026640000001CA8A8030B022000060001A770000E211300074E1F00640025FFDE905E210082840066045F006407CE000807A20002
2026-08-17 03:28:07.908 | [link] WARNING the peer RE-SENT data frame seq=6 (we were waiting for 14). It has not seen our acknowledgement - check the send window and our own receive latency BEFORE looking for a fault in XMSG or the file server.
2026-08-17 03:28:07.936 | [tx] node19999 -> node100  ack seq=7 snd=42864 rcv=1 plen=0
2026-08-17 03:28:07.944 | [tx]   llc+nd : 0B023F0007A77000010000
2026-08-17 03:28:07.949 | [RX] 100->19999 sub=NetworkError f1=0x0025 info=211300074E1F00640025FFDE905E
2026-08-17 03:28:07.960 | [net] node 100 rejected our frame at Flags1 0x0025 with XENSE (our sequence is AHEAD of what the peer expects) Flags2=0xFFDE (-34)
2026-08-17 03:28:07.977 | [RX] 100->19999 sub=NetworkError (no reply expected)
2026-08-17 03:28:07.983 | [sniff] node100 -> node19999  data seq=4 snd=1 rcv=42864 plen=14   <== ADDRESSED TO US
2026-08-17 03:28:07.995 | [sniff]   llc+nd : 0B022000040001A770000E211300074E1F00640023FFDE9060
2026-08-17 03:28:08.004 | [sniff]   frame  : 0800261F4E00080026640000001CA8A8030B022000040001A770000E211300074E1F00640023FFDE9060210082840066000000640624006401440060
2026-08-17 03:28:08.023 | [link] WARNING the peer RE-SENT data frame seq=4 (we were waiting for 14). It has not seen our acknowledgement - check the send window and our own receive latency BEFORE looking for a fault in XMSG or the file server.
2026-08-17 03:28:08.053 | [tx] node19999 -> node100  ack seq=5 snd=42864 rcv=1 plen=0
2026-08-17 03:28:08.061 | [tx]   llc+nd : 0B023F0005A77000010000
2026-08-17 03:28:08.066 | [RX] 100->19999 sub=NetworkError f1=0x0023 info=211300074E1F00640023FFDE9060
2026-08-17 03:28:08.075 | [net] node 100 rejected our frame at Flags1 0x0023 with XENSE (our sequence is AHEAD of what the peer expects) Flags2=0xFFDE (-34)
2026-08-17 03:28:08.092 | [RX] 100->19999 sub=NetworkError (no reply expected)
2026-08-17 03:28:08.099 | [sniff] node100 -> node19999  data seq=5 snd=1 rcv=42864 plen=14   <== ADDRESSED TO US
2026-08-17 03:28:08.111 | [sniff]   llc+nd : 0B022000050001A770000E211300074E1F00640024FFDE905F
2026-08-17 03:28:08.121 | [sniff]   frame  : 0800261F4E00080026640000001CA8A8030B022000050001A770000E211300074E1F00640024FFDE905F210082840066045F006407CE000807A20002
2026-08-17 03:28:08.140 | [link] WARNING the peer RE-SENT data frame seq=5 (we were waiting for 14). It has not seen our acknowledgement - check the send window and our own receive latency BEFORE looking for a fault in XMSG or the file server.
2026-08-17 03:28:08.169 | [tx] node19999 -> node100  ack seq=6 snd=42864 rcv=1 plen=0
2026-08-17 03:28:08.177 | [tx]   llc+nd : 0B023F0006A77000010000
2026-08-17 03:28:08.183 | [RX] 100->19999 sub=NetworkError f1=0x0024 info=211300074E1F00640024FFDE905F
2026-08-17 03:28:08.194 | [net] node 100 rejected our frame at Flags1 0x0024 with XENSE (our sequence is AHEAD of what the peer expects) Flags2=0xFFDE (-34)
2026-08-17 03:28:08.222 | [RX] 100->19999 sub=NetworkError (no reply expected)
2026-08-17 03:28:08.231 | [sniff] node100 -> node19999  data seq=6 snd=1 rcv=42864 plen=14   <== ADDRESSED TO US
2026-08-17 03:28:08.243 | [sniff]   llc+nd : 0B022000060001A770000E211300074E1F00640025FFDE905E
2026-08-17 03:28:08.252 | [sniff]   frame  : 0800261F4E00080026640000001CA8A8030B022000060001A770000E211300074E1F00640025FFDE905E210082840066045F006407CE000807A20002
2026-08-17 03:28:08.271 | [link] WARNING the peer RE-SENT data frame seq=6 (we were waiting for 14). It has not seen our acknowledgement - check the send window and our own receive latency BEFORE looking for a fault in XMSG or the file server.
2026-08-17 03:28:08.301 | [tx] node19999 -> node100  ack seq=7 snd=42864 rcv=1 plen=0
2026-08-17 03:28:08.309 | [tx]   llc+nd : 0B023F0007A77000010000
2026-08-17 03:28:08.315 | [RX] 100->19999 sub=NetworkError f1=0x0025 info=211300074E1F00640025FFDE905E
2026-08-17 03:28:08.324 | [net] node 100 rejected our frame at Flags1 0x0025 with XENSE (our sequence is AHEAD of what the peer expects) Flags2=0xFFDE (-34)
2026-08-17 03:28:08.342 | [RX] 100->19999 sub=NetworkError (no reply expected)
2026-08-17 03:28:08.351 | [sniff] node100 -> node19999  data seq=4 snd=1 rcv=42864 plen=14   <== ADDRESSED TO US
2026-08-17 03:28:08.365 | [sniff]   llc+nd : 0B022000040001A770000E211300074E1F00640023FFDE9060
2026-08-17 03:28:08.376 | [sniff]   frame  : 0800261F4E00080026640000001CA8A8030B022000040001A770000E211300074E1F00640023FFDE9060210082840066000000640624006401440060
2026-08-17 03:28:08.395 | [link] WARNING the peer RE-SENT data frame seq=4 (we were waiting for 14). It has not seen our acknowledgement - check the send window and our own receive latency BEFORE looking for a fault in XMSG or the file server.
2026-08-17 03:28:08.422 | [tx] node19999 -> node100  ack seq=5 snd=42864 rcv=1 plen=0
2026-08-17 03:28:08.430 | [tx]   llc+nd : 0B023F0005A77000010000
2026-08-17 03:28:08.436 | [RX] 100->19999 sub=NetworkError f1=0x0023 info=211300074E1F00640023FFDE9060
2026-08-17 03:28:08.446 | [net] node 100 rejected our frame at Flags1 0x0023 with XENSE (our sequence is AHEAD of what the peer expects) Flags2=0xFFDE (-34)
2026-08-17 03:28:08.464 | [RX] 100->19999 sub=NetworkError (no reply expected)
2026-08-17 03:28:08.472 | [sniff] node100 -> node19999  data seq=5 snd=1 rcv=42864 plen=14   <== ADDRESSED TO US
2026-08-17 03:28:08.485 | [sniff]   llc+nd : 0B022000050001A770000E211300074E1F00640024FFDE905F
2026-08-17 03:28:08.496 | [sniff]   frame  : 0800261F4E00080026640000001CA8A8030B022000050001A770000E211300074E1F00640024FFDE905F210082840066045F006407CE000807A20002
2026-08-17 03:28:08.514 | [link] WARNING the peer RE-SENT data frame seq=5 (we were waiting for 14). It has not seen our acknowledgement - check the send window and our own receive latency BEFORE looking for a fault in XMSG or the file server.
2026-08-17 03:28:08.543 | [tx] node19999 -> node100  ack seq=6 snd=42864 rcv=1 plen=0
2026-08-17 03:28:08.551 | [tx]   llc+nd : 0B023F0006A77000010000
2026-08-17 03:28:08.557 | [RX] 100->19999 sub=NetworkError f1=0x0024 info=211300074E1F00640024FFDE905F
2026-08-17 03:28:08.566 | [net] node 100 rejected our frame at Flags1 0x0024 with XENSE (our sequence is AHEAD of what the peer expects) Flags2=0xFFDE (-34)
2026-08-17 03:28:08.584 | [RX] 100->19999 sub=NetworkError (no reply expected)
2026-08-17 03:28:08.592 | [sniff] node100 -> node19999  data seq=6 snd=1 rcv=42864 plen=14   <== ADDRESSED TO US
2026-08-17 03:28:08.605 | [sniff]   llc+nd : 0B022000060001A770000E211300074E1F00640025FFDE905E
2026-08-17 03:28:08.617 | [sniff]   frame  : 0800261F4E00080026640000001CA8A8030B022000060001A770000E211300074E1F00640025FFDE905E210082840066045F006407CE000807A20002
2026-08-17 03:28:08.641 | [link] WARNING the peer RE-SENT data frame seq=6 (we were waiting for 14). It has not seen our acknowledgement - check the send window and our own receive latency BEFORE looking for a fault in XMSG or the file server.
2026-08-17 03:28:08.671 | [tx] node19999 -> node100  ack seq=7 snd=42864 rcv=1 plen=0
2026-08-17 03:28:08.680 | [tx]   llc+nd : 0B023F0007A77000010000
2026-08-17 03:28:08.685 | [RX] 100->19999 sub=NetworkError f1=0x0025 info=211300074E1F00640025FFDE905E
2026-08-17 03:28:08.698 | [net] node 100 rejected our frame at Flags1 0x0025 with XENSE (our sequence is AHEAD of what the peer expects) Flags2=0xFFDE (-34)
2026-08-17 03:28:08.727 | [RX] 100->19999 sub=NetworkError (no reply expected)
2026-08-17 03:28:08.743 | [sniff] node100 -> node19999  data seq=4 snd=1 rcv=42864 plen=14   <== ADDRESSED TO US
2026-08-17 03:28:08.759 | [sniff]   llc+nd : 0B022000040001A770000E211300074E1F00640023FFDE9060
2026-08-17 03:28:08.773 | [sniff]   frame  : 0800261F4E00080026640000001CA8A8030B022000040001A770000E211300074E1F00640023FFDE9060210082840066000000640624006401440060
2026-08-17 03:28:08.797 | [link] WARNING the peer RE-SENT data frame seq=4 (we were waiting for 14). It has not seen our acknowledgement - check the send window and our own receive latency BEFORE looking for a fault in XMSG or the file server.
2026-08-17 03:28:08.827 | [tx] node19999 -> node100  ack seq=5 snd=42864 rcv=1 plen=0
2026-08-17 03:28:08.836 | [tx]   llc+nd : 0B023F0005A77000010000
2026-08-17 03:28:08.841 | [RX] 100->19999 sub=NetworkError f1=0x0023 info=211300074E1F00640023FFDE9060
2026-08-17 03:28:08.852 | [net] node 100 rejected our frame at Flags1 0x0023 with XENSE (our sequence is AHEAD of what the peer expects) Flags2=0xFFDE (-34)
2026-08-17 03:28:08.872 | [RX] 100->19999 sub=NetworkError (no reply expected)
2026-08-17 03:28:08.880 | [sniff] node100 -> node19999  data seq=5 snd=1 rcv=42864 plen=14   <== ADDRESSED TO US
2026-08-17 03:28:08.893 | [sniff]   llc+nd : 0B022000050001A770000E211300074E1F00640024FFDE905F
2026-08-17 03:28:08.905 | [sniff]   frame  : 0800261F4E00080026640000001CA8A8030B022000050001A770000E211300074E1F00640024FFDE905F210082840066045F006407CE000807A20002
2026-08-17 03:28:08.929 | [link] WARNING the peer RE-SENT data frame seq=5 (we were waiting for 14). It has not seen our acknowledgement - check the send window and our own receive latency BEFORE looking for a fault in XMSG or the file server.
2026-08-17 03:28:08.959 | [tx] node19999 -> node100  ack seq=6 snd=42864 rcv=1 plen=0
2026-08-17 03:28:08.967 | [tx]   llc+nd : 0B023F0006A77000010000
2026-08-17 03:28:08.974 | [RX] 100->19999 sub=NetworkError f1=0x0024 info=211300074E1F00640024FFDE905F
2026-08-17 03:28:08.986 | [net] node 100 rejected our frame at Flags1 0x0024 with XENSE (our sequence is AHEAD of what the peer expects) Flags2=0xFFDE (-34)
2026-08-17 03:28:09.006 | [RX] 100->19999 sub=NetworkError (no reply expected)
2026-08-17 03:28:09.015 | [sniff] node100 -> node19999  data seq=6 snd=1 rcv=42864 plen=14   <== ADDRESSED TO US
2026-08-17 03:28:09.027 | [sniff]   llc+nd : 0B022000060001A770000E211300074E1F00640025FFDE905E
2026-08-17 03:28:09.037 | [sniff]   frame  : 0800261F4E00080026640000001CA8A8030B022000060001A770000E211300074E1F00640025FFDE905E210082840066045F006407CE000807A20002
2026-08-17 03:28:09.058 | [link] WARNING the peer RE-SENT data frame seq=6 (we were waiting for 14). It has not seen our acknowledgement - check the send window and our own receive latency BEFORE looking for a fault in XMSG or the file server.
2026-08-17 03:28:09.088 | [tx] node19999 -> node100  ack seq=7 snd=42864 rcv=1 plen=0
2026-08-17 03:28:09.096 | [tx]   llc+nd : 0B023F0007A77000010000
2026-08-17 03:28:09.101 | [RX] 100->19999 sub=NetworkError f1=0x0025 info=211300074E1F00640025FFDE905E
2026-08-17 03:28:09.110 | [net] node 100 rejected our frame at Flags1 0x0025 with XENSE (our sequence is AHEAD of what the peer expects) Flags2=0xFFDE (-34)
2026-08-17 03:28:09.129 | [RX] 100->19999 sub=NetworkError (no reply expected)
2026-08-17 03:28:09.138 | [sniff] node100 -> node19999  data seq=4 snd=1 rcv=42864 plen=14   <== ADDRESSED TO US
2026-08-17 03:28:09.150 | [sniff]   llc+nd : 0B022000040001A770000E211300074E1F00640023FFDE9060
2026-08-17 03:28:09.162 | [sniff]   frame  : 0800261F4E00080026640000001CA8A8030B022000040001A770000E211300074E1F00640023FFDE9060210082840066000000640624006401440060
2026-08-17 03:28:09.184 | [link] WARNING the peer RE-SENT data frame seq=4 (we were waiting for 14). It has not seen our acknowledgement - check the send window and our own receive latency BEFORE looking for a fault in XMSG or the file server.
2026-08-17 03:28:09.215 | [tx] node19999 -> node100  ack seq=5 snd=42864 rcv=1 plen=0
2026-08-17 03:28:09.227 | [tx]   llc+nd : 0B023F0005A77000010000
2026-08-17 03:28:09.236 | [RX] 100->19999 sub=NetworkError f1=0x0023 info=211300074E1F00640023FFDE9060
2026-08-17 03:28:09.254 | [net] node 100 rejected our frame at Flags1 0x0023 with XENSE (our sequence is AHEAD of what the peer expects) Flags2=0xFFDE (-34)
2026-08-17 03:28:09.272 | [RX] 100->19999 sub=NetworkError (no reply expected)
2026-08-17 03:28:09.280 | [sniff] node100 -> node19999  data seq=5 snd=1 rcv=42864 plen=14   <== ADDRESSED TO US
2026-08-17 03:28:09.293 | [sniff]   llc+nd : 0B022000050001A770000E211300074E1F00640024FFDE905F
2026-08-17 03:28:09.303 | [sniff]   frame  : 0800261F4E00080026640000001CA8A8030B022000050001A770000E211300074E1F00640024FFDE905F210082840066045F006407CE000807A20002
2026-08-17 03:28:09.323 | [link] WARNING the peer RE-SENT data frame seq=5 (we were waiting for 14). It has not seen our acknowledgement - check the send window and our own receive latency BEFORE looking for a fault in XMSG or the file server.
2026-08-17 03:28:09.351 | [tx] node19999 -> node100  ack seq=6 snd=42864 rcv=1 plen=0
2026-08-17 03:28:09.360 | [tx]   llc+nd : 0B023F0006A77000010000
2026-08-17 03:28:09.366 | [RX] 100->19999 sub=NetworkError f1=0x0024 info=211300074E1F00640024FFDE905F
2026-08-17 03:28:09.377 | [net] node 100 rejected our frame at Flags1 0x0024 with XENSE (our sequence is AHEAD of what the peer expects) Flags2=0xFFDE (-34)
2026-08-17 03:28:09.399 | [RX] 100->19999 sub=NetworkError (no reply expected)
2026-08-17 03:28:09.407 | [sniff] node100 -> node19999  data seq=6 snd=1 rcv=42864 plen=14   <== ADDRESSED TO US
2026-08-17 03:28:09.419 | [sniff]   llc+nd : 0B022000060001A770000E211300074E1F00640025FFDE905E
2026-08-17 03:28:09.431 | [sniff]   frame  : 0800261F4E00080026640000001CA8A8030B022000060001A770000E211300074E1F00640025FFDE905E210082840066045F006407CE000807A20002
2026-08-17 03:28:09.452 | [link] WARNING the peer RE-SENT data frame seq=6 (we were waiting for 14). It has not seen our acknowledgement - check the send window and our own receive latency BEFORE looking for a fault in XMSG or the file server.
2026-08-17 03:28:09.480 | [tx] node19999 -> node100  ack seq=7 snd=42864 rcv=1 plen=0
2026-08-17 03:28:09.490 | [tx]   llc+nd : 0B023F0007A77000010000
2026-08-17 03:28:09.495 | [RX] 100->19999 sub=NetworkError f1=0x0025 info=211300074E1F00640025FFDE905E
2026-08-17 03:28:09.507 | [net] node 100 rejected our frame at Flags1 0x0025 with XENSE (our sequence is AHEAD of what the peer expects) Flags2=0xFFDE (-34)
2026-08-17 03:28:09.526 | [RX] 100->19999 sub=NetworkError (no reply expected)
2026-08-17 03:28:09.534 | [sniff] node100 -> node19999  ack seq=7 snd=1 rcv=42864 plen=0   <== ADDRESSED TO US
2026-08-17 03:28:09.547 | [sniff]   llc+nd : 0B023F00070001A7700000
2026-08-17 03:28:09.553 | [sniff]   frame  : 0800261F4E00080026640000000EA8A8030B023F00070001A77000000001CF3200000000000500200000340000000000000000004E1F0001A3560100
2026-08-17 03:28:09.577 | [tx] node19999 -> node100  data seq=12 snd=42864 rcv=1 plen=36
2026-08-17 03:28:09.588 | [tx]   llc+nd : 0B0220000CA770000100242113000E00644E1F00290008902A21008284006404EF4E1F0211000807C0000400420000
2026-08-17 03:28:09.605 | [sniff] node100 -> node19999  ack seq=8 snd=1 rcv=42864 plen=0   <== ADDRESSED TO US
2026-08-17 03:28:09.618 | [sniff]   llc+nd : 0B023F00080001A7700000
2026-08-17 03:28:09.626 | [sniff]   frame  : 0800261F4E00080026640000000EA8A8030B023F00080001A77000000001CFE20005000800004400000000000001A394000000010001CFC6001C000E
2026-08-17 03:28:09.649 | [tx] node19999 -> node100  data seq=13 snd=42864 rcv=1 plen=14
2026-08-17 03:28:09.669 | [tx]   llc+nd : 0B0220000DA7700001000E2113000300644E1F000500019060
2026-08-17 03:28:09.680 | [sniff] node100 -> node19999  data seq=7 snd=1 rcv=42864 plen=14   <== ADDRESSED TO US
2026-08-17 03:28:09.697 | [sniff]   llc+nd : 0B022000070001A770000E211300074E1F00640026FFDE905D
2026-08-17 03:28:09.711 | [sniff]   frame  : 0800261F4E00080026640000001CA8A8030B022000070001A770000E211300074E1F00640026FFDE905D210086840066000000640624006401440060
2026-08-17 03:28:09.742 | [link] WARNING the peer RE-SENT data frame seq=7 (we were waiting for 14). It has not seen our acknowledgement - check the send window and our own receive latency BEFORE looking for a fault in XMSG or the file server.
2026-08-17 03:28:09.781 | [tx] node19999 -> node100  ack seq=8 snd=42864 rcv=1 plen=0
2026-08-17 03:28:09.791 | [tx]   llc+nd : 0B023F0008A77000010000
2026-08-17 03:28:09.799 | [RX] 100->19999 sub=NetworkError f1=0x0026 info=211300074E1F00640026FFDE905D
2026-08-17 03:28:09.811 | [net] node 100 rejected our frame at Flags1 0x0026 with XENSE (our sequence is AHEAD of what the peer expects) Flags2=0xFFDE (-34)
2026-08-17 03:28:09.834 | [RX] 100->19999 sub=NetworkError (no reply expected)
2026-08-17 03:28:09.845 | [sniff] node100 -> node19999  data seq=4 snd=1 rcv=42864 plen=14   <== ADDRESSED TO US
2026-08-17 03:28:09.861 | [sniff]   llc+nd : 0B022000040001A770000E211300074E1F00640023FFDE9060
2026-08-17 03:28:09.872 | [sniff]   frame  : 0800261F4E00080026640000001CA8A8030B022000040001A770000E211300074E1F00640023FFDE9060210082840066000000640624006401440060
2026-08-17 03:28:09.892 | [link] WARNING the peer RE-SENT data frame seq=4 (we were waiting for 14). It has not seen our acknowledgement - check the send window and our own receive latency BEFORE looking for a fault in XMSG or the file server.
2026-08-17 03:28:09.921 | [tx] node19999 -> node100  ack seq=5 snd=42864 rcv=1 plen=0
2026-08-17 03:28:09.929 | [tx]   llc+nd : 0B023F0005A77000010000
2026-08-17 03:28:09.937 | [RX] 100->19999 sub=NetworkError f1=0x0023 info=211300074E1F00640023FFDE9060
2026-08-17 03:28:09.950 | [net] node 100 rejected our frame at Flags1 0x0023 with XENSE (our sequence is AHEAD of what the peer expects) Flags2=0xFFDE (-34)
2026-08-17 03:28:09.969 | [RX] 100->19999 sub=NetworkError (no reply expected)
2026-08-17 03:28:09.978 | [sniff] node100 -> node19999  ack seq=9 snd=1 rcv=42864 plen=0   <== ADDRESSED TO US
2026-08-17 03:28:09.990 | [sniff]   llc+nd : 0B023F00090001A7700000
2026-08-17 03:28:09.996 | [sniff]   frame  : 0800261F4E00080026640000000EA8A8030B023F00090001A77000000001D03A0005000800004400000000000001A394000000010001D01E001C000E
2026-08-17 03:28:10.015 | [tx] node19999 -> node100  data seq=14 snd=42864 rcv=1 plen=36
2026-08-17 03:28:10.024 | [tx]   llc+nd : 0B0220000EA770000100242113000E00644E1F002A0008902921008284006404EF4E1F0211000807D2000400466400
2026-08-17 03:28:10.038 | [sniff] node100 -> node19999  data seq=5 snd=1 rcv=42864 plen=14   <== ADDRESSED TO US
2026-08-17 03:28:10.050 | [sniff]   llc+nd : 0B022000050001A770000E211300074E1F00640024FFDE905F
2026-08-17 03:28:10.060 | [sniff]   frame  : 0800261F4E00080026640000001CA8A8030B022000050001A770000E211300074E1F00640024FFDE905F210082840066045F006407CE000807A20002
2026-08-17 03:28:10.082 | [link] WARNING the peer RE-SENT data frame seq=5 (we were waiting for 14). It has not seen our acknowledgement - check the send window and our own receive latency BEFORE looking for a fault in XMSG or the file server.
2026-08-17 03:28:10.115 | [tx] node19999 -> node100  ack seq=6 snd=42864 rcv=1 plen=0
2026-08-17 03:28:10.125 | [tx]   llc+nd : 0B023F0006A77000010000
2026-08-17 03:28:10.131 | [RX] 100->19999 sub=NetworkError f1=0x0024 info=211300074E1F00640024FFDE905F
2026-08-17 03:28:10.142 | [net] node 100 rejected our frame at Flags1 0x0024 with XENSE (our sequence is AHEAD of what the peer expects) Flags2=0xFFDE (-34)
2026-08-17 03:28:10.161 | [RX] 100->19999 sub=NetworkError (no reply expected)
2026-08-17 03:28:10.169 | [sniff] node100 -> node19999  data seq=6 snd=1 rcv=42864 plen=14   <== ADDRESSED TO US
2026-08-17 03:28:10.180 | [sniff]   llc+nd : 0B022000060001A770000E211300074E1F00640025FFDE905E
2026-08-17 03:28:10.189 | [sniff]   frame  : 0800261F4E00080026640000001CA8A8030B022000060001A770000E211300074E1F00640025FFDE905E210082840066045F006407CE000807A20002
2026-08-17 03:28:10.209 | [link] WARNING the peer RE-SENT data frame seq=6 (we were waiting for 14). It has not seen our acknowledgement - check the send window and our own receive latency BEFORE looking for a fault in XMSG or the file server.
2026-08-17 03:28:10.250 | [tx] node19999 -> node100  ack seq=7 snd=42864 rcv=1 plen=0
2026-08-17 03:28:10.266 | [tx]   llc+nd : 0B023F0007A77000010000
2026-08-17 03:28:10.275 | [RX] 100->19999 sub=NetworkError f1=0x0025 info=211300074E1F00640025FFDE905E
2026-08-17 03:28:10.289 | [net] node 100 rejected our frame at Flags1 0x0025 with XENSE (our sequence is AHEAD of what the peer expects) Flags2=0xFFDE (-34)
2026-08-17 03:28:10.313 | [RX] 100->19999 sub=NetworkError (no reply expected)
2026-08-17 03:28:10.322 | [sniff] node100 -> node19999  data seq=7 snd=1 rcv=42864 plen=14   <== ADDRESSED TO US
2026-08-17 03:28:10.336 | [sniff]   llc+nd : 0B022000070001A770000E211300074E1F00640026FFDE905D
2026-08-17 03:28:10.347 | [sniff]   frame  : 0800261F4E00080026640000001CA8A8030B022000070001A770000E211300074E1F00640026FFDE905D210086840066000000640624006401440060
2026-08-17 03:28:10.368 | [link] WARNING the peer RE-SENT data frame seq=7 (we were waiting for 14). It has not seen our acknowledgement - check the send window and our own receive latency BEFORE looking for a fault in XMSG or the file server.
2026-08-17 03:28:10.397 | [tx] node19999 -> node100  ack seq=8 snd=42864 rcv=1 plen=0
2026-08-17 03:28:10.406 | [tx]   llc+nd : 0B023F0008A77000010000
2026-08-17 03:28:10.412 | [RX] 100->19999 sub=NetworkError f1=0x0026 info=211300074E1F00640026FFDE905D
2026-08-17 03:28:10.422 | [net] node 100 rejected our frame at Flags1 0x0026 with XENSE (our sequence is AHEAD of what the peer expects) Flags2=0xFFDE (-34)
2026-08-17 03:28:10.439 | [RX] 100->19999 sub=NetworkError (no reply expected)
2026-08-17 03:28:10.446 | [sniff] node100 -> node19999  ack seq=10 snd=1 rcv=42864 plen=0   <== ADDRESSED TO US
2026-08-17 03:28:10.457 | [sniff]   llc+nd : 0B023F000A0001A7700000
2026-08-17 03:28:10.463 | [sniff]   frame  : 0800261F4E00080026640000000EA8A8030B023F000A0001A77000000001D0920005000800004400000000000001A394000000010001D076001C000E
2026-08-17 03:28:10.482 | [tx] node19999 -> node100  data seq=15 snd=42864 rcv=1 plen=14
2026-08-17 03:28:10.494 | [tx]   llc+nd : 0B0220000FA7700001000E2113000300644E1F000400019061
2026-08-17 03:28:10.506 | [sniff] node100 -> node19999  data seq=8 snd=1 rcv=42864 plen=14   <== ADDRESSED TO US
2026-08-17 03:28:10.524 | [sniff]   llc+nd : 0B022000080001A770000E211300074E1F00640027FFDE905C
2026-08-17 03:28:10.536 | [sniff]   frame  : 0800261F4E00080026640000001CA8A8030B022000080001A770000E211300074E1F00640027FFDE905C210086840066000000640624006401440060
2026-08-17 03:28:10.556 | [link] WARNING the peer RE-SENT data frame seq=8 (we were waiting for 14). It has not seen our acknowledgement - check the send window and our own receive latency BEFORE looking for a fault in XMSG or the file server.
2026-08-17 03:28:10.594 | [tx] node19999 -> node100  ack seq=9 snd=42864 rcv=1 plen=0
2026-08-17 03:28:10.605 | [tx]   llc+nd : 0B023F0009A77000010000
2026-08-17 03:28:10.611 | [RX] 100->19999 sub=NetworkError f1=0x0027 info=211300074E1F00640027FFDE905C
2026-08-17 03:28:10.622 | [net] node 100 rejected our frame at Flags1 0x0027 with XENSE (our sequence is AHEAD of what the peer expects) Flags2=0xFFDE (-34)
2026-08-17 03:28:10.639 | [RX] 100->19999 sub=NetworkError (no reply expected)
2026-08-17 03:28:10.647 | [sniff] node100 -> node19999  data seq=6 snd=1 rcv=42864 plen=14   <== ADDRESSED TO US
2026-08-17 03:28:10.659 | [sniff]   llc+nd : 0B022000060001A770000E211300074E1F00640025FFDE905E
2026-08-17 03:28:10.669 | [sniff]   frame  : 0800261F4E00080026640000001CA8A8030B022000060001A770000E211300074E1F00640025FFDE905E210082840066045F006407CE000807A20002
2026-08-17 03:28:10.688 | [link] WARNING the peer RE-SENT data frame seq=6 (we were waiting for 14). It has not seen our acknowledgement - check the send window and our own receive latency BEFORE looking for a fault in XMSG or the file server.
2026-08-17 03:28:10.716 | [tx] node19999 -> node100  ack seq=7 snd=42864 rcv=1 plen=0
2026-08-17 03:28:10.725 | [tx]   llc+nd : 0B023F0007A77000010000
2026-08-17 03:28:10.732 | [RX] 100->19999 sub=NetworkError f1=0x0025 info=211300074E1F00640025FFDE905E
2026-08-17 03:28:10.744 | [net] node 100 rejected our frame at Flags1 0x0025 with XENSE (our sequence is AHEAD of what the peer expects) Flags2=0xFFDE (-34)
2026-08-17 03:28:10.780 | [RX] 100->19999 sub=NetworkError (no reply expected)
2026-08-17 03:28:10.789 | [sniff] node100 -> node19999  data seq=7 snd=1 rcv=42864 plen=14   <== ADDRESSED TO US
2026-08-17 03:28:10.804 | [sniff]   llc+nd : 0B022000070001A770000E211300074E1F00640026FFDE905D
2026-08-17 03:28:10.814 | [sniff]   frame  : 0800261F4E00080026640000001CA8A8030B022000070001A770000E211300074E1F00640026FFDE905D210086840066000000640624006401440060
2026-08-17 03:28:10.833 | [link] WARNING the peer RE-SENT data frame seq=7 (we were waiting for 14). It has not seen our acknowledgement - check the send window and our own receive latency BEFORE looking for a fault in XMSG or the file server.
2026-08-17 03:28:10.864 | [tx] node19999 -> node100  ack seq=8 snd=42864 rcv=1 plen=0
2026-08-17 03:28:10.873 | [tx]   llc+nd : 0B023F0008A77000010000
2026-08-17 03:28:10.879 | [RX] 100->19999 sub=NetworkError f1=0x0026 info=211300074E1F00640026FFDE905D
2026-08-17 03:28:10.893 | [net] node 100 rejected our frame at Flags1 0x0026 with XENSE (our sequence is AHEAD of what the peer expects) Flags2=0xFFDE (-34)
2026-08-17 03:28:10.919 | [RX] 100->19999 sub=NetworkError (no reply expected)
2026-08-17 03:28:10.929 | [sniff] node100 -> node19999  ack seq=11 snd=1 rcv=42864 plen=0   <== ADDRESSED TO US
2026-08-17 03:28:10.945 | [sniff]   llc+nd : 0B023F000B0001A7700000
2026-08-17 03:28:10.951 | [sniff]   frame  : 0800261F4E00080026640000000EA8A8030B023F000B0001A77000000001CF320005000800004400000000000001A394000000010001D0CE001C000E
2026-08-17 03:28:10.974 | [tx] node19999 -> node100  data seq=16 snd=42864 rcv=1 plen=36
2026-08-17 03:28:10.986 | [tx]   llc+nd : 0B02200010A770000100242113000E00644E1F002B0008902821008284006404EF4E1F0211000807C0000400420000
2026-08-17 03:28:11.006 | [sniff] node100 -> node19999  data seq=8 snd=1 rcv=42864 plen=14   <== ADDRESSED TO US
2026-08-17 03:28:11.032 | [sniff]   llc+nd : 0B022000080001A770000E211300074E1F00640027FFDE905C
2026-08-17 03:28:11.044 | [sniff]   frame  : 0800261F4E00080026640000001CA8A8030B022000080001A770000E211300074E1F00640027FFDE905C210086840066000000640624006401440060
2026-08-17 03:28:11.067 | [link] WARNING the peer RE-SENT data frame seq=8 (we were waiting for 14). It has not seen our acknowledgement - check the send window and our own receive latency BEFORE looking for a fault in XMSG or the file server.
2026-08-17 03:28:11.109 | [tx] node19999 -> node100  ack seq=9 snd=42864 rcv=1 plen=0
2026-08-17 03:28:11.120 | [tx]   llc+nd : 0B023F0009A77000010000
2026-08-17 03:28:11.127 | [RX] 100->19999 sub=NetworkError f1=0x0027 info=211300074E1F00640027FFDE905C
2026-08-17 03:28:11.140 | [net] node 100 rejected our frame at Flags1 0x0027 with XENSE (our sequence is AHEAD of what the peer expects) Flags2=0xFFDE (-34)
2026-08-17 03:28:11.161 | [RX] 100->19999 sub=NetworkError (no reply expected)
2026-08-17 03:28:11.171 | [sniff] node100 -> node19999  data seq=9 snd=1 rcv=42864 plen=14   <== ADDRESSED TO US
2026-08-17 03:28:11.188 | [sniff]   llc+nd : 0B022000090001A770000E211300074E1F00640028FFDE905B
2026-08-17 03:28:11.202 | [sniff]   frame  : 0800261F4E00080026640000001CA8A8030B022000090001A770000E211300074E1F00640028FFDE905B210086E44E1F0000006406B1040000410012
2026-08-17 03:28:11.228 | [link] WARNING the peer RE-SENT data frame seq=9 (we were waiting for 14). It has not seen our acknowledgement - check the send window and our own receive latency BEFORE looking for a fault in XMSG or the file server.
2026-08-17 03:28:11.268 | [tx] node19999 -> node100  ack seq=10 snd=42864 rcv=1 plen=0
2026-08-17 03:28:11.282 | [tx]   llc+nd : 0B023F000AA77000010000
2026-08-17 03:28:11.290 | [RX] 100->19999 sub=NetworkError f1=0x0028 info=211300074E1F00640028FFDE905B
2026-08-17 03:28:11.305 | [net] node 100 rejected our frame at Flags1 0x0028 with XENSE (our sequence is AHEAD of what the peer expects) Flags2=0xFFDE (-34)
2026-08-17 03:28:11.328 | [RX] 100->19999 sub=NetworkError (no reply expected)
2026-08-17 03:28:11.336 | [sniff] node100 -> node19999  ack seq=12 snd=1 rcv=42864 plen=0   <== ADDRESSED TO US
2026-08-17 03:28:11.351 | [sniff]   llc+nd : 0B023F000C0001A7700000
2026-08-17 03:28:11.359 | [sniff]   frame  : 0800261F4E00080026640000000EA8A8030B023F000C0001A77000000001CF3200000000000500200000340000000000000000004E1F0001A3560100
2026-08-17 03:28:11.385 | [tx] node19999 -> node100  data seq=17 snd=42864 rcv=1 plen=14
2026-08-17 03:28:11.400 | [tx]   llc+nd : 0B02200011A7700001000E2113000300644E1F000500019060
2026-08-17 03:28:11.414 | [sniff] node100 -> node19999  data seq=6 snd=1 rcv=42864 plen=14   <== ADDRESSED TO US
2026-08-17 03:28:11.431 | [sniff]   llc+nd : 0B022000060001A770000E211300074E1F00640025FFDE905E
2026-08-17 03:28:11.445 | [sniff]   frame  : 0800261F4E00080026640000001CA8A8030B022000060001A770000E211300074E1F00640025FFDE905E210082840066045F006407CE000807A20002
2026-08-17 03:28:11.470 | [link] WARNING the peer RE-SENT data frame seq=6 (we were waiting for 14). It has not seen our acknowledgement - check the send window and our own receive latency BEFORE looking for a fault in XMSG or the file server.
2026-08-17 03:28:11.510 | [tx] node19999 -> node100  ack seq=7 snd=42864 rcv=1 plen=0
2026-08-17 03:28:11.521 | [tx]   llc+nd : 0B023F0007A77000010000
2026-08-17 03:28:11.528 | [RX] 100->19999 sub=NetworkError f1=0x0025 info=211300074E1F00640025FFDE905E
2026-08-17 03:28:11.543 | [net] node 100 rejected our frame at Flags1 0x0025 with XENSE (our sequence is AHEAD of what the peer expects) Flags2=0xFFDE (-34)
2026-08-17 03:28:11.564 | [RX] 100->19999 sub=NetworkError (no reply expected)
2026-08-17 03:28:11.573 | [sniff] node100 -> node19999  data seq=7 snd=1 rcv=42864 plen=14   <== ADDRESSED TO US
2026-08-17 03:28:11.588 | [sniff]   llc+nd : 0B022000070001A770000E211300074E1F00640026FFDE905D
2026-08-17 03:28:11.600 | [sniff]   frame  : 0800261F4E00080026640000001CA8A8030B022000070001A770000E211300074E1F00640026FFDE905D210086840066000000640624006401440060
2026-08-17 03:28:11.623 | [link] WARNING the peer RE-SENT data frame seq=7 (we were waiting for 14). It has not seen our acknowledgement - check the send window and our own receive latency BEFORE looking for a fault in XMSG or the file server.
2026-08-17 03:28:11.658 | [tx] node19999 -> node100  ack seq=8 snd=42864 rcv=1 plen=0
2026-08-17 03:28:11.668 | [tx]   llc+nd : 0B023F0008A77000010000
2026-08-17 03:28:11.675 | [RX] 100->19999 sub=NetworkError f1=0x0026 info=211300074E1F00640026FFDE905D
2026-08-17 03:28:11.688 | [net] node 100 rejected our frame at Flags1 0x0026 with XENSE (our sequence is AHEAD of what the peer expects) Flags2=0xFFDE (-34)
2026-08-17 03:28:11.710 | [RX] 100->19999 sub=NetworkError (no reply expected)
2026-08-17 03:28:11.718 | [sniff] node100 -> node19999  data seq=8 snd=1 rcv=42864 plen=14   <== ADDRESSED TO US
2026-08-17 03:28:11.734 | [sniff]   llc+nd : 0B022000080001A770000E211300074E1F00640027FFDE905C
2026-08-17 03:28:11.748 | [sniff]   frame  : 0800261F4E00080026640000001CA8A8030B022000080001A770000E211300074E1F00640027FFDE905C210086840066000000640624006401440060
2026-08-17 03:28:11.774 | [link] WARNING the peer RE-SENT data frame seq=8 (we were waiting for 14). It has not seen our acknowledgement - check the send window and our own receive latency BEFORE looking for a fault in XMSG or the file server.
2026-08-17 03:28:11.817 | [tx] node19999 -> node100  ack seq=9 snd=42864 rcv=1 plen=0
2026-08-17 03:28:11.836 | [tx]   llc+nd : 0B023F0009A77000010000
2026-08-17 03:28:11.845 | [RX] 100->19999 sub=NetworkError f1=0x0027 info=211300074E1F00640027FFDE905C
2026-08-17 03:28:11.860 | [net] node 100 rejected our frame at Flags1 0x0027 with XENSE (our sequence is AHEAD of what the peer expects) Flags2=0xFFDE (-34)
2026-08-17 03:28:11.884 | [RX] 100->19999 sub=NetworkError (no reply expected)
2026-08-17 03:28:11.895 | [sniff] node100 -> node19999  data seq=9 snd=1 rcv=42864 plen=14   <== ADDRESSED TO US
2026-08-17 03:28:11.917 | [sniff]   llc+nd : 0B022000090001A770000E211300074E1F00640028FFDE905B
2026-08-17 03:28:11.929 | [sniff]   frame  : 0800261F4E00080026640000001CA8A8030B022000090001A770000E211300074E1F00640028FFDE905B210086E44E1F0000006406B1040000410012
2026-08-17 03:28:11.953 | [link] WARNING the peer RE-SENT data frame seq=9 (we were waiting for 14). It has not seen our acknowledgement - check the send window and our own receive latency BEFORE looking for a fault in XMSG or the file server.
2026-08-17 03:28:11.994 | [tx] node19999 -> node100  ack seq=10 snd=42864 rcv=1 plen=0
2026-08-17 03:28:12.005 | [tx]   llc+nd : 0B023F000AA77000010000
2026-08-17 03:28:12.013 | [RX] 100->19999 sub=NetworkError f1=0x0028 info=211300074E1F00640028FFDE905B
2026-08-17 03:28:12.029 | [net] node 100 rejected our frame at Flags1 0x0028 with XENSE (our sequence is AHEAD of what the peer expects) Flags2=0xFFDE (-34)
2026-08-17 03:28:12.053 | [RX] 100->19999 sub=NetworkError (no reply expected)
2026-08-17 03:28:12.062 | [sniff] node100 -> node19999  data seq=7 snd=1 rcv=42864 plen=14   <== ADDRESSED TO US
2026-08-17 03:28:12.077 | [sniff]   llc+nd : 0B022000070001A770000E211300074E1F00640026FFDE905D
2026-08-17 03:28:12.089 | [sniff]   frame  : 0800261F4E00080026640000001CA8A8030B022000070001A770000E211300074E1F00640026FFDE905D210086840066000000640624006401440060
2026-08-17 03:28:12.113 | [segment] data=115 acks=28 other-stations=12
2026-08-17 03:28:12.122 | [link] WARNING the peer RE-SENT data frame seq=7 (we were waiting for 14). It has not seen our acknowledgement - check the send window and our own receive latency BEFORE looking for a fault in XMSG or the file server.
2026-08-17 03:28:12.164 | [tx] node19999 -> node100  ack seq=8 snd=42864 rcv=1 plen=0
2026-08-17 03:28:12.177 | [tx]   llc+nd : 0B023F0008A77000010000
2026-08-17 03:28:12.185 | [RX] 100->19999 sub=NetworkError f1=0x0026 info=211300074E1F00640026FFDE905D
2026-08-17 03:28:12.201 | [net] node 100 rejected our frame at Flags1 0x0026 with XENSE (our sequence is AHEAD of what the peer expects) Flags2=0xFFDE (-34)
2026-08-17 03:28:12.227 | [RX] 100->19999 sub=NetworkError (no reply expected)
2026-08-17 03:28:12.237 | [sniff] node100 -> node19999  data seq=8 snd=1 rcv=42864 plen=14   <== ADDRESSED TO US
2026-08-17 03:28:12.255 | [sniff]   llc+nd : 0B022000080001A770000E211300074E1F00640027FFDE905C
2026-08-17 03:28:12.269 | [sniff]   frame  : 0800261F4E00080026640000001CA8A8030B022000080001A770000E211300074E1F00640027FFDE905C210086840066000000640624006401440060
2026-08-17 03:28:12.295 | [link] WARNING the peer RE-SENT data frame seq=8 (we were waiting for 14). It has not seen our acknowledgement - check the send window and our own receive latency BEFORE looking for a fault in XMSG or the file server.
2026-08-17 03:28:12.340 | [tx] node19999 -> node100  ack seq=9 snd=42864 rcv=1 plen=0
2026-08-17 03:28:12.356 | [tx]   llc+nd : 0B023F0009A77000010000
2026-08-17 03:28:12.365 | [RX] 100->19999 sub=NetworkError f1=0x0027 info=211300074E1F00640027FFDE905C
2026-08-17 03:28:12.381 | [net] node 100 rejected our frame at Flags1 0x0027 with XENSE (our sequence is AHEAD of what the peer expects) Flags2=0xFFDE (-34)
2026-08-17 03:28:12.407 | [RX] 100->19999 sub=NetworkError (no reply expected)
2026-08-17 03:28:12.424 | [sniff] node100 -> node19999  data seq=9 snd=1 rcv=42864 plen=14   <== ADDRESSED TO US
2026-08-17 03:28:12.441 | [sniff]   llc+nd : 0B022000090001A770000E211300074E1F00640028FFDE905B
2026-08-17 03:28:12.454 | [sniff]   frame  : 0800261F4E00080026640000001CA8A8030B022000090001A770000E211300074E1F00640028FFDE905B210086E44E1F0000006406B1040000410012
2026-08-17 03:28:12.482 | [link] WARNING the peer RE-SENT data frame seq=9 (we were waiting for 14). It has not seen our acknowledgement - check the send window and our own receive latency BEFORE looking for a fault in XMSG or the file server.
2026-08-17 03:28:12.524 | [tx] node19999 -> node100  ack seq=10 snd=42864 rcv=1 plen=0
2026-08-17 03:28:12.538 | [tx]   llc+nd : 0B023F000AA77000010000
2026-08-17 03:28:12.546 | [RX] 100->19999 sub=NetworkError f1=0x0028 info=211300074E1F00640028FFDE905B
2026-08-17 03:28:12.563 | [net] node 100 rejected our frame at Flags1 0x0028 with XENSE (our sequence is AHEAD of what the peer expects) Flags2=0xFFDE (-34)
2026-08-17 03:28:12.588 | [RX] 100->19999 sub=NetworkError (no reply expected)
2026-08-17 03:28:12.598 | [sniff] node100 -> node19999  data seq=7 snd=1 rcv=42864 plen=14   <== ADDRESSED TO US
2026-08-17 03:28:12.616 | [sniff]   llc+nd : 0B022000070001A770000E211300074E1F00640026FFDE905D
2026-08-17 03:28:12.629 | [sniff]   frame  : 0800261F4E00080026640000001CA8A8030B022000070001A770000E211300074E1F00640026FFDE905D210086840066000000640624006401440060
2026-08-17 03:28:12.656 | [link] WARNING the peer RE-SENT data frame seq=7 (we were waiting for 14). It has not seen our acknowledgement - check the send window and our own receive latency BEFORE looking for a fault in XMSG or the file server.
2026-08-17 03:28:12.696 | [tx] node19999 -> node100  ack seq=8 snd=42864 rcv=1 plen=0
2026-08-17 03:28:12.707 | [tx]   llc+nd : 0B023F0008A77000010000
2026-08-17 03:28:12.717 | [RX] 100->19999 sub=NetworkError f1=0x0026 info=211300074E1F00640026FFDE905D
2026-08-17 03:28:12.731 | [net] node 100 rejected our frame at Flags1 0x0026 with XENSE (our sequence is AHEAD of what the peer expects) Flags2=0xFFDE (-34)
2026-08-17 03:28:12.755 | [RX] 100->19999 sub=NetworkError (no reply expected)
2026-08-17 03:28:12.765 | [sniff] node100 -> node19999  data seq=8 snd=1 rcv=42864 plen=14   <== ADDRESSED TO US
2026-08-17 03:28:12.782 | [sniff]   llc+nd : 0B022000080001A770000E211300074E1F00640027FFDE905C
2026-08-17 03:28:12.794 | [sniff]   frame  : 0800261F4E00080026640000001CA8A8030B022000080001A770000E211300074E1F00640027FFDE905C210086840066000000640624006401440060
2026-08-17 03:28:12.820 | [link] WARNING the peer RE-SENT data frame seq=8 (we were waiting for 14). It has not seen our acknowledgement - check the send window and our own receive latency BEFORE looking for a fault in XMSG or the file server.
2026-08-17 03:28:12.868 | [tx] node19999 -> node100  ack seq=9 snd=42864 rcv=1 plen=0
2026-08-17 03:28:12.878 | [tx]   llc+nd : 0B023F0009A77000010000
2026-08-17 03:28:12.885 | [RX] 100->19999 sub=NetworkError f1=0x0027 info=211300074E1F00640027FFDE905C
2026-08-17 03:28:12.900 | [net] node 100 rejected our frame at Flags1 0x0027 with XENSE (our sequence is AHEAD of what the peer expects) Flags2=0xFFDE (-34)
2026-08-17 03:28:12.922 | [RX] 100->19999 sub=NetworkError (no reply expected)
2026-08-17 03:28:12.931 | [sniff] node100 -> node19999  data seq=9 snd=1 rcv=42864 plen=14   <== ADDRESSED TO US
2026-08-17 03:28:12.946 | [sniff]   llc+nd : 0B022000090001A770000E211300074E1F00640028FFDE905B
2026-08-17 03:28:12.959 | [sniff]   frame  : 0800261F4E00080026640000001CA8A8030B022000090001A770000E211300074E1F00640028FFDE905B210086E44E1F0000006406B1040000410012
2026-08-17 03:28:12.988 | [link] WARNING the peer RE-SENT data frame seq=9 (we were waiting for 14). It has not seen our acknowledgement - check the send window and our own receive latency BEFORE looking for a fault in XMSG or the file server.
2026-08-17 03:28:13.033 | [tx] node19999 -> node100  ack seq=10 snd=42864 rcv=1 plen=0
2026-08-17 03:28:13.046 | [tx]   llc+nd : 0B023F000AA77000010000
2026-08-17 03:28:13.054 | [RX] 100->19999 sub=NetworkError f1=0x0028 info=211300074E1F00640028FFDE905B
2026-08-17 03:28:13.070 | [net] node 100 rejected our frame at Flags1 0x0028 with XENSE (our sequence is AHEAD of what the peer expects) Flags2=0xFFDE (-34)
2026-08-17 03:28:13.098 | [RX] 100->19999 sub=NetworkError (no reply expected)
2026-08-17 03:28:13.109 | [sniff] node100 -> node19999  data seq=7 snd=1 rcv=42864 plen=14   <== ADDRESSED TO US
2026-08-17 03:28:13.125 | [sniff]   llc+nd : 0B022000070001A770000E211300074E1F00640026FFDE905D
2026-08-17 03:28:13.139 | [sniff]   frame  : 0800261F4E00080026640000001CA8A8030B022000070001A770000E211300074E1F00640026FFDE905D210086840066000000640624006401440060
2026-08-17 03:28:13.169 | [link] WARNING the peer RE-SENT data frame seq=7 (we were waiting for 14). It has not seen our acknowledgement - check the send window and our own receive latency BEFORE looking for a fault in XMSG or the file server.
2026-08-17 03:28:13.211 | [tx] node19999 -> node100  ack seq=8 snd=42864 rcv=1 plen=0
2026-08-17 03:28:13.223 | [tx]   llc+nd : 0B023F0008A77000010000
2026-08-17 03:28:13.230 | [RX] 100->19999 sub=NetworkError f1=0x0026 info=211300074E1F00640026FFDE905D
2026-08-17 03:28:13.245 | [net] node 100 rejected our frame at Flags1 0x0026 with XENSE (our sequence is AHEAD of what the peer expects) Flags2=0xFFDE (-34)
2026-08-17 03:28:13.270 | [RX] 100->19999 sub=NetworkError (no reply expected)
2026-08-17 03:28:13.281 | [sniff] node100 -> node19999  data seq=8 snd=1 rcv=42864 plen=14   <== ADDRESSED TO US
2026-08-17 03:28:13.297 | [sniff]   llc+nd : 0B022000080001A770000E211300074E1F00640027FFDE905C
2026-08-17 03:28:13.311 | [sniff]   frame  : 0800261F4E00080026640000001CA8A8030B022000080001A770000E211300074E1F00640027FFDE905C210086840066000000640624006401440060
2026-08-17 03:28:13.341 | [link] WARNING the peer RE-SENT data frame seq=8 (we were waiting for 14). It has not seen our acknowledgement - check the send window and our own receive latency BEFORE looking for a fault in XMSG or the file server.
2026-08-17 03:28:13.393 | [tx] node19999 -> node100  ack seq=9 snd=42864 rcv=1 plen=0
2026-08-17 03:28:13.405 | [tx]   llc+nd : 0B023F0009A77000010000
2026-08-17 03:28:13.413 | [RX] 100->19999 sub=NetworkError f1=0x0027 info=211300074E1F00640027FFDE905C
2026-08-17 03:28:13.429 | [net] node 100 rejected our frame at Flags1 0x0027 with XENSE (our sequence is AHEAD of what the peer expects) Flags2=0xFFDE (-34)
2026-08-17 03:28:13.456 | [RX] 100->19999 sub=NetworkError (no reply expected)
2026-08-17 03:28:13.468 | [sniff] node100 -> node19999  data seq=9 snd=1 rcv=42864 plen=14   <== ADDRESSED TO US
2026-08-17 03:28:13.487 | [sniff]   llc+nd : 0B022000090001A770000E211300074E1F00640028FFDE905B
2026-08-17 03:28:13.508 | [sniff]   frame  : 0800261F4E00080026640000001CA8A8030B022000090001A770000E211300074E1F00640028FFDE905B210086E44E1F0000006406B1040000410012
2026-08-17 03:28:13.535 | [link] WARNING the peer RE-SENT data frame seq=9 (we were waiting for 14). It has not seen our acknowledgement - check the send window and our own receive latency BEFORE looking for a fault in XMSG or the file server.
2026-08-17 03:28:13.576 | [tx] node19999 -> node100  ack seq=10 snd=42864 rcv=1 plen=0
2026-08-17 03:28:13.588 | [tx]   llc+nd : 0B023F000AA77000010000
2026-08-17 03:28:13.597 | [RX] 100->19999 sub=NetworkError f1=0x0028 info=211300074E1F00640028FFDE905B
2026-08-17 03:28:13.610 | [net] node 100 rejected our frame at Flags1 0x0028 with XENSE (our sequence is AHEAD of what the peer expects) Flags2=0xFFDE (-34)
2026-08-17 03:28:13.634 | [RX] 100->19999 sub=NetworkError (no reply expected)
2026-08-17 03:28:13.645 | [sniff] node100 -> node19999  data seq=7 snd=1 rcv=42864 plen=14   <== ADDRESSED TO US
2026-08-17 03:28:13.661 | [sniff]   llc+nd : 0B022000070001A770000E211300074E1F00640026FFDE905D
2026-08-17 03:28:13.676 | [sniff]   frame  : 0800261F4E00080026640000001CA8A8030B022000070001A770000E211300074E1F00640026FFDE905D210086840066000000640624006401440060
2026-08-17 03:28:13.702 | [link] WARNING the peer RE-SENT data frame seq=7 (we were waiting for 14). It has not seen our acknowledgement - check the send window and our own receive latency BEFORE looking for a fault in XMSG or the file server.
2026-08-17 03:28:13.747 | [tx] node19999 -> node100  ack seq=8 snd=42864 rcv=1 plen=0
2026-08-17 03:28:13.760 | [tx]   llc+nd : 0B023F0008A77000010000
2026-08-17 03:28:13.768 | [RX] 100->19999 sub=NetworkError f1=0x0026 info=211300074E1F00640026FFDE905D
2026-08-17 03:28:13.784 | [net] node 100 rejected our frame at Flags1 0x0026 with XENSE (our sequence is AHEAD of what the peer expects) Flags2=0xFFDE (-34)
2026-08-17 03:28:13.809 | [RX] 100->19999 sub=NetworkError (no reply expected)
2026-08-17 03:28:13.820 | [sniff] node100 -> node19999  data seq=8 snd=1 rcv=42864 plen=14   <== ADDRESSED TO US
2026-08-17 03:28:13.839 | [sniff]   llc+nd : 0B022000080001A770000E211300074E1F00640027FFDE905C
2026-08-17 03:28:13.853 | [sniff]   frame  : 0800261F4E00080026640000001CA8A8030B022000080001A770000E211300074E1F00640027FFDE905C210086840066000000640624006401440060
2026-08-17 03:28:13.888 | [link] WARNING the peer RE-SENT data frame seq=8 (we were waiting for 14). It has not seen our acknowledgement - check the send window and our own receive latency BEFORE looking for a fault in XMSG or the file server.
2026-08-17 03:28:13.932 | [tx] node19999 -> node100  ack seq=9 snd=42864 rcv=1 plen=0
2026-08-17 03:28:13.945 | [tx]   llc+nd : 0B023F0009A77000010000
2026-08-17 03:28:13.953 | [RX] 100->19999 sub=NetworkError f1=0x0027 info=211300074E1F00640027FFDE905C
2026-08-17 03:28:13.969 | [net] node 100 rejected our frame at Flags1 0x0027 with XENSE (our sequence is AHEAD of what the peer expects) Flags2=0xFFDE (-34)
2026-08-17 03:28:13.993 | [RX] 100->19999 sub=NetworkError (no reply expected)
2026-08-17 03:28:14.018 | [sniff] node100 -> node19999  data seq=9 snd=1 rcv=42864 plen=14   <== ADDRESSED TO US
2026-08-17 03:28:14.043 | [sniff]   llc+nd : 0B022000090001A770000E211300074E1F00640028FFDE905B
2026-08-17 03:28:14.060 | [sniff]   frame  : 0800261F4E00080026640000001CA8A8030B022000090001A770000E211300074E1F00640028FFDE905B210086E44E1F0000006406B1040000410012
2026-08-17 03:28:14.090 | [link] WARNING the peer RE-SENT data frame seq=9 (we were waiting for 14). It has not seen our acknowledgement - check the send window and our own receive latency BEFORE looking for a fault in XMSG or the file server.
2026-08-17 03:28:14.134 | [tx] node19999 -> node100  ack seq=10 snd=42864 rcv=1 plen=0
2026-08-17 03:28:14.147 | [tx]   llc+nd : 0B023F000AA77000010000
2026-08-17 03:28:14.156 | [RX] 100->19999 sub=NetworkError f1=0x0028 info=211300074E1F00640028FFDE905B
2026-08-17 03:28:14.172 | [net] node 100 rejected our frame at Flags1 0x0028 with XENSE (our sequence is AHEAD of what the peer expects) Flags2=0xFFDE (-34)
2026-08-17 03:28:14.197 | [RX] 100->19999 sub=NetworkError (no reply expected)
2026-08-17 03:28:14.207 | [sniff] node100 -> node19999  data seq=7 snd=1 rcv=42864 plen=14   <== ADDRESSED TO US
2026-08-17 03:28:14.224 | [sniff]   llc+nd : 0B022000070001A770000E211300074E1F00640026FFDE905D
2026-08-17 03:28:14.239 | [sniff]   frame  : 0800261F4E00080026640000001CA8A8030B022000070001A770000E211300074E1F00640026FFDE905D210086840066000000640624006401440060
2026-08-17 03:28:14.265 | [link] WARNING the peer RE-SENT data frame seq=7 (we were waiting for 14). It has not seen our acknowledgement - check the send window and our own receive latency BEFORE looking for a fault in XMSG or the file server.
2026-08-17 03:28:14.305 | [tx] node19999 -> node100  ack seq=8 snd=42864 rcv=1 plen=0
2026-08-17 03:28:14.317 | [tx]   llc+nd : 0B023F0008A77000010000
2026-08-17 03:28:14.326 | [RX] 100->19999 sub=NetworkError f1=0x0026 info=211300074E1F00640026FFDE905D
2026-08-17 03:28:14.341 | [net] node 100 rejected our frame at Flags1 0x0026 with XENSE (our sequence is AHEAD of what the peer expects) Flags2=0xFFDE (-34)
2026-08-17 03:28:14.366 | [RX] 100->19999 sub=NetworkError (no reply expected)
2026-08-17 03:28:14.376 | [sniff] node100 -> node19999  data seq=8 snd=1 rcv=42864 plen=14   <== ADDRESSED TO US
2026-08-17 03:28:14.397 | [sniff]   llc+nd : 0B022000080001A770000E211300074E1F00640027FFDE905C
2026-08-17 03:28:14.412 | [sniff]   frame  : 0800261F4E00080026640000001CA8A8030B022000080001A770000E211300074E1F00640027FFDE905C210086840066000000640624006401440060
2026-08-17 03:28:14.435 | [link] WARNING the peer RE-SENT data frame seq=8 (we were waiting for 14). It has not seen our acknowledgement - check the send window and our own receive latency BEFORE looking for a fault in XMSG or the file server.
2026-08-17 03:28:14.473 | [tx] node19999 -> node100  ack seq=9 snd=42864 rcv=1 plen=0
2026-08-17 03:28:14.483 | [tx]   llc+nd : 0B023F0009A77000010000
2026-08-17 03:28:14.491 | [RX] 100->19999 sub=NetworkError f1=0x0027 info=211300074E1F00640027FFDE905C
2026-08-17 03:28:14.503 | [net] node 100 rejected our frame at Flags1 0x0027 with XENSE (our sequence is AHEAD of what the peer expects) Flags2=0xFFDE (-34)
2026-08-17 03:28:14.532 | [RX] 100->19999 sub=NetworkError (no reply expected)
2026-08-17 03:28:14.542 | [sniff] node100 -> node19999  data seq=9 snd=1 rcv=42864 plen=14   <== ADDRESSED TO US
2026-08-17 03:28:14.554 | [sniff]   llc+nd : 0B022000090001A770000E211300074E1F00640028FFDE905B
2026-08-17 03:28:14.565 | [sniff]   frame  : 0800261F4E00080026640000001CA8A8030B022000090001A770000E211300074E1F00640028FFDE905B210086E44E1F0000006406B1040000410012
2026-08-17 03:28:14.583 | [link] WARNING the peer RE-SENT data frame seq=9 (we were waiting for 14). It has not seen our acknowledgement - check the send window and our own receive latency BEFORE looking for a fault in XMSG or the file server.
2026-08-17 03:28:14.615 | [tx] node19999 -> node100  ack seq=10 snd=42864 rcv=1 plen=0
2026-08-17 03:28:14.623 | [tx]   llc+nd : 0B023F000AA77000010000
2026-08-17 03:28:14.631 | [RX] 100->19999 sub=NetworkError f1=0x0028 info=211300074E1F00640028FFDE905B
2026-08-17 03:28:14.644 | [net] node 100 rejected our frame at Flags1 0x0028 with XENSE (our sequence is AHEAD of what the peer expects) Flags2=0xFFDE (-34)
2026-08-17 03:28:14.667 | [RX] 100->19999 sub=NetworkError (no reply expected)
2026-08-17 03:28:14.675 | [sniff] node100 -> node19999  data seq=7 snd=1 rcv=42864 plen=14   <== ADDRESSED TO US
2026-08-17 03:28:14.688 | [sniff]   llc+nd : 0B022000070001A770000E211300074E1F00640026FFDE905D
2026-08-17 03:28:14.698 | [sniff]   frame  : 0800261F4E00080026640000001CA8A8030B022000070001A770000E211300074E1F00640026FFDE905D210086840066000000640624006401440060
2026-08-17 03:28:14.716 | [link] WARNING the peer RE-SENT data frame seq=7 (we were waiting for 14). It has not seen our acknowledgement - check the send window and our own receive latency BEFORE looking for a fault in XMSG or the file server.
2026-08-17 03:28:14.748 | [tx] node19999 -> node100  ack seq=8 snd=42864 rcv=1 plen=0
2026-08-17 03:28:14.758 | [tx]   llc+nd : 0B023F0008A77000010000
2026-08-17 03:28:14.766 | [RX] 100->19999 sub=NetworkError f1=0x0026 info=211300074E1F00640026FFDE905D
2026-08-17 03:28:14.777 | [net] node 100 rejected our frame at Flags1 0x0026 with XENSE (our sequence is AHEAD of what the peer expects) Flags2=0xFFDE (-34)
2026-08-17 03:28:14.796 | [RX] 100->19999 sub=NetworkError (no reply expected)
2026-08-17 03:28:14.803 | [sniff] node100 -> node19999  data seq=8 snd=1 rcv=42864 plen=14   <== ADDRESSED TO US
2026-08-17 03:28:14.815 | [sniff]   llc+nd : 0B022000080001A770000E211300074E1F00640027FFDE905C
2026-08-17 03:28:14.823 | [sniff]   frame  : 0800261F4E00080026640000001CA8A8030B022000080001A770000E211300074E1F00640027FFDE905C210086840066000000640624006401440060
2026-08-17 03:28:14.846 | [link] WARNING the peer RE-SENT data frame seq=8 (we were waiting for 14). It has not seen our acknowledgement - check the send window and our own receive latency BEFORE looking for a fault in XMSG or the file server.
2026-08-17 03:28:14.880 | [tx] node19999 -> node100  ack seq=9 snd=42864 rcv=1 plen=0
2026-08-17 03:28:14.890 | [tx]   llc+nd : 0B023F0009A77000010000
2026-08-17 03:28:14.895 | [RX] 100->19999 sub=NetworkError f1=0x0027 info=211300074E1F00640027FFDE905C
2026-08-17 03:28:14.913 | [net] node 100 rejected our frame at Flags1 0x0027 with XENSE (our sequence is AHEAD of what the peer expects) Flags2=0xFFDE (-34)
2026-08-17 03:28:14.932 | [RX] 100->19999 sub=NetworkError (no reply expected)
2026-08-17 03:28:14.941 | [sniff] node100 -> node19999  data seq=9 snd=1 rcv=42864 plen=14   <== ADDRESSED TO US
2026-08-17 03:28:14.955 | [sniff]   llc+nd : 0B022000090001A770000E211300074E1F00640028FFDE905B
2026-08-17 03:28:14.965 | [sniff]   frame  : 0800261F4E00080026640000001CA8A8030B022000090001A770000E211300074E1F00640028FFDE905B210086E44E1F0000006406B1040000410012
2026-08-17 03:28:14.985 | [link] WARNING the peer RE-SENT data frame seq=9 (we were waiting for 14). It has not seen our acknowledgement - check the send window and our own receive latency BEFORE looking for a fault in XMSG or the file server.
2026-08-17 03:28:15.016 | [tx] node19999 -> node100  ack seq=10 snd=42864 rcv=1 plen=0
2026-08-17 03:28:15.025 | [tx]   llc+nd : 0B023F000AA77000010000
2026-08-17 03:28:15.035 | [RX] 100->19999 sub=NetworkError f1=0x0028 info=211300074E1F00640028FFDE905B
2026-08-17 03:28:15.049 | [net] node 100 rejected our frame at Flags1 0x0028 with XENSE (our sequence is AHEAD of what the peer expects) Flags2=0xFFDE (-34)
2026-08-17 03:28:15.066 | [RX] 100->19999 sub=NetworkError (no reply expected)
2026-08-17 03:28:15.073 | [sniff] node100 -> node19999  data seq=7 snd=1 rcv=42864 plen=14   <== ADDRESSED TO US
2026-08-17 03:28:15.084 | [sniff]   llc+nd : 0B022000070001A770000E211300074E1F00640026FFDE905D
2026-08-17 03:28:15.093 | [sniff]   frame  : 0800261F4E00080026640000001CA8A8030B022000070001A770000E211300074E1F00640026FFDE905D210086840066000000640624006401440060
2026-08-17 03:28:15.113 | [link] WARNING the peer RE-SENT data frame seq=7 (we were waiting for 14). It has not seen our acknowledgement - check the send window and our own receive latency BEFORE looking for a fault in XMSG or the file server.
2026-08-17 03:28:15.143 | [tx] node19999 -> node100  ack seq=8 snd=42864 rcv=1 plen=0
2026-08-17 03:28:15.152 | [tx]   llc+nd : 0B023F0008A77000010000
2026-08-17 03:28:15.157 | [RX] 100->19999 sub=NetworkError f1=0x0026 info=211300074E1F00640026FFDE905D
2026-08-17 03:28:15.169 | [net] node 100 rejected our frame at Flags1 0x0026 with XENSE (our sequence is AHEAD of what the peer expects) Flags2=0xFFDE (-34)
2026-08-17 03:28:15.188 | [RX] 100->19999 sub=NetworkError (no reply expected)
2026-08-17 03:28:15.197 | [sniff] node100 -> node19999  data seq=8 snd=1 rcv=42864 plen=14   <== ADDRESSED TO US
2026-08-17 03:28:15.208 | [sniff]   llc+nd : 0B022000080001A770000E211300074E1F00640027FFDE905C
2026-08-17 03:28:15.219 | [sniff]   frame  : 0800261F4E00080026640000001CA8A8030B022000080001A770000E211300074E1F00640027FFDE905C210086840066000000640624006401440060
2026-08-17 03:28:15.237 | [link] WARNING the peer RE-SENT data frame seq=8 (we were waiting for 14). It has not seen our acknowledgement - check the send window and our own receive latency BEFORE looking for a fault in XMSG or the file server.
2026-08-17 03:28:15.266 | [tx] node19999 -> node100  ack seq=9 snd=42864 rcv=1 plen=0
2026-08-17 03:28:15.276 | [tx]   llc+nd : 0B023F0009A77000010000
2026-08-17 03:28:15.282 | [RX] 100->19999 sub=NetworkError f1=0x0027 info=211300074E1F00640027FFDE905C
2026-08-17 03:28:15.295 | [net] node 100 rejected our frame at Flags1 0x0027 with XENSE (our sequence is AHEAD of what the peer expects) Flags2=0xFFDE (-34)
2026-08-17 03:28:15.314 | [RX] 100->19999 sub=NetworkError (no reply expected)
2026-08-17 03:28:15.323 | [sniff] node100 -> node19999  data seq=9 snd=1 rcv=42864 plen=14   <== ADDRESSED TO US
2026-08-17 03:28:15.337 | [sniff]   llc+nd : 0B022000090001A770000E211300074E1F00640028FFDE905B
2026-08-17 03:28:15.348 | [sniff]   frame  : 0800261F4E00080026640000001CA8A8030B022000090001A770000E211300074E1F00640028FFDE905B210086E44E1F0000006406B1040000410012
2026-08-17 03:28:15.369 | [link] WARNING the peer RE-SENT data frame seq=9 (we were waiting for 14). It has not seen our acknowledgement - check the send window and our own receive latency BEFORE looking for a fault in XMSG or the file server.
2026-08-17 03:28:15.400 | [tx] node19999 -> node100  ack seq=10 snd=42864 rcv=1 plen=0
2026-08-17 03:28:15.409 | [tx]   llc+nd : 0B023F000AA77000010000
2026-08-17 03:28:15.422 | [RX] 100->19999 sub=NetworkError f1=0x0028 info=211300074E1F00640028FFDE905B
2026-08-17 03:28:15.436 | [net] node 100 rejected our frame at Flags1 0x0028 with XENSE (our sequence is AHEAD of what the peer expects) Flags2=0xFFDE (-34)
2026-08-17 03:28:15.456 | [RX] 100->19999 sub=NetworkError (no reply expected)
2026-08-17 03:28:15.465 | [sniff] node100 -> node19999  kind0x6F seq=8 snd=1 rcv=42864 plen=257   <== ADDRESSED TO US
2026-08-17 03:28:15.480 | [sniff]   llc+nd : 0B026F00080001A7700101
2026-08-17 03:28:15.486 | [sniff]   frame  : 0800261F4E00080026640000000EA8A8030B026F00080001A77001010001CFE20005000800004400000000000001A394000000010001CFC6001C000E
2026-08-17 03:28:15.505 | [link] disconnect request from the peer, ND frame kind 0x6F
2026-08-17 03:28:15.513 | [tx] node19999 -> node100  data seq=18 snd=42864 rcv=1 plen=36
2026-08-17 03:28:15.522 | [tx]   llc+nd : 0B02200012A770000100242113000E00644E1F002C0008902721008284006404EF4E1F0211000807D2000400476400
2026-08-17 03:28:15.538 | [sniff] node100 -> node19999  kind0x6F seq=9 snd=1 rcv=42864 plen=257   <== ADDRESSED TO US
2026-08-17 03:28:15.555 | [sniff]   llc+nd : 0B026F00090001A7700101
2026-08-17 03:28:15.560 | [sniff]   frame  : 0800261F4E00080026640000000EA8A8030B026F00090001A77001010001D03A0005000800004400000000000001A394000000010001D01E001C000E
2026-08-17 03:28:15.577 | [link] disconnect request from the peer, ND frame kind 0x6F
2026-08-17 03:28:15.586 | [tx] node19999 -> node100  data seq=19 snd=42864 rcv=1 plen=14
2026-08-17 03:28:15.596 | [tx]   llc+nd : 0B02200013A7700001000E2113000300644E1F000500019060
2026-08-17 03:28:15.605 | [sniff] node100 -> node19999  kind0x6F seq=10 snd=1 rcv=42864 plen=257   <== ADDRESSED TO US
2026-08-17 03:28:15.621 | [sniff]   llc+nd : 0B026F000A0001A7700101
2026-08-17 03:28:15.627 | [sniff]   frame  : 0800261F4E00080026640000000EA8A8030B026F000A0001A77001010001D0920005000800004400000000000001A394000000010001D076001C000E
2026-08-17 03:28:15.648 | [link] disconnect request from the peer, ND frame kind 0x6F
2026-08-17 03:28:15.658 | [tx] node19999 -> node100  data seq=20 snd=42864 rcv=1 plen=36
2026-08-17 03:28:15.668 | [tx]   llc+nd : 0B02200014A770000100242113000E00644E1F002C0008902721008284006404EF4E1F0211000807D2000400476400
2026-08-17 03:28:15.684 | [sniff] node100 -> node19999  kind0x6F seq=11 snd=1 rcv=42864 plen=257   <== ADDRESSED TO US
2026-08-17 03:28:15.698 | [sniff]   llc+nd : 0B026F000B0001A7700101
2026-08-17 03:28:15.705 | [sniff]   frame  : 0800261F4E00080026640000000EA8A8030B026F000B0001A77001010001CF320005000800004400000000000001A394000000010001D0CE001C000E
2026-08-17 03:28:15.726 | [link] disconnect request from the peer, ND frame kind 0x6F
2026-08-17 03:28:15.735 | [sniff] node100 -> node19999  kind0x6F seq=12 snd=1 rcv=42864 plen=257   <== ADDRESSED TO US
2026-08-17 03:28:15.748 | [sniff]   llc+nd : 0B026F000C0001A7700101
2026-08-17 03:28:15.754 | [sniff]   frame  : 0800261F4E00080026640000000EA8A8030B026F000C0001A77001010001CF3200000000000500200000340000000000000000004E1F0001A3940100
2026-08-17 03:28:15.773 | [link] disconnect request from the peer, ND frame kind 0x6F
2026-08-17 03:28:15.780 | [sniff] node100 -> node19999  kind0x6F seq=8 snd=1 rcv=42864 plen=257   <== ADDRESSED TO US
2026-08-17 03:28:15.791 | [sniff]   llc+nd : 0B026F00080001A7700101
2026-08-17 03:28:15.797 | [sniff]   frame  : 0800261F4E00080026640000000EA8A8030B026F00080001A77001010001CFE200050008000044000000000000000000000000010001CFC6001C000E
2026-08-17 03:28:15.815 | [link] disconnect request from the peer, ND frame kind 0x6F
2026-08-17 03:28:15.823 | [sniff] node100 -> node19999  kind0x6F seq=9 snd=1 rcv=42864 plen=257   <== ADDRESSED TO US
2026-08-17 03:28:15.835 | [sniff]   llc+nd : 0B026F00090001A7700101
2026-08-17 03:28:15.841 | [sniff]   frame  : 0800261F4E00080026640000000EA8A8030B026F00090001A77001010001D03A00050008000044000000000000000000000000010001D01E001C000E
2026-08-17 03:28:15.864 | [link] disconnect request from the peer, ND frame kind 0x6F
2026-08-17 03:28:15.873 | [sniff] node100 -> node19999  kind0x6F seq=10 snd=1 rcv=42864 plen=257   <== ADDRESSED TO US
2026-08-17 03:28:15.885 | [sniff]   llc+nd : 0B026F000A0001A7700101
2026-08-17 03:28:15.892 | [sniff]   frame  : 0800261F4E00080026640000000EA8A8030B026F000A0001A77001010001D09200050008000044000000000000000000000000010001D076001C000E
2026-08-17 03:28:15.911 | [link] disconnect request from the peer, ND frame kind 0x6F
2026-08-17 03:28:15.919 | [sniff] node100 -> node19999  kind0x6F seq=11 snd=1 rcv=42864 plen=257   <== ADDRESSED TO US
2026-08-17 03:28:15.938 | [sniff]   llc+nd : 0B026F000B0001A7700101
2026-08-17 03:28:15.944 | [sniff]   frame  : 0800261F4E00080026640000000EA8A8030B026F000B0001A77001010001CF3200050008000044000000000000000000000000010001D0CE001C000E
2026-08-17 03:28:15.963 | [link] disconnect request from the peer, ND frame kind 0x6F
2026-08-17 03:28:15.971 | [sniff] node100 -> node19999  kind0x6F seq=12 snd=1 rcv=42864 plen=257   <== ADDRESSED TO US
2026-08-17 03:28:15.982 | [sniff]   llc+nd : 0B026F000C0001A7700101
2026-08-17 03:28:15.987 | [sniff]   frame  : 0800261F4E00080026640000000EA8A8030B026F000C0001A77001010001CF3200000000000500200000340000000000000000004E1F0001A3940100
2026-08-17 03:28:16.005 | [link] disconnect request from the peer, ND frame kind 0x6F
2026-08-17 03:28:16.013 | [sniff] node100 -> node19999  kind0x6F seq=8 snd=1 rcv=42864 plen=257   <== ADDRESSED TO US
2026-08-17 03:28:16.025 | [sniff]   llc+nd : 0B026F00080001A7700101
2026-08-17 03:28:16.030 | [sniff]   frame  : 0800261F4E00080026640000000EA8A8030B026F00080001A77001010001CFE200050008000044000000000000000000000000010001CFC6001C000E
2026-08-17 03:28:16.051 | [link] disconnect request from the peer, ND frame kind 0x6F
2026-08-17 03:28:16.062 | [sniff] node100 -> node19999  kind0x6F seq=9 snd=1 rcv=42864 plen=257   <== ADDRESSED TO US
2026-08-17 03:28:16.073 | [sniff]   llc+nd : 0B026F00090001A7700101
2026-08-17 03:28:16.078 | [sniff]   frame  : 0800261F4E00080026640000000EA8A8030B026F00090001A77001010001D03A00050008000044000000000000000000000000010001D01E001C000E
2026-08-17 03:28:16.096 | [link] disconnect request from the peer, ND frame kind 0x6F
2026-08-17 03:28:16.104 | [sniff] node100 -> node19999  kind0x6F seq=10 snd=1 rcv=42864 plen=257   <== ADDRESSED TO US
2026-08-17 03:28:16.115 | [sniff]   llc+nd : 0B026F000A0001A7700101
2026-08-17 03:28:16.120 | [sniff]   frame  : 0800261F4E00080026640000000EA8A8030B026F000A0001A77001010001D09200050008000044000000000000000000000000010001D076001C000E
2026-08-17 03:28:16.140 | [link] disconnect request from the peer, ND frame kind 0x6F
2026-08-17 03:28:16.150 | [sniff] node100 -> node19999  kind0x6F seq=11 snd=1 rcv=42864 plen=257   <== ADDRESSED TO US
2026-08-17 03:28:16.161 | [sniff]   llc+nd : 0B026F000B0001A7700101
2026-08-17 03:28:16.168 | [sniff]   frame  : 0800261F4E00080026640000000EA8A8030B026F000B0001A77001010001CF3200050008000044000000000000000000000000010001D0CE001C000E
2026-08-17 03:28:16.188 | [link] disconnect request from the peer, ND frame kind 0x6F
2026-08-17 03:28:16.197 | [sniff] node100 -> node19999  kind0x6F seq=12 snd=1 rcv=42864 plen=257   <== ADDRESSED TO US
2026-08-17 03:28:16.211 | [sniff]   llc+nd : 0B026F000C0001A7700101
2026-08-17 03:28:16.219 | [sniff]   frame  : 0800261F4E00080026640000000EA8A8030B026F000C0001A77001010001CF3200000000000500200000340000000000000000004E1F0001A3940100
2026-08-17 03:28:16.239 | [link] disconnect request from the peer, ND frame kind 0x6F
2026-08-17 03:28:16.248 | [sniff] node100 -> node19999  kind0x6F seq=8 snd=1 rcv=42864 plen=257   <== ADDRESSED TO US
2026-08-17 03:28:16.265 | [sniff]   llc+nd : 0B026F00080001A7700101
2026-08-17 03:28:16.273 | [sniff]   frame  : 0800261F4E00080026640000000EA8A8030B026F00080001A77001010001CFE200050008000044000000000000000000000000010001CFC6001C000E
2026-08-17 03:28:16.298 | [link] disconnect request from the peer, ND frame kind 0x6F
2026-08-17 03:28:16.308 | [sniff] node100 -> node19999  kind0x6F seq=9 snd=1 rcv=42864 plen=257   <== ADDRESSED TO US
2026-08-17 03:28:16.321 | [sniff]   llc+nd : 0B026F00090001A7700101
2026-08-17 03:28:16.327 | [sniff]   frame  : 0800261F4E00080026640000000EA8A8030B026F00090001A77001010001D03A00050008000044000000000000000000000000010001D01E001C000E
2026-08-17 03:28:16.349 | [link] disconnect request from the peer, ND frame kind 0x6F
2026-08-17 03:28:16.358 | [sniff] node100 -> node19999  kind0x6F seq=10 snd=1 rcv=42864 plen=257   <== ADDRESSED TO US
2026-08-17 03:28:16.372 | [sniff]   llc+nd : 0B026F000A0001A7700101
2026-08-17 03:28:16.379 | [sniff]   frame  : 0800261F4E00080026640000000EA8A8030B026F000A0001A77001010001D09200050008000044000000000000000000000000010001D076001C000E
2026-08-17 03:28:16.400 | [link] disconnect request from the peer, ND frame kind 0x6F
2026-08-17 03:28:16.410 | [sniff] node100 -> node19999  kind0x6F seq=11 snd=1 rcv=42864 plen=257   <== ADDRESSED TO US
2026-08-17 03:28:16.423 | [sniff]   llc+nd : 0B026F000B0001A7700101
2026-08-17 03:28:16.433 | [sniff]   frame  : 0800261F4E00080026640000000EA8A8030B026F000B0001A77001010001CF3200050008000044000000000000000000000000010001D0CE001C000E
2026-08-17 03:28:16.456 | [link] disconnect request from the peer, ND frame kind 0x6F
2026-08-17 03:28:16.465 | [sniff] node100 -> node19999  kind0x6F seq=12 snd=1 rcv=42864 plen=257   <== ADDRESSED TO US
2026-08-17 03:28:16.477 | [sniff]   llc+nd : 0B026F000C0001A7700101
2026-08-17 03:28:16.483 | [sniff]   frame  : 0800261F4E00080026640000000EA8A8030B026F000C0001A77001010001CF3200000000000500200000340000000000000000004E1F0001A3940100
2026-08-17 03:28:16.499 | [link] disconnect request from the peer, ND frame kind 0x6F
2026-08-17 03:28:16.507 | [sniff] node100 -> node19999  kind0x6F seq=8 snd=1 rcv=42864 plen=257   <== ADDRESSED TO US
2026-08-17 03:28:16.518 | [sniff]   llc+nd : 0B026F00080001A7700101
2026-08-17 03:28:16.524 | [sniff]   frame  : 0800261F4E00080026640000000EA8A8030B026F00080001A77001010001CFE200050008000044000000000000000000000000010001CFC6001C000E
2026-08-17 03:28:16.540 | [link] disconnect request from the peer, ND frame kind 0x6F
2026-08-17 03:28:16.548 | [sniff] node100 -> node19999  kind0x6F seq=9 snd=1 rcv=42864 plen=257   <== ADDRESSED TO US
2026-08-17 03:28:16.567 | [sniff]   llc+nd : 0B026F00090001A7700101
2026-08-17 03:28:16.572 | [sniff]   frame  : 0800261F4E00080026640000000EA8A8030B026F00090001A77001010001D03A00050008000044000000000000000000000000010001D01E001C000E
2026-08-17 03:28:16.593 | [link] disconnect request from the peer, ND frame kind 0x6F
2026-08-17 03:28:16.602 | [sniff] node100 -> node19999  kind0x6F seq=10 snd=1 rcv=42864 plen=257   <== ADDRESSED TO US
2026-08-17 03:28:16.615 | [sniff]   llc+nd : 0B026F000A0001A7700101
2026-08-17 03:28:16.623 | [sniff]   frame  : 0800261F4E00080026640000000EA8A8030B026F000A0001A77001010001D09200050008000044000000000000000000000000010001D076001C000E
2026-08-17 03:28:16.643 | [link] disconnect request from the peer, ND frame kind 0x6F
2026-08-17 03:28:16.652 | [sniff] node100 -> node19999  kind0x6F seq=11 snd=1 rcv=42864 plen=257   <== ADDRESSED TO US
2026-08-17 03:28:16.666 | [sniff]   llc+nd : 0B026F000B0001A7700101
2026-08-17 03:28:16.673 | [sniff]   frame  : 0800261F4E00080026640000000EA8A8030B026F000B0001A77001010001CF3200050008000044000000000000000000000000010001D0CE001C000E
2026-08-17 03:28:16.693 | [link] disconnect request from the peer, ND frame kind 0x6F
2026-08-17 03:28:16.704 | [sniff] node100 -> node19999  kind0x6F seq=12 snd=1 rcv=42864 plen=257   <== ADDRESSED TO US
2026-08-17 03:28:16.717 | [sniff]   llc+nd : 0B026F000C0001A7700101
2026-08-17 03:28:16.724 | [sniff]   frame  : 0800261F4E00080026640000000EA8A8030B026F000C0001A77001010001CF3200000000000500200000340000000000000000004E1F0001A3940100
2026-08-17 03:28:16.745 | [link] disconnect request from the peer, ND frame kind 0x6F
2026-08-17 03:28:16.754 | [sniff] node100 -> node19999  kind0x6F seq=8 snd=1 rcv=42864 plen=257   <== ADDRESSED TO US
2026-08-17 03:28:16.767 | [sniff]   llc+nd : 0B026F00080001A7700101
2026-08-17 03:28:16.774 | [sniff]   frame  : 0800261F4E00080026640000000EA8A8030B026F00080001A77001010001CFE200050008000044000000000000000000000000010001CFC6001C000E
2026-08-17 03:28:16.795 | [link] disconnect request from the peer, ND frame kind 0x6F
2026-08-17 03:28:16.803 | [sniff] node100 -> node19999  kind0x6F seq=9 snd=1 rcv=42864 plen=257   <== ADDRESSED TO US
2026-08-17 03:28:16.815 | [sniff]   llc+nd : 0B026F00090001A7700101
2026-08-17 03:28:16.821 | [sniff]   frame  : 0800261F4E00080026640000000EA8A8030B026F00090001A77001010001D03A00050008000044000000000000000000000000010001D01E001C000E
2026-08-17 03:28:16.839 | [link] disconnect request from the peer, ND frame kind 0x6F
2026-08-17 03:28:16.847 | [sniff] node100 -> node19999  kind0x6F seq=10 snd=1 rcv=42864 plen=257   <== ADDRESSED TO US
2026-08-17 03:28:16.859 | [sniff]   llc+nd : 0B026F000A0001A7700101
2026-08-17 03:28:16.864 | [sniff]   frame  : 0800261F4E00080026640000000EA8A8030B026F000A0001A77001010001D09200050008000044000000000000000000000000010001D076001C000E
2026-08-17 03:28:16.881 | [link] disconnect request from the peer, ND frame kind 0x6F
2026-08-17 03:28:16.888 | [sniff] node100 -> node19999  kind0x6F seq=11 snd=1 rcv=42864 plen=257   <== ADDRESSED TO US
2026-08-17 03:28:16.899 | [sniff]   llc+nd : 0B026F000B0001A7700101
2026-08-17 03:28:16.905 | [sniff]   frame  : 0800261F4E00080026640000000EA8A8030B026F000B0001A77001010001CF3200050008000044000000000000000000000000010001D0CE001C000E
2026-08-17 03:28:16.922 | [link] disconnect request from the peer, ND frame kind 0x6F
2026-08-17 03:28:16.930 | [sniff] node100 -> node19999  kind0x6F seq=12 snd=1 rcv=42864 plen=257   <== ADDRESSED TO US
2026-08-17 03:28:16.945 | [sniff]   llc+nd : 0B026F000C0001A7700101
2026-08-17 03:28:16.954 | [sniff]   frame  : 0800261F4E00080026640000000EA8A8030B026F000C0001A77001010001CF3200000000000500200000340000000000000000004E1F0001A3940100
2026-08-17 03:28:16.972 | [link] disconnect request from the peer, ND frame kind 0x6F
2026-08-17 03:28:16.979 | [sniff] node100 -> node19999  kind0x6F seq=8 snd=1 rcv=42864 plen=257   <== ADDRESSED TO US
2026-08-17 03:28:16.991 | [sniff]   llc+nd : 0B026F00080001A7700101
2026-08-17 03:28:16.996 | [sniff]   frame  : 0800261F4E00080026640000000EA8A8030B026F00080001A77001010001CFE200050008000044000000000000000000000000010001CFC6001C000E
2026-08-17 03:28:17.013 | [link] disconnect request from the peer, ND frame kind 0x6F
2026-08-17 03:28:17.020 | [sniff] node100 -> node19999  kind0x6F seq=9 snd=1 rcv=42864 plen=257   <== ADDRESSED TO US
2026-08-17 03:28:17.032 | [sniff]   llc+nd : 0B026F00090001A7700101
2026-08-17 03:28:17.037 | [sniff]   frame  : 0800261F4E00080026640000000EA8A8030B026F00090001A77001010001D03A00050008000044000000000000000000000000010001D01E001C000E
2026-08-17 03:28:17.055 | [link] disconnect request from the peer, ND frame kind 0x6F
2026-08-17 03:28:17.064 | [sniff] node100 -> node19999  kind0x6F seq=10 snd=1 rcv=42864 plen=257   <== ADDRESSED TO US
2026-08-17 03:28:17.084 | [sniff]   llc+nd : 0B026F000A0001A7700101
2026-08-17 03:28:17.090 | [sniff]   frame  : 0800261F4E00080026640000000EA8A8030B026F000A0001A77001010001D09200050008000044000000000000000000000000010001D076001C000E
2026-08-17 03:28:17.107 | [link] disconnect request from the peer, ND frame kind 0x6F
2026-08-17 03:28:17.116 | [sniff] node100 -> node19999  kind0x6F seq=11 snd=1 rcv=42864 plen=257   <== ADDRESSED TO US
2026-08-17 03:28:17.129 | [sniff]   llc+nd : 0B026F000B0001A7700101
2026-08-17 03:28:17.134 | [sniff]   frame  : 0800261F4E00080026640000000EA8A8030B026F000B0001A77001010001CF3200050008000044000000000000000000000000010001D0CE001C000E
2026-08-17 03:28:17.153 | [segment] data=136 acks=28 other-stations=12
2026-08-17 03:28:17.159 | [link] disconnect request from the peer, ND frame kind 0x6F
2026-08-17 03:28:17.168 | [sniff] node100 -> node19999  kind0x6F seq=12 snd=1 rcv=42864 plen=257   <== ADDRESSED TO US
2026-08-17 03:28:17.180 | [sniff]   llc+nd : 0B026F000C0001A7700101
2026-08-17 03:28:17.185 | [sniff]   frame  : 0800261F4E00080026640000000EA8A8030B026F000C0001A77001010001CF3200000000000500200000340000000000000000004E1F0001A3940100
2026-08-17 03:28:17.204 | [link] disconnect request from the peer, ND frame kind 0x6F
2026-08-17 03:28:17.212 | [sniff] node100 -> node19999  kind0x6F seq=8 snd=1 rcv=42864 plen=257   <== ADDRESSED TO US
2026-08-17 03:28:17.224 | [sniff]   llc+nd : 0B026F00080001A7700101
2026-08-17 03:28:17.229 | [sniff]   frame  : 0800261F4E00080026640000000EA8A8030B026F00080001A77001010001CFE200050008000044000000000000000000000000010001CFC6001C000E
2026-08-17 03:28:17.247 | [link] disconnect request from the peer, ND frame kind 0x6F
2026-08-17 03:28:17.255 | [sniff] node100 -> node19999  kind0x6F seq=9 snd=1 rcv=42864 plen=257   <== ADDRESSED TO US
2026-08-17 03:28:17.269 | [sniff]   llc+nd : 0B026F00090001A7700101
2026-08-17 03:28:17.278 | [sniff]   frame  : 0800261F4E00080026640000000EA8A8030B026F00090001A77001010001D03A00050008000044000000000000000000000000010001D01E001C000E
2026-08-17 03:28:17.301 | [link] disconnect request from the peer, ND frame kind 0x6F
2026-08-17 03:28:17.310 | [sniff] node100 -> node19999  kind0x6F seq=10 snd=1 rcv=42864 plen=257   <== ADDRESSED TO US
2026-08-17 03:28:17.325 | [sniff]   llc+nd : 0B026F000A0001A7700101
2026-08-17 03:28:17.332 | [sniff]   frame  : 0800261F4E00080026640000000EA8A8030B026F000A0001A77001010001D09200050008000044000000000000000000000000010001D076001C000E
2026-08-17 03:28:17.351 | [link] disconnect request from the peer, ND frame kind 0x6F
2026-08-17 03:28:17.360 | [sniff] node100 -> node19999  kind0x6F seq=11 snd=1 rcv=42864 plen=257   <== ADDRESSED TO US
2026-08-17 03:28:17.374 | [sniff]   llc+nd : 0B026F000B0001A7700101
2026-08-17 03:28:17.381 | [sniff]   frame  : 0800261F4E00080026640000000EA8A8030B026F000B0001A77001010001CF3200050008000044000000000000000000000000010001D0CE001C000E
2026-08-17 03:28:17.401 | [link] disconnect request from the peer, ND frame kind 0x6F
2026-08-17 03:28:17.411 | [sniff] node100 -> node19999  kind0x6F seq=12 snd=1 rcv=42864 plen=257   <== ADDRESSED TO US
2026-08-17 03:28:17.427 | [sniff]   llc+nd : 0B026F000C0001A7700101
2026-08-17 03:28:17.433 | [sniff]   frame  : 0800261F4E00080026640000000EA8A8030B026F000C0001A77001010001CF3200000000000500200000340000000000000000004E1F0001A3940100
2026-08-17 03:28:17.465 | [link] disconnect request from the peer, ND frame kind 0x6F
2026-08-17 03:28:17.474 | [sniff] node100 -> node19999  kind0x6F seq=8 snd=1 rcv=42864 plen=257   <== ADDRESSED TO US
2026-08-17 03:28:17.487 | [sniff]   llc+nd : 0B026F00080001A7700101
2026-08-17 03:28:17.493 | [sniff]   frame  : 0800261F4E00080026640000000EA8A8030B026F00080001A77001010001CFE200050008000044000000000000000000000000010001CFC6001C000E
2026-08-17 03:28:17.512 | [link] disconnect request from the peer, ND frame kind 0x6F
2026-08-17 03:28:17.521 | [sniff] node100 -> node19999  kind0x6F seq=9 snd=1 rcv=42864 plen=257   <== ADDRESSED TO US
2026-08-17 03:28:17.534 | [sniff]   llc+nd : 0B026F00090001A7700101
2026-08-17 03:28:17.539 | [sniff]   frame  : 0800261F4E00080026640000000EA8A8030B026F00090001A77001010001D03A00050008000044000000000000000000000000010001D01E001C000E
2026-08-17 03:28:17.557 | [link] disconnect request from the peer, ND frame kind 0x6F
2026-08-17 03:28:17.564 | [sniff] node100 -> node19999  kind0x6F seq=10 snd=1 rcv=42864 plen=257   <== ADDRESSED TO US
2026-08-17 03:28:17.584 | [sniff]   llc+nd : 0B026F000A0001A7700101
2026-08-17 03:28:17.589 | [sniff]   frame  : 0800261F4E00080026640000000EA8A8030B026F000A0001A77001010001D09200050008000044000000000000000000000000010001D076001C000E
2026-08-17 03:28:17.608 | [link] disconnect request from the peer, ND frame kind 0x6F
2026-08-17 03:28:17.617 | [sniff] node100 -> node19999  kind0x6F seq=11 snd=1 rcv=42864 plen=257   <== ADDRESSED TO US
2026-08-17 03:28:17.630 | [sniff]   llc+nd : 0B026F000B0001A7700101
2026-08-17 03:28:17.635 | [sniff]   frame  : 0800261F4E00080026640000000EA8A8030B026F000B0001A77001010001CF3200050008000044000000000000000000000000010001D0CE001C000E
2026-08-17 03:28:17.653 | [link] disconnect request from the peer, ND frame kind 0x6F
2026-08-17 03:28:17.662 | [sniff] node100 -> node19999  kind0x6F seq=12 snd=1 rcv=42864 plen=257   <== ADDRESSED TO US
2026-08-17 03:28:17.674 | [sniff]   llc+nd : 0B026F000C0001A7700101
2026-08-17 03:28:17.679 | [sniff]   frame  : 0800261F4E00080026640000000EA8A8030B026F000C0001A77001010001CF3200000000000500200000340000000000000000004E1F0001A3940100
2026-08-17 03:28:17.698 | [link] disconnect request from the peer, ND frame kind 0x6F
2026-08-17 03:28:17.707 | [sniff] node100 -> node19999  kind0x6F seq=8 snd=1 rcv=42864 plen=257   <== ADDRESSED TO US
2026-08-17 03:28:17.721 | [sniff]   llc+nd : 0B026F00080001A7700101
2026-08-17 03:28:17.728 | [sniff]   frame  : 0800261F4E00080026640000000EA8A8030B026F00080001A77001010001CFE200050008000044000000000000000000000000010001CFC6001C000E
2026-08-17 03:28:17.750 | [link] disconnect request from the peer, ND frame kind 0x6F
2026-08-17 03:28:17.758 | [sniff] node100 -> node19999  kind0x6F seq=9 snd=1 rcv=42864 plen=257   <== ADDRESSED TO US
2026-08-17 03:28:17.772 | [sniff]   llc+nd : 0B026F00090001A7700101
2026-08-17 03:28:17.777 | [sniff]   frame  : 0800261F4E00080026640000000EA8A8030B026F00090001A77001010001D03A00050008000044000000000000000000000000010001D01E001C000E
2026-08-17 03:28:17.796 | [link] disconnect request from the peer, ND frame kind 0x6F
2026-08-17 03:28:17.803 | [sniff] node100 -> node19999  kind0x6F seq=10 snd=1 rcv=42864 plen=257   <== ADDRESSED TO US
2026-08-17 03:28:17.815 | [sniff]   llc+nd : 0B026F000A0001A7700101
2026-08-17 03:28:17.820 | [sniff]   frame  : 0800261F4E00080026640000000EA8A8030B026F000A0001A77001010001D09200050008000044000000000000000000000000010001D076001C000E
2026-08-17 03:28:17.842 | [link] disconnect request from the peer, ND frame kind 0x6F
2026-08-17 03:28:17.852 | [sniff] node100 -> node19999  kind0x6F seq=11 snd=1 rcv=42864 plen=257   <== ADDRESSED TO US
2026-08-17 03:28:17.866 | [sniff]   llc+nd : 0B026F000B0001A7700101
2026-08-17 03:28:17.872 | [sniff]   frame  : 0800261F4E00080026640000000EA8A8030B026F000B0001A77001010001CF3200050008000044000000000000000000000000010001D0CE001C000E
2026-08-17 03:28:17.891 | [link] disconnect request from the peer, ND frame kind 0x6F
2026-08-17 03:28:17.900 | [sniff] node100 -> node19999  kind0x6F seq=12 snd=1 rcv=42864 plen=257   <== ADDRESSED TO US
2026-08-17 03:28:17.911 | [sniff]   llc+nd : 0B026F000C0001A7700101
2026-08-17 03:28:17.916 | [sniff]   frame  : 0800261F4E00080026640000000EA8A8030B026F000C0001A77001010001CF3200000000000500200000340000000000000000004E1F0001A3940100
2026-08-17 03:28:17.933 | [link] disconnect request from the peer, ND frame kind 0x6F
2026-08-17 03:28:17.941 | [sniff] node100 -> node19999  kind0x6F seq=8 snd=1 rcv=42864 plen=257   <== ADDRESSED TO US
2026-08-17 03:28:17.954 | [sniff]   llc+nd : 0B026F00080001A7700101
2026-08-17 03:28:17.964 | [sniff]   frame  : 0800261F4E00080026640000000EA8A8030B026F00080001A77001010001CFE200050008000044000000000000000000000000010001CFC6001C000E
2026-08-17 03:28:17.988 | [link] disconnect request from the peer, ND frame kind 0x6F
2026-08-17 03:28:22.138 | [segment] data=136 acks=28 other-stations=12
2026-08-17 03:28:27.166 | [segment] data=136 acks=28 other-stations=12
2026-08-17 03:28:32.171 | [segment] data=136 acks=28 other-stations=12
2026-08-17 03:28:37.187 | [segment] data=136 acks=28 other-stations=12
2026-08-17 03:28:42.204 | [segment] data=136 acks=28 other-stations=12
2026-08-17 03:28:47.223 | [segment] data=136 acks=28 other-stations=12
2026-08-17 03:28:52.226 | [segment] data=136 acks=28 other-stations=12
2026-08-17 03:28:57.243 | [segment] data=136 acks=28 other-stations=12
2026-08-17 03:29:02.271 | [segment] data=136 acks=28 other-stations=12
2026-08-17 03:29:07.282 | [segment] data=136 acks=28 other-stations=12
2026-08-17 03:29:12.290 | [segment] data=136 acks=28 other-stations=12
2026-08-17 03:29:17.321 | [segment] data=136 acks=28 other-stations=12
2026-08-17 03:29:22.330 | [segment] data=136 acks=28 other-stations=12
2026-08-17 03:29:27.337 | [segment] data=136 acks=28 other-stations=12
