mtllib ND246-Terminal.mtl
o Stand
usemtl mat_Stand
v 169.8015 8.2133 20.0000
v 170.0000 0.0000 20.0000
v 170.0000 -0.0000 0.0000
v 169.8015 8.2133 0.0000
v 169.2064 16.4074 20.0000
v 169.2064 16.4074 0.0000
v 168.2161 24.5631 0.0000
v 168.2161 24.5631 20.0000
v 166.8329 32.6615 20.0000
v 166.8329 32.6615 0.0000
v 165.0601 40.6837 20.0000
v 165.0601 40.6837 0.0000
v 162.9018 48.6108 20.0000
v 162.9018 48.6108 0.0000
v 160.3630 56.4243 20.0000
v 160.3630 56.4243 0.0000
v 157.4497 64.1061 20.0000
v 157.4497 64.1061 0.0000
v 154.1686 71.6382 0.0000
v 154.1686 71.6382 20.0000
v 150.5275 79.0029 20.0000
v 150.5275 79.0029 0.0000
v 146.5348 86.1832 20.0000
v 146.5348 86.1832 0.0000
v 142.1999 93.1621 20.0000
v 142.1999 93.1621 0.0000
v 137.5329 99.9235 20.0000
v 137.5329 99.9235 0.0000
v 132.5446 106.4515 20.0000
v 132.5446 106.4515 0.0000
v 127.2468 112.7309 20.0000
v 127.2468 112.7309 0.0000
v 121.6518 118.7469 20.0000
v 121.6518 118.7469 0.0000
v 115.7727 124.4857 20.0000
v 115.7727 124.4857 0.0000
v 109.6232 129.9337 0.0000
v 109.6232 129.9337 20.0000
v 103.2176 135.0782 20.0000
v 103.2176 135.0782 0.0000
v 96.5710 139.9073 0.0000
v 96.5710 139.9073 20.0000
v 89.6988 144.4095 20.0000
v 89.6988 144.4095 0.0000
v 82.6172 148.5746 20.0000
v 82.6172 148.5746 0.0000
v 75.3426 152.3926 0.0000
v 75.3426 152.3926 20.0000
v 67.8920 155.8547 20.0000
v 67.8920 155.8547 0.0000
v 60.2828 158.9528 0.0000
v 60.2828 158.9528 20.0000
v 52.5329 161.6796 20.0000
v 52.5329 161.6796 0.0000
v 44.6603 164.0288 20.0000
v 44.6603 164.0288 0.0000
v 36.6833 165.9950 0.0000
v 36.6833 165.9950 20.0000
v 28.6207 167.5734 20.0000
v 28.6207 167.5734 0.0000
v 20.4912 168.7605 20.0000
v 20.4912 168.7605 0.0000
v 12.3139 169.5534 20.0000
v 12.3139 169.5534 0.0000
v 4.1078 169.9504 20.0000
v 4.1078 169.9504 0.0000
v -4.1078 169.9504 0.0000
v -4.1078 169.9504 20.0000
v -12.3139 169.5534 0.0000
v -12.3139 169.5534 20.0000
v -20.4912 168.7605 20.0000
v -20.4912 168.7605 0.0000
v -28.6207 167.5734 20.0000
v -28.6207 167.5734 0.0000
v -36.6833 165.9950 20.0000
v -36.6833 165.9950 0.0000
v -44.6603 164.0288 0.0000
v -44.6603 164.0288 20.0000
v -52.5329 161.6796 0.0000
v -52.5329 161.6796 20.0000
v -60.2828 158.9528 20.0000
v -60.2828 158.9528 0.0000
v -67.8920 155.8547 20.0000
v -67.8920 155.8547 0.0000
v -75.3426 152.3926 20.0000
v -75.3426 152.3926 0.0000
v -82.6172 148.5746 20.0000
v -82.6172 148.5746 0.0000
v -89.6988 144.4095 20.0000
v -89.6988 144.4095 0.0000
v -96.5710 139.9073 20.0000
v -96.5710 139.9073 0.0000
v -103.2176 135.0782 0.0000
v -103.2176 135.0782 20.0000
v -109.6232 129.9337 20.0000
v -109.6232 129.9337 0.0000
v -115.7727 124.4857 0.0000
v -115.7727 124.4857 20.0000
v -121.6518 118.7469 20.0000
v -121.6518 118.7469 0.0000
v -127.2468 112.7309 0.0000
v -127.2468 112.7309 20.0000
v -132.5446 106.4515 20.0000
v -132.5446 106.4515 0.0000
v -137.5329 99.9235 20.0000
v -137.5329 99.9235 0.0000
v -142.1999 93.1621 0.0000
v -142.1999 93.1621 20.0000
v -146.5348 86.1832 20.0000
v -146.5348 86.1832 0.0000
v -150.5275 79.0029 20.0000
v -150.5275 79.0029 0.0000
v -154.1686 71.6382 20.0000
v -154.1686 71.6382 0.0000
v -157.4497 64.1061 0.0000
v -157.4497 64.1061 20.0000
v -160.3630 56.4243 20.0000
v -160.3630 56.4243 0.0000
v -162.9018 48.6108 20.0000
v -162.9018 48.6108 0.0000
v -165.0601 40.6837 20.0000
v -165.0601 40.6837 0.0000
v -166.8329 32.6615 0.0000
v -166.8329 32.6615 20.0000
v -168.2161 24.5631 0.0000
v -168.2161 24.5631 20.0000
v -169.2064 16.4074 20.0000
v -169.2064 16.4074 0.0000
v -169.8015 8.2133 0.0000
v -169.8015 8.2133 20.0000
v -170.0000 -0.0000 20.0000
v -170.0000 -0.0000 0.0000
v -169.8015 -8.2133 0.0000
v -169.8015 -8.2133 20.0000
v -169.2064 -16.4074 20.0000
v -169.2064 -16.4074 0.0000
v -168.2161 -24.5631 0.0000
v -168.2161 -24.5631 20.0000
v -166.8329 -32.6615 20.0000
v -166.8329 -32.6615 0.0000
v -165.0601 -40.6837 20.0000
v -165.0601 -40.6837 0.0000
v -162.9018 -48.6108 20.0000
v -162.9018 -48.6108 0.0000
v -160.3630 -56.4243 0.0000
v -160.3630 -56.4243 20.0000
v -157.4497 -64.1061 0.0000
v -157.4497 -64.1061 20.0000
v -154.1686 -71.6382 20.0000
v -154.1686 -71.6382 0.0000
v -150.5275 -79.0029 20.0000
v -150.5275 -79.0029 0.0000
v -146.5348 -86.1832 20.0000
v -146.5348 -86.1832 0.0000
v -142.1999 -93.1621 0.0000
v -142.1999 -93.1621 20.0000
v -137.5329 -99.9235 20.0000
v -137.5329 -99.9235 0.0000
v -132.5446 -106.4515 0.0000
v -132.5446 -106.4515 20.0000
v -127.2468 -112.7309 20.0000
v -127.2468 -112.7309 0.0000
v -121.6518 -118.7469 0.0000
v -121.6518 -118.7469 20.0000
v -115.7727 -124.4857 20.0000
v -115.7727 -124.4857 0.0000
v -109.6232 -129.9337 0.0000
v -109.6232 -129.9337 20.0000
v -103.2176 -135.0782 20.0000
v -103.2176 -135.0782 0.0000
v -96.5710 -139.9073 0.0000
v -96.5710 -139.9073 20.0000
v -89.6988 -144.4095 0.0000
v -89.6988 -144.4095 20.0000
v -82.6172 -148.5746 20.0000
v -82.6172 -148.5746 0.0000
v -75.3426 -152.3926 0.0000
v -75.3426 -152.3926 20.0000
v -67.8920 -155.8547 20.0000
v -67.8920 -155.8547 0.0000
v -60.2828 -158.9528 0.0000
v -60.2828 -158.9528 20.0000
v -52.5329 -161.6796 0.0000
v -52.5329 -161.6796 20.0000
v -44.6603 -164.0288 20.0000
v -44.6603 -164.0288 0.0000
v -36.6833 -165.9950 0.0000
v -36.6833 -165.9950 20.0000
v -28.6207 -167.5734 20.0000
v -28.6207 -167.5734 0.0000
v -20.4912 -168.7605 0.0000
v -20.4912 -168.7605 20.0000
v -12.3139 -169.5534 20.0000
v -12.3139 -169.5534 0.0000
v -4.1078 -169.9504 20.0000
v -4.1078 -169.9504 0.0000
v 4.1078 -169.9504 0.0000
v 4.1078 -169.9504 20.0000
v 12.3139 -169.5534 0.0000
v 12.3139 -169.5534 20.0000
v 20.4912 -168.7605 20.0000
v 20.4912 -168.7605 0.0000
v 28.6207 -167.5734 0.0000
v 28.6207 -167.5734 20.0000
v 36.6833 -165.9950 20.0000
v 36.6833 -165.9950 0.0000
v 44.6603 -164.0288 0.0000
v 44.6603 -164.0288 20.0000
v 52.5329 -161.6796 0.0000
v 52.5329 -161.6796 20.0000
v 60.2828 -158.9528 0.0000
v 60.2828 -158.9528 20.0000
v 67.8920 -155.8547 20.0000
v 67.8920 -155.8547 0.0000
v 75.3426 -152.3926 20.0000
v 75.3426 -152.3926 0.0000
v 82.6172 -148.5746 20.0000
v 82.6172 -148.5746 0.0000
v 89.6988 -144.4095 0.0000
v 89.6988 -144.4095 20.0000
v 96.5710 -139.9073 20.0000
v 96.5710 -139.9073 0.0000
v 103.2176 -135.0782 0.0000
v 103.2176 -135.0782 20.0000
v 109.6232 -129.9337 0.0000
v 109.6232 -129.9337 20.0000
v 115.7727 -124.4857 0.0000
v 115.7727 -124.4857 20.0000
v 121.6518 -118.7469 0.0000
v 121.6518 -118.7469 20.0000
v 127.2468 -112.7309 20.0000
v 127.2468 -112.7309 0.0000
v 132.5446 -106.4515 0.0000
v 132.5446 -106.4515 20.0000
v 137.5329 -99.9235 0.0000
v 137.5329 -99.9235 20.0000
v 142.1999 -93.1621 20.0000
v 142.1999 -93.1621 0.0000
v 146.5348 -86.1832 20.0000
v 146.5348 -86.1832 0.0000
v 150.5275 -79.0029 20.0000
v 150.5275 -79.0029 0.0000
v 154.1686 -71.6382 0.0000
v 154.1686 -71.6382 20.0000
v 157.4497 -64.1061 20.0000
v 157.4497 -64.1061 0.0000
v 160.3630 -56.4243 20.0000
v 160.3630 -56.4243 0.0000
v 162.9018 -48.6108 20.0000
v 162.9018 -48.6108 0.0000
v 165.0601 -40.6837 0.0000
v 165.0601 -40.6837 20.0000
v 166.8329 -32.6615 20.0000
v 166.8329 -32.6615 0.0000
v 168.2161 -24.5631 20.0000
v 168.2161 -24.5631 0.0000
v 169.2064 -16.4074 20.0000
v 169.2064 -16.4074 0.0000
v 169.8015 -8.2133 20.0000
v 169.8015 -8.2133 0.0000
v 169.8078 0.0000 21.9509
v 169.6096 8.2040 21.9509
v 169.0412 8.1765 23.8268
v 169.2388 0.0000 23.8268
v 168.1181 8.1319 25.5557
v 168.3147 0.0000 25.5557
v 166.8760 8.0718 27.0711
v 167.0711 0.0000 27.0711
v 165.5557 0.0000 28.3147
v 165.3624 7.9986 28.3147
v 169.0151 16.3888 21.9509
v 163.6355 7.9150 29.2388
v 163.8268 0.0000 29.2388
v 168.4487 16.3339 23.8268
v 161.7618 7.8244 29.8079
v 161.9509 0.0000 29.8079
v 160.0000 0.0000 30.0000
v 159.8011 7.9753 30.0000
v 167.5289 16.2447 25.5557
v 166.2911 16.1247 27.0711
v 164.7828 15.9784 28.3147
v 168.0260 24.5354 21.9509
v 163.0620 15.8116 29.2388
v 167.4629 24.4532 23.8268
v 161.1949 15.6305 29.8079
v 159.2049 15.9309 30.0000
v 166.5485 24.3196 25.5557
v 165.3179 24.1399 27.0711
v 163.8184 23.9210 28.3147
v 166.6443 32.6246 21.9509
v 162.1077 23.6712 29.2388
v 166.0859 32.5153 23.8268
v 160.2514 23.4001 29.8079
v 158.2129 23.8468 30.0000
v 165.1790 32.3377 25.5557
v 163.9586 32.0988 27.0711
v 162.4714 31.8077 28.3147
v 164.8736 40.6377 21.9509
v 160.7748 31.4755 29.2388
v 164.3210 40.5015 23.8268
v 158.9338 31.1151 29.8079
v 156.8276 31.7034 30.0000
v 163.4238 40.2803 25.5557
v 162.2163 39.9827 27.0711
v 160.7449 39.6201 28.3147
v 162.7177 48.5558 21.9509
v 159.0663 39.2063 29.2388
v 162.1724 48.3931 23.8268
v 157.2449 38.7574 29.8079
v 155.0524 39.4812 30.0000
v 161.2868 48.1289 25.5557
v 160.0952 47.7733 27.0711
v 158.6431 47.3399 28.3147
v 160.1817 56.3606 21.9509
v 156.9864 46.8456 29.2388
v 159.6450 56.1717 23.8268
v 155.1888 46.3092 29.8079
v 152.8916 47.1608 30.0000
v 158.7732 55.8650 25.5557
v 157.6001 55.4522 27.0711
v 156.1707 54.9492 28.3147
v 157.2717 64.0337 21.9509
v 154.5398 54.3754 29.2388
v 156.7447 63.8191 23.8268
v 152.7702 53.7528 29.8079
v 150.3508 54.7232 30.0000
v 155.8888 63.4706 25.5557
v 154.7370 63.0016 27.0711
v 153.3335 62.4302 28.3147
v 153.9944 71.5572 21.9509
v 151.7323 61.7783 29.2388
v 153.4783 71.3174 23.8268
v 152.9916 73.6769 21.9509
v 149.9948 61.0709 29.8079
v 147.4362 62.1496 30.0000
v 152.6403 70.9280 25.5557
v 152.4789 73.4300 23.8268
v 151.5125 70.4039 27.0711
v 151.6463 73.0290 25.5557
v 150.1382 69.7654 28.3147
v 150.3574 78.9136 21.9509
v 150.5258 72.4894 27.0711
v 148.5704 69.0368 29.2388
v 149.8535 78.6492 23.8268
v 149.1605 71.8319 28.3147
v 149.1289 81.2113 21.9509
v 146.8691 68.2463 29.8079
v 144.1550 69.4214 30.0000
v 149.0353 78.2197 25.5557
v 147.6029 71.0818 29.2388
v 148.6292 80.9391 23.8268
v 147.9341 77.6418 27.0711
v 145.9127 70.2679 29.8079
v 147.8176 80.4972 25.5557
v 146.5923 76.9376 28.3147
v 146.3692 86.0858 21.9509
v 146.7254 79.9024 27.0711
v 145.0615 76.1341 29.2388
v 145.8787 85.7973 23.8268
v 145.3946 79.1777 28.3147
v 144.8955 88.5438 21.9509
v 143.4004 75.2623 29.8079
v 140.5155 76.5206 30.0000
v 145.0822 85.3288 25.5557
v 143.8763 78.3508 29.2388
v 144.4099 88.2471 23.8268
v 144.0102 84.6983 27.0711
v 142.2288 77.4537 29.8079
v 143.6214 87.7652 25.5557
v 142.7040 83.9301 28.3147
v 142.0392 93.0568 21.9509
v 142.5602 87.1167 27.0711
v 141.2138 83.0536 29.2388
v 141.5632 92.7450 23.8268
v 141.2672 86.3266 28.3147
v 140.3018 95.6562 21.9509
v 139.5968 82.1026 29.8079
v 136.5265 83.4296 30.0000
v 140.7902 92.2386 25.5557
v 139.7919 85.4251 29.2388
v 139.8316 95.3356 23.8268
v 139.7500 91.5570 27.0711
v 138.1912 84.4469 29.8079
v 139.0681 94.8150 25.5557
v 138.4824 90.7266 28.3147
v 137.3774 99.8106 21.9509
v 138.0406 94.1145 27.0711
v 137.0363 89.7792 29.2388
v 136.9171 99.4761 23.8268
v 136.7885 93.2608 28.3147
v 135.3594 102.5307 21.9509
v 135.4671 88.7511 29.8079
v 132.1982 90.1312 30.0000
v 136.1694 98.9329 25.5557
v 135.3601 92.2869 29.2388
v 134.9057 102.1871 23.8268
v 135.1633 98.2019 27.0711
v 133.8101 91.2302 29.8079
v 134.1691 101.6292 25.5557
v 133.9374 97.3112 28.3147
v 132.3948 106.3312 21.9509
v 133.1778 100.8783 27.0711
v 132.5387 96.2950 29.2388
v 131.9511 105.9748 23.8268
v 131.9698 99.9633 28.3147
v 130.0804 109.1504 21.9509
v 131.0210 95.1924 29.8079
v 127.5412 96.6087 30.0000
v 131.2307 105.3962 25.5557
v 130.5917 98.9194 29.2388
v 129.6444 108.7846 23.8268
v 130.2610 104.6174 27.0711
v 129.0963 97.7867 29.8079
v 128.9365 108.1906 25.5557
v 129.0795 103.6685 28.3147
v 127.1030 112.6034 21.9509
v 127.9839 107.3912 27.0711
v 127.7316 102.5859 29.2388
v 126.6771 112.2261 23.8268
v 126.8230 106.4172 28.3147
v 124.4780 115.4987 21.9509
v 126.2690 101.4113 29.8079
v 122.5671 102.8460 30.0000
v 125.9854 111.6133 25.5557
v 125.4986 105.3059 29.2388
v 124.0608 115.1116 23.8268
v 125.0545 110.7886 27.0711
v 124.0616 104.1000 29.8079
v 123.3834 114.4831 25.5557
v 123.9202 109.7837 28.3147
v 121.5143 118.6127 21.9509
v 122.4718 113.6372 27.0711
v 122.6261 108.6373 29.2388
v 121.1071 118.2152 23.8268
v 121.3609 112.6065 28.3147
v 121.2220 107.3933 29.8079
v 117.2883 108.8276 30.0000
v 120.4458 117.5697 25.5557
v 118.5661 121.5598 21.9509
v 120.0936 111.4305 29.2388
v 119.5559 116.7010 27.0711
v 118.1688 121.1524 23.8268
v 118.7184 110.1546 29.8079
v 118.4715 115.6425 28.3147
v 115.6418 124.3450 21.9509
v 117.5235 120.4909 25.5557
v 117.2343 114.4349 29.2388
v 115.2543 123.9283 23.8268
v 116.6552 119.6006 27.0711
v 115.8919 113.1245 29.8079
v 111.7179 114.5387 30.0000
v 114.6250 123.2516 25.5557
v 115.5971 118.5158 28.3147
v 112.3595 127.3187 21.9509
v 113.7780 122.3409 27.0711
v 114.3899 117.2782 29.2388
v 111.9829 126.8921 23.8268
v 112.7461 121.2313 28.3147
v 113.0801 115.9353 29.8079
v 109.4993 129.7868 21.9509
v 111.3715 126.1992 25.5557
v 111.5687 119.9653 29.2388
v 109.1323 129.3519 23.8268
v 110.5486 125.2667 27.0711
v 110.2911 118.5916 29.8079
v 105.8697 119.9650 30.0000
v 108.5364 128.6456 25.5557
v 109.5459 124.1306 28.3147
v 105.8735 132.7611 21.9509
v 107.7345 127.6950 27.0711
v 108.4019 122.8343 29.2388
v 105.5187 132.3162 23.8268
v 106.7573 126.5368 28.3147
v 103.1010 134.9255 21.9509
v 107.1606 121.4277 29.8079
v 104.9425 131.5937 25.5557
v 105.6425 125.2154 29.2388
v 102.7555 134.4734 23.8268
v 104.1671 130.6214 27.0711
v 104.4328 123.7816 29.8079
v 99.7584 125.0930 30.0000
v 102.1944 133.7391 25.5557
v 103.2223 129.4367 28.3147
v 99.1243 137.8734 21.9509
v 101.4393 132.7509 27.0711
v 102.1444 128.0850 29.2388
v 98.7921 137.4114 23.8268
v 100.5192 131.5469 28.3147
v 96.4619 139.7491 21.9509
v 100.9747 126.6183 29.8079
v 98.2526 136.6611 25.5557
v 99.4695 130.1731 29.2388
v 96.1386 139.2808 23.8268
v 97.5267 135.6514 27.0711
v 98.3305 128.6826 29.8079
v 93.3990 129.9101 30.0000
v 95.6136 138.5203 25.5557
v 96.6421 134.4210 28.3147
v 92.1286 142.6430 21.9509
v 94.9072 137.4968 27.0711
v 95.6329 133.0172 29.2388
v 91.8199 142.1650 23.8268
v 94.0464 136.2497 28.3147
v 89.5975 144.2463 21.9509
v 94.5378 131.4941 29.8079
v 91.3185 141.3887 25.5557
v 93.0642 134.8268 29.2388
v 89.2972 143.7629 23.8268
v 90.6438 140.3440 27.0711
v 91.9986 133.2830 29.8079
v 86.8074 134.4041 30.0000
v 88.8096 142.9779 25.5557
v 89.8216 139.0711 28.3147
v 84.9039 147.0579 21.9509
v 88.1534 141.9215 27.0711
v 88.8836 137.6188 29.2388
v 84.6194 146.5651 23.8268
v 87.3539 140.6343 28.3147
v 82.5238 148.4066 21.9509
v 87.8659 136.0430 29.8079
v 84.1573 145.7648 25.5557
v 86.4416 139.1656 29.2388
v 82.2472 147.9093 23.8268
v 83.5355 144.6878 27.0711
v 85.4518 137.5721 29.8079
v 80.0000 138.5641 30.0000
v 81.7981 147.1017 25.5557
v 82.7779 143.3754 28.3147
v 77.4682 151.1072 21.9509
v 81.1938 146.0148 27.0711
v 81.9134 141.8782 29.2388
v 77.2085 150.6008 23.8268
v 80.4573 144.6904 28.3147
v 75.2574 152.2203 21.9509
v 80.9754 140.2536 29.8079
v 76.7870 149.7785 25.5557
v 79.6171 143.1794 29.2388
v 75.0052 151.7102 23.8268
v 76.2196 148.6718 27.0711
v 78.7055 141.5399 29.8079
v 72.9937 142.3795 30.0000
v 74.5956 150.8818 25.5557
v 75.5283 147.3233 28.3147
v 69.8398 154.7809 21.9509
v 74.0445 149.7670 27.0711
v 74.7395 145.7849 29.2388
v 69.6057 154.2621 23.8268
v 73.3729 148.4086 28.3147
v 67.8152 155.6785 21.9509
v 73.8837 144.1155 29.8079
v 69.2257 153.4198 25.5557
v 72.6067 146.8588 29.2388
v 67.5880 155.1568 23.8268
v 68.7142 152.2863 27.0711
v 71.7753 145.1772 29.8079
v 65.8059 145.8409 30.0000
v 67.2189 154.3096 25.5557
v 68.0909 150.9050 28.3147
v 66.7223 153.1694 27.0711
v 62.0378 158.0697 21.9509
v 67.3799 149.3291 29.2388
v 66.1171 151.7802 28.3147
v 61.8299 157.5399 23.8268
v 66.6083 147.6192 29.8079
v 65.4266 150.1952 29.2388
v 61.4923 156.6797 25.5557
v 64.6775 148.4753 29.8079
v 58.4546 148.9398 30.0000
v 61.0379 155.5221 27.0711
v 60.4843 154.1115 28.3147
v 54.0815 160.9655 21.9509
v 59.8527 152.5021 29.2388
v 53.9003 160.4261 23.8268
v 59.1673 150.7558 29.8079
v 53.6060 159.5501 25.5557
v 53.2099 158.3712 27.0711
v 52.7273 156.9348 28.3147
v 45.9908 163.4612 21.9509
v 52.1767 155.2959 29.2388
v 45.8367 162.9134 23.8268
v 51.5792 153.5177 29.8079
v 50.9579 151.6684 30.0000
v 45.5864 162.0238 25.5557
v 45.2496 160.8267 27.0711
v 44.8392 159.3679 28.3147
v 37.7858 165.5504 21.9509
v 44.3709 157.7037 29.2388
v 37.6592 164.9956 23.8268
v 43.8629 155.8979 29.8079
v 43.3345 154.0199 30.0000
v 37.4535 164.0947 25.5557
v 37.1768 162.8822 27.0711
v 36.8396 161.4049 28.3147
v 29.4868 167.2281 21.9509
v 36.4549 159.7194 29.2388
v 29.3880 166.6677 23.8268
v 36.0375 157.8905 29.8079
v 35.6033 155.9885 30.0000
v 29.2275 165.7576 25.5557
v 29.0116 164.5329 27.0711
v 28.7484 163.0405 28.3147
v 21.1145 168.4900 21.9509
v 28.4482 161.3379 29.2388
v 21.0438 167.9254 23.8268
v 28.1225 159.4905 29.8079
v 27.7837 157.5692 30.0000
v 20.9289 167.0084 25.5557
v 20.7742 165.7745 27.0711
v 20.5858 164.2709 28.3147
v 12.6898 169.3330 21.9509
v 20.3708 162.5554 29.2388
v 12.6472 168.7656 23.8268
v 20.1376 160.6940 29.8079
v 19.8950 158.7583 30.0000
v 12.5782 167.8441 25.5557
v 12.4852 166.6039 27.0711
v 12.3720 165.0928 28.3147
v 4.2334 169.7551 21.9509
v 12.2428 163.3687 29.2388
v 4.2192 169.1862 23.8268
v 12.1026 161.4981 29.8079
v 11.9568 159.5526 30.0000
v 4.1962 168.2624 25.5557
v 4.1652 167.0191 27.0711
v 4.1274 165.5042 28.3147
v -4.1032 169.7583 21.9509
v 4.0843 163.7759 29.2388
v -4.0894 169.1894 23.8268
v 4.0375 161.9006 29.8079
v 3.9889 159.9503 30.0000
v -4.0671 168.2655 25.5557
v -4.0371 167.0223 27.0711
v -4.0004 165.5074 28.3147
v -12.3000 169.3618 21.9509
v -3.9587 163.7790 29.2388
v -12.2588 168.7942 23.8268
v -3.9133 161.9036 29.8079
v -3.9889 159.9503 30.0000
v -12.1918 167.8726 25.5557
v -12.1018 166.6322 27.0711
v -11.9920 165.1208 28.3147
v -20.4681 168.5698 21.9509
v -11.8668 163.3965 29.2388
v -20.3995 168.0049 23.8268
v -11.7309 161.5255 29.8079
v -11.9568 159.5526 30.0000
v -20.2881 167.0875 25.5557
v -20.1382 165.8529 27.0711
v -19.9555 164.3486 28.3147
v -28.5883 167.3840 21.9509
v -19.7471 162.6324 29.2388
v -28.4925 166.8231 23.8268
v -19.5210 160.7701 29.8079
v -19.8950 158.7583 30.0000
v -28.3370 165.9122 25.5557
v -28.1276 164.6863 27.0711
v -27.8725 163.1926 28.3147
v -36.6418 165.8074 21.9509
v -27.5814 161.4884 29.2388
v -36.5191 165.2517 23.8268
v -27.2656 159.6392 29.8079
v -27.7837 157.5692 30.0000
v -36.3197 164.3494 25.5557
v -36.0513 163.1351 27.0711
v -35.7243 161.6554 28.3147
v -44.6098 163.8434 21.9509
v -35.3512 159.9673 29.2388
v -44.4603 163.2944 23.8268
v -34.9464 158.1355 29.8079
v -35.6033 155.9885 30.0000
v -44.2175 162.4027 25.5557
v -43.8908 161.2028 27.0711
v -43.4927 159.7406 28.3147
v -52.4735 161.4969 21.9509
v -43.0385 158.0725 29.2388
v -52.2977 160.9557 23.8268
v -42.5457 156.2625 29.8079
v -43.3345 154.0199 30.0000
v -52.0121 160.0768 25.5557
v -51.6278 158.8940 27.0711
v -51.1595 157.4528 28.3147
v -60.2147 158.7731 21.9509
v -50.6253 155.8086 29.2388
v -60.0129 158.2410 23.8268
v -50.0456 154.0245 29.8079
v -50.9579 151.6684 30.0000
v -59.6852 157.3770 25.5557
v -59.2442 156.2142 27.0711
v -58.7069 154.7973 28.3147
v -67.8152 155.6785 21.9509
v -58.0938 153.1808 29.2388
v -67.5880 155.1568 23.8268
v -69.8398 154.7809 21.9509
v -57.4286 151.4267 29.8079
v -58.4546 148.9398 30.0000
v -67.2189 154.3096 25.5557
v -69.6057 154.2621 23.8268
v -66.7223 153.1694 27.0711
v -69.2257 153.4198 25.5557
v -66.1171 151.7802 28.3147
v -75.2574 152.2203 21.9509
v -68.7142 152.2863 27.0711
v -65.4266 150.1952 29.2388
v -75.0052 151.7102 23.8268
v -68.0909 150.9050 28.3147
v -77.4682 151.1072 21.9509
v -64.6775 148.4753 29.8079
v -65.8059 145.8409 30.0000
v -74.5956 150.8818 25.5557
v -67.3799 149.3291 29.2388
v -77.2085 150.6008 23.8268
v -74.0445 149.7670 27.0711
v -66.6083 147.6192 29.8079
v -76.7870 149.7785 25.5557
v -73.3729 148.4086 28.3147
v -82.5238 148.4066 21.9509
v -76.2196 148.6718 27.0711
v -72.6067 146.8588 29.2388
v -82.2472 147.9093 23.8268
v -75.5283 147.3233 28.3147
v -84.9039 147.0579 21.9509
v -71.7753 145.1772 29.8079
v -72.9937 142.3795 30.0000
v -81.7981 147.1017 25.5557
v -74.7395 145.7849 29.2388
v -84.6194 146.5651 23.8268
v -81.1938 146.0148 27.0711
v -73.8837 144.1155 29.8079
v -84.1573 145.7648 25.5557
v -80.4573 144.6904 28.3147
v -89.5975 144.2463 21.9509
v -83.5355 144.6878 27.0711
v -79.6171 143.1794 29.2388
v -89.2972 143.7629 23.8268
v -82.7779 143.3754 28.3147
v -92.1286 142.6430 21.9509
v -78.7055 141.5399 29.8079
v -80.0000 138.5641 30.0000
v -88.8096 142.9779 25.5557
v -81.9134 141.8782 29.2388
v -91.8199 142.1650 23.8268
v -88.1534 141.9215 27.0711
v -80.9754 140.2536 29.8079
v -91.3185 141.3887 25.5557
v -87.3539 140.6343 28.3147
v -96.4619 139.7491 21.9509
v -90.6438 140.3440 27.0711
v -86.4416 139.1656 29.2388
v -96.1386 139.2808 23.8268
v -89.8216 139.0711 28.3147
v -99.1243 137.8734 21.9509
v -85.4518 137.5721 29.8079
v -86.8074 134.4041 30.0000
v -95.6136 138.5203 25.5557
v -88.8836 137.6188 29.2388
v -98.7921 137.4114 23.8268
v -94.9072 137.4968 27.0711
v -87.8659 136.0430 29.8079
v -98.2526 136.6611 25.5557
v -94.0464 136.2497 28.3147
v -103.1010 134.9255 21.9509
v -97.5267 135.6514 27.0711
v -93.0642 134.8268 29.2388
v -102.7555 134.4734 23.8268
v -96.6421 134.4210 28.3147
v -105.8735 132.7611 21.9509
v -91.9986 133.2830 29.8079
v -93.3990 129.9101 30.0000
v -102.1944 133.7391 25.5557
v -95.6329 133.0172 29.2388
v -105.5187 132.3162 23.8268
v -101.4393 132.7509 27.0711
v -94.5378 131.4941 29.8079
v -104.9425 131.5937 25.5557
v -100.5192 131.5469 28.3147
v -109.4993 129.7868 21.9509
v -104.1671 130.6214 27.0711
v -99.4695 130.1731 29.2388
v -109.1323 129.3519 23.8268
v -103.2223 129.4367 28.3147
v -112.3595 127.3187 21.9509
v -98.3305 128.6826 29.8079
v -99.7584 125.0930 30.0000
v -108.5364 128.6456 25.5557
v -102.1444 128.0850 29.2388
v -111.9829 126.8921 23.8268
v -107.7345 127.6950 27.0711
v -100.9747 126.6183 29.8079
v -111.3715 126.1992 25.5557
v -106.7573 126.5368 28.3147
v -115.6418 124.3450 21.9509
v -110.5486 125.2667 27.0711
v -105.6425 125.2154 29.2388
v -115.2543 123.9283 23.8268
v -109.5459 124.1306 28.3147
v -104.4328 123.7816 29.8079
v -105.8697 119.9650 30.0000
v -118.5661 121.5598 21.9509
v -114.6250 123.2516 25.5557
v -108.4019 122.8343 29.2388
v -118.1688 121.1524 23.8268
v -113.7780 122.3409 27.0711
v -107.1606 121.4277 29.8079
v -117.5235 120.4909 25.5557
v -112.7461 121.2313 28.3147
v -121.5143 118.6127 21.9509
v -116.6552 119.6006 27.0711
v -111.5687 119.9653 29.2388
v -121.1071 118.2152 23.8268
v -115.5971 118.5158 28.3147
v -110.2911 118.5916 29.8079
v -111.7179 114.5387 30.0000
v -120.4458 117.5697 25.5557
v -124.4780 115.4987 21.9509
v -114.3899 117.2782 29.2388
v -119.5559 116.7010 27.0711
v -124.0608 115.1116 23.8268
v -113.0801 115.9353 29.8079
v -118.4715 115.6425 28.3147
v -127.1030 112.6034 21.9509
v -123.3834 114.4831 25.5557
v -117.2343 114.4349 29.2388
v -126.6771 112.2261 23.8268
v -122.4718 113.6372 27.0711
v -115.8919 113.1245 29.8079
v -117.2883 108.8276 30.0000
v -125.9854 111.6133 25.5557
v -121.3609 112.6065 28.3147
v -130.0804 109.1504 21.9509
v -125.0545 110.7886 27.0711
v -120.0936 111.4305 29.2388
v -129.6444 108.7846 23.8268
v -123.9202 109.7837 28.3147
v -132.3948 106.3312 21.9509
v -118.7184 110.1546 29.8079
v -128.9365 108.1906 25.5557
v -122.6261 108.6373 29.2388
v -131.9511 105.9748 23.8268
v -127.9839 107.3912 27.0711
v -121.2220 107.3933 29.8079
v -122.5671 102.8460 30.0000
v -131.2307 105.3962 25.5557
v -126.8230 106.4172 28.3147
v -135.3594 102.5307 21.9509
v -130.2610 104.6174 27.0711
v -125.4986 105.3059 29.2388
v -134.9057 102.1871 23.8268
v -129.0795 103.6685 28.3147
v -137.3774 99.8106 21.9509
v -124.0616 104.1000 29.8079
v -134.1691 101.6292 25.5557
v -127.7316 102.5859 29.2388
v -136.9171 99.4761 23.8268
v -133.1778 100.8783 27.0711
v -126.2690 101.4113 29.8079
v -127.5412 96.6087 30.0000
v -136.1694 98.9329 25.5557
v -131.9698 99.9633 28.3147
v -140.3018 95.6562 21.9509
v -135.1633 98.2019 27.0711
v -130.5917 98.9194 29.2388
v -139.8316 95.3356 23.8268
v -133.9374 97.3112 28.3147
v -142.0392 93.0568 21.9509
v -129.0963 97.7867 29.8079
v -139.0681 94.8150 25.5557
v -132.5387 96.2950 29.2388
v -141.5632 92.7450 23.8268
v -138.0406 94.1145 27.0711
v -131.0210 95.1924 29.8079
v -132.1982 90.1312 30.0000
v -140.7902 92.2386 25.5557
v -136.7885 93.2608 28.3147
v -144.8955 88.5438 21.9509
v -139.7500 91.5570 27.0711
v -135.3601 92.2869 29.2388
v -144.4099 88.2471 23.8268
v -138.4824 90.7266 28.3147
v -146.3692 86.0858 21.9509
v -133.8101 91.2302 29.8079
v -143.6214 87.7652 25.5557
v -137.0363 89.7792 29.2388
v -145.8787 85.7973 23.8268
v -142.5602 87.1167 27.0711
v -135.4671 88.7511 29.8079
v -136.5265 83.4296 30.0000
v -145.0822 85.3288 25.5557
v -141.2672 86.3266 28.3147
v -149.1289 81.2113 21.9509
v -144.0102 84.6983 27.0711
v -139.7919 85.4251 29.2388
v -148.6292 80.9391 23.8268
v -142.7040 83.9301 28.3147
v -150.3574 78.9136 21.9509
v -138.1912 84.4469 29.8079
v -147.8176 80.4972 25.5557
v -141.2138 83.0536 29.2388
v -149.8535 78.6492 23.8268
v -146.7254 79.9024 27.0711
v -139.5968 82.1026 29.8079
v -140.5155 76.5206 30.0000
v -149.0353 78.2197 25.5557
v -145.3946 79.1777 28.3147
v -152.9916 73.6769 21.9509
v -147.9341 77.6418 27.0711
v -143.8763 78.3508 29.2388
v -152.4789 73.4300 23.8268
v -146.5923 76.9376 28.3147
v -153.9944 71.5572 21.9509
v -142.2288 77.4537 29.8079
v -151.6463 73.0290 25.5557
v -145.0615 76.1341 29.2388
v -153.4783 71.3174 23.8268
v -150.5258 72.4894 27.0711
v -143.4004 75.2623 29.8079
v -144.1550 69.4214 30.0000
v -152.6403 70.9280 25.5557
v -149.1605 71.8319 28.3147
v -151.5125 70.4039 27.0711
v -156.4739 65.9593 21.9509
v -147.6029 71.0818 29.2388
v -150.1382 69.7654 28.3147
v -155.9495 65.7382 23.8268
v -145.9127 70.2679 29.8079
v -148.5704 69.0368 29.2388
v -155.0980 65.3793 25.5557
v -146.8691 68.2463 29.8079
v -147.4362 62.1496 30.0000
v -153.9520 64.8962 27.0711
v -152.5556 64.3076 28.3147
v -159.5672 58.0777 21.9509
v -150.9625 63.6360 29.2388
v -159.0324 57.8831 23.8268
v -149.2339 62.9074 29.8079
v -150.3508 54.7232 30.0000
v -158.1641 57.5670 25.5557
v -156.9955 57.1417 27.0711
v -155.5715 56.6234 28.3147
v -162.2638 50.0517 21.9509
v -153.9469 56.0321 29.2388
v -161.7200 49.8840 23.8268
v -152.1841 55.3905 29.8079
v -160.8369 49.6116 25.5557
v -159.6486 49.2451 27.0711
v -158.2005 48.7984 28.3147
v -164.5569 41.9013 21.9509
v -156.5485 48.2888 29.2388
v -164.0055 41.7609 23.8268
v -154.7559 47.7359 29.8079
v -152.8916 47.1608 30.0000
v -155.0524 39.4812 30.0000
v -163.1100 41.5329 25.5557
v -161.9048 41.2260 27.0711
v -160.4363 40.8521 28.3147
v -166.4410 33.6468 21.9509
v -158.7609 40.4255 29.2388
v -165.8832 33.5340 23.8268
v -156.9429 39.9626 29.8079
v -156.8276 31.7034 30.0000
v -164.9774 33.3509 25.5557
v -163.7585 33.1045 27.0711
v -162.2731 32.8042 28.3147
v -167.9112 25.3085 21.9509
v -160.5786 32.4617 29.2388
v -167.3485 25.2237 23.8268
v -158.7398 32.0899 29.8079
v -158.2129 23.8468 30.0000
v -166.4348 25.0860 25.5557
v -165.2050 24.9007 27.0711
v -163.7066 24.6748 28.3147
v -168.9640 16.9074 21.9509
v -161.9970 24.4171 29.2388
v -168.3978 16.8507 23.8268
v -160.1420 24.1375 29.8079
v -167.4783 16.7587 25.5557
v -166.2409 16.6349 27.0711
v -164.7330 16.4840 28.3147
v -169.5968 8.4642 21.9509
v -163.0127 16.3119 29.2388
v -169.0284 8.4359 23.8268
v -161.1461 16.1251 29.8079
v -159.2049 15.9309 30.0000
v -159.8011 7.9753 30.0000
v -168.1055 8.3898 25.5557
v -166.8634 8.3278 27.0711
v -165.3499 8.2523 28.3147
v -169.8078 0.0000 21.9509
v -163.6232 8.1661 29.2388
v -169.2388 0.0000 23.8268
v -161.7496 8.0726 29.8079
v -160.0000 -0.0000 30.0000
v -168.3147 0.0000 25.5557
v -167.0711 0.0000 27.0711
v -165.5557 0.0000 28.3147
v -169.6096 -8.2040 21.9509
v -163.8268 0.0000 29.2388
v -169.0412 -8.1765 23.8268
v -161.9509 0.0000 29.8079
v -168.1181 -8.1319 25.5557
v -166.8760 -8.0718 27.0711
v -165.3624 -7.9986 28.3147
v -169.0151 -16.3888 21.9509
v -163.6355 -7.9150 29.2388
v -168.4487 -16.3339 23.8268
v -161.7618 -7.8244 29.8079
v -159.8011 -7.9753 30.0000
v -167.5289 -16.2447 25.5557
v -166.2911 -16.1247 27.0711
v -164.7828 -15.9784 28.3147
v -168.0260 -24.5354 21.9509
v -163.0620 -15.8116 29.2388
v -167.4629 -24.4532 23.8268
v -161.1949 -15.6305 29.8079
v -159.2049 -15.9309 30.0000
v -166.5485 -24.3196 25.5557
v -165.3179 -24.1399 27.0711
v -163.8184 -23.9210 28.3147
v -166.6443 -32.6246 21.9509
v -162.1077 -23.6712 29.2388
v -166.0859 -32.5153 23.8268
v -160.2514 -23.4001 29.8079
v -158.2129 -23.8468 30.0000
v -165.1790 -32.3377 25.5557
v -163.9586 -32.0988 27.0711
v -162.4714 -31.8077 28.3147
v -164.8736 -40.6377 21.9509
v -160.7748 -31.4755 29.2388
v -164.3210 -40.5015 23.8268
v -158.9338 -31.1151 29.8079
v -156.8276 -31.7034 30.0000
v -163.4238 -40.2803 25.5557
v -162.2163 -39.9827 27.0711
v -160.7449 -39.6201 28.3147
v -162.7177 -48.5558 21.9509
v -159.0663 -39.2063 29.2388
v -162.1724 -48.3931 23.8268
v -157.2449 -38.7574 29.8079
v -155.0524 -39.4812 30.0000
v -161.2868 -48.1289 25.5557
v -160.0952 -47.7733 27.0711
v -158.6431 -47.3399 28.3147
v -160.1817 -56.3606 21.9509
v -156.9864 -46.8456 29.2388
v -159.6450 -56.1717 23.8268
v -155.1888 -46.3092 29.8079
v -152.8916 -47.1608 30.0000
v -158.7732 -55.8650 25.5557
v -157.6001 -55.4522 27.0711
v -156.1707 -54.9492 28.3147
v -157.2717 -64.0337 21.9509
v -154.5398 -54.3754 29.2388
v -156.7447 -63.8191 23.8268
v -152.7702 -53.7528 29.8079
v -150.3508 -54.7232 30.0000
v -155.8888 -63.4706 25.5557
v -154.7370 -63.0016 27.0711
v -153.3335 -62.4302 28.3147
v -153.9944 -71.5572 21.9509
v -151.7323 -61.7783 29.2388
v -153.4783 -71.3174 23.8268
v -152.9916 -73.6769 21.9509
v -149.9948 -61.0709 29.8079
v -147.4362 -62.1496 30.0000
v -152.6403 -70.9280 25.5557
v -152.4789 -73.4300 23.8268
v -151.5125 -70.4039 27.0711
v -151.6463 -73.0290 25.5557
v -150.1382 -69.7654 28.3147
v -150.3574 -78.9136 21.9509
v -150.5258 -72.4894 27.0711
v -148.5704 -69.0368 29.2388
v -149.8535 -78.6492 23.8268
v -149.1605 -71.8319 28.3147
v -149.1289 -81.2113 21.9509
v -146.8691 -68.2463 29.8079
v -144.1550 -69.4214 30.0000
v -149.0353 -78.2197 25.5557
v -147.6029 -71.0818 29.2388
v -148.6292 -80.9391 23.8268
v -147.9341 -77.6418 27.0711
v -145.9127 -70.2679 29.8079
v -147.8176 -80.4972 25.5557
v -146.5923 -76.9376 28.3147
v -146.3692 -86.0858 21.9509
v -146.7254 -79.9024 27.0711
v -145.0615 -76.1341 29.2388
v -145.8787 -85.7973 23.8268
v -145.3946 -79.1777 28.3147
v -144.8955 -88.5438 21.9509
v -143.4004 -75.2623 29.8079
v -140.5155 -76.5206 30.0000
v -145.0822 -85.3288 25.5557
v -143.8763 -78.3508 29.2388
v -144.4099 -88.2471 23.8268
v -144.0102 -84.6983 27.0711
v -142.2288 -77.4537 29.8079
v -143.6214 -87.7652 25.5557
v -142.7040 -83.9301 28.3147
v -142.0392 -93.0568 21.9509
v -142.5602 -87.1167 27.0711
v -141.2138 -83.0536 29.2388
v -141.5632 -92.7450 23.8268
v -141.2672 -86.3266 28.3147
v -140.3018 -95.6562 21.9509
v -139.5968 -82.1026 29.8079
v -136.5265 -83.4296 30.0000
v -140.7902 -92.2386 25.5557
v -139.7919 -85.4251 29.2388
v -139.8316 -95.3356 23.8268
v -139.7500 -91.5570 27.0711
v -138.1912 -84.4469 29.8079
v -139.0681 -94.8150 25.5557
v -138.4824 -90.7266 28.3147
v -137.3774 -99.8106 21.9509
v -138.0406 -94.1145 27.0711
v -137.0363 -89.7792 29.2388
v -136.9171 -99.4761 23.8268
v -136.7885 -93.2608 28.3147
v -135.3594 -102.5307 21.9509
v -135.4671 -88.7511 29.8079
v -132.1982 -90.1312 30.0000
v -136.1694 -98.9329 25.5557
v -135.3601 -92.2869 29.2388
v -134.9057 -102.1871 23.8268
v -135.1633 -98.2019 27.0711
v -133.8101 -91.2302 29.8079
v -134.1691 -101.6292 25.5557
v -133.9374 -97.3112 28.3147
v -132.3948 -106.3312 21.9509
v -133.1778 -100.8783 27.0711
v -132.5387 -96.2950 29.2388
v -131.9511 -105.9748 23.8268
v -131.9698 -99.9633 28.3147
v -130.0804 -109.1504 21.9509
v -131.0210 -95.1924 29.8079
v -127.5412 -96.6087 30.0000
v -131.2307 -105.3962 25.5557
v -130.5917 -98.9194 29.2388
v -129.6444 -108.7846 23.8268
v -130.2610 -104.6174 27.0711
v -129.0963 -97.7867 29.8079
v -128.9365 -108.1906 25.5557
v -129.0795 -103.6685 28.3147
v -127.1030 -112.6034 21.9509
v -127.9839 -107.3912 27.0711
v -127.7316 -102.5859 29.2388
v -126.6771 -112.2261 23.8268
v -126.8230 -106.4172 28.3147
v -124.4780 -115.4987 21.9509
v -126.2690 -101.4113 29.8079
v -122.5671 -102.8460 30.0000
v -125.9854 -111.6133 25.5557
v -125.4986 -105.3059 29.2388
v -124.0608 -115.1116 23.8268
v -125.0545 -110.7886 27.0711
v -124.0616 -104.1000 29.8079
v -123.3834 -114.4831 25.5557
v -123.9202 -109.7837 28.3147
v -121.5143 -118.6127 21.9509
v -122.4718 -113.6372 27.0711
v -122.6261 -108.6373 29.2388
v -121.1071 -118.2152 23.8268
v -121.3609 -112.6065 28.3147
v -121.2220 -107.3933 29.8079
v -117.2883 -108.8276 30.0000
v -120.4458 -117.5697 25.5557
v -118.5661 -121.5598 21.9509
v -120.0936 -111.4305 29.2388
v -119.5559 -116.7010 27.0711
v -118.1688 -121.1524 23.8268
v -118.7184 -110.1546 29.8079
v -118.4715 -115.6425 28.3147
v -115.6418 -124.3450 21.9509
v -117.5235 -120.4909 25.5557
v -117.2343 -114.4349 29.2388
v -115.2543 -123.9283 23.8268
v -116.6552 -119.6006 27.0711
v -115.8919 -113.1245 29.8079
v -111.7179 -114.5387 30.0000
v -114.6250 -123.2516 25.5557
v -115.5971 -118.5158 28.3147
v -112.3595 -127.3187 21.9509
v -113.7780 -122.3409 27.0711
v -114.3899 -117.2782 29.2388
v -111.9829 -126.8921 23.8268
v -112.7461 -121.2313 28.3147
v -113.0801 -115.9353 29.8079
v -109.4993 -129.7868 21.9509
v -111.3715 -126.1992 25.5557
v -111.5687 -119.9653 29.2388
v -109.1323 -129.3519 23.8268
v -110.5486 -125.2667 27.0711
v -110.2911 -118.5916 29.8079
v -105.8697 -119.9650 30.0000
v -108.5364 -128.6456 25.5557
v -109.5459 -124.1306 28.3147
v -105.8735 -132.7611 21.9509
v -107.7345 -127.6950 27.0711
v -108.4019 -122.8343 29.2388
v -105.5187 -132.3162 23.8268
v -106.7573 -126.5368 28.3147
v -103.1010 -134.9255 21.9509
v -107.1606 -121.4277 29.8079
v -104.9425 -131.5937 25.5557
v -105.6425 -125.2154 29.2388
v -102.7555 -134.4734 23.8268
v -104.1671 -130.6214 27.0711
v -104.4328 -123.7816 29.8079
v -99.7584 -125.0930 30.0000
v -102.1944 -133.7391 25.5557
v -103.2223 -129.4367 28.3147
v -99.1243 -137.8734 21.9509
v -101.4393 -132.7509 27.0711
v -102.1444 -128.0850 29.2388
v -98.7921 -137.4114 23.8268
v -100.5192 -131.5469 28.3147
v -96.4619 -139.7491 21.9509
v -100.9747 -126.6183 29.8079
v -98.2526 -136.6611 25.5557
v -99.4695 -130.1731 29.2388
v -96.1386 -139.2808 23.8268
v -97.5267 -135.6514 27.0711
v -98.3305 -128.6826 29.8079
v -93.3990 -129.9101 30.0000
v -95.6136 -138.5203 25.5557
v -96.6421 -134.4210 28.3147
v -92.1286 -142.6430 21.9509
v -94.9072 -137.4968 27.0711
v -95.6329 -133.0172 29.2388
v -91.8199 -142.1650 23.8268
v -94.0464 -136.2497 28.3147
v -89.5975 -144.2463 21.9509
v -94.5378 -131.4941 29.8079
v -91.3185 -141.3887 25.5557
v -93.0642 -134.8268 29.2388
v -89.2972 -143.7629 23.8268
v -90.6438 -140.3440 27.0711
v -91.9986 -133.2830 29.8079
v -86.8074 -134.4041 30.0000
v -88.8096 -142.9779 25.5557
v -89.8216 -139.0711 28.3147
v -84.9039 -147.0579 21.9509
v -88.1534 -141.9215 27.0711
v -88.8836 -137.6188 29.2388
v -84.6194 -146.5651 23.8268
v -87.3539 -140.6343 28.3147
v -82.5238 -148.4066 21.9509
v -87.8659 -136.0430 29.8079
v -84.1573 -145.7648 25.5557
v -86.4416 -139.1656 29.2388
v -82.2472 -147.9093 23.8268
v -83.5355 -144.6878 27.0711
v -85.4518 -137.5721 29.8079
v -80.0000 -138.5641 30.0000
v -81.7981 -147.1017 25.5557
v -82.7779 -143.3754 28.3147
v -77.4682 -151.1072 21.9509
v -81.1938 -146.0148 27.0711
v -81.9134 -141.8782 29.2388
v -77.2085 -150.6008 23.8268
v -80.4573 -144.6904 28.3147
v -75.2574 -152.2203 21.9509
v -80.9754 -140.2536 29.8079
v -76.7870 -149.7785 25.5557
v -79.6171 -143.1794 29.2388
v -75.0052 -151.7102 23.8268
v -76.2196 -148.6718 27.0711
v -78.7055 -141.5399 29.8079
v -72.9937 -142.3795 30.0000
v -74.5956 -150.8818 25.5557
v -75.5283 -147.3233 28.3147
v -69.8398 -154.7809 21.9509
v -74.0445 -149.7670 27.0711
v -74.7395 -145.7849 29.2388
v -69.6057 -154.2621 23.8268
v -73.3729 -148.4086 28.3147
v -67.8152 -155.6785 21.9509
v -73.8837 -144.1155 29.8079
v -69.2257 -153.4198 25.5557
v -72.6067 -146.8588 29.2388
v -67.5880 -155.1568 23.8268
v -68.7142 -152.2863 27.0711
v -71.7753 -145.1772 29.8079
v -65.8059 -145.8409 30.0000
v -67.2189 -154.3096 25.5557
v -68.0909 -150.9050 28.3147
v -66.7223 -153.1694 27.0711
v -62.0378 -158.0697 21.9509
v -67.3799 -149.3291 29.2388
v -66.1171 -151.7802 28.3147
v -61.8299 -157.5399 23.8268
v -66.6083 -147.6192 29.8079
v -65.4266 -150.1952 29.2388
v -61.4923 -156.6797 25.5557
v -64.6775 -148.4753 29.8079
v -58.4546 -148.9398 30.0000
v -61.0379 -155.5221 27.0711
v -60.4843 -154.1115 28.3147
v -54.0815 -160.9655 21.9509
v -59.8527 -152.5021 29.2388
v -53.9003 -160.4261 23.8268
v -59.1673 -150.7558 29.8079
v -53.6060 -159.5501 25.5557
v -53.2099 -158.3712 27.0711
v -52.7273 -156.9348 28.3147
v -45.9908 -163.4612 21.9509
v -52.1767 -155.2959 29.2388
v -45.8367 -162.9134 23.8268
v -51.5792 -153.5177 29.8079
v -50.9579 -151.6684 30.0000
v -45.5864 -162.0238 25.5557
v -45.2496 -160.8267 27.0711
v -44.8392 -159.3679 28.3147
v -37.7858 -165.5504 21.9509
v -44.3709 -157.7037 29.2388
v -37.6592 -164.9956 23.8268
v -43.8629 -155.8979 29.8079
v -43.3345 -154.0199 30.0000
v -35.6033 -155.9885 30.0000
v -37.4535 -164.0947 25.5557
v -37.1768 -162.8822 27.0711
v -36.8396 -161.4049 28.3147
v -29.4868 -167.2281 21.9509
v -36.4549 -159.7194 29.2388
v -29.3880 -166.6677 23.8268
v -36.0375 -157.8905 29.8079
v -29.2275 -165.7576 25.5557
v -29.0116 -164.5329 27.0711
v -28.7484 -163.0405 28.3147
v -21.1145 -168.4900 21.9509
v -28.4482 -161.3379 29.2388
v -21.0438 -167.9254 23.8268
v -28.1225 -159.4905 29.8079
v -27.7837 -157.5692 30.0000
v -20.9289 -167.0084 25.5557
v -20.7742 -165.7745 27.0711
v -20.5858 -164.2709 28.3147
v -12.6898 -169.3330 21.9509
v -20.3708 -162.5554 29.2388
v -12.6472 -168.7656 23.8268
v -20.1376 -160.6940 29.8079
v -19.8950 -158.7583 30.0000
v -11.9568 -159.5526 30.0000
v -12.5782 -167.8441 25.5557
v -12.4852 -166.6039 27.0711
v -12.3720 -165.0928 28.3147
v -4.2334 -169.7551 21.9509
v -12.2428 -163.3687 29.2388
v -4.2192 -169.1862 23.8268
v -12.1026 -161.4981 29.8079
v -4.1962 -168.2624 25.5557
v -4.1652 -167.0191 27.0711
v -4.1274 -165.5042 28.3147
v 4.1032 -169.7583 21.9509
v -4.0843 -163.7759 29.2388
v 4.0894 -169.1894 23.8268
v -4.0375 -161.9006 29.8079
v -3.9889 -159.9503 30.0000
v 4.0671 -168.2655 25.5557
v 4.0371 -167.0223 27.0711
v 4.0004 -165.5074 28.3147
v 12.3000 -169.3618 21.9509
v 3.9587 -163.7790 29.2388
v 12.2588 -168.7942 23.8268
v 3.9133 -161.9036 29.8079
v 3.9889 -159.9503 30.0000
v 12.1918 -167.8726 25.5557
v 12.1018 -166.6322 27.0711
v 11.9920 -165.1208 28.3147
v 20.4681 -168.5698 21.9509
v 11.8668 -163.3965 29.2388
v 20.3995 -168.0049 23.8268
v 11.7309 -161.5255 29.8079
v 11.9568 -159.5526 30.0000
v 20.2881 -167.0875 25.5557
v 20.1382 -165.8529 27.0711
v 19.9555 -164.3486 28.3147
v 28.5883 -167.3840 21.9509
v 19.7471 -162.6324 29.2388
v 28.4925 -166.8231 23.8268
v 19.5210 -160.7701 29.8079
v 19.8950 -158.7583 30.0000
v 28.3370 -165.9122 25.5557
v 28.1276 -164.6863 27.0711
v 27.8725 -163.1926 28.3147
v 36.6418 -165.8074 21.9509
v 27.5814 -161.4884 29.2388
v 36.5191 -165.2517 23.8268
v 27.2656 -159.6392 29.8079
v 27.7837 -157.5692 30.0000
v 36.3197 -164.3494 25.5557
v 36.0513 -163.1351 27.0711
v 35.7243 -161.6554 28.3147
v 44.6098 -163.8434 21.9509
v 35.3512 -159.9673 29.2388
v 44.4603 -163.2944 23.8268
v 34.9464 -158.1355 29.8079
v 35.6033 -155.9885 30.0000
v 44.2175 -162.4027 25.5557
v 43.8908 -161.2028 27.0711
v 43.4927 -159.7406 28.3147
v 52.4735 -161.4969 21.9509
v 43.0385 -158.0725 29.2388
v 52.2977 -160.9557 23.8268
v 42.5457 -156.2625 29.8079
v 43.3345 -154.0199 30.0000
v 52.0121 -160.0768 25.5557
v 51.6278 -158.8940 27.0711
v 51.1595 -157.4528 28.3147
v 60.2147 -158.7731 21.9509
v 50.6253 -155.8086 29.2388
v 60.0129 -158.2410 23.8268
v 50.0456 -154.0245 29.8079
v 50.9579 -151.6684 30.0000
v 59.6852 -157.3770 25.5557
v 59.2442 -156.2142 27.0711
v 58.7069 -154.7973 28.3147
v 67.8152 -155.6785 21.9509
v 58.0938 -153.1808 29.2388
v 67.5880 -155.1568 23.8268
v 69.8398 -154.7809 21.9509
v 57.4286 -151.4267 29.8079
v 58.4546 -148.9398 30.0000
v 67.2189 -154.3096 25.5557
v 69.6057 -154.2621 23.8268
v 66.7223 -153.1694 27.0711
v 69.2257 -153.4198 25.5557
v 66.1171 -151.7802 28.3147
v 75.2574 -152.2203 21.9509
v 68.7142 -152.2863 27.0711
v 65.4266 -150.1952 29.2388
v 75.0052 -151.7102 23.8268
v 68.0909 -150.9050 28.3147
v 77.4682 -151.1072 21.9509
v 64.6775 -148.4753 29.8079
v 65.8059 -145.8409 30.0000
v 74.5956 -150.8818 25.5557
v 67.3799 -149.3291 29.2388
v 77.2085 -150.6008 23.8268
v 74.0445 -149.7670 27.0711
v 66.6083 -147.6192 29.8079
v 76.7870 -149.7785 25.5557
v 73.3729 -148.4086 28.3147
v 82.5238 -148.4066 21.9509
v 76.2196 -148.6718 27.0711
v 72.6067 -146.8588 29.2388
v 82.2472 -147.9093 23.8268
v 75.5283 -147.3233 28.3147
v 84.9039 -147.0579 21.9509
v 71.7753 -145.1772 29.8079
v 72.9937 -142.3795 30.0000
v 81.7981 -147.1017 25.5557
v 74.7395 -145.7849 29.2388
v 84.6194 -146.5651 23.8268
v 81.1938 -146.0148 27.0711
v 73.8837 -144.1155 29.8079
v 84.1573 -145.7648 25.5557
v 80.4573 -144.6904 28.3147
v 89.5975 -144.2463 21.9509
v 83.5355 -144.6878 27.0711
v 79.6171 -143.1794 29.2388
v 89.2972 -143.7629 23.8268
v 82.7779 -143.3754 28.3147
v 92.1286 -142.6430 21.9509
v 78.7055 -141.5399 29.8079
v 80.0000 -138.5641 30.0000
v 88.8096 -142.9779 25.5557
v 81.9134 -141.8782 29.2388
v 91.8199 -142.1650 23.8268
v 88.1534 -141.9215 27.0711
v 80.9754 -140.2536 29.8079
v 91.3185 -141.3887 25.5557
v 87.3539 -140.6343 28.3147
v 96.4619 -139.7491 21.9509
v 90.6438 -140.3440 27.0711
v 86.4416 -139.1656 29.2388
v 96.1386 -139.2808 23.8268
v 89.8216 -139.0711 28.3147
v 99.1243 -137.8734 21.9509
v 85.4518 -137.5721 29.8079
v 86.8074 -134.4041 30.0000
v 95.6136 -138.5203 25.5557
v 88.8836 -137.6188 29.2388
v 98.7921 -137.4114 23.8268
v 94.9072 -137.4968 27.0711
v 87.8659 -136.0430 29.8079
v 98.2526 -136.6611 25.5557
v 94.0464 -136.2497 28.3147
v 103.1010 -134.9255 21.9509
v 97.5267 -135.6514 27.0711
v 93.0642 -134.8268 29.2388
v 102.7555 -134.4734 23.8268
v 96.6421 -134.4210 28.3147
v 105.8735 -132.7611 21.9509
v 91.9986 -133.2830 29.8079
v 93.3990 -129.9101 30.0000
v 102.1944 -133.7391 25.5557
v 95.6329 -133.0172 29.2388
v 105.5187 -132.3162 23.8268
v 101.4393 -132.7509 27.0711
v 94.5378 -131.4941 29.8079
v 104.9425 -131.5937 25.5557
v 100.5192 -131.5469 28.3147
v 109.4993 -129.7868 21.9509
v 104.1671 -130.6214 27.0711
v 99.4695 -130.1731 29.2388
v 109.1323 -129.3519 23.8268
v 103.2223 -129.4367 28.3147
v 112.3595 -127.3187 21.9509
v 98.3305 -128.6826 29.8079
v 99.7584 -125.0930 30.0000
v 108.5364 -128.6456 25.5557
v 102.1444 -128.0850 29.2388
v 111.9829 -126.8921 23.8268
v 107.7345 -127.6950 27.0711
v 100.9747 -126.6183 29.8079
v 111.3715 -126.1992 25.5557
v 106.7573 -126.5368 28.3147
v 115.6418 -124.3450 21.9509
v 110.5486 -125.2667 27.0711
v 105.6425 -125.2154 29.2388
v 115.2543 -123.9283 23.8268
v 109.5459 -124.1306 28.3147
v 104.4328 -123.7816 29.8079
v 105.8697 -119.9650 30.0000
v 118.5661 -121.5598 21.9509
v 114.6250 -123.2516 25.5557
v 108.4019 -122.8343 29.2388
v 118.1688 -121.1524 23.8268
v 113.7780 -122.3409 27.0711
v 107.1606 -121.4277 29.8079
v 117.5235 -120.4909 25.5557
v 112.7461 -121.2313 28.3147
v 121.5143 -118.6127 21.9509
v 116.6552 -119.6006 27.0711
v 111.5687 -119.9653 29.2388
v 121.1071 -118.2152 23.8268
v 115.5971 -118.5158 28.3147
v 110.2911 -118.5916 29.8079
v 111.7179 -114.5387 30.0000
v 120.4458 -117.5697 25.5557
v 124.4780 -115.4987 21.9509
v 114.3899 -117.2782 29.2388
v 119.5559 -116.7010 27.0711
v 124.0608 -115.1116 23.8268
v 113.0801 -115.9353 29.8079
v 118.4715 -115.6425 28.3147
v 127.1030 -112.6034 21.9509
v 123.3834 -114.4831 25.5557
v 117.2343 -114.4349 29.2388
v 126.6771 -112.2261 23.8268
v 122.4718 -113.6372 27.0711
v 115.8919 -113.1245 29.8079
v 117.2883 -108.8276 30.0000
v 125.9854 -111.6133 25.5557
v 121.3609 -112.6065 28.3147
v 130.0804 -109.1504 21.9509
v 125.0545 -110.7886 27.0711
v 120.0936 -111.4305 29.2388
v 129.6444 -108.7846 23.8268
v 123.9202 -109.7837 28.3147
v 132.3948 -106.3312 21.9509
v 118.7184 -110.1546 29.8079
v 128.9365 -108.1906 25.5557
v 122.6261 -108.6373 29.2388
v 131.9511 -105.9748 23.8268
v 127.9839 -107.3912 27.0711
v 121.2220 -107.3933 29.8079
v 122.5671 -102.8460 30.0000
v 131.2307 -105.3962 25.5557
v 126.8230 -106.4172 28.3147
v 135.3594 -102.5307 21.9509
v 130.2610 -104.6174 27.0711
v 125.4986 -105.3059 29.2388
v 134.9057 -102.1871 23.8268
v 129.0795 -103.6685 28.3147
v 137.3774 -99.8106 21.9509
v 124.0616 -104.1000 29.8079
v 134.1691 -101.6292 25.5557
v 127.7316 -102.5859 29.2388
v 136.9171 -99.4761 23.8268
v 133.1778 -100.8783 27.0711
v 126.2690 -101.4113 29.8079
v 127.5412 -96.6087 30.0000
v 136.1694 -98.9329 25.5557
v 131.9698 -99.9633 28.3147
v 140.3018 -95.6562 21.9509
v 135.1633 -98.2019 27.0711
v 130.5917 -98.9194 29.2388
v 139.8316 -95.3356 23.8268
v 133.9374 -97.3112 28.3147
v 142.0392 -93.0568 21.9509
v 129.0963 -97.7867 29.8079
v 139.0681 -94.8150 25.5557
v 132.5387 -96.2950 29.2388
v 141.5632 -92.7450 23.8268
v 138.0406 -94.1145 27.0711
v 131.0210 -95.1924 29.8079
v 132.1982 -90.1312 30.0000
v 140.7902 -92.2386 25.5557
v 136.7885 -93.2608 28.3147
v 144.8955 -88.5438 21.9509
v 139.7500 -91.5570 27.0711
v 135.3601 -92.2869 29.2388
v 144.4099 -88.2471 23.8268
v 138.4824 -90.7266 28.3147
v 146.3692 -86.0858 21.9509
v 133.8101 -91.2302 29.8079
v 143.6214 -87.7652 25.5557
v 137.0363 -89.7792 29.2388
v 145.8787 -85.7973 23.8268
v 142.5602 -87.1167 27.0711
v 135.4671 -88.7511 29.8079
v 136.5265 -83.4296 30.0000
v 145.0822 -85.3288 25.5557
v 141.2672 -86.3266 28.3147
v 149.1289 -81.2113 21.9509
v 144.0102 -84.6983 27.0711
v 139.7919 -85.4251 29.2388
v 148.6292 -80.9391 23.8268
v 142.7040 -83.9301 28.3147
v 150.3574 -78.9136 21.9509
v 138.1912 -84.4469 29.8079
v 147.8176 -80.4972 25.5557
v 141.2138 -83.0536 29.2388
v 149.8535 -78.6492 23.8268
v 146.7254 -79.9024 27.0711
v 139.5968 -82.1026 29.8079
v 140.5155 -76.5206 30.0000
v 149.0353 -78.2197 25.5557
v 145.3946 -79.1777 28.3147
v 152.9916 -73.6769 21.9509
v 147.9341 -77.6418 27.0711
v 143.8763 -78.3508 29.2388
v 152.4789 -73.4300 23.8268
v 146.5923 -76.9376 28.3147
v 153.9944 -71.5572 21.9509
v 142.2288 -77.4537 29.8079
v 151.6463 -73.0290 25.5557
v 145.0615 -76.1341 29.2388
v 153.4783 -71.3174 23.8268
v 150.5258 -72.4894 27.0711
v 143.4004 -75.2623 29.8079
v 144.1550 -69.4214 30.0000
v 152.6403 -70.9280 25.5557
v 149.1605 -71.8319 28.3147
v 151.5125 -70.4039 27.0711
v 156.4739 -65.9593 21.9509
v 147.6029 -71.0818 29.2388
v 150.1382 -69.7654 28.3147
v 155.9495 -65.7382 23.8268
v 145.9127 -70.2679 29.8079
v 148.5704 -69.0368 29.2388
v 155.0980 -65.3793 25.5557
v 146.8691 -68.2463 29.8079
v 147.4362 -62.1496 30.0000
v 153.9520 -64.8962 27.0711
v 152.5556 -64.3076 28.3147
v 159.5672 -58.0777 21.9509
v 150.9625 -63.6360 29.2388
v 159.0324 -57.8831 23.8268
v 149.2339 -62.9074 29.8079
v 158.1641 -57.5670 25.5557
v 156.9955 -57.1417 27.0711
v 155.5715 -56.6234 28.3147
v 162.2638 -50.0517 21.9509
v 153.9469 -56.0321 29.2388
v 161.7200 -49.8840 23.8268
v 152.1841 -55.3905 29.8079
v 150.3508 -54.7232 30.0000
v 152.8916 -47.1608 30.0000
v 160.8369 -49.6116 25.5557
v 159.6486 -49.2451 27.0711
v 158.2005 -48.7984 28.3147
v 164.5569 -41.9013 21.9509
v 156.5485 -48.2888 29.2388
v 164.0055 -41.7609 23.8268
v 154.7559 -47.7359 29.8079
v 163.1100 -41.5329 25.5557
v 161.9048 -41.2260 27.0711
v 160.4363 -40.8521 28.3147
v 166.4410 -33.6468 21.9509
v 158.7609 -40.4255 29.2388
v 165.8832 -33.5340 23.8268
v 156.9429 -39.9626 29.8079
v 155.0524 -39.4812 30.0000
v 156.8276 -31.7034 30.0000
v 164.9774 -33.3509 25.5557
v 163.7585 -33.1045 27.0711
v 162.2731 -32.8042 28.3147
v 167.9112 -25.3085 21.9509
v 160.5786 -32.4617 29.2388
v 167.3485 -25.2237 23.8268
v 158.7398 -32.0899 29.8079
v 166.4348 -25.0860 25.5557
v 165.2050 -24.9007 27.0711
v 163.7066 -24.6748 28.3147
v 168.9640 -16.9074 21.9509
v 161.9970 -24.4171 29.2388
v 168.3978 -16.8507 23.8268
v 160.1420 -24.1375 29.8079
v 158.2129 -23.8468 30.0000
v 159.2049 -15.9309 30.0000
v 167.4783 -16.7587 25.5557
v 166.2409 -16.6349 27.0711
v 164.7330 -16.4840 28.3147
v 169.5968 -8.4642 21.9509
v 163.0127 -16.3119 29.2388
v 169.0284 -8.4359 23.8268
v 161.1461 -16.1251 29.8079
v 168.1055 -8.3898 25.5557
v 166.8634 -8.3278 27.0711
v 165.3499 -8.2523 28.3147
v 163.6232 -8.1661 29.2388
v 161.7496 -8.0726 29.8079
v 159.8011 -7.9753 30.0000
v -65.0000 -75.0000 30.0000
v 65.0000 -75.0000 30.0000
v -65.0000 75.0000 30.0000
v 65.0000 75.0000 30.0000
v 65.0000 -75.0000 175.0000
v -65.0000 -75.0000 175.0000
v 65.0000 75.0000 175.0000
v -65.0000 75.0000 175.0000
f 1 2 3
f 1 3 4
f 5 4 6
f 5 6 7
f 5 1 4
f 8 5 7
f 9 7 10
f 9 8 7
f 11 10 12
f 11 9 10
f 13 12 14
f 13 11 12
f 15 14 16
f 15 13 14
f 17 16 18
f 17 18 19
f 17 15 16
f 20 17 19
f 21 19 22
f 21 20 19
f 23 21 22
f 23 22 24
f 25 23 24
f 25 24 26
f 27 25 26
f 27 26 28
f 29 27 28
f 29 28 30
f 31 29 30
f 31 30 32
f 33 31 32
f 33 32 34
f 35 33 34
f 35 34 36
f 35 36 37
f 38 35 37
f 39 38 37
f 39 37 40
f 39 40 41
f 42 39 41
f 43 42 41
f 43 41 44
f 45 44 46
f 45 43 44
f 45 46 47
f 48 45 47
f 49 47 50
f 49 50 51
f 49 48 47
f 52 49 51
f 53 52 51
f 53 51 54
f 55 54 56
f 55 56 57
f 55 53 54
f 58 55 57
f 59 57 60
f 59 58 57
f 61 60 62
f 61 59 60
f 63 62 64
f 63 61 62
f 65 64 66
f 65 66 67
f 65 63 64
f 68 67 69
f 68 65 67
f 70 68 69
f 71 70 69
f 71 69 72
f 73 71 72
f 73 72 74
f 75 73 74
f 75 74 76
f 75 76 77
f 78 75 77
f 78 77 79
f 80 78 79
f 81 80 79
f 81 79 82
f 83 81 82
f 83 82 84
f 85 83 84
f 85 84 86
f 87 85 86
f 87 86 88
f 89 87 88
f 89 88 90
f 91 89 90
f 91 90 92
f 91 92 93
f 94 91 93
f 95 94 93
f 95 93 96
f 95 96 97
f 98 95 97
f 99 98 97
f 99 97 100
f 99 100 101
f 102 99 101
f 103 102 101
f 103 101 104
f 105 103 104
f 105 104 106
f 105 106 107
f 108 105 107
f 109 108 107
f 109 107 110
f 111 109 110
f 111 110 112
f 113 112 114
f 113 111 112
f 113 114 115
f 116 113 115
f 117 115 118
f 117 116 115
f 119 118 120
f 119 117 118
f 121 119 120
f 121 120 122
f 121 122 123
f 124 121 123
f 124 123 125
f 126 124 125
f 127 126 125
f 127 125 128
f 127 128 129
f 130 127 129
f 131 130 129
f 131 129 132
f 131 132 133
f 134 131 133
f 135 134 133
f 135 133 136
f 135 136 137
f 138 135 137
f 139 138 137
f 139 137 140
f 141 140 142
f 141 139 140
f 143 142 144
f 143 144 145
f 143 141 142
f 146 145 147
f 146 143 145
f 148 146 147
f 149 147 150
f 149 148 147
f 151 150 152
f 151 149 150
f 153 152 154
f 153 154 155
f 153 151 152
f 156 153 155
f 157 155 158
f 157 158 159
f 157 156 155
f 160 157 159
f 161 159 162
f 161 162 163
f 161 160 159
f 164 161 163
f 165 163 166
f 165 166 167
f 165 164 163
f 168 165 167
f 169 167 170
f 169 170 171
f 169 168 167
f 172 171 173
f 172 169 171
f 174 172 173
f 175 174 173
f 175 173 176
f 175 176 177
f 178 175 177
f 179 178 177
f 179 177 180
f 179 180 181
f 182 181 183
f 182 179 181
f 184 182 183
f 185 183 186
f 185 186 187
f 185 184 183
f 188 185 187
f 189 187 190
f 189 190 191
f 189 188 187
f 192 189 191
f 193 191 194
f 193 192 191
f 195 194 196
f 195 196 197
f 195 193 194
f 198 197 199
f 198 195 197
f 200 198 199
f 201 199 202
f 201 202 203
f 201 200 199
f 204 201 203
f 205 203 206
f 205 206 207
f 205 204 203
f 208 207 209
f 208 205 207
f 210 209 211
f 210 208 209
f 212 210 211
f 213 211 214
f 213 212 211
f 215 214 216
f 215 213 214
f 217 216 218
f 217 218 219
f 217 215 216
f 220 217 219
f 221 219 222
f 221 222 223
f 221 220 219
f 224 221 223
f 224 223 225
f 226 224 225
f 226 225 227
f 228 226 227
f 228 227 229
f 230 228 229
f 231 230 229
f 231 229 232
f 231 232 233
f 234 231 233
f 234 233 235
f 236 234 235
f 237 236 235
f 237 235 238
f 239 237 238
f 239 238 240
f 241 239 240
f 241 240 242
f 241 242 243
f 244 241 243
f 245 244 243
f 245 243 246
f 247 246 248
f 247 245 246
f 249 247 248
f 249 248 250
f 249 250 251
f 252 249 251
f 253 251 254
f 253 252 251
f 255 254 256
f 255 253 254
f 257 256 258
f 257 255 256
f 259 258 260
f 259 257 258
f 2 260 3
f 2 259 260
f 261 259 2
f 262 261 2
f 262 2 1
f 263 264 261
f 263 261 262
f 265 266 264
f 265 264 263
f 267 268 266
f 267 269 268
f 267 266 265
f 270 269 267
f 271 1 5
f 271 263 262
f 271 262 1
f 272 269 270
f 272 273 269
f 274 263 271
f 275 276 273
f 275 277 276
f 275 278 277
f 275 273 272
f 279 263 274
f 279 265 263
f 280 265 279
f 280 267 265
f 281 270 267
f 281 267 280
f 282 5 8
f 282 271 5
f 282 274 271
f 283 270 281
f 283 275 272
f 283 272 270
f 284 274 282
f 285 278 275
f 285 286 278
f 285 275 283
f 287 274 284
f 287 279 274
f 287 280 279
f 288 281 280
f 288 280 287
f 289 281 288
f 290 8 9
f 290 282 8
f 291 281 289
f 291 283 281
f 292 284 282
f 292 282 290
f 293 286 285
f 293 294 286
f 293 285 283
f 293 283 291
f 295 284 292
f 295 287 284
f 296 288 287
f 296 287 295
f 297 289 288
f 297 288 296
f 298 9 11
f 298 290 9
f 299 289 297
f 299 291 289
f 300 292 290
f 300 290 298
f 301 291 299
f 301 294 293
f 301 293 291
f 301 302 294
f 303 292 300
f 303 295 292
f 304 297 296
f 304 295 303
f 304 296 295
f 305 297 304
f 306 11 13
f 306 298 11
f 307 301 299
f 307 297 305
f 307 299 297
f 308 300 298
f 308 303 300
f 308 298 306
f 309 301 307
f 309 310 302
f 309 302 301
f 309 307 310
f 311 303 308
f 312 304 303
f 312 303 311
f 313 305 304
f 313 304 312
f 314 13 15
f 314 306 13
f 315 307 305
f 315 305 313
f 315 310 307
f 316 308 306
f 316 306 314
f 317 315 318
f 317 318 310
f 317 310 315
f 319 308 316
f 319 311 308
f 320 311 319
f 320 312 311
f 321 312 320
f 321 313 312
f 322 316 314
f 322 15 17
f 322 314 15
f 323 318 315
f 323 313 321
f 323 315 313
f 324 316 322
f 325 323 326
f 325 318 323
f 325 326 318
f 327 319 316
f 327 316 324
f 328 320 319
f 328 319 327
f 329 321 320
f 329 320 328
f 330 17 20
f 330 322 17
f 331 326 323
f 331 323 321
f 331 321 329
f 332 324 322
f 332 322 330
f 333 20 21
f 333 332 330
f 333 330 20
f 334 331 335
f 334 326 331
f 334 335 326
f 336 327 324
f 336 324 332
f 337 332 333
f 338 327 336
f 338 328 327
f 339 332 337
f 339 336 332
f 340 329 328
f 340 331 329
f 340 328 338
f 341 333 21
f 342 338 336
f 342 340 338
f 342 336 339
f 343 335 331
f 343 331 340
f 344 337 333
f 344 333 341
f 345 340 342
f 346 344 341
f 346 21 23
f 346 341 21
f 347 348 335
f 347 335 343
f 349 337 344
f 349 339 337
f 350 340 345
f 350 343 340
f 351 344 346
f 352 342 339
f 352 339 349
f 353 347 343
f 353 343 350
f 353 348 347
f 354 344 351
f 354 349 344
f 355 345 342
f 355 342 352
f 356 346 23
f 357 352 349
f 357 349 354
f 358 350 345
f 358 345 355
f 359 346 356
f 359 351 346
f 360 352 357
f 360 355 352
f 361 356 23
f 361 23 25
f 362 350 358
f 362 353 350
f 362 363 348
f 362 348 353
f 364 351 359
f 364 354 351
f 365 355 360
f 365 358 355
f 366 359 356
f 366 356 361
f 367 354 364
f 367 360 357
f 367 357 354
f 368 362 358
f 368 358 365
f 368 363 362
f 369 364 359
f 369 367 364
f 369 359 366
f 370 360 367
f 371 361 25
f 372 370 367
f 372 367 369
f 373 360 370
f 373 365 360
f 374 361 371
f 374 366 361
f 375 373 370
f 375 370 372
f 376 25 27
f 376 371 25
f 377 365 373
f 377 368 365
f 377 378 363
f 377 363 368
f 379 366 374
f 379 369 366
f 380 373 375
f 381 371 376
f 381 374 371
f 382 372 369
f 382 369 379
f 383 378 377
f 383 377 373
f 383 373 380
f 384 374 381
f 384 379 374
f 385 375 372
f 385 372 382
f 386 376 27
f 387 382 379
f 387 379 384
f 388 380 375
f 388 375 385
f 389 381 376
f 389 384 381
f 389 376 386
f 390 385 382
f 390 382 387
f 391 27 29
f 391 386 27
f 392 378 383
f 392 383 380
f 392 380 388
f 392 393 378
f 394 387 384
f 394 384 389
f 395 388 385
f 395 385 390
f 395 392 388
f 396 389 386
f 396 386 391
f 396 394 389
f 397 387 394
f 398 393 392
f 398 392 395
f 399 394 396
f 400 390 387
f 400 395 390
f 400 387 397
f 401 391 29
f 402 397 394
f 402 394 399
f 403 398 395
f 403 395 400
f 404 391 401
f 404 396 391
f 405 397 402
f 405 400 397
f 406 29 31
f 406 401 29
f 406 404 401
f 407 398 403
f 407 408 393
f 407 393 398
f 409 396 404
f 409 399 396
f 409 402 399
f 410 400 405
f 410 403 400
f 411 404 406
f 412 402 409
f 413 408 407
f 413 403 410
f 413 407 403
f 414 404 411
f 414 409 404
f 415 402 412
f 415 405 402
f 416 406 31
f 417 412 409
f 417 409 414
f 418 405 415
f 418 410 405
f 419 411 406
f 419 406 416
f 420 415 412
f 420 412 417
f 421 31 33
f 421 416 31
f 421 419 416
f 422 413 410
f 422 408 413
f 422 410 418
f 422 423 408
f 424 414 411
f 424 411 419
f 425 418 415
f 425 415 420
f 425 422 418
f 426 419 421
f 427 417 414
f 427 414 424
f 428 423 422
f 428 422 425
f 429 427 424
f 429 419 426
f 429 424 419
f 430 420 417
f 430 417 427
f 430 425 420
f 431 421 33
f 431 426 421
f 432 427 429
f 433 425 430
f 434 426 431
f 435 430 427
f 435 427 432
f 435 433 430
f 436 423 428
f 436 437 423
f 436 428 425
f 436 425 433
f 438 429 426
f 438 426 434
f 438 432 429
f 439 33 35
f 439 431 33
f 440 433 435
f 441 432 438
f 442 434 431
f 442 438 434
f 442 431 439
f 443 433 440
f 443 437 436
f 443 436 433
f 444 432 441
f 444 435 432
f 445 439 35
f 446 438 442
f 447 440 435
f 447 435 444
f 448 442 439
f 448 439 445
f 449 441 438
f 449 444 441
f 449 438 446
f 450 437 443
f 450 440 447
f 450 451 437
f 450 443 440
f 452 442 448
f 452 446 442
f 453 444 449
f 454 445 35
f 454 35 38
f 455 446 452
f 455 449 446
f 456 444 453
f 456 447 444
f 457 445 454
f 457 448 445
f 458 449 455
f 458 453 449
f 459 447 456
f 459 450 447
f 459 451 450
f 460 454 38
f 461 452 448
f 461 455 452
f 461 448 457
f 462 456 453
f 462 453 458
f 462 459 456
f 463 457 454
f 463 454 460
f 464 455 461
f 465 451 459
f 465 466 451
f 465 459 462
f 467 461 457
f 467 457 463
f 468 458 455
f 468 455 464
f 469 38 39
f 469 460 38
f 470 464 461
f 470 461 467
f 471 462 458
f 471 458 468
f 472 463 460
f 472 460 469
f 473 468 464
f 473 464 470
f 474 472 469
f 474 469 39
f 475 466 465
f 475 465 462
f 475 462 471
f 476 467 463
f 476 463 472
f 477 468 473
f 477 471 468
f 478 472 474
f 479 470 467
f 479 467 476
f 480 475 471
f 480 481 466
f 480 466 475
f 480 471 477
f 482 476 472
f 482 479 476
f 482 472 478
f 483 470 479
f 483 473 470
f 484 39 42
f 484 474 39
f 485 479 482
f 486 473 483
f 486 477 473
f 486 480 477
f 487 474 484
f 487 478 474
f 488 479 485
f 488 483 479
f 489 484 42
f 490 481 480
f 490 480 486
f 491 482 478
f 491 478 487
f 492 486 483
f 492 483 488
f 493 484 489
f 493 487 484
f 494 485 482
f 494 482 491
f 495 486 492
f 495 481 490
f 495 490 486
f 495 496 481
f 497 491 487
f 497 487 493
f 497 494 491
f 498 488 485
f 498 485 494
f 499 42 43
f 499 493 489
f 499 489 42
f 500 494 497
f 501 492 488
f 501 495 492
f 501 488 498
f 502 493 499
f 503 498 494
f 503 494 500
f 504 499 43
f 505 495 501
f 505 496 495
f 506 493 502
f 506 497 493
f 507 501 498
f 507 498 503
f 507 505 501
f 508 506 502
f 508 502 499
f 508 499 504
f 509 500 497
f 509 497 506
f 510 511 496
f 510 496 505
f 510 505 507
f 512 506 508
f 513 503 500
f 513 500 509
f 514 43 45
f 514 504 43
f 515 509 506
f 515 506 512
f 516 503 513
f 516 507 503
f 517 504 514
f 517 508 504
f 518 513 509
f 518 509 515
f 519 517 514
f 519 514 45
f 520 507 516
f 520 511 510
f 520 510 507
f 521 512 508
f 521 508 517
f 522 513 518
f 522 516 513
f 522 520 516
f 523 517 519
f 524 512 521
f 524 515 512
f 525 511 520
f 525 520 522
f 525 526 511
f 527 517 523
f 527 521 517
f 528 518 515
f 528 515 524
f 529 519 45
f 529 45 48
f 530 524 521
f 530 528 524
f 530 521 527
f 531 518 528
f 531 522 518
f 532 523 519
f 532 519 529
f 533 528 530
f 534 529 48
f 535 525 522
f 535 526 525
f 535 522 531
f 536 527 523
f 536 523 532
f 537 531 528
f 537 528 533
f 537 535 531
f 538 532 529
f 538 536 532
f 538 529 534
f 539 530 527
f 539 527 536
f 540 526 535
f 540 535 537
f 540 541 526
f 542 536 538
f 543 533 530
f 543 530 539
f 544 48 49
f 544 534 48
f 545 539 536
f 545 543 539
f 545 536 542
f 546 537 533
f 546 533 543
f 546 540 537
f 547 538 534
f 547 534 544
f 548 543 545
f 549 544 49
f 550 541 540
f 550 540 546
f 551 538 547
f 551 542 538
f 552 543 548
f 552 546 543
f 553 544 549
f 553 547 544
f 553 551 547
f 554 542 551
f 554 545 542
f 555 550 546
f 555 546 552
f 555 556 541
f 555 541 550
f 557 551 553
f 558 548 545
f 558 545 554
f 559 554 551
f 559 551 557
f 559 558 554
f 560 49 52
f 560 549 49
f 561 548 558
f 561 552 548
f 562 561 558
f 562 558 559
f 563 549 560
f 563 553 549
f 563 560 52
f 564 555 552
f 564 556 555
f 564 552 561
f 565 561 562
f 566 557 553
f 566 553 563
f 567 556 564
f 567 564 561
f 567 561 565
f 567 568 556
f 569 559 557
f 569 557 566
f 570 562 559
f 570 565 562
f 570 559 569
f 571 52 53
f 572 565 570
f 573 571 53
f 573 563 52
f 573 566 563
f 573 52 571
f 574 567 565
f 574 568 567
f 574 565 572
f 575 566 573
f 576 570 569
f 576 566 575
f 576 569 566
f 577 570 576
f 578 53 55
f 579 572 570
f 579 570 577
f 580 573 53
f 580 578 55
f 580 53 578
f 581 582 568
f 581 568 574
f 581 574 572
f 581 572 579
f 583 575 573
f 583 573 580
f 584 576 575
f 584 575 583
f 585 577 576
f 585 576 584
f 586 55 58
f 587 577 585
f 587 579 577
f 588 586 58
f 588 580 55
f 588 583 580
f 588 55 586
f 589 579 587
f 589 590 582
f 589 582 581
f 589 581 579
f 591 583 588
f 592 583 591
f 592 585 584
f 592 584 583
f 593 585 592
f 594 58 59
f 595 587 585
f 595 585 593
f 596 588 58
f 596 58 594
f 597 589 587
f 597 587 595
f 597 598 590
f 597 590 589
f 599 588 596
f 599 591 588
f 600 591 599
f 600 592 591
f 601 592 600
f 601 595 593
f 601 593 592
f 602 594 59
f 602 59 61
f 603 595 601
f 604 596 594
f 604 599 596
f 604 594 602
f 605 597 595
f 605 595 603
f 605 598 597
f 605 606 598
f 607 599 604
f 608 600 599
f 608 599 607
f 609 601 600
f 609 600 608
f 610 61 63
f 610 602 61
f 611 603 601
f 611 601 609
f 612 604 602
f 612 602 610
f 613 603 611
f 613 605 603
f 613 606 605
f 613 614 606
f 615 607 604
f 615 604 612
f 616 607 615
f 616 608 607
f 617 609 608
f 617 611 609
f 617 608 616
f 618 610 63
f 618 63 65
f 619 611 617
f 620 610 618
f 620 612 610
f 621 613 611
f 621 611 619
f 621 622 614
f 621 614 613
f 623 615 612
f 623 612 620
f 624 616 615
f 624 615 623
f 625 617 616
f 625 616 624
f 626 618 65
f 626 65 68
f 627 619 617
f 627 617 625
f 628 623 620
f 628 618 626
f 628 620 618
f 629 619 627
f 629 630 622
f 629 621 619
f 629 622 621
f 631 624 623
f 631 623 628
f 632 624 631
f 633 624 632
f 633 625 624
f 633 627 625
f 634 626 68
f 634 68 70
f 635 627 633
f 635 629 627
f 636 628 626
f 636 626 634
f 637 630 629
f 637 629 635
f 637 638 630
f 639 631 628
f 639 628 636
f 640 632 631
f 640 631 639
f 641 633 632
f 641 632 640
f 642 634 70
f 642 70 71
f 643 635 633
f 643 633 641
f 644 634 642
f 644 636 634
f 644 639 636
f 645 637 635
f 645 638 637
f 645 635 643
f 645 646 638
f 647 639 644
f 647 640 639
f 648 640 647
f 649 640 648
f 649 641 640
f 650 642 71
f 650 71 73
f 651 643 641
f 651 641 649
f 652 644 642
f 652 642 650
f 653 645 643
f 653 646 645
f 653 643 651
f 653 654 646
f 655 647 644
f 655 644 652
f 656 648 647
f 656 647 655
f 657 649 648
f 657 648 656
f 658 650 73
f 658 73 75
f 658 75 78
f 659 651 649
f 659 649 657
f 660 652 650
f 660 650 658
f 661 653 651
f 661 662 654
f 661 654 653
f 661 651 659
f 663 655 652
f 663 652 660
f 664 656 655
f 664 655 663
f 665 657 656
f 665 656 664
f 666 658 78
f 667 657 665
f 667 659 657
f 668 658 666
f 668 660 658
f 669 659 667
f 669 670 662
f 669 662 661
f 669 661 659
f 669 667 670
f 671 663 660
f 671 664 663
f 671 660 668
f 672 664 671
f 673 665 664
f 673 664 672
f 674 666 78
f 674 78 80
f 675 667 665
f 675 665 673
f 675 670 667
f 676 668 666
f 676 666 674
f 677 675 678
f 677 670 675
f 677 678 670
f 679 672 671
f 679 671 668
f 679 668 676
f 680 672 679
f 681 673 672
f 681 672 680
f 682 674 80
f 682 80 81
f 683 675 673
f 683 678 675
f 683 673 681
f 684 679 676
f 684 676 674
f 684 674 682
f 685 678 683
f 685 683 686
f 685 686 678
f 687 680 679
f 687 679 684
f 688 680 687
f 689 681 680
f 689 683 681
f 689 680 688
f 690 81 83
f 690 682 81
f 691 686 683
f 691 683 689
f 692 684 682
f 692 682 690
f 692 687 684
f 693 83 85
f 693 690 83
f 694 686 691
f 694 691 695
f 694 695 686
f 696 687 692
f 697 692 690
f 697 690 693
f 698 688 687
f 698 687 696
f 699 696 692
f 699 692 697
f 699 698 696
f 700 689 688
f 700 688 698
f 701 693 85
f 702 698 699
f 703 691 689
f 703 689 700
f 703 695 691
f 704 693 701
f 704 697 693
f 705 703 700
f 705 698 702
f 705 700 698
f 706 85 87
f 706 701 85
f 707 695 703
f 707 708 695
f 709 702 699
f 709 697 704
f 709 699 697
f 710 703 705
f 711 704 701
f 711 701 706
f 712 702 709
f 713 707 703
f 713 703 710
f 713 708 707
f 714 709 704
f 714 704 711
f 715 705 702
f 715 702 712
f 716 706 87
f 717 712 709
f 717 709 714
f 718 710 705
f 718 705 715
f 719 706 716
f 719 711 706
f 720 715 712
f 720 712 717
f 720 718 715
f 721 716 87
f 721 87 89
f 722 713 710
f 722 708 713
f 722 710 718
f 722 723 708
f 724 714 711
f 724 711 719
f 725 718 720
f 726 719 716
f 726 716 721
f 726 724 719
f 727 717 714
f 727 714 724
f 728 722 718
f 728 718 725
f 728 723 722
f 729 727 724
f 729 724 726
f 730 720 717
f 730 717 727
f 731 721 89
f 732 727 729
f 733 725 720
f 733 720 730
f 734 726 721
f 734 721 731
f 734 729 726
f 735 730 727
f 735 727 732
f 736 89 91
f 736 731 89
f 737 728 725
f 737 723 728
f 737 725 733
f 737 738 723
f 739 729 734
f 740 733 730
f 740 730 735
f 741 731 736
f 741 734 731
f 742 729 739
f 742 732 729
f 743 733 740
f 743 737 733
f 743 738 737
f 744 734 741
f 744 739 734
f 745 732 742
f 745 735 732
f 745 740 735
f 746 736 91
f 747 739 744
f 747 742 739
f 748 740 745
f 749 741 736
f 749 736 746
f 750 745 742
f 750 742 747
f 751 746 91
f 751 749 746
f 751 91 94
f 752 738 743
f 752 740 748
f 752 753 738
f 752 743 740
f 754 744 741
f 754 741 749
f 755 745 750
f 755 748 745
f 756 749 751
f 757 747 744
f 757 744 754
f 758 748 755
f 758 753 752
f 758 752 748
f 759 754 749
f 759 749 756
f 759 757 754
f 760 755 750
f 760 750 747
f 760 747 757
f 761 751 94
f 762 757 759
f 762 760 757
f 763 755 760
f 764 756 751
f 764 751 761
f 765 760 762
f 766 94 95
f 766 761 94
f 766 764 761
f 767 758 755
f 767 755 763
f 767 753 758
f 767 768 753
f 769 759 756
f 769 756 764
f 770 763 760
f 770 760 765
f 771 764 766
f 772 762 759
f 772 759 769
f 773 767 763
f 773 763 770
f 773 768 767
f 774 769 764
f 774 764 771
f 775 765 762
f 775 762 772
f 776 766 95
f 777 775 772
f 777 772 769
f 777 769 774
f 778 765 775
f 778 770 765
f 779 766 776
f 779 771 766
f 780 778 775
f 780 775 777
f 781 776 95
f 781 95 98
f 782 770 778
f 782 773 770
f 782 768 773
f 782 783 768
f 784 774 771
f 784 771 779
f 785 778 780
f 786 784 779
f 786 779 776
f 786 776 781
f 787 774 784
f 787 777 774
f 787 780 777
f 788 783 782
f 788 782 778
f 788 778 785
f 789 784 786
f 790 785 780
f 790 780 787
f 791 781 98
f 792 787 784
f 792 784 789
f 792 790 787
f 793 785 790
f 794 786 781
f 794 781 791
f 795 790 792
f 796 783 788
f 796 788 785
f 796 785 793
f 796 797 783
f 798 98 99
f 798 791 98
f 799 789 786
f 799 792 789
f 799 786 794
f 800 793 790
f 800 790 795
f 801 794 791
f 801 791 798
f 802 792 799
f 803 793 800
f 803 796 793
f 803 797 796
f 804 799 794
f 804 794 801
f 805 795 792
f 805 792 802
f 806 798 99
f 807 802 799
f 807 799 804
f 807 805 802
f 808 800 795
f 808 795 805
f 809 798 806
f 809 801 798
f 810 805 807
f 811 803 800
f 811 797 803
f 811 812 797
f 811 800 808
f 813 804 801
f 813 807 804
f 813 801 809
f 814 99 102
f 814 806 99
f 815 805 810
f 815 808 805
f 816 807 813
f 817 806 814
f 817 809 806
f 818 812 811
f 818 811 808
f 818 808 815
f 819 807 816
f 819 815 810
f 819 810 807
f 820 814 102
f 821 813 809
f 821 809 817
f 822 815 819
f 823 817 814
f 823 814 820
f 824 813 821
f 824 816 813
f 825 812 818
f 825 818 815
f 825 815 822
f 825 826 812
f 827 817 823
f 827 821 817
f 828 819 816
f 828 816 824
f 829 820 102
f 829 102 103
f 830 824 821
f 830 821 827
f 831 822 819
f 831 819 828
f 832 823 820
f 832 820 829
f 833 828 824
f 833 824 830
f 834 829 103
f 835 825 822
f 835 826 825
f 835 822 831
f 836 827 823
f 836 823 832
f 837 831 828
f 837 828 833
f 838 832 829
f 838 829 834
f 839 830 827
f 839 827 836
f 840 835 831
f 840 826 835
f 840 831 837
f 840 841 826
f 842 832 838
f 842 836 832
f 843 830 839
f 843 833 830
f 844 103 105
f 844 838 834
f 844 834 103
f 845 839 836
f 845 843 839
f 845 836 842
f 846 837 833
f 846 833 843
f 847 838 844
f 848 843 845
f 849 844 105
f 850 840 837
f 850 841 840
f 850 837 846
f 851 842 838
f 851 838 847
f 852 846 843
f 852 850 846
f 852 843 848
f 853 844 849
f 853 847 844
f 854 845 842
f 854 842 851
f 855 841 850
f 855 850 852
f 855 856 841
f 857 851 847
f 857 847 853
f 858 848 845
f 858 845 854
f 859 849 105
f 859 105 108
f 860 854 851
f 860 851 857
f 861 852 848
f 861 848 858
f 862 853 849
f 862 849 859
f 863 858 854
f 863 854 860
f 864 859 108
f 865 855 852
f 865 856 855
f 865 852 861
f 866 857 853
f 866 853 862
f 867 861 858
f 867 858 863
f 868 862 859
f 868 859 864
f 869 860 857
f 869 857 866
f 870 856 865
f 870 861 867
f 870 865 861
f 870 871 856
f 872 866 862
f 872 862 868
f 873 863 860
f 873 860 869
f 874 864 108
f 874 108 109
f 875 869 866
f 875 866 872
f 876 867 863
f 876 863 873
f 877 864 874
f 877 868 864
f 877 872 868
f 878 873 869
f 878 869 875
f 879 874 109
f 880 870 867
f 880 871 870
f 880 867 876
f 881 872 877
f 882 876 873
f 882 873 878
f 883 877 874
f 883 874 879
f 884 875 872
f 884 878 875
f 884 872 881
f 885 880 876
f 885 876 882
f 885 871 880
f 885 886 871
f 887 881 877
f 887 877 883
f 888 878 884
f 889 109 111
f 889 879 109
f 890 881 887
f 890 884 881
f 891 882 878
f 891 878 888
f 891 885 882
f 892 879 889
f 892 883 879
f 893 884 890
f 893 888 884
f 894 889 111
f 895 886 885
f 895 885 891
f 896 887 883
f 896 883 892
f 897 891 888
f 897 888 893
f 898 892 889
f 898 896 892
f 898 889 894
f 899 890 887
f 899 893 890
f 899 887 896
f 900 886 895
f 900 891 897
f 900 895 891
f 900 901 886
f 902 896 898
f 903 893 899
f 904 894 111
f 904 111 113
f 905 899 896
f 905 896 902
f 906 897 893
f 906 893 903
f 907 894 904
f 907 898 894
f 907 902 898
f 908 903 899
f 908 899 905
f 909 904 113
f 910 900 897
f 910 901 900
f 910 897 906
f 911 902 907
f 912 906 903
f 912 903 908
f 913 907 904
f 913 904 909
f 914 905 902
f 914 908 905
f 914 902 911
f 915 901 910
f 915 906 912
f 915 910 906
f 915 916 901
f 917 911 907
f 917 907 913
f 918 908 914
f 919 914 911
f 919 911 917
f 920 113 116
f 920 909 113
f 920 913 909
f 921 908 918
f 921 912 908
f 922 914 919
f 922 918 914
f 922 921 918
f 923 920 116
f 923 913 920
f 924 916 915
f 924 912 921
f 924 915 912
f 925 921 922
f 926 917 913
f 926 913 923
f 927 916 924
f 927 921 925
f 927 924 921
f 927 928 916
f 929 922 919
f 929 919 917
f 929 917 926
f 930 922 929
f 931 116 117
f 932 925 922
f 932 922 930
f 933 923 116
f 933 116 931
f 933 931 117
f 934 935 928
f 934 927 925
f 934 928 927
f 934 925 932
f 936 923 933
f 936 926 923
f 936 929 926
f 937 930 929
f 937 929 936
f 938 930 937
f 939 117 119
f 940 932 930
f 940 930 938
f 941 117 939
f 941 933 117
f 941 939 119
f 942 935 934
f 942 934 932
f 942 932 940
f 943 936 933
f 943 933 941
f 944 937 936
f 944 936 943
f 945 938 937
f 945 937 944
f 946 119 121
f 947 938 945
f 947 940 938
f 948 119 946
f 948 941 119
f 948 946 121
f 949 950 935
f 949 951 950
f 949 935 942
f 949 942 940
f 949 940 947
f 952 941 948
f 952 943 941
f 953 944 943
f 953 943 952
f 953 945 944
f 954 945 953
f 955 121 124
f 956 945 954
f 956 947 945
f 956 949 947
f 957 121 955
f 957 948 121
f 958 959 951
f 958 949 956
f 958 951 949
f 960 948 957
f 960 952 948
f 961 954 953
f 961 952 960
f 961 953 952
f 962 954 961
f 963 955 124
f 963 124 126
f 964 954 962
f 964 956 954
f 965 957 955
f 965 955 963
f 966 967 959
f 966 959 958
f 966 958 956
f 966 956 964
f 968 960 957
f 968 961 960
f 968 957 965
f 969 962 961
f 969 961 968
f 970 962 969
f 971 963 126
f 971 126 127
f 972 964 962
f 972 962 970
f 973 965 963
f 973 963 971
f 974 967 966
f 974 966 964
f 974 964 972
f 975 968 965
f 975 965 973
f 976 969 968
f 976 968 975
f 977 970 969
f 977 969 976
f 978 971 127
f 978 127 130
f 979 972 970
f 979 970 977
f 980 973 971
f 980 971 978
f 981 982 967
f 981 983 982
f 981 967 974
f 981 972 979
f 981 974 972
f 984 976 975
f 984 973 980
f 984 975 973
f 985 976 984
f 985 977 976
f 986 977 985
f 987 978 130
f 987 130 131
f 988 979 977
f 988 977 986
f 989 978 987
f 989 980 978
f 990 991 983
f 990 983 981
f 990 981 979
f 990 979 988
f 992 985 984
f 992 984 980
f 992 980 989
f 993 985 992
f 994 986 985
f 994 985 993
f 995 131 134
f 995 134 135
f 995 987 131
f 996 986 994
f 996 988 986
f 997 987 995
f 997 989 987
f 997 992 989
f 998 988 996
f 998 991 990
f 998 990 988
f 999 992 997
f 1000 992 999
f 1000 993 992
f 1001 994 993
f 1001 993 1000
f 1002 995 135
f 1003 994 1001
f 1003 996 994
f 1004 997 995
f 1004 995 1002
f 1005 1006 991
f 1005 998 996
f 1005 991 998
f 1005 996 1003
f 1007 997 1004
f 1007 999 997
f 1008 1000 999
f 1008 999 1007
f 1008 1001 1000
f 1009 1001 1008
f 1010 1002 135
f 1010 135 138
f 1011 1003 1001
f 1011 1005 1003
f 1011 1001 1009
f 1012 1004 1002
f 1012 1002 1010
f 1012 1007 1004
f 1013 1014 1006
f 1013 1006 1005
f 1013 1005 1011
f 1015 1007 1012
f 1016 1008 1007
f 1016 1007 1015
f 1017 1008 1016
f 1017 1009 1008
f 1018 1010 138
f 1018 138 139
f 1019 1011 1009
f 1019 1009 1017
f 1020 1012 1010
f 1020 1010 1018
f 1021 1022 1014
f 1021 1014 1013
f 1021 1013 1011
f 1021 1011 1019
f 1023 1015 1012
f 1023 1012 1020
f 1024 1016 1015
f 1024 1017 1016
f 1024 1015 1023
f 1025 1017 1024
f 1026 1018 139
f 1026 139 141
f 1026 141 143
f 1027 1019 1017
f 1027 1021 1019
f 1027 1017 1025
f 1028 1023 1020
f 1028 1020 1018
f 1028 1018 1026
f 1029 1030 1022
f 1029 1022 1021
f 1029 1021 1027
f 1031 1023 1028
f 1032 1024 1023
f 1032 1023 1031
f 1033 1025 1024
f 1033 1024 1032
f 1034 1026 143
f 1035 1025 1033
f 1035 1027 1025
f 1036 1026 1034
f 1036 1028 1026
f 1037 1029 1027
f 1037 1027 1035
f 1037 1038 1030
f 1037 1035 1038
f 1037 1030 1029
f 1039 1032 1031
f 1039 1028 1036
f 1039 1031 1028
f 1040 1033 1032
f 1040 1032 1039
f 1041 1033 1040
f 1042 1034 143
f 1042 143 146
f 1042 146 148
f 1043 1035 1033
f 1043 1038 1035
f 1043 1033 1041
f 1044 1036 1034
f 1044 1034 1042
f 1045 1043 1046
f 1045 1046 1038
f 1045 1038 1043
f 1047 1039 1036
f 1047 1036 1044
f 1048 1039 1047
f 1048 1040 1039
f 1049 1040 1048
f 1049 1041 1040
f 1050 1042 148
f 1051 1046 1043
f 1051 1043 1041
f 1051 1041 1049
f 1052 1042 1050
f 1052 1044 1042
f 1053 1054 1046
f 1053 1051 1054
f 1053 1046 1051
f 1055 1047 1044
f 1055 1048 1047
f 1055 1044 1052
f 1056 1049 1048
f 1056 1048 1055
f 1057 1049 1056
f 1058 1050 148
f 1058 148 149
f 1059 1054 1051
f 1059 1051 1049
f 1059 1049 1057
f 1060 1055 1052
f 1060 1050 1058
f 1060 1052 1050
f 1061 1058 149
f 1061 149 151
f 1062 1063 1054
f 1062 1059 1063
f 1062 1054 1059
f 1064 1055 1060
f 1065 1058 1061
f 1065 1060 1058
f 1066 1055 1064
f 1066 1056 1055
f 1067 1064 1060
f 1067 1060 1065
f 1068 1057 1056
f 1068 1056 1066
f 1069 1061 151
f 1070 1068 1066
f 1070 1066 1064
f 1070 1064 1067
f 1071 1063 1059
f 1071 1059 1057
f 1071 1057 1068
f 1072 1065 1061
f 1072 1061 1069
f 1073 1068 1070
f 1074 151 153
f 1074 1069 151
f 1075 1076 1063
f 1075 1063 1071
f 1077 1065 1072
f 1077 1067 1065
f 1078 1071 1068
f 1078 1068 1073
f 1078 1075 1071
f 1079 1069 1074
f 1079 1077 1072
f 1079 1072 1069
f 1080 1067 1077
f 1080 1070 1067
f 1080 1073 1070
f 1081 1076 1075
f 1081 1075 1078
f 1082 1077 1079
f 1083 1073 1080
f 1084 1074 153
f 1085 1080 1077
f 1085 1083 1080
f 1085 1077 1082
f 1086 1078 1073
f 1086 1081 1078
f 1086 1073 1083
f 1087 1079 1074
f 1087 1074 1084
f 1087 1082 1079
f 1088 1083 1085
f 1089 153 156
f 1089 1084 153
f 1090 1091 1076
f 1090 1076 1081
f 1090 1081 1086
f 1092 1082 1087
f 1093 1086 1083
f 1093 1083 1088
f 1094 1084 1089
f 1094 1087 1084
f 1095 1085 1082
f 1095 1082 1092
f 1096 1091 1090
f 1096 1090 1086
f 1096 1086 1093
f 1097 1087 1094
f 1097 1092 1087
f 1098 1088 1085
f 1098 1085 1095
f 1099 1089 156
f 1100 1095 1092
f 1100 1092 1097
f 1101 1093 1088
f 1101 1088 1098
f 1102 1094 1089
f 1102 1089 1099
f 1103 1095 1100
f 1103 1098 1095
f 1104 1099 156
f 1104 156 157
f 1105 1106 1091
f 1105 1091 1096
f 1105 1096 1093
f 1105 1093 1101
f 1107 1097 1094
f 1107 1094 1102
f 1108 1105 1101
f 1108 1101 1098
f 1108 1098 1103
f 1109 1107 1102
f 1109 1099 1104
f 1109 1102 1099
f 1110 1097 1107
f 1110 1100 1097
f 1110 1103 1100
f 1111 1106 1105
f 1111 1105 1108
f 1112 1107 1109
f 1113 1103 1110
f 1114 1104 157
f 1115 1110 1107
f 1115 1107 1112
f 1116 1108 1103
f 1116 1103 1113
f 1117 1104 1114
f 1117 1109 1104
f 1118 1110 1115
f 1118 1113 1110
f 1119 157 160
f 1119 1114 157
f 1120 1106 1111
f 1120 1121 1106
f 1120 1111 1108
f 1120 1108 1116
f 1122 1112 1109
f 1122 1109 1117
f 1123 1116 1113
f 1123 1113 1118
f 1123 1120 1116
f 1124 1117 1114
f 1124 1114 1119
f 1125 1115 1112
f 1125 1112 1122
f 1126 1121 1120
f 1126 1120 1123
f 1127 1122 1117
f 1127 1117 1124
f 1128 1118 1115
f 1128 1115 1125
f 1129 1119 160
f 1130 1125 1122
f 1130 1122 1127
f 1131 1118 1128
f 1131 1123 1118
f 1132 1124 1119
f 1132 1127 1124
f 1132 1119 1129
f 1133 1128 1125
f 1133 1125 1130
f 1134 1129 160
f 1134 160 161
f 1135 1136 1121
f 1135 1121 1126
f 1135 1126 1123
f 1135 1123 1131
f 1137 1127 1132
f 1138 1128 1133
f 1138 1131 1128
f 1138 1135 1131
f 1139 1132 1129
f 1139 1129 1134
f 1139 1137 1132
f 1140 1130 1127
f 1140 1127 1137
f 1140 1133 1130
f 1141 1136 1135
f 1141 1135 1138
f 1142 1137 1139
f 1143 1133 1140
f 1144 1134 161
f 1145 1143 1140
f 1145 1137 1142
f 1145 1140 1137
f 1146 1141 1138
f 1146 1133 1143
f 1146 1138 1133
f 1147 1134 1144
f 1147 1139 1134
f 1148 1143 1145
f 1149 1144 161
f 1149 161 164
f 1150 1136 1141
f 1150 1151 1136
f 1150 1141 1146
f 1152 1142 1139
f 1152 1139 1147
f 1153 1143 1148
f 1153 1146 1143
f 1154 1147 1144
f 1154 1144 1149
f 1155 1142 1152
f 1155 1145 1142
f 1156 1151 1150
f 1156 1150 1146
f 1156 1146 1153
f 1157 1147 1154
f 1157 1152 1147
f 1158 1148 1145
f 1158 1145 1155
f 1159 1149 164
f 1160 1155 1152
f 1160 1152 1157
f 1161 1153 1148
f 1161 1148 1158
f 1161 1156 1153
f 1162 1154 1149
f 1162 1157 1154
f 1162 1149 1159
f 1163 1158 1155
f 1163 1155 1160
f 1164 1165 1151
f 1164 1151 1156
f 1164 1156 1161
f 1166 1160 1157
f 1166 1157 1162
f 1167 1159 164
f 1167 164 165
f 1168 1161 1158
f 1168 1158 1163
f 1169 1160 1166
f 1170 1162 1159
f 1170 1166 1162
f 1170 1159 1167
f 1171 1165 1164
f 1171 1161 1168
f 1171 1164 1161
f 1172 1163 1160
f 1172 1168 1163
f 1172 1160 1169
f 1173 1167 165
f 1174 1169 1166
f 1174 1166 1170
f 1175 1168 1172
f 1176 1170 1167
f 1176 1167 1173
f 1177 1169 1174
f 1178 1179 1165
f 1178 1165 1171
f 1178 1171 1168
f 1178 1168 1175
f 1180 1170 1176
f 1180 1177 1174
f 1180 1174 1170
f 1181 1169 1177
f 1181 1172 1169
f 1182 165 168
f 1182 1173 165
f 1183 1177 1180
f 1184 1178 1175
f 1184 1172 1181
f 1184 1175 1172
f 1185 1176 1173
f 1185 1173 1182
f 1185 1180 1176
f 1186 1177 1183
f 1186 1181 1177
f 1187 1178 1184
f 1187 1179 1178
f 1188 1182 168
f 1189 1180 1185
f 1190 1184 1181
f 1190 1181 1186
f 1191 1189 1185
f 1191 1182 1188
f 1191 1185 1182
f 1192 1183 1180
f 1192 1180 1189
f 1193 1194 1179
f 1193 1184 1190
f 1193 1179 1187
f 1193 1187 1184
f 1195 1189 1191
f 1196 1183 1192
f 1196 1186 1183
f 1197 1188 168
f 1197 168 169
f 1198 1192 1189
f 1198 1196 1192
f 1198 1189 1195
f 1199 1190 1186
f 1199 1186 1196
f 1199 1193 1190
f 1200 1188 1197
f 1200 1191 1188
f 1201 1196 1198
f 1201 1199 1196
f 1202 1197 169
f 1203 1194 1193
f 1203 1193 1199
f 1204 1195 1191
f 1204 1198 1195
f 1204 1191 1200
f 1205 1199 1201
f 1206 1200 1197
f 1206 1197 1202
f 1207 1198 1204
f 1208 1194 1203
f 1208 1209 1194
f 1208 1203 1199
f 1208 1199 1205
f 1210 1204 1200
f 1210 1200 1206
f 1211 1201 1198
f 1211 1198 1207
f 1212 1202 169
f 1212 169 172
f 1213 1207 1204
f 1213 1204 1210
f 1214 1201 1211
f 1214 1205 1201
f 1215 1206 1202
f 1215 1210 1206
f 1215 1202 1212
f 1216 1207 1213
f 1216 1211 1207
f 1217 1212 172
f 1218 1205 1214
f 1218 1209 1208
f 1218 1208 1205
f 1219 1210 1215
f 1220 1211 1216
f 1220 1214 1211
f 1220 1218 1214
f 1221 1215 1212
f 1221 1212 1217
f 1221 1219 1215
f 1222 1213 1210
f 1222 1216 1213
f 1222 1210 1219
f 1223 1218 1220
f 1223 1209 1218
f 1223 1224 1209
f 1225 1219 1221
f 1226 1216 1222
f 1227 1221 1217
f 1227 1217 172
f 1227 172 174
f 1228 1222 1219
f 1228 1219 1225
f 1229 1220 1216
f 1229 1216 1226
f 1229 1223 1220
f 1230 1221 1227
f 1231 1226 1222
f 1231 1229 1226
f 1231 1222 1228
f 1232 1227 174
f 1233 1224 1223
f 1233 1223 1229
f 1234 1225 1221
f 1234 1221 1230
f 1235 1229 1231
f 1236 1230 1227
f 1236 1227 1232
f 1236 1234 1230
f 1237 1228 1225
f 1237 1225 1234
f 1237 1231 1228
f 1238 1239 1224
f 1238 1224 1233
f 1238 1233 1229
f 1238 1229 1235
f 1240 1234 1236
f 1241 1231 1237
f 1242 1232 174
f 1242 174 175
f 1243 1237 1234
f 1243 1234 1240
f 1244 1235 1231
f 1244 1231 1241
f 1245 1232 1242
f 1245 1236 1232
f 1246 1241 1237
f 1246 1237 1243
f 1247 1242 175
f 1248 1239 1238
f 1248 1235 1244
f 1248 1238 1235
f 1249 1240 1236
f 1249 1236 1245
f 1250 1248 1244
f 1250 1241 1246
f 1250 1244 1241
f 1251 1249 1245
f 1251 1245 1242
f 1251 1242 1247
f 1252 1240 1249
f 1252 1243 1240
f 1253 1254 1239
f 1253 1239 1248
f 1253 1248 1250
f 1255 1249 1251
f 1256 1243 1252
f 1256 1246 1243
f 1257 175 178
f 1257 1247 175
f 1258 1252 1249
f 1258 1249 1255
f 1259 1250 1246
f 1259 1246 1256
f 1260 1255 1251
f 1260 1247 1257
f 1260 1251 1247
f 1261 1256 1252
f 1261 1252 1258
f 1261 1259 1256
f 1262 1257 178
f 1263 1253 1250
f 1263 1250 1259
f 1263 1254 1253
f 1264 1255 1260
f 1265 1259 1261
f 1266 1257 1262
f 1266 1260 1257
f 1267 1258 1255
f 1267 1255 1264
f 1268 1269 1254
f 1268 1263 1259
f 1268 1254 1263
f 1268 1259 1265
f 1270 1260 1266
f 1270 1264 1260
f 1271 1261 1258
f 1271 1258 1267
f 1272 1262 178
f 1272 178 179
f 1273 1271 1267
f 1273 1267 1264
f 1273 1264 1270
f 1274 1265 1261
f 1274 1261 1271
f 1275 1266 1262
f 1275 1262 1272
f 1276 1271 1273
f 1277 1272 179
f 1278 1265 1274
f 1278 1269 1268
f 1278 1268 1265
f 1279 1266 1275
f 1279 1270 1266
f 1280 1274 1271
f 1280 1271 1276
f 1281 1275 1272
f 1281 1272 1277
f 1282 1270 1279
f 1282 1273 1270
f 1283 1284 1269
f 1283 1269 1278
f 1283 1278 1274
f 1283 1274 1280
f 1285 1279 1275
f 1285 1275 1281
f 1286 1276 1273
f 1286 1273 1282
f 1287 1286 1282
f 1287 1282 1279
f 1287 1279 1285
f 1288 1277 179
f 1288 179 182
f 1289 1280 1276
f 1289 1276 1286
f 1289 1283 1280
f 1290 1286 1287
f 1291 1277 1288
f 1291 1288 182
f 1291 1281 1277
f 1292 1283 1289
f 1292 1284 1283
f 1293 1286 1290
f 1293 1289 1286
f 1294 1285 1281
f 1294 1281 1291
f 1295 1289 1293
f 1295 1292 1289
f 1295 1284 1292
f 1295 1296 1284
f 1297 1287 1285
f 1297 1285 1294
f 1298 1290 1287
f 1298 1287 1297
f 1299 182 184
f 1300 1290 1298
f 1300 1293 1290
f 1301 1291 182
f 1301 1294 1291
f 1301 182 1299
f 1301 1299 184
f 1302 1295 1293
f 1302 1296 1295
f 1302 1293 1300
f 1303 1294 1301
f 1304 1294 1303
f 1304 1297 1294
f 1305 1297 1304
f 1305 1298 1297
f 1306 184 185
f 1307 1300 1298
f 1307 1298 1305
f 1308 1306 185
f 1308 1301 184
f 1308 184 1306
f 1309 1310 1296
f 1309 1300 1307
f 1309 1296 1302
f 1309 1302 1300
f 1311 1303 1301
f 1311 1304 1303
f 1311 1301 1308
f 1312 1304 1311
f 1313 1305 1304
f 1313 1304 1312
f 1313 1307 1305
f 1314 185 188
f 1315 1307 1313
f 1316 1308 185
f 1316 1314 188
f 1316 185 1314
f 1317 1318 1310
f 1317 1319 1318
f 1317 1310 1309
f 1317 1309 1307
f 1317 1307 1315
f 1320 1308 1316
f 1320 1311 1308
f 1321 1312 1311
f 1321 1311 1320
f 1322 1313 1312
f 1322 1312 1321
f 1323 188 189
f 1324 1313 1322
f 1324 1315 1313
f 1324 1317 1315
f 1325 1316 188
f 1325 188 1323
f 1326 1319 1317
f 1326 1317 1324
f 1327 1320 1316
f 1327 1316 1325
f 1327 1321 1320
f 1328 1321 1327
f 1328 1322 1321
f 1329 1322 1328
f 1330 189 192
f 1330 1323 189
f 1331 1324 1322
f 1331 1322 1329
f 1332 1323 1330
f 1332 1325 1323
f 1333 1319 1326
f 1333 1326 1324
f 1333 1324 1331
f 1333 1334 1319
f 1335 1327 1325
f 1335 1325 1332
f 1336 1327 1335
f 1336 1328 1327
f 1337 1329 1328
f 1337 1328 1336
f 1338 192 193
f 1338 1332 1330
f 1338 1330 192
f 1339 1331 1329
f 1339 1329 1337
f 1340 1332 1338
f 1341 1333 1331
f 1341 1334 1333
f 1341 1342 1334
f 1341 1343 1342
f 1341 1331 1339
f 1344 1336 1335
f 1344 1332 1340
f 1344 1335 1332
f 1345 1336 1344
f 1346 1337 1336
f 1346 1339 1337
f 1346 1336 1345
f 1347 1338 193
f 1347 193 195
f 1348 1341 1339
f 1348 1339 1346
f 1349 1340 1338
f 1349 1344 1340
f 1349 1338 1347
f 1350 1343 1341
f 1350 1341 1348
f 1351 1344 1349
f 1352 1345 1344
f 1352 1344 1351
f 1353 1346 1345
f 1353 1345 1352
f 1354 195 198
f 1354 1347 195
f 1355 1346 1353
f 1355 1348 1346
f 1356 1349 1347
f 1356 1347 1354
f 1357 1358 1343
f 1357 1343 1350
f 1357 1350 1348
f 1357 1348 1355
f 1359 1351 1349
f 1359 1352 1351
f 1359 1349 1356
f 1360 1352 1359
f 1361 1352 1360
f 1361 1353 1352
f 1361 1355 1353
f 1362 198 200
f 1362 200 201
f 1362 1356 1354
f 1362 1354 198
f 1363 1355 1361
f 1363 1357 1355
f 1364 1356 1362
f 1365 1357 1363
f 1365 1366 1358
f 1365 1358 1357
f 1367 1356 1364
f 1367 1359 1356
f 1368 1359 1367
f 1368 1360 1359
f 1369 1360 1368
f 1369 1361 1360
f 1370 1362 201
f 1371 1365 1363
f 1371 1361 1369
f 1371 1363 1361
f 1372 1364 1362
f 1372 1362 1370
f 1373 1366 1365
f 1373 1365 1371
f 1373 1374 1366
f 1375 1367 1364
f 1375 1368 1367
f 1375 1364 1372
f 1376 1368 1375
f 1377 1368 1376
f 1377 1369 1368
f 1378 201 204
f 1378 1370 201
f 1379 1371 1369
f 1379 1369 1377
f 1380 1370 1378
f 1380 1372 1370
f 1381 1373 1371
f 1381 1374 1373
f 1381 1382 1374
f 1381 1371 1379
f 1383 1375 1372
f 1383 1372 1380
f 1384 1376 1375
f 1384 1375 1383
f 1385 1377 1376
f 1385 1376 1384
f 1386 204 205
f 1386 1378 204
f 1387 1379 1377
f 1387 1381 1379
f 1387 1377 1385
f 1388 1380 1378
f 1388 1378 1386
f 1389 1390 1382
f 1389 1382 1381
f 1389 1381 1387
f 1391 1383 1380
f 1391 1384 1383
f 1391 1380 1388
f 1392 1384 1391
f 1392 1385 1384
f 1393 1387 1385
f 1393 1385 1392
f 1394 205 208
f 1394 1386 205
f 1395 1387 1393
f 1396 1388 1386
f 1396 1386 1394
f 1397 1398 1390
f 1397 1390 1389
f 1397 1395 1398
f 1397 1389 1387
f 1397 1387 1395
f 1399 1391 1388
f 1399 1388 1396
f 1399 1392 1391
f 1400 1392 1399
f 1401 1392 1400
f 1401 1393 1392
f 1401 1395 1393
f 1402 208 210
f 1402 1394 208
f 1402 1396 1394
f 1403 1395 1401
f 1403 1398 1395
f 1404 1396 1402
f 1405 1403 1406
f 1405 1398 1403
f 1405 1406 1398
f 1407 1399 1396
f 1407 1396 1404
f 1408 1399 1407
f 1408 1400 1399
f 1409 1401 1400
f 1409 1400 1408
f 1410 1402 210
f 1410 210 212
f 1410 1404 1402
f 1411 1401 1409
f 1411 1406 1403
f 1411 1403 1401
f 1412 1404 1410
f 1413 1406 1411
f 1413 1411 1414
f 1413 1414 1406
f 1415 1407 1404
f 1415 1404 1412
f 1416 1408 1407
f 1416 1407 1415
f 1417 1409 1408
f 1417 1408 1416
f 1418 212 213
f 1418 1410 212
f 1419 1411 1409
f 1419 1414 1411
f 1419 1409 1417
f 1420 1412 1410
f 1420 1410 1418
f 1421 213 215
f 1421 1418 213
f 1422 1414 1419
f 1422 1423 1414
f 1422 1419 1423
f 1424 1416 1415
f 1424 1412 1420
f 1424 1415 1412
f 1425 1420 1418
f 1425 1418 1421
f 1426 1416 1424
f 1427 1424 1420
f 1427 1420 1425
f 1428 1416 1426
f 1428 1417 1416
f 1428 1419 1417
f 1429 1421 215
f 1429 1425 1421
f 1430 1426 1424
f 1430 1424 1427
f 1431 1423 1419
f 1431 1419 1428
f 1432 1425 1429
f 1433 1428 1426
f 1433 1426 1430
f 1434 1429 215
f 1434 215 217
f 1435 1423 1431
f 1435 1436 1423
f 1437 1427 1425
f 1437 1425 1432
f 1438 1431 1428
f 1438 1428 1433
f 1438 1435 1431
f 1439 1429 1434
f 1439 1432 1429
f 1440 1427 1437
f 1440 1430 1427
f 1441 1435 1438
f 1441 1436 1435
f 1442 1437 1432
f 1442 1432 1439
f 1443 1430 1440
f 1443 1433 1430
f 1444 1434 217
f 1445 1440 1437
f 1445 1437 1442
f 1446 1441 1438
f 1446 1433 1443
f 1446 1438 1433
f 1447 1439 1434
f 1447 1434 1444
f 1448 1440 1445
f 1448 1443 1440
f 1448 1446 1443
f 1449 1444 217
f 1449 217 220
f 1449 1447 1444
f 1450 1436 1441
f 1450 1451 1436
f 1450 1441 1446
f 1452 1442 1439
f 1452 1445 1442
f 1452 1439 1447
f 1453 1446 1448
f 1454 1447 1449
f 1455 1445 1452
f 1456 1450 1446
f 1456 1446 1453
f 1456 1451 1450
f 1457 1452 1447
f 1457 1447 1454
f 1458 1448 1445
f 1458 1445 1455
f 1459 1449 220
f 1460 1455 1452
f 1460 1452 1457
f 1461 1453 1448
f 1461 1448 1458
f 1461 1456 1453
f 1462 1454 1449
f 1462 1449 1459
f 1463 1458 1455
f 1463 1455 1460
f 1464 1459 220
f 1464 220 221
f 1465 1466 1451
f 1465 1451 1456
f 1465 1456 1461
f 1467 1454 1462
f 1467 1457 1454
f 1468 1465 1461
f 1468 1461 1458
f 1468 1458 1463
f 1469 1459 1464
f 1469 1462 1459
f 1469 1467 1462
f 1470 1460 1457
f 1470 1457 1467
f 1471 1465 1468
f 1471 1466 1465
f 1472 1467 1469
f 1473 1463 1460
f 1473 1460 1470
f 1474 1464 221
f 1475 1470 1467
f 1475 1467 1472
f 1476 1468 1463
f 1476 1463 1473
f 1477 1464 1474
f 1477 1469 1464
f 1478 1473 1470
f 1478 1476 1473
f 1478 1470 1475
f 1479 221 224
f 1479 1474 221
f 1480 1468 1476
f 1480 1481 1466
f 1480 1471 1468
f 1480 1466 1471
f 1482 1472 1469
f 1482 1469 1477
f 1482 1475 1472
f 1483 1476 1478
f 1484 1474 1479
f 1484 1477 1474
f 1485 1475 1482
f 1486 1480 1476
f 1486 1481 1480
f 1486 1476 1483
f 1487 1477 1484
f 1487 1482 1477
f 1488 1478 1475
f 1488 1483 1478
f 1488 1475 1485
f 1489 1484 1479
f 1489 1479 224
f 1490 1485 1482
f 1490 1482 1487
f 1491 1483 1488
f 1492 1484 1489
f 1493 1488 1485
f 1493 1485 1490
f 1494 224 226
f 1494 1489 224
f 1495 1481 1486
f 1495 1486 1483
f 1495 1483 1491
f 1495 1496 1481
f 1497 1487 1484
f 1497 1490 1487
f 1497 1484 1492
f 1498 1491 1488
f 1498 1488 1493
f 1498 1495 1491
f 1499 1489 1494
f 1499 1492 1489
f 1500 1490 1497
f 1501 1496 1495
f 1501 1495 1498
f 1502 1497 1492
f 1502 1492 1499
f 1503 1493 1490
f 1503 1498 1493
f 1503 1490 1500
f 1504 1494 226
f 1505 1500 1497
f 1505 1497 1502
f 1506 1501 1498
f 1506 1498 1503
f 1507 1499 1494
f 1507 1494 1504
f 1508 1500 1505
f 1508 1503 1500
f 1509 226 228
f 1509 1507 1504
f 1509 1504 226
f 1510 1511 1496
f 1510 1496 1501
f 1510 1501 1506
f 1512 1502 1499
f 1512 1505 1502
f 1512 1499 1507
f 1513 1503 1508
f 1513 1506 1503
f 1514 1507 1509
f 1515 1505 1512
f 1516 1510 1506
f 1516 1506 1513
f 1516 1511 1510
f 1517 1507 1514
f 1517 1512 1507
f 1518 1508 1505
f 1518 1505 1515
f 1519 1509 228
f 1520 1515 1512
f 1520 1512 1517
f 1521 1508 1518
f 1521 1513 1508
f 1522 1514 1509
f 1522 1509 1519
f 1523 1515 1520
f 1523 1518 1515
f 1524 1513 1521
f 1524 1516 1513
f 1524 1511 1516
f 1524 1525 1511
f 1526 228 230
f 1526 1519 228
f 1527 1517 1514
f 1527 1514 1522
f 1528 1518 1523
f 1528 1521 1518
f 1529 1522 1519
f 1529 1519 1526
f 1530 1520 1517
f 1530 1517 1527
f 1530 1523 1520
f 1531 1521 1528
f 1531 1525 1524
f 1531 1524 1521
f 1532 1527 1522
f 1532 1522 1529
f 1533 1528 1523
f 1533 1523 1530
f 1534 1526 230
f 1535 1530 1527
f 1535 1527 1532
f 1536 1531 1528
f 1536 1528 1533
f 1537 1526 1534
f 1537 1529 1526
f 1538 1533 1530
f 1538 1530 1535
f 1539 1540 1525
f 1539 1525 1531
f 1539 1531 1536
f 1541 1532 1529
f 1541 1529 1537
f 1542 230 231
f 1542 1534 230
f 1543 1533 1538
f 1543 1536 1533
f 1544 1535 1532
f 1544 1532 1541
f 1544 1538 1535
f 1545 1537 1534
f 1545 1534 1542
f 1546 1540 1539
f 1546 1539 1536
f 1546 1536 1543
f 1547 1538 1544
f 1548 1542 231
f 1549 1537 1545
f 1549 1541 1537
f 1550 1538 1547
f 1550 1543 1538
f 1551 1542 1548
f 1551 1545 1542
f 1552 1541 1549
f 1552 1544 1541
f 1553 1546 1543
f 1553 1554 1540
f 1553 1543 1550
f 1553 1540 1546
f 1555 1545 1551
f 1555 1549 1545
f 1556 1550 1547
f 1556 1544 1552
f 1556 1547 1544
f 1557 231 234
f 1557 1548 231
f 1558 1549 1555
f 1558 1552 1549
f 1559 1550 1556
f 1560 1551 1548
f 1560 1548 1557
f 1561 1556 1552
f 1561 1552 1558
f 1562 1560 1557
f 1562 1557 234
f 1563 1553 1550
f 1563 1554 1553
f 1563 1550 1559
f 1564 1555 1551
f 1564 1551 1560
f 1565 1559 1556
f 1565 1556 1561
f 1565 1563 1559
f 1566 1564 1560
f 1566 1560 1562
f 1567 1558 1555
f 1567 1555 1564
f 1568 1554 1563
f 1568 1569 1554
f 1568 1563 1565
f 1570 1567 1564
f 1570 1564 1566
f 1571 1558 1567
f 1571 1561 1558
f 1572 234 236
f 1572 1562 234
f 1572 1566 1562
f 1573 1567 1570
f 1574 1565 1561
f 1574 1561 1571
f 1575 1566 1572
f 1576 1567 1573
f 1576 1571 1567
f 1577 1572 236
f 1578 1569 1568
f 1578 1568 1565
f 1578 1565 1574
f 1579 1570 1566
f 1579 1566 1575
f 1580 1574 1571
f 1580 1571 1576
f 1580 1578 1574
f 1581 1575 1572
f 1581 1572 1577
f 1582 1573 1570
f 1582 1570 1579
f 1583 1569 1578
f 1583 1584 1569
f 1583 1578 1580
f 1585 1579 1575
f 1585 1575 1581
f 1586 1573 1582
f 1586 1576 1573
f 1587 236 237
f 1587 1577 236
f 1588 1579 1585
f 1588 1582 1579
f 1589 1580 1576
f 1589 1576 1586
f 1589 1583 1580
f 1590 1581 1577
f 1590 1577 1587
f 1591 1582 1588
f 1591 1586 1582
f 1592 1587 237
f 1593 1584 1583
f 1593 1583 1589
f 1594 1585 1581
f 1594 1581 1590
f 1595 1589 1586
f 1595 1586 1591
f 1596 1587 1592
f 1596 1590 1587
f 1597 1585 1594
f 1597 1588 1585
f 1598 1584 1593
f 1598 1589 1595
f 1598 1593 1589
f 1598 1599 1584
f 1600 1594 1590
f 1600 1590 1596
f 1601 1591 1588
f 1601 1588 1597
f 1602 237 239
f 1602 1596 1592
f 1602 1592 237
f 1603 1594 1600
f 1603 1597 1594
f 1604 1595 1591
f 1604 1591 1601
f 1604 1598 1595
f 1605 1596 1602
f 1606 1601 1597
f 1606 1597 1603
f 1607 1602 239
f 1608 1599 1598
f 1608 1598 1604
f 1609 1600 1596
f 1609 1596 1605
f 1610 1604 1601
f 1610 1601 1606
f 1610 1608 1604
f 1611 1605 1602
f 1611 1602 1607
f 1612 1606 1603
f 1612 1603 1600
f 1612 1600 1609
f 1613 1614 1599
f 1613 1599 1608
f 1613 1608 1610
f 1615 1609 1605
f 1615 1605 1611
f 1616 1606 1612
f 1617 239 241
f 1617 1607 239
f 1618 1612 1609
f 1618 1609 1615
f 1619 1610 1606
f 1619 1606 1616
f 1620 1607 1617
f 1620 1611 1607
f 1621 1612 1618
f 1621 1616 1612
f 1622 1617 241
f 1623 1610 1619
f 1623 1614 1613
f 1623 1613 1610
f 1624 1611 1620
f 1624 1618 1615
f 1624 1615 1611
f 1625 1616 1621
f 1625 1619 1616
f 1626 1617 1622
f 1626 1620 1617
f 1627 1618 1624
f 1628 1623 1619
f 1628 1614 1623
f 1628 1619 1625
f 1628 1629 1614
f 1630 1620 1626
f 1630 1624 1620
f 1631 1618 1627
f 1631 1621 1618
f 1632 1626 1622
f 1632 1622 241
f 1632 241 244
f 1633 1627 1624
f 1633 1624 1630
f 1634 1625 1621
f 1634 1621 1631
f 1634 1628 1625
f 1635 1626 1632
f 1636 1631 1627
f 1636 1627 1633
f 1637 1635 1632
f 1637 1632 244
f 1638 1629 1628
f 1638 1628 1634
f 1639 1630 1626
f 1639 1626 1635
f 1640 1634 1631
f 1640 1631 1636
f 1641 1635 1637
f 1642 1633 1630
f 1642 1630 1639
f 1643 1629 1638
f 1643 1638 1634
f 1643 1634 1640
f 1643 1644 1629
f 1645 1642 1639
f 1645 1639 1635
f 1645 1635 1641
f 1646 1636 1633
f 1646 1633 1642
f 1647 1642 1645
f 1647 1646 1642
f 1648 244 245
f 1648 1637 244
f 1649 1640 1636
f 1649 1636 1646
f 1650 1646 1647
f 1651 1637 1648
f 1651 1641 1637
f 1651 1648 245
f 1652 1643 1640
f 1652 1644 1643
f 1652 1640 1649
f 1653 1649 1646
f 1653 1646 1650
f 1653 1652 1649
f 1654 1641 1651
f 1654 1645 1641
f 1655 1656 1644
f 1655 1644 1652
f 1655 1652 1653
f 1657 1645 1654
f 1657 1647 1645
f 1657 1650 1647
f 1658 1650 1657
f 1659 245 247
f 1660 1653 1650
f 1660 1655 1653
f 1660 1650 1658
f 1661 1659 247
f 1661 1651 245
f 1661 245 1659
f 1661 1654 1651
f 1662 1655 1660
f 1662 1656 1655
f 1663 1654 1661
f 1664 1654 1663
f 1664 1657 1654
f 1665 1658 1657
f 1665 1657 1664
f 1665 1660 1658
f 1666 247 249
f 1667 1660 1665
f 1668 247 1666
f 1668 1661 247
f 1668 1666 249
f 1669 1662 1660
f 1669 1656 1662
f 1669 1660 1667
f 1669 1670 1656
f 1669 1671 1670
f 1672 1663 1661
f 1672 1664 1663
f 1672 1661 1668
f 1673 1664 1672
f 1674 1665 1664
f 1674 1664 1673
f 1675 249 252
f 1676 1667 1665
f 1676 1665 1674
f 1676 1669 1667
f 1677 1668 249
f 1677 1675 252
f 1677 249 1675
f 1678 1671 1669
f 1678 1669 1676
f 1679 1672 1668
f 1679 1668 1677
f 1680 1673 1672
f 1680 1672 1679
f 1681 1674 1673
f 1681 1673 1680
f 1682 252 253
f 1683 1676 1674
f 1683 1674 1681
f 1684 1677 252
f 1684 252 1682
f 1685 1671 1678
f 1685 1686 1671
f 1685 1687 1686
f 1685 1678 1676
f 1685 1676 1683
f 1688 1679 1677
f 1688 1680 1679
f 1688 1677 1684
f 1689 1680 1688
f 1690 1681 1680
f 1690 1680 1689
f 1691 253 255
f 1691 1682 253
f 1691 1684 1682
f 1692 1683 1681
f 1692 1685 1683
f 1692 1681 1690
f 1693 1684 1691
f 1694 1685 1692
f 1694 1687 1685
f 1695 1688 1684
f 1695 1684 1693
f 1696 1688 1695
f 1696 1689 1688
f 1697 1692 1690
f 1697 1689 1696
f 1697 1690 1689
f 1698 255 257
f 1698 1691 255
f 1699 1692 1697
f 1700 1691 1698
f 1700 1693 1691
f 1700 1695 1693
f 1701 1692 1699
f 1701 1694 1692
f 1701 1687 1694
f 1701 1702 1687
f 1701 1703 1702
f 1704 1696 1695
f 1704 1695 1700
f 1705 1696 1704
f 1706 1697 1696
f 1706 1696 1705
f 1706 1699 1697
f 1707 257 259
f 1707 261 264
f 1707 1698 257
f 1707 259 261
f 1708 1699 1706
f 1709 1700 1698
f 1709 1707 264
f 1709 1698 1707
f 1710 1703 1701
f 1710 1699 1708
f 1710 1701 1699
f 1711 1709 264
f 1711 1700 1709
f 1711 1704 1700
f 1711 264 266
f 1712 1704 1711
f 1712 1705 1704
f 1712 266 268
f 1712 1711 266
f 1713 1706 1705
f 1713 268 269
f 1713 1705 1712
f 1713 1712 268
f 1714 1708 1706
f 1714 269 273
f 1714 1713 269
f 1714 1706 1713
f 1715 1703 1710
f 1715 273 276
f 1715 276 277
f 1715 1710 1708
f 1715 1708 1714
f 1715 1714 273
f 1715 1716 1703
f 1715 277 1716
f 162 159 163
f 166 170 167
f 158 155 159
f 170 173 171
f 159 154 163
f 166 154 170
f 155 154 159
f 170 154 173
f 163 154 166
f 154 176 173
f 176 183 177
f 177 183 180
f 180 183 181
f 142 140 144
f 144 140 145
f 145 140 147
f 147 140 150
f 150 140 152
f 154 194 176
f 176 194 183
f 152 194 154
f 183 194 186
f 186 194 187
f 187 194 190
f 190 194 191
f 133 132 136
f 136 132 137
f 129 128 132
f 194 202 196
f 196 202 197
f 197 202 199
f 132 125 137
f 128 125 132
f 125 123 137
f 202 206 203
f 123 122 137
f 137 122 140
f 202 207 206
f 202 209 207
f 120 118 122
f 122 115 140
f 118 115 122
f 211 216 214
f 115 112 140
f 114 112 115
f 140 112 152
f 209 218 211
f 211 218 216
f 112 110 152
f 194 219 202
f 202 219 209
f 209 219 218
f 107 106 110
f 219 225 222
f 222 225 223
f 225 232 227
f 227 232 229
f 219 232 225
f 97 96 100
f 233 238 235
f 92 90 93
f 233 240 238
f 106 88 110
f 110 88 152
f 93 88 96
f 100 88 101
f 101 88 104
f 104 88 106
f 96 88 100
f 90 88 93
f 152 88 194
f 232 243 233
f 240 243 242
f 233 243 240
f 84 82 86
f 86 82 88
f 246 250 248
f 79 77 82
f 82 77 88
f 77 76 88
f 243 254 246
f 250 254 251
f 194 254 219
f 219 254 232
f 232 254 243
f 88 254 194
f 246 254 250
f 76 69 88
f 72 69 74
f 74 69 76
f 256 260 258
f 256 3 260
f 67 66 69
f 88 4 254
f 256 4 3
f 254 4 256
f 4 7 6
f 62 60 64
f 4 10 7
f 4 12 10
f 4 14 12
f 66 54 69
f 56 54 57
f 57 54 60
f 64 54 66
f 60 54 64
f 54 51 69
f 14 18 16
f 4 18 14
f 18 22 19
f 47 46 50
f 88 24 4
f 4 24 18
f 18 24 22
f 50 44 51
f 51 44 69
f 46 44 50
f 24 28 26
f 41 40 44
f 69 37 88
f 88 37 24
f 44 37 69
f 40 37 44
f 28 32 30
f 36 34 37
f 37 34 24
f 24 34 28
f 28 34 32
f 1717 991 1006
f 1717 1006 1014
f 1717 1014 1022
f 1717 1022 1030
f 1717 1030 1038
f 1717 1038 1046
f 1717 1046 1054
f 1717 1054 1063
f 1717 1063 1076
f 1717 1076 1091
f 1717 1091 1106
f 1717 1106 1121
f 1717 1121 1136
f 1717 1136 1151
f 1717 1151 1165
f 1717 1165 1179
f 1717 1179 1194
f 1717 1194 1209
f 1717 1209 1224
f 1717 1224 1239
f 1717 1239 1254
f 1717 1254 1269
f 1717 1269 1284
f 1717 1284 1296
f 1717 1296 1310
f 1717 1310 1318
f 1717 1318 1319
f 1717 1319 1334
f 1717 1334 1342
f 1717 1342 1343
f 1717 1343 1358
f 1718 1406 1414
f 1718 1414 1423
f 1718 1423 1436
f 1718 1436 1451
f 1718 1451 1466
f 1718 1717 1358
f 1718 1466 1481
f 1718 1481 1496
f 1718 1496 1511
f 1718 1511 1525
f 1718 1358 1366
f 1718 1366 1374
f 1718 1374 1382
f 1718 1382 1390
f 1718 1390 1398
f 1718 1398 1406
f 1540 1718 1525
f 1554 1718 1540
f 1719 812 826
f 1719 826 841
f 1719 841 856
f 1719 856 871
f 1719 871 886
f 1719 886 901
f 1719 901 916
f 1719 916 928
f 1719 928 935
f 1719 935 950
f 1719 950 951
f 1719 951 959
f 1719 959 967
f 1719 967 982
f 1719 982 983
f 1719 983 991
f 1719 991 1717
f 797 812 1719
f 1569 1718 1554
f 783 797 1719
f 1584 1718 1569
f 768 783 1719
f 1599 1718 1584
f 753 768 1719
f 1614 1718 1599
f 738 753 1719
f 1629 1718 1614
f 723 738 1719
f 1644 1718 1629
f 708 723 1719
f 1656 1718 1644
f 695 708 1719
f 1670 1718 1656
f 686 695 1719
f 1671 1718 1670
f 678 686 1719
f 1686 1718 1671
f 670 678 1719
f 1687 1718 1686
f 662 670 1719
f 1702 1718 1687
f 654 662 1719
f 1703 1718 1702
f 646 654 1719
f 1716 1718 1703
f 638 646 1719
f 638 1719 1720
f 277 1718 1716
f 277 1720 1718
f 630 638 1720
f 278 1720 277
f 622 630 1720
f 286 1720 278
f 614 622 1720
f 294 1720 286
f 606 614 1720
f 302 1720 294
f 598 606 1720
f 310 1720 302
f 590 598 1720
f 318 1720 310
f 582 590 1720
f 326 1720 318
f 568 582 1720
f 335 1720 326
f 556 568 1720
f 348 1720 335
f 541 556 1720
f 363 1720 348
f 526 541 1720
f 378 1720 363
f 511 526 1720
f 393 1720 378
f 496 511 1720
f 408 1720 393
f 481 496 1720
f 423 1720 408
f 466 481 1720
f 437 1720 423
f 451 466 1720
f 451 1720 437
f 1718 1721 1717
f 1717 1721 1722
f 1721 1718 1720
f 1721 1720 1723
f 1723 1720 1719
f 1723 1719 1724
f 1717 1722 1719
f 1719 1722 1724
f 1723 1724 1722
f 1723 1722 1721
o Cabinet
usemtl mat_Cabinet
v -190.0000 167.0000 175.0000
v -190.0000 -167.0000 175.0000
v -190.0000 167.0000 471.0000
v -190.0000 -167.0000 471.0000
v -185.8995 -176.8995 175.0000
v -182.3559 -179.4741 175.0000
v -184.2290 -178.3262 175.0000
v -188.4741 -173.3559 175.0000
v -189.3148 -171.3262 175.0000
v -187.3262 -175.2290 175.0000
v -189.8276 -169.1901 175.0000
v -176.0000 -181.0000 175.0000
v -180.3262 -180.3148 175.0000
v -178.1901 -180.8276 175.0000
v -189.8276 169.1901 175.0000
v -188.4741 173.3559 175.0000
v -189.3148 171.3262 175.0000
v -187.3262 175.2290 175.0000
v -184.2290 178.3262 175.0000
v -185.8995 176.8995 175.0000
v -182.3559 179.4741 175.0000
v 176.0000 -181.0000 175.0000
v 180.3262 -180.3148 175.0000
v 178.1901 -180.8276 175.0000
v -180.3262 180.3148 175.0000
v -178.1901 180.8276 175.0000
v -176.0000 181.0000 175.0000
v 184.2290 -178.3262 175.0000
v 182.3559 -179.4741 175.0000
v 187.3262 -175.2290 175.0000
v 185.8995 -176.8995 175.0000
v 188.4741 -173.3559 175.0000
v 189.3148 -171.3262 175.0000
v 190.0000 -167.0000 175.0000
v 189.8276 -169.1901 175.0000
v 176.0000 181.0000 175.0000
v 190.0000 167.0000 175.0000
v 178.1901 180.8276 175.0000
v 180.3262 180.3148 175.0000
v 184.2290 178.3262 175.0000
v 182.3559 179.4741 175.0000
v 187.3262 175.2290 175.0000
v 189.8276 169.1901 175.0000
v 189.3148 171.3262 175.0000
v 188.4741 173.3559 175.0000
v 185.8995 176.8995 175.0000
v -189.8276 -169.1901 471.0000
v -189.3148 -171.3262 471.0000
v -188.4741 -173.3559 471.0000
v -187.3262 -175.2290 471.0000
v -185.8995 -176.8995 471.0000
v -184.2290 -178.3262 471.0000
v -182.3559 -179.4741 471.0000
v -180.3262 -180.3148 471.0000
v -178.1901 -180.8276 471.0000
v -176.0000 -181.0000 471.0000
v -189.8276 169.1901 471.0000
v -189.3148 171.3262 471.0000
v -188.4741 173.3559 471.0000
v -187.3262 175.2290 471.0000
v -185.8995 176.8995 471.0000
v -184.2290 178.3262 471.0000
v -182.3559 179.4741 471.0000
v -180.3262 180.3148 471.0000
v -178.1901 180.8276 471.0000
v -176.0000 181.0000 471.0000
v -189.8276 -167.0000 473.1901
v -189.8276 167.0000 473.1901
v -189.3148 -167.0000 475.3262
v -189.3148 167.0000 475.3262
v -188.4741 -167.0000 477.3559
v -188.4741 167.0000 477.3559
v -187.3262 -167.0000 479.2290
v -187.3262 167.0000 479.2290
v -185.8995 -167.0000 480.8995
v -185.8995 167.0000 480.8995
v -184.2290 167.0000 482.3262
v -184.2290 -167.0000 482.3262
v -182.3559 -167.0000 483.4741
v -182.3559 167.0000 483.4741
v -180.3262 167.0000 484.3148
v -180.3262 -167.0000 484.3148
v -178.1901 167.0000 484.8276
v -178.1901 -167.0000 484.8276
v -176.0000 -167.0000 485.0000
v -176.0000 167.0000 485.0000
v 176.0000 -181.0000 471.0000
v -170.0000 181.0000 193.0000
v -170.0000 181.0000 471.0000
v 170.0000 181.0000 193.0000
v 176.0000 181.0000 471.0000
v 170.0000 181.0000 471.0000
v 189.8276 -169.1901 471.0000
v 190.0000 -167.0000 471.0000
v 189.3148 -171.3262 471.0000
v 188.4741 -173.3559 471.0000
v 187.3262 -175.2290 471.0000
v 185.8995 -176.8995 471.0000
v 184.2290 -178.3262 471.0000
v 182.3559 -179.4741 471.0000
v 180.3262 -180.3148 471.0000
v 178.1901 -180.8276 471.0000
v 189.8276 169.1901 471.0000
v 190.0000 167.0000 471.0000
v 189.3148 171.3262 471.0000
v 188.4741 173.3559 471.0000
v 187.3262 175.2290 471.0000
v 185.8995 176.8995 471.0000
v 184.2290 178.3262 471.0000
v 182.3559 179.4741 471.0000
v 180.3262 180.3148 471.0000
v 178.1901 180.8276 471.0000
v -178.1833 -167.1718 484.8276
v -178.1296 -167.5113 484.8276
v -178.0234 -167.8381 484.8276
v -180.2730 -167.6768 484.3148
v -177.8674 -168.1443 484.8276
v -180.1145 -168.3369 484.3148
v -182.3363 -167.4987 483.4741
v -177.6653 -168.4223 484.8276
v -179.8547 -168.9641 484.3148
v -182.1803 -168.4837 483.4741
v -177.4223 -168.6653 484.8276
v -179.5000 -169.5429 484.3148
v -181.8721 -169.4323 483.4741
v -184.1277 -168.2873 482.3262
v -177.1443 -168.8674 484.8276
v -179.0591 -170.0591 484.3148
v -181.4193 -170.3209 483.4741
v -183.8262 -169.5429 482.3262
v -176.8381 -169.0234 484.8276
v -185.8690 -167.7767 480.8995
v -178.5429 -170.5000 484.3148
v -180.8330 -171.1278 483.4741
v -183.3321 -170.7359 482.3262
v -176.5113 -169.1296 484.8276
v -185.6260 -169.3110 480.8995
v -177.9641 -170.8547 484.3148
v -180.1278 -171.8330 483.4741
v -182.6574 -171.8369 482.3262
v -176.1718 -169.1833 484.8276
v -176.0000 -169.1901 484.8276
v -176.0000 -171.3262 484.3148
v -185.1459 -170.7884 480.8995
v -177.3369 -171.1145 484.3148
v -187.1868 -168.7718 479.2290
v -179.3209 -172.4193 483.4741
v -181.8188 -172.8188 482.3262
v -184.4407 -172.1725 480.8995
v -176.6768 -171.2730 484.3148
v -186.7719 -170.5000 479.2290
v -178.4323 -172.8721 483.4741
v -188.4356 -167.9787 477.3559
v -180.8369 -173.6574 482.3262
v -183.5276 -173.4292 480.8995
v -186.0918 -172.1420 479.2290
v -177.4837 -173.1803 483.4741
v -188.1294 -169.9120 477.3559
v -179.7359 -174.3321 482.3262
v -182.4292 -174.5276 480.8995
v -185.1631 -173.6574 479.2290
v -176.4987 -173.3363 483.4741
v -176.0000 -173.3559 483.4741
v -176.0000 -175.2290 482.3262
v -187.5246 -171.7736 477.3559
v -178.5429 -174.8262 482.3262
v -189.1509 -169.0829 475.3262
v -181.1725 -175.4407 480.8995
v -184.0089 -175.0089 479.2290
v -186.6359 -173.5177 477.3559
v -177.2873 -175.1277 482.3262
v -188.6631 -171.1145 475.3262
v -179.7884 -176.1459 480.8995
v -189.7850 -168.0849 473.1901
v -182.6574 -176.1631 479.2290
v -185.4854 -175.1013 477.3559
v -187.8636 -173.0448 475.3262
v -178.3110 -176.6260 480.8995
v -189.4456 -170.2280 473.1901
v -181.1420 -177.0918 479.2290
v -184.1013 -176.4854 477.3559
v -186.7719 -174.8262 475.3262
v -176.7767 -176.8690 480.8995
v -176.0000 -176.8995 480.8995
v -176.0000 -178.3262 479.2290
v -188.7751 -172.2916 473.1901
v -179.5000 -177.7719 479.2290
v -182.5177 -177.6359 477.3559
v -185.4150 -176.4150 475.3262
v -187.7900 -174.2249 473.1901
v -177.7718 -178.1868 479.2290
v -180.7736 -178.5246 477.3559
v -183.8262 -177.7719 475.3262
v -186.5146 -175.9803 473.1901
v -178.9120 -179.1294 477.3559
v -182.0448 -178.8636 475.3262
v -184.9803 -177.5146 473.1901
v -176.9787 -179.4356 477.3559
v -176.0000 -179.4741 477.3559
v -176.0000 -180.3148 475.3262
v -180.1145 -179.6631 475.3262
v -183.2249 -178.7900 473.1901
v -178.0829 -180.1509 475.3262
v -181.2916 -179.7751 473.1901
v -179.2280 -180.4456 473.1901
v -177.0849 -180.7850 473.1901
v -176.0000 -180.8276 473.1901
v -178.1833 180.8276 471.1718
v -178.1296 180.8276 471.5113
v -178.0234 180.8276 471.8381
v -180.2730 180.3148 471.6768
v -177.8674 180.8276 472.1443
v -180.1145 180.3148 472.3369
v -182.3363 179.4741 471.4987
v -177.6653 180.8276 472.4223
v -179.8547 180.3148 472.9641
v -182.1803 179.4741 472.4837
v -177.4223 180.8276 472.6653
v -179.5000 180.3148 473.5429
v -181.8721 179.4741 473.4323
v -184.1277 178.3262 472.2873
v -177.1443 180.8276 472.8673
v -179.0591 180.3148 474.0591
v -181.4193 179.4741 474.3209
v -183.8262 178.3262 473.5429
v -176.8381 180.8276 473.0234
v -185.8690 176.8995 471.7767
v -178.5429 180.3148 474.5000
v -180.8330 179.4741 475.1278
v -183.3321 178.3262 474.7359
v -176.5113 180.8276 473.1296
v -185.6260 176.8995 473.3110
v -177.9641 180.3148 474.8547
v -180.1278 179.4741 475.8330
v -182.6574 178.3262 475.8369
v -176.1718 180.8276 473.1833
v -176.0000 180.8276 473.1901
v -176.0000 180.3148 475.3262
v -185.1459 176.8995 474.7884
v -177.3369 180.3148 475.1145
v -187.1868 175.2290 472.7718
v -179.3209 179.4741 476.4193
v -181.8188 178.3262 476.8188
v -184.4407 176.8995 476.1725
v -176.6768 180.3148 475.2730
v -186.7719 175.2290 474.5000
v -178.4323 179.4741 476.8721
v -188.4356 173.3559 471.9787
v -180.8369 178.3262 477.6574
v -183.5276 176.8995 477.4292
v -186.0918 175.2290 476.1420
v -177.4837 179.4741 477.1803
v -188.1294 173.3559 473.9120
v -179.7359 178.3262 478.3321
v -182.4292 176.8995 478.5276
v -185.1631 175.2290 477.6574
v -176.4987 179.4741 477.3363
v -176.0000 179.4741 477.3559
v -176.0000 178.3262 479.2290
v -187.5246 173.3559 475.7736
v -178.5429 178.3262 478.8262
v -189.1509 171.3262 473.0829
v -181.1725 176.8995 479.4407
v -184.0089 175.2290 479.0089
v -186.6359 173.3559 477.5177
v -177.2873 178.3262 479.1277
v -188.6631 171.3262 475.1145
v -179.7884 176.8995 480.1459
v -189.7850 169.1901 472.0849
v -182.6574 175.2290 480.1631
v -185.4854 173.3559 479.1013
v -187.8636 171.3262 477.0448
v -178.3110 176.8995 480.6260
v -189.4456 169.1901 474.2280
v -181.1420 175.2290 481.0918
v -184.1013 173.3559 480.4854
v -186.7719 171.3262 478.8262
v -176.7767 176.8995 480.8690
v -176.0000 176.8995 480.8995
v -176.0000 175.2290 482.3262
v -188.7751 169.1901 476.2916
v -179.5000 175.2290 481.7719
v -182.5177 173.3559 481.6359
v -185.4150 171.3262 480.4150
v -187.7900 169.1901 478.2249
v -177.7718 175.2290 482.1868
v -180.7736 173.3559 482.5246
v -183.8262 171.3262 481.7719
v -186.5146 169.1901 479.9803
v -178.9120 173.3559 483.1294
v -182.0448 171.3262 482.8636
v -184.9803 169.1901 481.5146
v -176.9787 173.3559 483.4356
v -176.0000 173.3559 483.4741
v -176.0000 171.3262 484.3148
v -180.1145 171.3262 483.6631
v -183.2249 169.1901 482.7900
v -178.0829 171.3262 484.1509
v -181.2916 169.1901 483.7751
v -179.2280 169.1901 484.4456
v -177.0849 169.1901 484.7850
v -176.0000 169.1901 484.8276
v -132.0000 -141.0000 485.0000
v -150.0000 -141.0000 485.0000
v -128.0000 -141.0000 485.0000
v -110.0000 -141.0000 485.0000
v -106.0000 -141.0000 485.0000
v -88.0000 -141.0000 485.0000
v -84.0000 -141.0000 485.0000
v -66.0000 -141.0000 485.0000
v -62.0000 -141.0000 485.0000
v -44.0000 -141.0000 485.0000
v -40.0000 -141.0000 485.0000
v -150.0000 -21.0000 485.0000
v -22.0000 -141.0000 485.0000
v -128.0000 -21.0000 485.0000
v -132.0000 -21.0000 485.0000
v -106.0000 -21.0000 485.0000
v -110.0000 -21.0000 485.0000
v -84.0000 -21.0000 485.0000
v -88.0000 -21.0000 485.0000
v -62.0000 -21.0000 485.0000
v -66.0000 -21.0000 485.0000
v -40.0000 -21.0000 485.0000
v -44.0000 -21.0000 485.0000
v -22.0000 -21.0000 485.0000
v 30.0000 -21.0000 485.0000
v 30.0000 -141.0000 485.0000
v 176.0000 -167.0000 485.0000
v 52.0000 -141.0000 485.0000
v 48.0000 -141.0000 485.0000
v 74.0000 -141.0000 485.0000
v 70.0000 -141.0000 485.0000
v 96.0000 -141.0000 485.0000
v 92.0000 -141.0000 485.0000
v 118.0000 -141.0000 485.0000
v 114.0000 -141.0000 485.0000
v 140.0000 -141.0000 485.0000
v 136.0000 -141.0000 485.0000
v 158.0000 -141.0000 485.0000
v 52.0000 -21.0000 485.0000
v 48.0000 -21.0000 485.0000
v 74.0000 -21.0000 485.0000
v 70.0000 -21.0000 485.0000
v 96.0000 -21.0000 485.0000
v 92.0000 -21.0000 485.0000
v 118.0000 -21.0000 485.0000
v 114.0000 -21.0000 485.0000
v 140.0000 -21.0000 485.0000
v 136.0000 -21.0000 485.0000
v 158.0000 -21.0000 485.0000
v 176.0000 167.0000 485.0000
v 176.0000 -180.8276 473.1901
v 176.0000 -180.3148 475.3262
v 176.0000 -179.4741 477.3559
v 176.0000 -178.3262 479.2290
v 176.0000 -176.8995 480.8995
v 176.0000 -175.2290 482.3262
v 176.0000 -173.3559 483.4741
v 176.0000 -171.3262 484.3148
v 176.0000 -169.1901 484.8276
v -170.0000 180.9840 471.6687
v -170.0000 180.9361 472.3359
v -170.0000 180.8564 473.0000
v 170.0000 180.9840 471.6687
v 170.0000 180.9361 472.3359
v 176.0000 180.8276 473.1901
v 170.0000 180.8564 473.0000
v 176.0000 180.3148 475.3262
v 176.0000 179.4741 477.3559
v 176.0000 178.3262 479.2290
v 176.0000 176.8995 480.8995
v 176.0000 175.2290 482.3262
v 176.0000 173.3559 483.4741
v 176.0000 171.3262 484.3148
v 176.0000 169.1901 484.8276
v 170.0000 167.0000 193.0000
v 170.0000 167.0000 473.0000
v -170.0000 167.0000 193.0000
v -170.0000 167.0000 473.0000
v 178.1833 -167.1718 484.8276
v 178.1901 -167.0000 484.8276
v 180.3262 -167.0000 484.3148
v 178.1296 -167.5113 484.8276
v 178.0234 -167.8381 484.8276
v 180.2730 -167.6768 484.3148
v 177.8674 -168.1443 484.8276
v 180.1145 -168.3369 484.3148
v 182.3363 -167.4987 483.4741
v 182.3559 -167.0000 483.4741
v 184.2290 -167.0000 482.3262
v 177.6653 -168.4223 484.8276
v 179.8547 -168.9641 484.3148
v 182.1803 -168.4837 483.4741
v 177.4223 -168.6653 484.8276
v 179.5000 -169.5429 484.3148
v 181.8721 -169.4323 483.4741
v 184.1277 -168.2873 482.3262
v 177.1443 -168.8674 484.8276
v 179.0591 -170.0591 484.3148
v 181.4193 -170.3209 483.4741
v 183.8262 -169.5429 482.3262
v 176.8381 -169.0234 484.8276
v 185.8690 -167.7767 480.8995
v 185.8995 -167.0000 480.8995
v 187.3262 -167.0000 479.2290
v 178.5429 -170.5000 484.3148
v 180.8330 -171.1278 483.4741
v 183.3321 -170.7359 482.3262
v 176.5113 -169.1296 484.8276
v 185.6260 -169.3110 480.8995
v 177.9641 -170.8547 484.3148
v 180.1278 -171.8330 483.4741
v 182.6574 -171.8369 482.3262
v 176.1718 -169.1833 484.8276
v 185.1459 -170.7884 480.8995
v 177.3369 -171.1145 484.3148
v 187.1868 -168.7718 479.2290
v 179.3209 -172.4193 483.4741
v 181.8188 -172.8188 482.3262
v 184.4407 -172.1725 480.8995
v 176.6768 -171.2730 484.3148
v 186.7719 -170.5000 479.2290
v 178.4323 -172.8721 483.4741
v 188.4356 -167.9787 477.3559
v 188.4741 -167.0000 477.3559
v 189.3148 -167.0000 475.3262
v 180.8369 -173.6574 482.3262
v 183.5276 -173.4292 480.8995
v 186.0918 -172.1420 479.2290
v 177.4837 -173.1803 483.4741
v 188.1294 -169.9120 477.3559
v 179.7359 -174.3321 482.3262
v 182.4292 -174.5276 480.8995
v 185.1631 -173.6574 479.2290
v 176.4987 -173.3363 483.4741
v 187.5246 -171.7736 477.3559
v 178.5429 -174.8262 482.3262
v 189.1509 -169.0829 475.3262
v 181.1725 -175.4407 480.8995
v 184.0089 -175.0089 479.2290
v 186.6359 -173.5177 477.3559
v 177.2873 -175.1277 482.3262
v 188.6631 -171.1145 475.3262
v 179.7884 -176.1459 480.8995
v 189.7850 -168.0849 473.1901
v 189.8276 -167.0000 473.1901
v 182.6574 -176.1631 479.2290
v 185.4854 -175.1013 477.3559
v 187.8636 -173.0448 475.3262
v 178.3110 -176.6260 480.8995
v 189.4456 -170.2280 473.1901
v 181.1420 -177.0918 479.2290
v 184.1013 -176.4854 477.3559
v 186.7719 -174.8262 475.3262
v 176.7767 -176.8690 480.8995
v 188.7751 -172.2916 473.1901
v 179.5000 -177.7719 479.2290
v 182.5177 -177.6359 477.3559
v 185.4150 -176.4150 475.3262
v 187.7900 -174.2249 473.1901
v 177.7718 -178.1868 479.2290
v 180.7736 -178.5246 477.3559
v 183.8262 -177.7719 475.3262
v 186.5146 -175.9803 473.1901
v 178.9120 -179.1294 477.3559
v 182.0448 -178.8636 475.3262
v 184.9803 -177.5146 473.1901
v 176.9787 -179.4356 477.3559
v 180.1145 -179.6631 475.3262
v 183.2249 -178.7900 473.1901
v 178.0829 -180.1509 475.3262
v 181.2916 -179.7751 473.1901
v 179.2280 -180.4456 473.1901
v 177.0849 -180.7850 473.1901
v 178.1833 180.8276 471.1718
v 178.1296 180.8276 471.5113
v 178.0234 180.8276 471.8381
v 180.2730 180.3148 471.6768
v 177.8674 180.8276 472.1443
v 180.1145 180.3148 472.3369
v 182.3363 179.4741 471.4987
v 177.6653 180.8276 472.4223
v 179.8547 180.3148 472.9641
v 182.1803 179.4741 472.4837
v 177.4223 180.8276 472.6653
v 179.5000 180.3148 473.5429
v 181.8721 179.4741 473.4323
v 184.1277 178.3262 472.2873
v 177.1443 180.8276 472.8673
v 179.0591 180.3148 474.0591
v 181.4193 179.4741 474.3209
v 183.8262 178.3262 473.5429
v 176.8381 180.8276 473.0234
v 185.8690 176.8995 471.7767
v 178.5429 180.3148 474.5000
v 180.8330 179.4741 475.1278
v 183.3321 178.3262 474.7359
v 176.5113 180.8276 473.1296
v 185.6260 176.8995 473.3110
v 177.9641 180.3148 474.8547
v 180.1278 179.4741 475.8330
v 182.6574 178.3262 475.8369
v 176.1718 180.8276 473.1833
v 185.1459 176.8995 474.7884
v 177.3369 180.3148 475.1145
v 187.1868 175.2290 472.7718
v 179.3209 179.4741 476.4193
v 181.8188 178.3262 476.8188
v 184.4407 176.8995 476.1725
v 176.6768 180.3148 475.2730
v 186.7719 175.2290 474.5000
v 178.4323 179.4741 476.8721
v 188.4356 173.3559 471.9787
v 180.8369 178.3262 477.6574
v 183.5276 176.8995 477.4292
v 186.0918 175.2290 476.1420
v 177.4837 179.4741 477.1803
v 188.1294 173.3559 473.9120
v 179.7359 178.3262 478.3321
v 182.4292 176.8995 478.5276
v 185.1631 175.2290 477.6574
v 176.4987 179.4741 477.3363
v 187.5246 173.3559 475.7736
v 178.5429 178.3262 478.8262
v 189.1509 171.3262 473.0829
v 181.1725 176.8995 479.4407
v 184.0089 175.2290 479.0089
v 186.6359 173.3559 477.5177
v 177.2873 178.3262 479.1277
v 188.6631 171.3262 475.1145
v 179.7884 176.8995 480.1459
v 189.7850 169.1901 472.0849
v 189.8276 167.0000 473.1901
v 182.6574 175.2290 480.1631
v 185.4854 173.3559 479.1013
v 187.8636 171.3262 477.0448
v 178.3110 176.8995 480.6260
v 189.4456 169.1901 474.2280
v 189.3148 167.0000 475.3262
v 181.1420 175.2290 481.0918
v 184.1013 173.3559 480.4854
v 186.7719 171.3262 478.8262
v 176.7767 176.8995 480.8690
v 188.7751 169.1901 476.2916
v 188.4741 167.0000 477.3559
v 179.5000 175.2290 481.7719
v 182.5177 173.3559 481.6359
v 185.4150 171.3262 480.4150
v 187.7900 169.1901 478.2249
v 187.3262 167.0000 479.2290
v 177.7718 175.2290 482.1868
v 180.7736 173.3559 482.5246
v 183.8262 171.3262 481.7719
v 186.5146 169.1901 479.9803
v 185.8995 167.0000 480.8995
v 178.9120 173.3559 483.1294
v 182.0448 171.3262 482.8636
v 184.9803 169.1901 481.5146
v 184.2290 167.0000 482.3262
v 176.9787 173.3559 483.4356
v 180.1145 171.3262 483.6631
v 183.2249 169.1901 482.7900
v 182.3559 167.0000 483.4741
v 178.0829 171.3262 484.1509
v 181.2916 169.1901 483.7751
v 180.3262 167.0000 484.3148
v 179.2280 169.1901 484.4456
v 178.1901 167.0000 484.8276
v 177.0849 169.1901 484.7850
v -132.0000 -141.0000 483.0000
v -150.0000 -141.0000 483.0000
v -132.0000 -21.0000 483.0000
v -150.0000 -21.0000 483.0000
v -110.0000 -141.0000 483.0000
v -128.0000 -141.0000 483.0000
v -110.0000 -21.0000 483.0000
v -128.0000 -21.0000 483.0000
v -88.0000 -141.0000 483.0000
v -106.0000 -141.0000 483.0000
v -88.0000 -21.0000 483.0000
v -106.0000 -21.0000 483.0000
v -66.0000 -141.0000 483.0000
v -84.0000 -141.0000 483.0000
v -66.0000 -21.0000 483.0000
v -84.0000 -21.0000 483.0000
v -44.0000 -141.0000 483.0000
v -62.0000 -141.0000 483.0000
v -44.0000 -21.0000 483.0000
v -62.0000 -21.0000 483.0000
v -22.0000 -141.0000 483.0000
v -40.0000 -141.0000 483.0000
v -22.0000 -21.0000 483.0000
v -40.0000 -21.0000 483.0000
v 48.0000 -141.0000 483.0000
v 30.0000 -141.0000 483.0000
v 48.0000 -21.0000 483.0000
v 30.0000 -21.0000 483.0000
v 70.0000 -141.0000 483.0000
v 52.0000 -141.0000 483.0000
v 70.0000 -21.0000 483.0000
v 52.0000 -21.0000 483.0000
v 92.0000 -141.0000 483.0000
v 74.0000 -141.0000 483.0000
v 92.0000 -21.0000 483.0000
v 74.0000 -21.0000 483.0000
v 114.0000 -141.0000 483.0000
v 96.0000 -141.0000 483.0000
v 114.0000 -21.0000 483.0000
v 96.0000 -21.0000 483.0000
v 136.0000 -141.0000 483.0000
v 118.0000 -141.0000 483.0000
v 136.0000 -21.0000 483.0000
v 118.0000 -21.0000 483.0000
v 158.0000 -141.0000 483.0000
v 140.0000 -141.0000 483.0000
v 158.0000 -21.0000 483.0000
v 140.0000 -21.0000 483.0000
f 1725 1726 1727
f 1726 1728 1727
f 1729 1730 1731
f 1732 1733 1734
f 1735 1736 1733
f 1734 1736 1729
f 1730 1736 1737
f 1737 1736 1738
f 1733 1736 1734
f 1729 1736 1730
f 1735 1726 1736
f 1726 1725 1736
f 1739 1740 1725
f 1741 1740 1739
f 1742 1743 1740
f 1744 1743 1742
f 1740 1745 1725
f 1743 1745 1740
f 1746 1747 1748
f 1749 1750 1745
f 1745 1750 1725
f 1725 1751 1736
f 1750 1751 1725
f 1747 1752 1753
f 1746 1752 1747
f 1746 1754 1752
f 1752 1754 1755
f 1746 1756 1754
f 1746 1757 1756
f 1746 1758 1757
f 1757 1758 1759
f 1746 1760 1758
f 1736 1760 1746
f 1751 1760 1736
f 1760 1761 1758
f 1762 1763 1760
f 1763 1764 1760
f 1765 1764 1763
f 1761 1766 1767
f 1767 1766 1768
f 1768 1766 1769
f 1760 1770 1761
f 1764 1770 1760
f 1761 1770 1766
f 1771 1726 1735
f 1771 1735 1733
f 1771 1728 1726
f 1772 1733 1732
f 1772 1771 1733
f 1773 1732 1734
f 1773 1772 1732
f 1774 1734 1729
f 1774 1773 1734
f 1775 1774 1729
f 1776 1729 1731
f 1776 1731 1730
f 1776 1775 1729
f 1777 1776 1730
f 1778 1730 1737
f 1778 1777 1730
f 1779 1737 1738
f 1779 1738 1736
f 1779 1778 1737
f 1780 1779 1736
f 1725 1781 1739
f 1727 1781 1725
f 1739 1782 1741
f 1781 1782 1739
f 1741 1783 1740
f 1782 1783 1741
f 1740 1784 1742
f 1783 1784 1740
f 1742 1785 1744
f 1784 1785 1742
f 1744 1786 1743
f 1785 1786 1744
f 1743 1787 1745
f 1786 1787 1743
f 1745 1788 1749
f 1787 1788 1745
f 1749 1789 1750
f 1750 1789 1751
f 1788 1789 1749
f 1789 1790 1751
f 1727 1728 1791
f 1792 1791 1793
f 1792 1727 1791
f 1794 1793 1795
f 1794 1792 1793
f 1796 1795 1797
f 1796 1794 1795
f 1798 1797 1799
f 1798 1796 1797
f 1800 1798 1799
f 1801 1802 1803
f 1801 1799 1802
f 1801 1800 1799
f 1804 1801 1803
f 1805 1803 1806
f 1805 1804 1803
f 1807 1808 1809
f 1807 1806 1808
f 1807 1805 1806
f 1810 1807 1809
f 1736 1746 1780
f 1746 1811 1780
f 1790 1812 1751
f 1813 1812 1790
f 1814 1760 1751
f 1814 1751 1812
f 1815 1814 1816
f 1815 1760 1814
f 1758 1817 1759
f 1759 1817 1757
f 1818 1817 1758
f 1757 1819 1756
f 1817 1819 1757
f 1756 1820 1754
f 1819 1820 1756
f 1754 1821 1755
f 1820 1821 1754
f 1821 1822 1755
f 1755 1823 1752
f 1752 1823 1753
f 1822 1823 1755
f 1823 1824 1753
f 1753 1825 1747
f 1824 1825 1753
f 1747 1826 1748
f 1748 1826 1746
f 1825 1826 1747
f 1826 1811 1746
f 1827 1761 1767
f 1827 1828 1761
f 1829 1767 1768
f 1829 1827 1767
f 1830 1768 1769
f 1830 1829 1768
f 1831 1769 1766
f 1831 1830 1769
f 1832 1766 1770
f 1832 1831 1766
f 1833 1770 1764
f 1833 1832 1770
f 1834 1764 1765
f 1834 1833 1764
f 1835 1765 1763
f 1835 1834 1765
f 1836 1763 1762
f 1836 1762 1760
f 1836 1835 1763
f 1815 1836 1760
f 1758 1761 1828
f 1818 1758 1828
f 1808 1837 1809
f 1806 1837 1808
f 1837 1838 1809
f 1838 1839 1809
f 1806 1840 1837
f 1837 1840 1838
f 1839 1841 1809
f 1840 1842 1838
f 1838 1842 1839
f 1803 1843 1806
f 1802 1843 1803
f 1806 1843 1840
f 1841 1844 1809
f 1839 1845 1841
f 1842 1845 1839
f 1840 1846 1842
f 1843 1846 1840
f 1844 1847 1809
f 1841 1848 1844
f 1845 1848 1841
f 1846 1849 1842
f 1842 1849 1845
f 1843 1850 1846
f 1802 1850 1843
f 1847 1851 1809
f 1844 1852 1847
f 1848 1852 1844
f 1845 1853 1848
f 1849 1853 1845
f 1846 1854 1849
f 1850 1854 1846
f 1851 1855 1809
f 1799 1856 1802
f 1797 1856 1799
f 1802 1856 1850
f 1847 1857 1851
f 1852 1857 1847
f 1848 1858 1852
f 1853 1858 1848
f 1854 1859 1849
f 1849 1859 1853
f 1855 1860 1809
f 1850 1861 1854
f 1856 1861 1850
f 1857 1862 1851
f 1851 1862 1855
f 1858 1863 1852
f 1852 1863 1857
f 1853 1864 1858
f 1859 1864 1853
f 1809 1865 1866
f 1866 1865 1867
f 1860 1865 1809
f 1861 1868 1854
f 1854 1868 1859
f 1855 1869 1860
f 1862 1869 1855
f 1797 1870 1856
f 1856 1870 1861
f 1857 1871 1862
f 1863 1871 1857
f 1858 1872 1863
f 1864 1872 1858
f 1859 1873 1864
f 1868 1873 1859
f 1865 1874 1867
f 1860 1874 1865
f 1869 1874 1860
f 1861 1875 1868
f 1870 1875 1861
f 1862 1876 1869
f 1871 1876 1862
f 1795 1877 1797
f 1793 1877 1795
f 1797 1877 1870
f 1863 1878 1871
f 1872 1878 1863
f 1864 1879 1872
f 1873 1879 1864
f 1868 1880 1873
f 1875 1880 1868
f 1869 1881 1874
f 1876 1881 1869
f 1870 1882 1875
f 1877 1882 1870
f 1871 1883 1876
f 1878 1883 1871
f 1872 1884 1878
f 1879 1884 1872
f 1873 1885 1879
f 1880 1885 1873
f 1867 1886 1887
f 1887 1886 1888
f 1874 1886 1867
f 1881 1886 1874
f 1875 1889 1880
f 1882 1889 1875
f 1876 1890 1881
f 1883 1890 1876
f 1793 1891 1877
f 1877 1891 1882
f 1884 1892 1878
f 1878 1892 1883
f 1879 1893 1884
f 1885 1893 1879
f 1889 1894 1880
f 1880 1894 1885
f 1886 1895 1888
f 1881 1895 1886
f 1890 1895 1881
f 1891 1896 1882
f 1882 1896 1889
f 1883 1897 1890
f 1892 1897 1883
f 1791 1898 1793
f 1728 1898 1791
f 1771 1898 1728
f 1793 1898 1891
f 1884 1899 1892
f 1893 1899 1884
f 1894 1900 1885
f 1885 1900 1893
f 1896 1901 1889
f 1889 1901 1894
f 1897 1902 1890
f 1890 1902 1895
f 1891 1903 1896
f 1772 1903 1771
f 1771 1903 1898
f 1898 1903 1891
f 1899 1904 1892
f 1892 1904 1897
f 1893 1905 1899
f 1900 1905 1893
f 1901 1906 1894
f 1894 1906 1900
f 1888 1907 1908
f 1908 1907 1909
f 1895 1907 1888
f 1902 1907 1895
f 1773 1910 1772
f 1772 1910 1903
f 1903 1910 1896
f 1896 1910 1901
f 1897 1911 1902
f 1904 1911 1897
f 1905 1912 1899
f 1899 1912 1904
f 1900 1913 1905
f 1906 1913 1900
f 1773 1914 1910
f 1774 1914 1773
f 1901 1914 1906
f 1910 1914 1901
f 1907 1915 1909
f 1902 1915 1907
f 1911 1915 1902
f 1904 1916 1911
f 1912 1916 1904
f 1905 1917 1912
f 1913 1917 1905
f 1775 1918 1774
f 1774 1918 1914
f 1914 1918 1906
f 1906 1918 1913
f 1916 1919 1911
f 1911 1919 1915
f 1912 1920 1916
f 1917 1920 1912
f 1776 1921 1775
f 1775 1921 1918
f 1918 1921 1913
f 1913 1921 1917
f 1909 1922 1923
f 1923 1922 1924
f 1915 1922 1909
f 1919 1922 1915
f 1916 1925 1919
f 1920 1925 1916
f 1777 1926 1776
f 1917 1926 1920
f 1776 1926 1921
f 1921 1926 1917
f 1922 1927 1924
f 1919 1927 1922
f 1925 1927 1919
f 1778 1928 1777
f 1926 1928 1920
f 1777 1928 1926
f 1920 1928 1925
f 1778 1929 1928
f 1925 1929 1927
f 1779 1929 1778
f 1928 1929 1925
f 1929 1930 1927
f 1779 1930 1929
f 1924 1930 1931
f 1931 1930 1780
f 1780 1930 1779
f 1927 1930 1924
f 1789 1932 1790
f 1788 1932 1789
f 1932 1933 1790
f 1933 1934 1790
f 1788 1935 1932
f 1932 1935 1933
f 1934 1936 1790
f 1935 1937 1933
f 1933 1937 1934
f 1787 1938 1788
f 1786 1938 1787
f 1788 1938 1935
f 1936 1939 1790
f 1934 1940 1936
f 1937 1940 1934
f 1938 1941 1935
f 1935 1941 1937
f 1939 1942 1790
f 1936 1943 1939
f 1940 1943 1936
f 1941 1944 1937
f 1937 1944 1940
f 1938 1945 1941
f 1786 1945 1938
f 1942 1946 1790
f 1939 1947 1942
f 1943 1947 1939
f 1940 1948 1943
f 1944 1948 1940
f 1941 1949 1944
f 1945 1949 1941
f 1946 1950 1790
f 1785 1951 1786
f 1784 1951 1785
f 1786 1951 1945
f 1947 1952 1942
f 1942 1952 1946
f 1943 1953 1947
f 1948 1953 1943
f 1949 1954 1944
f 1944 1954 1948
f 1950 1955 1790
f 1945 1956 1949
f 1951 1956 1945
f 1952 1957 1946
f 1946 1957 1950
f 1947 1958 1952
f 1953 1958 1947
f 1948 1959 1953
f 1954 1959 1948
f 1790 1960 1961
f 1961 1960 1962
f 1955 1960 1790
f 1956 1963 1949
f 1949 1963 1954
f 1950 1964 1955
f 1957 1964 1950
f 1784 1965 1951
f 1951 1965 1956
f 1952 1966 1957
f 1958 1966 1952
f 1959 1967 1953
f 1953 1967 1958
f 1954 1968 1959
f 1963 1968 1954
f 1960 1969 1962
f 1955 1969 1960
f 1964 1969 1955
f 1956 1970 1963
f 1965 1970 1956
f 1957 1971 1964
f 1966 1971 1957
f 1783 1972 1784
f 1782 1972 1783
f 1784 1972 1965
f 1958 1973 1966
f 1967 1973 1958
f 1959 1974 1967
f 1968 1974 1959
f 1963 1975 1968
f 1970 1975 1963
f 1964 1976 1969
f 1971 1976 1964
f 1965 1977 1970
f 1972 1977 1965
f 1973 1978 1966
f 1966 1978 1971
f 1967 1979 1973
f 1974 1979 1967
f 1968 1980 1974
f 1975 1980 1968
f 1962 1981 1982
f 1982 1981 1983
f 1969 1981 1962
f 1976 1981 1969
f 1970 1984 1975
f 1977 1984 1970
f 1971 1985 1976
f 1978 1985 1971
f 1782 1986 1972
f 1972 1986 1977
f 1979 1987 1973
f 1973 1987 1978
f 1974 1988 1979
f 1980 1988 1974
f 1984 1989 1975
f 1975 1989 1980
f 1976 1990 1981
f 1985 1990 1976
f 1981 1990 1983
f 1986 1991 1977
f 1977 1991 1984
f 1987 1992 1978
f 1978 1992 1985
f 1781 1993 1782
f 1727 1993 1781
f 1792 1993 1727
f 1782 1993 1986
f 1979 1994 1987
f 1988 1994 1979
f 1989 1995 1980
f 1980 1995 1988
f 1991 1996 1984
f 1984 1996 1989
f 1992 1997 1985
f 1985 1997 1990
f 1986 1998 1991
f 1794 1998 1792
f 1792 1998 1993
f 1993 1998 1986
f 1994 1999 1987
f 1987 1999 1992
f 1988 2000 1994
f 1995 2000 1988
f 1996 2001 1989
f 1989 2001 1995
f 1983 2002 2003
f 2003 2002 2004
f 1990 2002 1983
f 1997 2002 1990
f 1796 2005 1794
f 1794 2005 1998
f 1998 2005 1991
f 1991 2005 1996
f 1992 2006 1997
f 1999 2006 1992
f 2000 2007 1994
f 1994 2007 1999
f 1995 2008 2000
f 2001 2008 1995
f 1796 2009 2005
f 1798 2009 1796
f 1996 2009 2001
f 2005 2009 1996
f 2002 2010 2004
f 1997 2010 2002
f 2006 2010 1997
f 1999 2011 2006
f 2007 2011 1999
f 2000 2012 2007
f 2008 2012 2000
f 1800 2013 1798
f 1798 2013 2009
f 2001 2013 2008
f 2009 2013 2001
f 2006 2014 2010
f 2011 2014 2006
f 2007 2015 2011
f 2012 2015 2007
f 1801 2016 1800
f 1800 2016 2013
f 2008 2016 2012
f 2013 2016 2008
f 2004 2017 2018
f 2018 2017 2019
f 2010 2017 2004
f 2014 2017 2010
f 2011 2020 2014
f 2015 2020 2011
f 1804 2021 1801
f 2012 2021 2015
f 1801 2021 2016
f 2016 2021 2012
f 2017 2022 2019
f 2014 2022 2017
f 2020 2022 2014
f 1805 2023 1804
f 2015 2023 2020
f 2021 2023 2015
f 1804 2023 2021
f 1805 2024 2023
f 2020 2024 2022
f 1807 2024 1805
f 2023 2024 2020
f 2024 2025 2022
f 1807 2025 2024
f 2019 2025 2026
f 2026 2025 1810
f 1810 2025 1807
f 2022 2025 2019
f 2027 2028 1809
f 2029 2027 1809
f 2030 2029 1809
f 2031 2030 1809
f 2032 2031 1809
f 2033 2032 1809
f 2034 2033 1809
f 2035 2034 1809
f 2036 2035 1809
f 2037 2036 1809
f 2038 1809 2028
f 2039 2037 1809
f 2040 2041 2027
f 2040 2027 2029
f 2042 2043 2030
f 2042 2030 2031
f 2044 2045 2032
f 2044 2032 2033
f 2046 2047 2034
f 2046 2034 2035
f 2048 2049 2036
f 2048 2036 2037
f 1810 2038 2041
f 1810 2040 2043
f 1810 2049 2048
f 1810 2042 2045
f 1810 2044 2047
f 1810 2046 2049
f 1810 2048 2050
f 1810 2041 2040
f 1810 2043 2042
f 1810 2045 2044
f 1810 2047 2046
f 2051 2050 2039
f 2051 2039 2052
f 2053 2054 2055
f 2053 2056 2057
f 2053 2058 2059
f 2053 2060 2061
f 2053 2055 2052
f 2053 2057 2054
f 2053 2062 2063
f 2053 2059 2056
f 2053 2061 2058
f 2053 2063 2060
f 2053 2039 1809
f 2053 2052 2039
f 2064 2062 2053
f 2065 2055 2054
f 2065 2066 2055
f 2067 2057 2056
f 2067 2068 2057
f 2069 2059 2058
f 2069 2070 2059
f 2071 2061 2060
f 2071 2072 2061
f 2073 2063 2062
f 2073 2074 2063
f 2075 2064 2053
f 2076 1810 2050
f 2076 2066 2065
f 2076 2051 2066
f 2076 2050 2051
f 2076 2065 2068
f 2076 2067 2070
f 2076 2069 2072
f 2076 2068 2067
f 2076 2071 2074
f 2076 2070 2069
f 2076 2073 2075
f 2076 2072 2071
f 2076 2074 2073
f 1810 1809 2038
f 2053 2076 2075
f 1780 2077 1931
f 1811 2077 1780
f 1931 2078 1924
f 2077 2078 1931
f 1923 2079 1909
f 1924 2079 1923
f 2078 2079 1924
f 2079 2080 1909
f 1909 2081 1908
f 2080 2081 1909
f 1908 2082 1888
f 2081 2082 1908
f 1888 2083 1887
f 2082 2083 1888
f 1887 2084 1867
f 2083 2084 1887
f 1867 2085 1866
f 2084 2085 1867
f 1866 2053 1809
f 2085 2053 1866
f 2086 1813 1790
f 2087 2086 1790
f 1961 2088 2087
f 1961 2087 1790
f 2089 1815 1816
f 2090 1815 2089
f 2091 2090 2092
f 2091 2092 2088
f 2091 2088 1961
f 2091 1815 2090
f 2093 1961 1962
f 2093 2091 1961
f 2094 1962 1982
f 2094 1982 1983
f 2094 2093 1962
f 2095 2094 1983
f 2096 1983 2003
f 2096 2095 1983
f 2097 2003 2004
f 2097 2096 2003
f 2098 2004 2018
f 2098 2097 2004
f 2099 2018 2019
f 2099 2098 2018
f 2100 2019 2026
f 2100 2099 2019
f 2076 2026 1810
f 2076 2100 2026
f 2101 1816 1814
f 1816 2102 2089
f 2089 2102 2090
f 2090 2102 2092
f 2101 2102 1816
f 1814 1812 2103
f 1814 2103 2101
f 1813 2103 1812
f 2104 1813 2086
f 2104 2086 2087
f 2104 2087 2088
f 2104 2103 1813
f 2105 2106 2053
f 2105 2107 2106
f 2108 2105 2053
f 2109 2108 2053
f 2110 2107 2105
f 2110 2105 2108
f 2111 2109 2053
f 2112 2110 2108
f 2112 2108 2109
f 2113 2114 2107
f 2113 2115 2114
f 2113 2107 2110
f 2116 2111 2053
f 2117 2109 2111
f 2117 2112 2109
f 2118 2110 2112
f 2118 2113 2110
f 2119 2116 2053
f 2120 2111 2116
f 2120 2117 2111
f 2121 2118 2112
f 2121 2112 2117
f 2122 2113 2118
f 2122 2115 2113
f 2123 2119 2053
f 2124 2116 2119
f 2124 2120 2116
f 2125 2117 2120
f 2125 2121 2117
f 2126 2118 2121
f 2126 2122 2118
f 2127 2123 2053
f 2128 2129 2115
f 2128 2130 2129
f 2128 2115 2122
f 2131 2119 2123
f 2131 2124 2119
f 2132 2120 2124
f 2132 2125 2120
f 2133 2126 2121
f 2133 2121 2125
f 2134 2127 2053
f 2135 2122 2126
f 2135 2128 2122
f 2136 2131 2123
f 2136 2123 2127
f 2137 2132 2124
f 2137 2124 2131
f 2138 2125 2132
f 2138 2133 2125
f 2139 2053 2085
f 2139 2085 2084
f 2139 2134 2053
f 2140 2135 2126
f 2140 2126 2133
f 2141 2127 2134
f 2141 2136 2127
f 2142 2130 2128
f 2142 2128 2135
f 2143 2131 2136
f 2143 2137 2131
f 2144 2132 2137
f 2144 2138 2132
f 2145 2133 2138
f 2145 2140 2133
f 2146 2139 2084
f 2146 2134 2139
f 2146 2141 2134
f 2147 2135 2140
f 2147 2142 2135
f 2148 2136 2141
f 2148 2143 2136
f 2149 2150 2130
f 2149 2151 2150
f 2149 2130 2142
f 2152 2137 2143
f 2152 2144 2137
f 2153 2138 2144
f 2153 2145 2138
f 2154 2140 2145
f 2154 2147 2140
f 2155 2141 2146
f 2155 2148 2141
f 2156 2142 2147
f 2156 2149 2142
f 2157 2143 2148
f 2157 2152 2143
f 2158 2144 2152
f 2158 2153 2144
f 2159 2145 2153
f 2159 2154 2145
f 2160 2084 2083
f 2160 2083 2082
f 2160 2146 2084
f 2160 2155 2146
f 2161 2147 2154
f 2161 2156 2147
f 2162 2148 2155
f 2162 2157 2148
f 2163 2151 2149
f 2163 2149 2156
f 2164 2158 2152
f 2164 2152 2157
f 2165 2153 2158
f 2165 2159 2153
f 2166 2161 2154
f 2166 2154 2159
f 2167 2160 2082
f 2167 2155 2160
f 2167 2162 2155
f 2168 2163 2156
f 2168 2156 2161
f 2169 2157 2162
f 2169 2164 2157
f 2170 2171 2151
f 2170 1818 2171
f 2170 1817 1818
f 2170 2151 2163
f 2172 2158 2164
f 2172 2165 2158
f 2173 2166 2159
f 2173 2159 2165
f 2174 2168 2161
f 2174 2161 2166
f 2175 2169 2162
f 2175 2162 2167
f 2176 2163 2168
f 2176 1819 1817
f 2176 1817 2170
f 2176 2170 2163
f 2177 2172 2164
f 2177 2164 2169
f 2178 2165 2172
f 2178 2173 2165
f 2179 2174 2166
f 2179 2166 2173
f 2180 2082 2081
f 2180 2081 2080
f 2180 2167 2082
f 2180 2175 2167
f 2181 1820 1819
f 2181 1819 2176
f 2181 2176 2168
f 2181 2168 2174
f 2182 2169 2175
f 2182 2177 2169
f 2183 2178 2172
f 2183 2172 2177
f 2184 2173 2178
f 2184 2179 2173
f 2185 1820 2181
f 2185 1821 1820
f 2185 2174 2179
f 2185 2181 2174
f 2186 2180 2080
f 2186 2175 2180
f 2186 2182 2175
f 2187 2177 2182
f 2187 2183 2177
f 2188 2178 2183
f 2188 2184 2178
f 2189 1822 1821
f 2189 1821 2185
f 2189 2185 2179
f 2189 2179 2184
f 2190 2187 2182
f 2190 2182 2186
f 2191 2183 2187
f 2191 2188 2183
f 2192 1823 1822
f 2192 1822 2189
f 2192 2189 2184
f 2192 2184 2188
f 2193 2080 2079
f 2193 2079 2078
f 2193 2186 2080
f 2193 2190 2186
f 2194 2187 2190
f 2194 2191 2187
f 2195 1824 1823
f 2195 2188 2191
f 2195 1823 2192
f 2195 2192 2188
f 2196 2193 2078
f 2196 2190 2193
f 2196 2194 2190
f 2197 1825 1824
f 2197 2195 2191
f 2197 1824 2195
f 2197 2191 2194
f 2198 1825 2197
f 2198 2194 2196
f 2198 1826 1825
f 2198 2197 2194
f 2199 2198 2196
f 2199 1826 2198
f 2199 2078 2077
f 2199 2077 1811
f 2199 1811 1826
f 2199 2196 2078
f 2200 1836 1815
f 2200 1835 1836
f 2201 2200 1815
f 2202 2201 1815
f 2203 1835 2200
f 2203 2200 2201
f 2204 2202 1815
f 2205 2203 2201
f 2205 2201 2202
f 2206 1834 1835
f 2206 1833 1834
f 2206 1835 2203
f 2207 2204 1815
f 2208 2202 2204
f 2208 2205 2202
f 2209 2206 2203
f 2209 2203 2205
f 2210 2207 1815
f 2211 2204 2207
f 2211 2208 2204
f 2212 2209 2205
f 2212 2205 2208
f 2213 2206 2209
f 2213 1833 2206
f 2214 2210 1815
f 2215 2207 2210
f 2215 2211 2207
f 2216 2208 2211
f 2216 2212 2208
f 2217 2209 2212
f 2217 2213 2209
f 2218 2214 1815
f 2219 1832 1833
f 2219 1831 1832
f 2219 1833 2213
f 2220 2215 2210
f 2220 2210 2214
f 2221 2211 2215
f 2221 2216 2211
f 2222 2217 2212
f 2222 2212 2216
f 2223 2218 1815
f 2224 2213 2217
f 2224 2219 2213
f 2225 2220 2214
f 2225 2214 2218
f 2226 2215 2220
f 2226 2221 2215
f 2227 2216 2221
f 2227 2222 2216
f 2228 1815 2091
f 2228 2091 2093
f 2228 2223 1815
f 2229 2224 2217
f 2229 2217 2222
f 2230 2218 2223
f 2230 2225 2218
f 2231 1831 2219
f 2231 2219 2224
f 2232 2220 2225
f 2232 2226 2220
f 2233 2227 2221
f 2233 2221 2226
f 2234 2222 2227
f 2234 2229 2222
f 2235 2228 2093
f 2235 2223 2228
f 2235 2230 2223
f 2236 2224 2229
f 2236 2231 2224
f 2237 2225 2230
f 2237 2232 2225
f 2238 1830 1831
f 2238 1829 1830
f 2238 1831 2231
f 2239 2226 2232
f 2239 2233 2226
f 2240 2227 2233
f 2240 2234 2227
f 2241 2229 2234
f 2241 2236 2229
f 2242 2230 2235
f 2242 2237 2230
f 2243 2231 2236
f 2243 2238 2231
f 2244 2239 2232
f 2244 2232 2237
f 2245 2233 2239
f 2245 2240 2233
f 2246 2234 2240
f 2246 2241 2234
f 2247 2093 2094
f 2247 2094 2095
f 2247 2235 2093
f 2247 2242 2235
f 2248 2236 2241
f 2248 2243 2236
f 2249 2237 2242
f 2249 2244 2237
f 2250 1829 2238
f 2250 2238 2243
f 2251 2245 2239
f 2251 2239 2244
f 2252 2240 2245
f 2252 2246 2240
f 2253 2248 2241
f 2253 2241 2246
f 2254 2242 2247
f 2254 2249 2242
f 2254 2247 2095
f 2255 2250 2243
f 2255 2243 2248
f 2256 2251 2244
f 2256 2244 2249
f 2257 1827 1829
f 2257 1828 1827
f 2257 2258 1828
f 2257 1829 2250
f 2259 2245 2251
f 2259 2252 2245
f 2260 2253 2246
f 2260 2246 2252
f 2261 2255 2248
f 2261 2248 2253
f 2262 2256 2249
f 2262 2249 2254
f 2263 2250 2255
f 2263 2264 2258
f 2263 2258 2257
f 2263 2257 2250
f 2265 2259 2251
f 2265 2251 2256
f 2266 2252 2259
f 2266 2260 2252
f 2267 2261 2253
f 2267 2253 2260
f 2268 2095 2096
f 2268 2096 2097
f 2268 2254 2095
f 2268 2262 2254
f 2269 2270 2264
f 2269 2264 2263
f 2269 2263 2255
f 2269 2255 2261
f 2271 2256 2262
f 2271 2265 2256
f 2272 2266 2259
f 2272 2259 2265
f 2273 2260 2266
f 2273 2267 2260
f 2274 2270 2269
f 2274 2275 2270
f 2274 2261 2267
f 2274 2269 2261
f 2276 2268 2097
f 2276 2262 2268
f 2276 2271 2262
f 2277 2265 2271
f 2277 2272 2265
f 2278 2266 2272
f 2278 2273 2266
f 2279 2280 2275
f 2279 2275 2274
f 2279 2267 2273
f 2279 2274 2267
f 2281 2271 2276
f 2281 2277 2271
f 2282 2272 2277
f 2282 2278 2272
f 2283 2284 2280
f 2283 2280 2279
f 2283 2273 2278
f 2283 2279 2273
f 2285 2097 2098
f 2285 2098 2099
f 2285 2276 2097
f 2285 2281 2276
f 2286 2277 2281
f 2286 2282 2277
f 2287 2288 2284
f 2287 2278 2282
f 2287 2284 2283
f 2287 2283 2278
f 2289 2285 2099
f 2289 2281 2285
f 2289 2286 2281
f 2290 2291 2288
f 2290 2282 2286
f 2290 2287 2282
f 2290 2288 2287
f 2292 2291 2290
f 2292 2286 2289
f 2292 2293 2291
f 2292 2290 2286
f 2294 2292 2289
f 2294 2293 2292
f 2294 2099 2100
f 2294 2100 2076
f 2294 2076 2293
f 2294 2289 2099
f 1818 1828 2171
f 2171 2258 2151
f 1828 2258 2171
f 2151 2264 2150
f 2258 2264 2151
f 2150 2270 2130
f 2264 2270 2150
f 2130 2275 2129
f 2270 2275 2130
f 2275 2280 2129
f 2115 2284 2114
f 2129 2284 2115
f 2280 2284 2129
f 2284 2288 2114
f 2114 2291 2107
f 2288 2291 2114
f 2106 2293 2053
f 2107 2293 2106
f 2291 2293 2107
f 2293 2076 2053
f 2027 2295 2296
f 2027 2296 2028
f 2295 2027 2297
f 2297 2027 2041
f 2297 2041 2298
f 2298 2041 2038
f 2028 2296 2298
f 2028 2298 2038
f 2030 2299 2300
f 2030 2300 2029
f 2299 2030 2301
f 2301 2030 2043
f 2301 2043 2302
f 2302 2043 2040
f 2029 2300 2302
f 2029 2302 2040
f 2032 2303 2304
f 2032 2304 2031
f 2303 2032 2305
f 2305 2032 2045
f 2305 2045 2306
f 2306 2045 2042
f 2031 2304 2306
f 2031 2306 2042
f 2034 2307 2308
f 2034 2308 2033
f 2307 2034 2309
f 2309 2034 2047
f 2309 2047 2310
f 2310 2047 2044
f 2033 2308 2310
f 2033 2310 2044
f 2036 2311 2312
f 2036 2312 2035
f 2311 2036 2313
f 2313 2036 2049
f 2313 2049 2314
f 2314 2049 2046
f 2035 2312 2314
f 2035 2314 2046
f 2039 2315 2316
f 2039 2316 2037
f 2315 2039 2317
f 2317 2039 2050
f 2317 2050 2318
f 2318 2050 2048
f 2037 2316 2318
f 2037 2318 2048
f 2055 2319 2320
f 2055 2320 2052
f 2319 2055 2321
f 2321 2055 2066
f 2321 2066 2322
f 2322 2066 2051
f 2052 2320 2322
f 2052 2322 2051
f 2057 2323 2324
f 2057 2324 2054
f 2323 2057 2325
f 2325 2057 2068
f 2325 2068 2326
f 2326 2068 2065
f 2054 2324 2326
f 2054 2326 2065
f 2059 2327 2328
f 2059 2328 2056
f 2327 2059 2329
f 2329 2059 2070
f 2329 2070 2330
f 2330 2070 2067
f 2056 2328 2330
f 2056 2330 2067
f 2061 2331 2332
f 2061 2332 2058
f 2331 2061 2333
f 2333 2061 2072
f 2333 2072 2334
f 2334 2072 2069
f 2058 2332 2334
f 2058 2334 2069
f 2063 2335 2336
f 2063 2336 2060
f 2335 2063 2337
f 2337 2063 2074
f 2337 2074 2338
f 2338 2074 2071
f 2060 2336 2338
f 2060 2338 2071
f 2064 2339 2340
f 2064 2340 2062
f 2339 2064 2341
f 2341 2064 2075
f 2341 2075 2342
f 2342 2075 2073
f 2062 2340 2342
f 2062 2342 2073
f 2088 2102 2104
f 2088 2092 2102
f 2102 2101 2103
f 2102 2103 2104
f 2298 2296 2295
f 2297 2298 2295
f 2302 2300 2299
f 2301 2302 2299
f 2306 2304 2303
f 2305 2306 2303
f 2310 2308 2307
f 2309 2310 2307
f 2314 2312 2311
f 2313 2314 2311
f 2318 2316 2315
f 2317 2318 2315
f 2322 2320 2319
f 2321 2322 2319
f 2326 2324 2323
f 2325 2326 2323
f 2330 2328 2327
f 2329 2330 2327
f 2334 2332 2331
f 2333 2334 2331
f 2338 2336 2335
f 2337 2338 2335
f 2342 2340 2339
f 2341 2342 2339
o Bezel
usemtl mat_Bezel
v -168.0000 167.0000 195.0000
v -168.0000 167.0000 471.0000
v -168.0000 177.0000 195.0000
v -168.0000 177.0000 471.0000
v 168.0000 167.0000 471.0000
v 168.0000 167.0000 195.0000
v 168.0000 177.0000 195.0000
v 168.0000 177.0000 471.0000
f 2343 2344 2345
f 2345 2344 2346
f 2347 2348 2349
f 2347 2349 2350
f 2343 2348 2344
f 2348 2347 2344
f 2349 2345 2346
f 2350 2349 2346
f 2345 2349 2343
f 2343 2349 2348
f 2350 2346 2344
f 2350 2344 2347
o Screen
usemtl mat_Screen
v -140.0000 173.0000 233.0000
v -140.0000 173.0000 443.0000
v -140.0000 177.0000 233.0000
v -140.0000 177.0000 443.0000
v 140.0000 173.0000 443.0000
v 140.0000 173.0000 233.0000
v 140.0000 177.0000 233.0000
v 140.0000 177.0000 443.0000
f 2351 2352 2353
f 2353 2352 2354
f 2355 2356 2357
f 2355 2357 2358
f 2356 2355 2351
f 2351 2355 2352
f 2358 2357 2353
f 2358 2353 2354
f 2353 2357 2351
f 2351 2357 2356
f 2358 2354 2352
f 2358 2352 2355
o Badge
usemtl mat_Badge
v -60.0000 176.5000 205.0000
v -60.0000 178.5000 221.0000
v -60.0000 178.5000 205.0000
v -60.0000 176.5000 221.0000
v 60.0000 178.5000 221.0000
v 60.0000 176.5000 205.0000
v 60.0000 178.5000 205.0000
v 60.0000 176.5000 221.0000
f 2359 2360 2361
f 2359 2362 2360
f 2363 2364 2365
f 2366 2364 2363
f 2364 2366 2359
f 2359 2366 2362
f 2363 2365 2361
f 2363 2361 2360
f 2361 2365 2359
f 2359 2365 2364
f 2363 2360 2362
f 2363 2362 2366
o KeyboardCase
usemtl mat_KeyboardCase
v 240.7409 301.3090 0.0000
v 242.4058 303.3967 0.0000
v 241.6910 302.2591 0.0000
v 239.6033 300.5942 0.0000
v 238.3351 300.1504 0.0000
v 237.0000 300.0000 0.0000
v 242.8496 304.6649 0.0000
v 243.0000 306.0000 0.0000
v 242.8496 530.3351 0.0000
v 241.6910 532.7410 0.0000
v 242.4058 531.6033 0.0000
v 243.0000 529.0000 0.0000
v 240.7409 533.6910 0.0000
v 238.3351 534.8495 0.0000
v 239.6033 534.4058 0.0000
v 237.0000 535.0000 0.0000
v -238.3351 300.1504 0.0000
v -239.6033 300.5942 0.0000
v -237.0000 300.0000 0.0000
v -240.7409 301.3090 0.0000
v -241.6910 302.2591 0.0000
v -242.4058 303.3967 0.0000
v -243.0000 306.0000 0.0000
v -242.8496 304.6649 0.0000
v -237.0000 535.0000 0.0000
v -243.0000 529.0000 0.0000
v -239.6033 534.4058 0.0000
v -238.3351 534.8495 0.0000
v -241.6910 532.7410 0.0000
v -240.7409 533.6910 0.0000
v -242.4058 531.6033 0.0000
v -242.8496 530.3351 0.0000
v -237.0000 300.0000 46.0000
v 237.0000 300.0000 46.0000
v -238.3351 300.1504 46.0000
v -239.6033 300.5942 46.0000
v -240.7409 301.3090 46.0000
v -241.6910 302.2591 46.0000
v -242.4058 303.3967 46.0000
v -242.8496 304.6649 46.0000
v -243.0000 306.0000 46.0000
v 238.3351 300.1504 46.0000
v 239.6033 300.5942 46.0000
v 240.7409 301.3090 46.0000
v 241.6910 302.2591 46.0000
v 242.4058 303.3967 46.0000
v 242.8496 304.6649 46.0000
v 243.0000 306.0000 46.0000
v -243.0000 345.0000 34.0000
v -243.0000 529.0000 14.6316
v -243.0000 339.0000 34.6316
v -243.0000 339.0000 46.0000
v 243.0000 345.0000 34.0000
v 243.0000 529.0000 14.6316
v 243.0000 339.0000 34.6316
v 243.0000 339.0000 46.0000
v -237.0000 535.0000 14.0000
v -238.3780 534.8396 14.0169
v -239.6824 534.3670 14.0666
v -240.8433 533.6075 14.1466
v -241.7988 532.6016 14.2525
v -242.4977 531.4032 14.3786
v -242.8731 530.2275 14.5024
v 237.0000 535.0000 14.0000
v 238.3780 534.8396 14.0169
v 239.6824 534.3670 14.0666
v 240.8433 533.6075 14.1466
v 241.7988 532.6016 14.2525
v 242.4977 531.4032 14.3786
v 242.8731 530.2275 14.5024
v 240.7409 343.6910 46.0000
v 242.4058 341.6033 46.0000
v 241.6910 342.7409 46.0000
v 239.6033 344.4058 46.0000
v 238.3351 344.8496 46.0000
v 237.0000 345.0000 46.0000
v 242.8496 340.3351 46.0000
v -238.3351 344.8496 46.0000
v -239.6033 344.4058 46.0000
v -237.0000 345.0000 46.0000
v -240.7409 343.6910 46.0000
v -241.6910 342.7409 46.0000
v -242.4058 341.6033 46.0000
v -242.8496 340.3351 46.0000
v 240.8433 343.6075 34.1466
v 241.7988 342.6016 34.2525
v 239.6824 344.3670 34.0666
v 242.4977 341.4032 34.3786
v 238.3780 344.8396 34.0169
v 242.8731 340.2276 34.5024
v 237.0000 345.0000 34.0000
v -237.0000 345.0000 34.0000
v -238.3780 344.8396 34.0169
v -239.6824 344.3670 34.0666
v -240.8433 343.6075 34.1466
v -241.7988 342.6016 34.2525
v -242.4977 341.4032 34.3786
v -242.8731 340.2276 34.5024
f 2367 2368 2369
f 2370 2371 2367
f 2368 2372 2373
f 2373 2372 2374
f 2367 2372 2368
f 2371 2372 2367
f 2375 2376 2377
f 2378 2379 2375
f 2375 2379 2376
f 2379 2380 2381
f 2374 2382 2378
f 2372 2382 2374
f 2378 2382 2379
f 2379 2382 2380
f 2383 2384 2385
f 2386 2387 2384
f 2384 2387 2385
f 2388 2389 2387
f 2390 2389 2388
f 2387 2389 2385
f 2385 2391 2372
f 2372 2391 2382
f 2385 2392 2391
f 2389 2392 2385
f 2391 2393 2394
f 2392 2393 2391
f 2393 2395 2396
f 2397 2395 2398
f 2398 2395 2392
f 2392 2395 2393
f 2399 2385 2400
f 2400 2385 2372
f 2383 2399 2401
f 2383 2385 2399
f 2384 2401 2402
f 2384 2383 2401
f 2386 2402 2403
f 2386 2403 2404
f 2386 2384 2402
f 2387 2386 2404
f 2388 2404 2405
f 2388 2387 2404
f 2390 2405 2406
f 2390 2388 2405
f 2389 2406 2407
f 2389 2390 2406
f 2400 2371 2408
f 2372 2371 2400
f 2408 2370 2409
f 2371 2370 2408
f 2409 2367 2410
f 2410 2367 2411
f 2370 2367 2409
f 2367 2369 2411
f 2411 2368 2412
f 2369 2368 2411
f 2412 2373 2413
f 2368 2373 2412
f 2413 2374 2414
f 2373 2374 2413
f 2392 2415 2416
f 2392 2389 2415
f 2389 2417 2415
f 2417 2407 2418
f 2389 2407 2417
f 2419 2378 2420
f 2374 2378 2419
f 2421 2374 2419
f 2414 2421 2422
f 2414 2374 2421
f 2423 2391 2394
f 2424 2394 2393
f 2424 2423 2394
f 2425 2393 2396
f 2425 2424 2393
f 2426 2396 2395
f 2426 2425 2396
f 2427 2395 2397
f 2427 2426 2395
f 2428 2397 2398
f 2428 2427 2397
f 2429 2398 2392
f 2429 2428 2398
f 2416 2429 2392
f 2382 2430 2380
f 2380 2431 2381
f 2430 2431 2380
f 2381 2432 2379
f 2431 2432 2381
f 2379 2433 2376
f 2432 2433 2379
f 2376 2434 2377
f 2433 2434 2376
f 2377 2435 2375
f 2434 2435 2377
f 2375 2436 2378
f 2435 2436 2375
f 2436 2420 2378
f 2391 2423 2382
f 2382 2423 2430
f 2437 2438 2439
f 2440 2441 2437
f 2438 2442 2443
f 2443 2442 2422
f 2437 2442 2438
f 2441 2442 2437
f 2413 2411 2412
f 2413 2410 2411
f 2413 2409 2410
f 2422 2400 2414
f 2409 2400 2408
f 2414 2400 2413
f 2442 2400 2422
f 2413 2400 2409
f 2444 2445 2446
f 2447 2448 2445
f 2445 2448 2446
f 2449 2418 2448
f 2450 2418 2449
f 2448 2418 2446
f 2446 2399 2442
f 2442 2399 2400
f 2446 2407 2399
f 2418 2407 2446
f 2399 2406 2401
f 2407 2406 2399
f 2401 2404 2402
f 2402 2404 2403
f 2405 2404 2406
f 2406 2404 2401
f 2431 2430 2432
f 2432 2430 2433
f 2433 2430 2434
f 2434 2430 2435
f 2435 2430 2436
f 2430 2420 2436
f 2451 2452 2419
f 2419 2453 2451
f 2452 2454 2419
f 2419 2455 2453
f 2454 2456 2419
f 2420 2457 2419
f 2430 2457 2420
f 2419 2457 2455
f 2456 2421 2419
f 2424 2425 2423
f 2425 2426 2423
f 2426 2427 2423
f 2427 2428 2423
f 2428 2429 2423
f 2429 2416 2423
f 2423 2458 2430
f 2430 2458 2457
f 2416 2458 2423
f 2458 2415 2459
f 2459 2415 2460
f 2460 2415 2461
f 2416 2415 2458
f 2415 2462 2461
f 2415 2463 2462
f 2415 2464 2463
f 2415 2417 2464
f 2444 2458 2459
f 2444 2446 2458
f 2445 2459 2460
f 2445 2444 2459
f 2447 2460 2461
f 2447 2445 2460
f 2448 2461 2462
f 2448 2447 2461
f 2449 2462 2463
f 2449 2448 2462
f 2450 2463 2464
f 2450 2449 2463
f 2418 2464 2417
f 2418 2450 2464
f 2457 2441 2455
f 2442 2441 2457
f 2455 2440 2453
f 2441 2440 2455
f 2453 2437 2451
f 2440 2437 2453
f 2451 2439 2452
f 2437 2439 2451
f 2452 2438 2454
f 2439 2438 2452
f 2454 2443 2456
f 2438 2443 2454
f 2456 2422 2421
f 2443 2422 2456
f 2458 2446 2457
f 2457 2446 2442
o LegendStrip
usemtl mat_LegendStrip
v -230.0000 304.0000 46.0000
v -230.0000 304.0000 47.5000
v -230.0000 334.0000 46.0000
v -230.0000 334.0000 47.5000
v 230.0000 304.0000 47.5000
v 230.0000 304.0000 46.0000
v 230.0000 334.0000 46.0000
v 230.0000 334.0000 47.5000
f 2465 2466 2467
f 2467 2466 2468
f 2469 2470 2471
f 2469 2471 2472
f 2470 2469 2465
f 2465 2469 2466
f 2472 2471 2467
f 2472 2467 2468
f 2467 2471 2465
f 2465 2471 2470
f 2472 2468 2466
f 2472 2466 2469
o KeysWhite
usemtl mat_KeysWhite
v 211.3980 398.0000 35.3991
v 211.3980 398.0000 25.3991
v 220.1000 398.0000 35.3991
v 220.1000 398.0000 25.3991
v 221.7633 398.1748 35.3991
v 221.7633 398.1748 25.3991
v 223.3539 398.6917 25.3991
v 223.3539 398.6917 35.3991
v 224.8023 399.5279 25.3991
v 224.8023 399.5279 35.3991
v 226.0452 400.6469 35.3991
v 226.0452 400.6469 25.3991
v 227.0282 402.0000 25.3991
v 227.0282 402.0000 35.3991
v 227.7085 403.5279 25.3991
v 227.7085 403.5279 35.3991
v 228.0562 405.1638 35.3991
v 228.0562 405.1638 25.3991
v 228.0562 406.8362 25.3991
v 228.0562 406.8362 35.3991
v 227.7085 408.4721 35.3991
v 227.7085 408.4721 25.3991
v 227.0282 410.0000 25.3991
v 227.0282 410.0000 35.3991
v 226.0452 411.3531 25.3991
v 226.0452 411.3531 35.3991
v 224.8023 412.4721 25.3991
v 224.8023 412.4721 35.3991
v 223.3539 413.3083 25.3991
v 223.3539 413.3083 35.3991
v 221.7633 413.8252 25.3991
v 221.7633 413.8252 35.3991
v 220.1000 414.0000 35.3991
v 220.1000 414.0000 25.3991
v 211.3980 414.0000 35.3991
v 211.3980 414.0000 25.3991
v 209.7347 413.8252 35.3991
v 209.7347 413.8252 25.3991
v 208.1441 413.3083 25.3991
v 208.1441 413.3083 35.3991
v 206.6957 412.4721 25.3991
v 206.6957 412.4721 35.3991
v 205.4528 411.3531 35.3991
v 205.4528 411.3531 25.3991
v 204.4698 410.0000 25.3991
v 204.4698 410.0000 35.3991
v 203.7896 408.4721 25.3991
v 203.7896 408.4721 35.3991
v 203.4418 406.8362 35.3991
v 203.4418 406.8362 25.3991
v 203.4418 405.1638 25.3991
v 203.4418 405.1638 35.3991
v 203.7896 403.5279 35.3991
v 203.7896 403.5279 25.3991
v 204.4698 402.0000 25.3991
v 204.4698 402.0000 35.3991
v 205.4528 400.6469 25.3991
v 205.4528 400.6469 35.3991
v 206.6957 399.5279 25.3991
v 206.6957 399.5279 35.3991
v 208.1441 398.6917 25.3991
v 208.1441 398.6917 35.3991
v 209.7347 398.1748 25.3991
v 209.7347 398.1748 35.3991
v 200.2110 407.7198 35.3991
v 200.3980 406.0000 35.3991
v 200.3980 406.0000 25.3991
v 200.2110 407.7198 25.3991
v 199.6586 409.3591 35.3991
v 199.6586 409.3591 25.3991
v 198.7667 410.8414 35.3991
v 198.7667 410.8414 25.3991
v 197.5771 412.0973 35.3991
v 197.5771 412.0973 25.3991
v 196.1453 413.0681 35.3991
v 196.1453 413.0681 25.3991
v 194.5382 413.7084 35.3991
v 194.5382 413.7084 25.3991
v 192.8311 413.9883 35.3991
v 192.8311 413.9883 25.3991
v 191.1037 413.8946 35.3991
v 191.1037 413.8946 25.3991
v 189.4369 413.4318 35.3991
v 189.4369 413.4318 25.3991
v 187.9085 412.6215 35.3991
v 187.9085 412.6215 25.3991
v 186.5900 411.5016 35.3991
v 186.5900 411.5016 25.3991
v 185.5431 410.1244 35.3991
v 185.5431 410.1244 25.3991
v 184.8168 408.5544 35.3991
v 184.8168 408.5544 25.3991
v 184.4449 406.8650 35.3991
v 184.4449 406.8650 25.3991
v 184.4449 405.1350 35.3991
v 184.4449 405.1350 25.3991
v 184.8168 403.4456 35.3991
v 184.8168 403.4456 25.3991
v 185.5431 401.8756 35.3991
v 185.5431 401.8756 25.3991
v 186.5900 400.4984 35.3991
v 186.5900 400.4984 25.3991
v 187.9085 399.3785 25.3991
v 187.9085 399.3785 35.3991
v 189.4369 398.5682 35.3991
v 189.4369 398.5682 25.3991
v 191.1037 398.1054 35.3991
v 191.1037 398.1054 25.3991
v 192.8311 398.0117 35.3991
v 192.8311 398.0117 25.3991
v 194.5382 398.2916 35.3991
v 194.5382 398.2916 25.3991
v 196.1453 398.9319 25.3991
v 196.1453 398.9319 35.3991
v 197.5771 399.9027 35.3991
v 197.5771 399.9027 25.3991
v 198.7667 401.1586 35.3991
v 198.7667 401.1586 25.3991
v 199.6586 402.6409 35.3991
v 199.6586 402.6409 25.3991
v 200.2110 404.2802 35.3991
v 200.2110 404.2802 25.3991
v 181.2110 407.7198 35.3991
v 181.3980 406.0000 35.3991
v 181.3980 406.0000 25.3991
v 181.2110 407.7198 25.3991
v 180.6586 409.3591 35.3991
v 180.6586 409.3591 25.3991
v 179.7667 410.8414 35.3991
v 179.7667 410.8414 25.3991
v 178.5771 412.0973 35.3991
v 178.5771 412.0973 25.3991
v 177.1453 413.0681 35.3991
v 177.1453 413.0681 25.3991
v 175.5382 413.7084 35.3991
v 175.5382 413.7084 25.3991
v 173.8311 413.9883 35.3991
v 173.8311 413.9883 25.3991
v 172.1037 413.8946 35.3991
v 172.1037 413.8946 25.3991
v 170.4369 413.4318 35.3991
v 170.4369 413.4318 25.3991
v 168.9085 412.6215 35.3991
v 168.9085 412.6215 25.3991
v 167.5900 411.5016 35.3991
v 167.5900 411.5016 25.3991
v 166.5431 410.1244 35.3991
v 166.5431 410.1244 25.3991
v 165.8168 408.5544 35.3991
v 165.8168 408.5544 25.3991
v 165.4449 406.8650 35.3991
v 165.4449 406.8650 25.3991
v 165.4449 405.1350 35.3991
v 165.4449 405.1350 25.3991
v 165.8168 403.4456 35.3991
v 165.8168 403.4456 25.3991
v 166.5431 401.8756 35.3991
v 166.5431 401.8756 25.3991
v 167.5900 400.4984 35.3991
v 167.5900 400.4984 25.3991
v 168.9085 399.3785 25.3991
v 168.9085 399.3785 35.3991
v 170.4369 398.5682 35.3991
v 170.4369 398.5682 25.3991
v 172.1037 398.1054 35.3991
v 172.1037 398.1054 25.3991
v 173.8311 398.0117 35.3991
v 173.8311 398.0117 25.3991
v 175.5382 398.2916 35.3991
v 175.5382 398.2916 25.3991
v 177.1453 398.9319 25.3991
v 177.1453 398.9319 35.3991
v 178.5771 399.9027 35.3991
v 178.5771 399.9027 25.3991
v 179.7667 401.1586 35.3991
v 179.7667 401.1586 25.3991
v 180.6586 402.6409 35.3991
v 180.6586 402.6409 25.3991
v 181.2110 404.2802 35.3991
v 181.2110 404.2802 25.3991
v 162.2110 407.7198 35.3991
v 162.3980 406.0000 35.3991
v 162.3980 406.0000 25.3991
v 162.2110 407.7198 25.3991
v 161.6586 409.3591 35.3991
v 161.6586 409.3591 25.3991
v 160.7667 410.8414 35.3991
v 160.7667 410.8414 25.3991
v 159.5771 412.0973 35.3991
v 159.5771 412.0973 25.3991
v 158.1453 413.0681 35.3991
v 158.1453 413.0681 25.3991
v 156.5382 413.7084 35.3991
v 156.5382 413.7084 25.3991
v 154.8311 413.9883 35.3991
v 154.8311 413.9883 25.3991
v 153.1037 413.8946 35.3991
v 153.1037 413.8946 25.3991
v 151.4369 413.4318 35.3991
v 151.4369 413.4318 25.3991
v 149.9085 412.6215 35.3991
v 149.9085 412.6215 25.3991
v 148.5900 411.5016 35.3991
v 148.5900 411.5016 25.3991
v 147.5431 410.1244 35.3991
v 147.5431 410.1244 25.3991
v 146.8168 408.5544 35.3991
v 146.8168 408.5544 25.3991
v 146.4449 406.8650 35.3991
v 146.4449 406.8650 25.3991
v 146.4449 405.1350 35.3991
v 146.4449 405.1350 25.3991
v 146.8168 403.4456 35.3991
v 146.8168 403.4456 25.3991
v 147.5431 401.8756 35.3991
v 147.5431 401.8756 25.3991
v 148.5900 400.4984 35.3991
v 148.5900 400.4984 25.3991
v 149.9085 399.3785 25.3991
v 149.9085 399.3785 35.3991
v 151.4369 398.5682 35.3991
v 151.4369 398.5682 25.3991
v 153.1037 398.1054 35.3991
v 153.1037 398.1054 25.3991
v 154.8311 398.0117 35.3991
v 154.8311 398.0117 25.3991
v 156.5382 398.2916 35.3991
v 156.5382 398.2916 25.3991
v 158.1453 398.9319 25.3991
v 158.1453 398.9319 35.3991
v 159.5771 399.9027 35.3991
v 159.5771 399.9027 25.3991
v 160.7667 401.1586 35.3991
v 160.7667 401.1586 25.3991
v 161.6586 402.6409 35.3991
v 161.6586 402.6409 25.3991
v 162.2110 404.2802 35.3991
v 162.2110 404.2802 25.3991
v 143.2110 407.7198 35.3991
v 143.3980 406.0000 35.3991
v 143.3980 406.0000 25.3991
v 143.2110 407.7198 25.3991
v 142.6586 409.3591 35.3991
v 142.6586 409.3591 25.3991
v 141.7667 410.8414 35.3991
v 141.7667 410.8414 25.3991
v 140.5771 412.0973 35.3991
v 140.5771 412.0973 25.3991
v 139.1453 413.0681 35.3991
v 139.1453 413.0681 25.3991
v 137.5382 413.7084 35.3991
v 137.5382 413.7084 25.3991
v 135.8311 413.9883 35.3991
v 135.8311 413.9883 25.3991
v 134.1037 413.8946 35.3991
v 134.1037 413.8946 25.3991
v 132.4369 413.4318 35.3991
v 132.4369 413.4318 25.3991
v 130.9085 412.6215 35.3991
v 130.9085 412.6215 25.3991
v 129.5900 411.5016 35.3991
v 129.5900 411.5016 25.3991
v 128.5431 410.1244 35.3991
v 128.5431 410.1244 25.3991
v 127.8168 408.5544 35.3991
v 127.8168 408.5544 25.3991
v 127.4449 406.8650 35.3991
v 127.4449 406.8650 25.3991
v 127.4449 405.1350 35.3991
v 127.4449 405.1350 25.3991
v 127.8168 403.4456 35.3991
v 127.8168 403.4456 25.3991
v 128.5431 401.8756 35.3991
v 128.5431 401.8756 25.3991
v 129.5900 400.4984 35.3991
v 129.5900 400.4984 25.3991
v 130.9085 399.3785 25.3991
v 130.9085 399.3785 35.3991
v 132.4369 398.5682 35.3991
v 132.4369 398.5682 25.3991
v 134.1037 398.1054 35.3991
v 134.1037 398.1054 25.3991
v 135.8311 398.0117 35.3991
v 135.8311 398.0117 25.3991
v 137.5382 398.2916 35.3991
v 137.5382 398.2916 25.3991
v 139.1453 398.9319 25.3991
v 139.1453 398.9319 35.3991
v 140.5771 399.9027 35.3991
v 140.5771 399.9027 25.3991
v 141.7667 401.1586 35.3991
v 141.7667 401.1586 25.3991
v 142.6586 402.6409 35.3991
v 142.6586 402.6409 25.3991
v 143.2110 404.2802 35.3991
v 143.2110 404.2802 25.3991
v 124.2110 407.7198 35.3991
v 124.3980 406.0000 35.3991
v 124.3980 406.0000 25.3991
v 124.2110 407.7198 25.3991
v 123.6586 409.3591 35.3991
v 123.6586 409.3591 25.3991
v 122.7667 410.8414 35.3991
v 122.7667 410.8414 25.3991
v 121.5771 412.0973 35.3991
v 121.5771 412.0973 25.3991
v 120.1453 413.0681 35.3991
v 120.1453 413.0681 25.3991
v 118.5382 413.7084 35.3991
v 118.5382 413.7084 25.3991
v 116.8311 413.9883 35.3991
v 116.8311 413.9883 25.3991
v 115.1037 413.8946 35.3991
v 115.1037 413.8946 25.3991
v 113.4369 413.4318 35.3991
v 113.4369 413.4318 25.3991
v 111.9085 412.6215 35.3991
v 111.9085 412.6215 25.3991
v 110.5900 411.5016 35.3991
v 110.5900 411.5016 25.3991
v 109.5431 410.1244 35.3991
v 109.5431 410.1244 25.3991
v 108.8168 408.5544 35.3991
v 108.8168 408.5544 25.3991
v 108.4449 406.8650 35.3991
v 108.4449 406.8650 25.3991
v 108.4449 405.1350 35.3991
v 108.4449 405.1350 25.3991
v 108.8168 403.4456 35.3991
v 108.8168 403.4456 25.3991
v 109.5431 401.8756 35.3991
v 109.5431 401.8756 25.3991
v 110.5900 400.4984 35.3991
v 110.5900 400.4984 25.3991
v 111.9085 399.3785 25.3991
v 111.9085 399.3785 35.3991
v 113.4369 398.5682 35.3991
v 113.4369 398.5682 25.3991
v 115.1037 398.1054 35.3991
v 115.1037 398.1054 25.3991
v 116.8311 398.0117 35.3991
v 116.8311 398.0117 25.3991
v 118.5382 398.2916 35.3991
v 118.5382 398.2916 25.3991
v 120.1453 398.9319 25.3991
v 120.1453 398.9319 35.3991
v 121.5771 399.9027 35.3991
v 121.5771 399.9027 25.3991
v 122.7667 401.1586 35.3991
v 122.7667 401.1586 25.3991
v 123.6586 402.6409 35.3991
v 123.6586 402.6409 25.3991
v 124.2110 404.2802 35.3991
v 124.2110 404.2802 25.3991
v 105.2110 407.7198 35.3991
v 105.3980 406.0000 35.3991
v 105.3980 406.0000 25.3991
v 105.2110 407.7198 25.3991
v 104.6586 409.3591 35.3991
v 104.6586 409.3591 25.3991
v 103.7667 410.8414 35.3991
v 103.7667 410.8414 25.3991
v 102.5771 412.0973 35.3991
v 102.5771 412.0973 25.3991
v 101.1453 413.0681 35.3991
v 101.1453 413.0681 25.3991
v 99.5382 413.7084 35.3991
v 99.5382 413.7084 25.3991
v 97.8311 413.9883 35.3991
v 97.8311 413.9883 25.3991
v 96.1037 413.8946 35.3991
v 96.1037 413.8946 25.3991
v 94.4369 413.4318 35.3991
v 94.4369 413.4318 25.3991
v 92.9085 412.6215 35.3991
v 92.9085 412.6215 25.3991
v 91.5900 411.5016 35.3991
v 91.5900 411.5016 25.3991
v 90.5431 410.1244 35.3991
v 90.5431 410.1244 25.3991
v 89.8168 408.5544 35.3991
v 89.8168 408.5544 25.3991
v 89.4449 406.8650 35.3991
v 89.4449 406.8650 25.3991
v 89.4449 405.1350 35.3991
v 89.4449 405.1350 25.3991
v 89.8168 403.4456 35.3991
v 89.8168 403.4456 25.3991
v 90.5431 401.8756 35.3991
v 90.5431 401.8756 25.3991
v 91.5900 400.4984 35.3991
v 91.5900 400.4984 25.3991
v 92.9085 399.3785 25.3991
v 92.9085 399.3785 35.3991
v 94.4369 398.5682 35.3991
v 94.4369 398.5682 25.3991
v 96.1037 398.1054 35.3991
v 96.1037 398.1054 25.3991
v 97.8311 398.0117 35.3991
v 97.8311 398.0117 25.3991
v 99.5382 398.2916 35.3991
v 99.5382 398.2916 25.3991
v 101.1453 398.9319 25.3991
v 101.1453 398.9319 35.3991
v 102.5771 399.9027 35.3991
v 102.5771 399.9027 25.3991
v 103.7667 401.1586 35.3991
v 103.7667 401.1586 25.3991
v 104.6586 402.6409 35.3991
v 104.6586 402.6409 25.3991
v 105.2110 404.2802 35.3991
v 105.2110 404.2802 25.3991
v 86.2110 407.7198 35.3991
v 86.3980 406.0000 35.3991
v 86.3980 406.0000 25.3991
v 86.2110 407.7198 25.3991
v 85.6586 409.3591 35.3991
v 85.6586 409.3591 25.3991
v 84.7667 410.8414 35.3991
v 84.7667 410.8414 25.3991
v 83.5771 412.0973 35.3991
v 83.5771 412.0973 25.3991
v 82.1453 413.0681 35.3991
v 82.1453 413.0681 25.3991
v 80.5382 413.7084 35.3991
v 80.5382 413.7084 25.3991
v 78.8311 413.9883 35.3991
v 78.8311 413.9883 25.3991
v 77.1037 413.8946 35.3991
v 77.1037 413.8946 25.3991
v 75.4369 413.4318 35.3991
v 75.4369 413.4318 25.3991
v 73.9085 412.6215 35.3991
v 73.9085 412.6215 25.3991
v 72.5900 411.5016 35.3991
v 72.5900 411.5016 25.3991
v 71.5431 410.1244 35.3991
v 71.5431 410.1244 25.3991
v 70.8168 408.5544 35.3991
v 70.8168 408.5544 25.3991
v 70.4449 406.8650 35.3991
v 70.4449 406.8650 25.3991
v 70.4449 405.1350 35.3991
v 70.4449 405.1350 25.3991
v 70.8168 403.4456 35.3991
v 70.8168 403.4456 25.3991
v 71.5431 401.8756 35.3991
v 71.5431 401.8756 25.3991
v 72.5900 400.4984 35.3991
v 72.5900 400.4984 25.3991
v 73.9085 399.3785 25.3991
v 73.9085 399.3785 35.3991
v 75.4369 398.5682 35.3991
v 75.4369 398.5682 25.3991
v 77.1037 398.1054 35.3991
v 77.1037 398.1054 25.3991
v 78.8311 398.0117 35.3991
v 78.8311 398.0117 25.3991
v 80.5382 398.2916 35.3991
v 80.5382 398.2916 25.3991
v 82.1453 398.9319 25.3991
v 82.1453 398.9319 35.3991
v 83.5771 399.9027 35.3991
v 83.5771 399.9027 25.3991
v 84.7667 401.1586 35.3991
v 84.7667 401.1586 25.3991
v 85.6586 402.6409 35.3991
v 85.6586 402.6409 25.3991
v 86.2110 404.2802 35.3991
v 86.2110 404.2802 25.3991
v 67.2110 407.7198 35.3991
v 67.3980 406.0000 35.3991
v 67.3980 406.0000 25.3991
v 67.2110 407.7198 25.3991
v 66.6586 409.3591 35.3991
v 66.6586 409.3591 25.3991
v 65.7667 410.8414 35.3991
v 65.7667 410.8414 25.3991
v 64.5771 412.0973 35.3991
v 64.5771 412.0973 25.3991
v 63.1453 413.0681 35.3991
v 63.1453 413.0681 25.3991
v 61.5382 413.7084 35.3991
v 61.5382 413.7084 25.3991
v 59.8311 413.9883 35.3991
v 59.8311 413.9883 25.3991
v 58.1037 413.8946 35.3991
v 58.1037 413.8946 25.3991
v 56.4369 413.4318 35.3991
v 56.4369 413.4318 25.3991
v 54.9085 412.6215 35.3991
v 54.9085 412.6215 25.3991
v 53.5900 411.5016 35.3991
v 53.5900 411.5016 25.3991
v 52.5431 410.1244 35.3991
v 52.5431 410.1244 25.3991
v 51.8168 408.5544 35.3991
v 51.8168 408.5544 25.3991
v 51.4449 406.8650 35.3991
v 51.4449 406.8650 25.3991
v 51.4449 405.1350 35.3991
v 51.4449 405.1350 25.3991
v 51.8168 403.4456 35.3991
v 51.8168 403.4456 25.3991
v 52.5431 401.8756 35.3991
v 52.5431 401.8756 25.3991
v 53.5900 400.4984 35.3991
v 53.5900 400.4984 25.3991
v 54.9085 399.3785 25.3991
v 54.9085 399.3785 35.3991
v 56.4369 398.5682 35.3991
v 56.4369 398.5682 25.3991
v 58.1037 398.1054 35.3991
v 58.1037 398.1054 25.3991
v 59.8311 398.0117 35.3991
v 59.8311 398.0117 25.3991
v 61.5382 398.2916 35.3991
v 61.5382 398.2916 25.3991
v 63.1453 398.9319 25.3991
v 63.1453 398.9319 35.3991
v 64.5771 399.9027 35.3991
v 64.5771 399.9027 25.3991
v 65.7667 401.1586 35.3991
v 65.7667 401.1586 25.3991
v 66.6586 402.6409 35.3991
v 66.6586 402.6409 25.3991
v 67.2110 404.2802 35.3991
v 67.2110 404.2802 25.3991
v 48.2110 407.7198 35.3991
v 48.3980 406.0000 35.3991
v 48.3980 406.0000 25.3991
v 48.2110 407.7198 25.3991
v 47.6586 409.3591 35.3991
v 47.6586 409.3591 25.3991
v 46.7667 410.8414 35.3991
v 46.7667 410.8414 25.3991
v 45.5771 412.0973 35.3991
v 45.5771 412.0973 25.3991
v 44.1453 413.0681 35.3991
v 44.1453 413.0681 25.3991
v 42.5382 413.7084 35.3991
v 42.5382 413.7084 25.3991
v 40.8311 413.9883 35.3991
v 40.8311 413.9883 25.3991
v 39.1037 413.8946 35.3991
v 39.1037 413.8946 25.3991
v 37.4369 413.4318 35.3991
v 37.4369 413.4318 25.3991
v 35.9085 412.6215 35.3991
v 35.9085 412.6215 25.3991
v 34.5900 411.5016 35.3991
v 34.5900 411.5016 25.3991
v 33.5431 410.1244 35.3991
v 33.5431 410.1244 25.3991
v 32.8168 408.5544 35.3991
v 32.8168 408.5544 25.3991
v 32.4449 406.8650 35.3991
v 32.4449 406.8650 25.3991
v 32.4449 405.1350 35.3991
v 32.4449 405.1350 25.3991
v 32.8168 403.4456 35.3991
v 32.8168 403.4456 25.3991
v 33.5431 401.8756 35.3991
v 33.5431 401.8756 25.3991
v 34.5900 400.4984 35.3991
v 34.5900 400.4984 25.3991
v 35.9085 399.3785 25.3991
v 35.9085 399.3785 35.3991
v 37.4369 398.5682 35.3991
v 37.4369 398.5682 25.3991
v 39.1037 398.1054 35.3991
v 39.1037 398.1054 25.3991
v 40.8311 398.0117 35.3991
v 40.8311 398.0117 25.3991
v 42.5382 398.2916 35.3991
v 42.5382 398.2916 25.3991
v 44.1453 398.9319 25.3991
v 44.1453 398.9319 35.3991
v 45.5771 399.9027 35.3991
v 45.5771 399.9027 25.3991
v 46.7667 401.1586 35.3991
v 46.7667 401.1586 25.3991
v 47.6586 402.6409 35.3991
v 47.6586 402.6409 25.3991
v 48.2110 404.2802 35.3991
v 48.2110 404.2802 25.3991
v 29.2110 407.7198 35.3991
v 29.3980 406.0000 35.3991
v 29.3980 406.0000 25.3991
v 29.2110 407.7198 25.3991
v 28.6586 409.3591 35.3991
v 28.6586 409.3591 25.3991
v 27.7667 410.8414 35.3991
v 27.7667 410.8414 25.3991
v 26.5771 412.0973 35.3991
v 26.5771 412.0973 25.3991
v 25.1453 413.0681 35.3991
v 25.1453 413.0681 25.3991
v 23.5382 413.7084 35.3991
v 23.5382 413.7084 25.3991
v 21.8311 413.9883 35.3991
v 21.8311 413.9883 25.3991
v 20.1037 413.8946 35.3991
v 20.1037 413.8946 25.3991
v 18.4369 413.4318 35.3991
v 18.4369 413.4318 25.3991
v 16.9085 412.6215 35.3991
v 16.9085 412.6215 25.3991
v 15.5900 411.5016 35.3991
v 15.5900 411.5016 25.3991
v 14.5431 410.1244 35.3991
v 14.5431 410.1244 25.3991
v 13.8168 408.5544 35.3991
v 13.8168 408.5544 25.3991
v 13.4449 406.8650 35.3991
v 13.4449 406.8650 25.3991
v 13.4449 405.1350 35.3991
v 13.4449 405.1350 25.3991
v 13.8168 403.4456 35.3991
v 13.8168 403.4456 25.3991
v 14.5431 401.8756 35.3991
v 14.5431 401.8756 25.3991
v 15.5900 400.4984 35.3991
v 15.5900 400.4984 25.3991
v 16.9085 399.3785 25.3991
v 16.9085 399.3785 35.3991
v 18.4369 398.5682 35.3991
v 18.4369 398.5682 25.3991
v 20.1037 398.1054 35.3991
v 20.1037 398.1054 25.3991
v 21.8311 398.0117 35.3991
v 21.8311 398.0117 25.3991
v 23.5382 398.2916 35.3991
v 23.5382 398.2916 25.3991
v 25.1453 398.9319 25.3991
v 25.1453 398.9319 35.3991
v 26.5771 399.9027 35.3991
v 26.5771 399.9027 25.3991
v 27.7667 401.1586 35.3991
v 27.7667 401.1586 25.3991
v 28.6586 402.6409 35.3991
v 28.6586 402.6409 25.3991
v 29.2110 404.2802 35.3991
v 29.2110 404.2802 25.3991
v 10.2110 407.7198 35.3991
v 10.3980 406.0000 35.3991
v 10.3980 406.0000 25.3991
v 10.2110 407.7198 25.3991
v 9.6586 409.3591 35.3991
v 9.6586 409.3591 25.3991
v 8.7667 410.8414 35.3991
v 8.7667 410.8414 25.3991
v 7.5771 412.0973 35.3991
v 7.5771 412.0973 25.3991
v 6.1453 413.0681 35.3991
v 6.1453 413.0681 25.3991
v 4.5382 413.7084 35.3991
v 4.5382 413.7084 25.3991
v 2.8311 413.9883 35.3991
v 2.8311 413.9883 25.3991
v 1.1037 413.8946 35.3991
v 1.1037 413.8946 25.3991
v -0.5631 413.4318 35.3991
v -0.5631 413.4318 25.3991
v -2.0915 412.6215 35.3991
v -2.0915 412.6215 25.3991
v -3.4100 411.5016 35.3991
v -3.4100 411.5016 25.3991
v -4.4569 410.1244 35.3991
v -4.4569 410.1244 25.3991
v -5.1832 408.5544 35.3991
v -5.1832 408.5544 25.3991
v -5.5551 406.8650 35.3991
v -5.5551 406.8650 25.3991
v -5.5551 405.1350 35.3991
v -5.5551 405.1350 25.3991
v -5.1832 403.4456 35.3991
v -5.1832 403.4456 25.3991
v -4.4569 401.8756 35.3991
v -4.4569 401.8756 25.3991
v -3.4100 400.4984 35.3991
v -3.4100 400.4984 25.3991
v -2.0915 399.3785 25.3991
v -2.0915 399.3785 35.3991
v -0.5631 398.5682 35.3991
v -0.5631 398.5682 25.3991
v 1.1037 398.1054 35.3991
v 1.1037 398.1054 25.3991
v 2.8311 398.0117 35.3991
v 2.8311 398.0117 25.3991
v 4.5382 398.2916 35.3991
v 4.5382 398.2916 25.3991
v 6.1453 398.9319 25.3991
v 6.1453 398.9319 35.3991
v 7.5771 399.9027 35.3991
v 7.5771 399.9027 25.3991
v 8.7667 401.1586 35.3991
v 8.7667 401.1586 25.3991
v 9.6586 402.6409 35.3991
v 9.6586 402.6409 25.3991
v 10.2110 404.2802 35.3991
v 10.2110 404.2802 25.3991
v -8.7890 407.7198 35.3991
v -8.6020 406.0000 35.3991
v -8.6020 406.0000 25.3991
v -8.7890 407.7198 25.3991
v -9.3414 409.3591 35.3991
v -9.3414 409.3591 25.3991
v -10.2333 410.8414 35.3991
v -10.2333 410.8414 25.3991
v -11.4229 412.0973 35.3991
v -11.4229 412.0973 25.3991
v -12.8547 413.0681 35.3991
v -12.8547 413.0681 25.3991
v -14.4618 413.7084 35.3991
v -14.4618 413.7084 25.3991
v -16.1689 413.9883 35.3991
v -16.1689 413.9883 25.3991
v -17.8963 413.8946 35.3991
v -17.8963 413.8946 25.3991
v -19.5631 413.4318 35.3991
v -19.5631 413.4318 25.3991
v -21.0915 412.6215 35.3991
v -21.0915 412.6215 25.3991
v -22.4100 411.5016 35.3991
v -22.4100 411.5016 25.3991
v -23.4569 410.1244 35.3991
v -23.4569 410.1244 25.3991
v -24.1832 408.5544 35.3991
v -24.1832 408.5544 25.3991
v -24.5551 406.8650 35.3991
v -24.5551 406.8650 25.3991
v -24.5551 405.1350 35.3991
v -24.5551 405.1350 25.3991
v -24.1832 403.4456 35.3991
v -24.1832 403.4456 25.3991
v -23.4569 401.8756 35.3991
v -23.4569 401.8756 25.3991
v -22.4100 400.4984 35.3991
v -22.4100 400.4984 25.3991
v -21.0915 399.3785 25.3991
v -21.0915 399.3785 35.3991
v -19.5631 398.5682 35.3991
v -19.5631 398.5682 25.3991
v -17.8963 398.1054 35.3991
v -17.8963 398.1054 25.3991
v -16.1689 398.0117 35.3991
v -16.1689 398.0117 25.3991
v -14.4618 398.2916 35.3991
v -14.4618 398.2916 25.3991
v -12.8547 398.9319 25.3991
v -12.8547 398.9319 35.3991
v -11.4229 399.9027 35.3991
v -11.4229 399.9027 25.3991
v -10.2333 401.1586 35.3991
v -10.2333 401.1586 25.3991
v -9.3414 402.6409 35.3991
v -9.3414 402.6409 25.3991
v -8.7890 404.2802 35.3991
v -8.7890 404.2802 25.3991
v 208.9130 426.7198 33.4022
v 209.1000 425.0000 33.4022
v 209.1000 425.0000 23.4022
v 208.9130 426.7198 23.4022
v 208.3606 428.3591 23.4022
v 208.3606 428.3591 33.4022
v 207.4688 429.8414 33.4022
v 207.4688 429.8414 23.4022
v 206.2791 431.0973 33.4022
v 206.2791 431.0973 23.4022
v 204.8473 432.0681 33.4022
v 204.8473 432.0681 23.4022
v 203.2402 432.7084 33.4022
v 203.2402 432.7084 23.4022
v 201.5331 432.9883 33.4022
v 201.5331 432.9883 23.4022
v 199.8057 432.8946 33.4022
v 199.8057 432.8946 23.4022
v 198.1389 432.4318 23.4022
v 198.1389 432.4318 33.4022
v 196.6105 431.6215 23.4022
v 196.6105 431.6215 33.4022
v 195.2920 430.5016 33.4022
v 195.2920 430.5016 23.4022
v 194.2451 429.1244 33.4022
v 194.2451 429.1244 23.4022
v 193.5188 427.5544 33.4022
v 193.5188 427.5544 23.4022
v 193.1469 425.8650 33.4022
v 193.1469 425.8650 23.4022
v 193.1469 424.1350 33.4022
v 193.1469 424.1350 23.4022
v 193.5188 422.4456 33.4022
v 193.5188 422.4456 23.4022
v 194.2451 420.8756 33.4022
v 194.2451 420.8756 23.4022
v 195.2920 419.4984 33.4022
v 195.2920 419.4984 23.4022
v 196.6105 418.3785 23.4022
v 196.6105 418.3785 33.4022
v 198.1389 417.5682 33.4022
v 198.1389 417.5682 23.4022
v 199.8057 417.1054 23.4022
v 199.8057 417.1054 33.4022
v 201.5331 417.0117 33.4022
v 201.5331 417.0117 23.4022
v 203.2402 417.2916 33.4022
v 203.2402 417.2916 23.4022
v 204.8473 417.9319 33.4022
v 204.8473 417.9319 23.4022
v 206.2791 418.9027 33.4022
v 206.2791 418.9027 23.4022
v 207.4688 420.1586 33.4022
v 207.4688 420.1586 23.4022
v 208.3606 421.6409 23.4022
v 208.3606 421.6409 33.4022
v 208.9130 423.2802 33.4022
v 208.9130 423.2802 23.4022
v 189.9130 426.7198 33.4022
v 190.1000 425.0000 33.4022
v 190.1000 425.0000 23.4022
v 189.9130 426.7198 23.4022
v 189.3606 428.3591 23.4022
v 189.3606 428.3591 33.4022
v 188.4688 429.8414 33.4022
v 188.4688 429.8414 23.4022
v 187.2791 431.0973 33.4022
v 187.2791 431.0973 23.4022
v 185.8473 432.0681 33.4022
v 185.8473 432.0681 23.4022
v 184.2402 432.7084 33.4022
v 184.2402 432.7084 23.4022
v 182.5331 432.9883 33.4022
v 182.5331 432.9883 23.4022
v 180.8057 432.8946 33.4022
v 180.8057 432.8946 23.4022
v 179.1389 432.4318 23.4022
v 179.1389 432.4318 33.4022
v 177.6105 431.6215 23.4022
v 177.6105 431.6215 33.4022
v 176.2920 430.5016 33.4022
v 176.2920 430.5016 23.4022
v 175.2451 429.1244 33.4022
v 175.2451 429.1244 23.4022
v 174.5188 427.5544 33.4022
v 174.5188 427.5544 23.4022
v 174.1469 425.8650 33.4022
v 174.1469 425.8650 23.4022
v 174.1469 424.1350 33.4022
v 174.1469 424.1350 23.4022
v 174.5188 422.4456 33.4022
v 174.5188 422.4456 23.4022
v 175.2451 420.8756 33.4022
v 175.2451 420.8756 23.4022
v 176.2920 419.4984 33.4022
v 176.2920 419.4984 23.4022
v 177.6105 418.3785 23.4022
v 177.6105 418.3785 33.4022
v 179.1389 417.5682 33.4022
v 179.1389 417.5682 23.4022
v 180.8057 417.1054 23.4022
v 180.8057 417.1054 33.4022
v 182.5331 417.0117 33.4022
v 182.5331 417.0117 23.4022
v 184.2402 417.2916 33.4022
v 184.2402 417.2916 23.4022
v 185.8473 417.9319 33.4022
v 185.8473 417.9319 23.4022
v 187.2791 418.9027 33.4022
v 187.2791 418.9027 23.4022
v 188.4688 420.1586 33.4022
v 188.4688 420.1586 23.4022
v 189.3606 421.6409 23.4022
v 189.3606 421.6409 33.4022
v 189.9130 423.2802 33.4022
v 189.9130 423.2802 23.4022
v 170.9130 426.7198 33.4022
v 171.1000 425.0000 33.4022
v 171.1000 425.0000 23.4022
v 170.9130 426.7198 23.4022
v 170.3606 428.3591 23.4022
v 170.3606 428.3591 33.4022
v 169.4688 429.8414 33.4022
v 169.4688 429.8414 23.4022
v 168.2791 431.0973 33.4022
v 168.2791 431.0973 23.4022
v 166.8473 432.0681 33.4022
v 166.8473 432.0681 23.4022
v 165.2402 432.7084 33.4022
v 165.2402 432.7084 23.4022
v 163.5331 432.9883 33.4022
v 163.5331 432.9883 23.4022
v 161.8057 432.8946 33.4022
v 161.8057 432.8946 23.4022
v 160.1389 432.4318 23.4022
v 160.1389 432.4318 33.4022
v 158.6105 431.6215 23.4022
v 158.6105 431.6215 33.4022
v 157.2920 430.5016 33.4022
v 157.2920 430.5016 23.4022
v 156.2451 429.1244 33.4022
v 156.2451 429.1244 23.4022
v 155.5188 427.5544 33.4022
v 155.5188 427.5544 23.4022
v 155.1469 425.8650 33.4022
v 155.1469 425.8650 23.4022
v 155.1469 424.1350 33.4022
v 155.1469 424.1350 23.4022
v 155.5188 422.4456 33.4022
v 155.5188 422.4456 23.4022
v 156.2451 420.8756 33.4022
v 156.2451 420.8756 23.4022
v 157.2920 419.4984 33.4022
v 157.2920 419.4984 23.4022
v 158.6105 418.3785 23.4022
v 158.6105 418.3785 33.4022
v 160.1389 417.5682 33.4022
v 160.1389 417.5682 23.4022
v 161.8057 417.1054 23.4022
v 161.8057 417.1054 33.4022
v 163.5331 417.0117 33.4022
v 163.5331 417.0117 23.4022
v 165.2402 417.2916 33.4022
v 165.2402 417.2916 23.4022
v 166.8473 417.9319 33.4022
v 166.8473 417.9319 23.4022
v 168.2791 418.9027 33.4022
v 168.2791 418.9027 23.4022
v 169.4688 420.1586 33.4022
v 169.4688 420.1586 23.4022
v 170.3606 421.6409 23.4022
v 170.3606 421.6409 33.4022
v 170.9130 423.2802 33.4022
v 170.9130 423.2802 23.4022
v 151.9130 426.7198 33.4022
v 152.1000 425.0000 33.4022
v 152.1000 425.0000 23.4022
v 151.9130 426.7198 23.4022
v 151.3606 428.3591 23.4022
v 151.3606 428.3591 33.4022
v 150.4688 429.8414 33.4022
v 150.4688 429.8414 23.4022
v 149.2791 431.0973 33.4022
v 149.2791 431.0973 23.4022
v 147.8473 432.0681 33.4022
v 147.8473 432.0681 23.4022
v 146.2402 432.7084 33.4022
v 146.2402 432.7084 23.4022
v 144.5331 432.9883 33.4022
v 144.5331 432.9883 23.4022
v 142.8057 432.8946 33.4022
v 142.8057 432.8946 23.4022
v 141.1389 432.4318 23.4022
v 141.1389 432.4318 33.4022
v 139.6105 431.6215 23.4022
v 139.6105 431.6215 33.4022
v 138.2920 430.5016 33.4022
v 138.2920 430.5016 23.4022
v 137.2451 429.1244 33.4022
v 137.2451 429.1244 23.4022
v 136.5188 427.5544 33.4022
v 136.5188 427.5544 23.4022
v 136.1469 425.8650 33.4022
v 136.1469 425.8650 23.4022
v 136.1469 424.1350 33.4022
v 136.1469 424.1350 23.4022
v 136.5188 422.4456 33.4022
v 136.5188 422.4456 23.4022
v 137.2451 420.8756 33.4022
v 137.2451 420.8756 23.4022
v 138.2920 419.4984 33.4022
v 138.2920 419.4984 23.4022
v 139.6105 418.3785 23.4022
v 139.6105 418.3785 33.4022
v 141.1389 417.5682 33.4022
v 141.1389 417.5682 23.4022
v 142.8057 417.1054 23.4022
v 142.8057 417.1054 33.4022
v 144.5331 417.0117 33.4022
v 144.5331 417.0117 23.4022
v 146.2402 417.2916 33.4022
v 146.2402 417.2916 23.4022
v 147.8473 417.9319 33.4022
v 147.8473 417.9319 23.4022
v 149.2791 418.9027 33.4022
v 149.2791 418.9027 23.4022
v 150.4688 420.1586 33.4022
v 150.4688 420.1586 23.4022
v 151.3606 421.6409 23.4022
v 151.3606 421.6409 33.4022
v 151.9130 423.2802 33.4022
v 151.9130 423.2802 23.4022
v 132.9130 426.7198 33.4022
v 133.1000 425.0000 33.4022
v 133.1000 425.0000 23.4022
v 132.9130 426.7198 23.4022
v 132.3606 428.3591 23.4022
v 132.3606 428.3591 33.4022
v 131.4688 429.8414 33.4022
v 131.4688 429.8414 23.4022
v 130.2791 431.0973 33.4022
v 130.2791 431.0973 23.4022
v 128.8473 432.0681 33.4022
v 128.8473 432.0681 23.4022
v 127.2402 432.7084 33.4022
v 127.2402 432.7084 23.4022
v 125.5331 432.9883 33.4022
v 125.5331 432.9883 23.4022
v 123.8057 432.8946 33.4022
v 123.8057 432.8946 23.4022
v 122.1389 432.4318 23.4022
v 122.1389 432.4318 33.4022
v 120.6105 431.6215 23.4022
v 120.6105 431.6215 33.4022
v 119.2920 430.5016 33.4022
v 119.2920 430.5016 23.4022
v 118.2451 429.1244 33.4022
v 118.2451 429.1244 23.4022
v 117.5188 427.5544 33.4022
v 117.5188 427.5544 23.4022
v 117.1469 425.8650 33.4022
v 117.1469 425.8650 23.4022
v 117.1469 424.1350 33.4022
v 117.1469 424.1350 23.4022
v 117.5188 422.4456 33.4022
v 117.5188 422.4456 23.4022
v 118.2451 420.8756 33.4022
v 118.2451 420.8756 23.4022
v 119.2920 419.4984 33.4022
v 119.2920 419.4984 23.4022
v 120.6105 418.3785 23.4022
v 120.6105 418.3785 33.4022
v 122.1389 417.5682 33.4022
v 122.1389 417.5682 23.4022
v 123.8057 417.1054 23.4022
v 123.8057 417.1054 33.4022
v 125.5331 417.0117 33.4022
v 125.5331 417.0117 23.4022
v 127.2402 417.2916 33.4022
v 127.2402 417.2916 23.4022
v 128.8473 417.9319 33.4022
v 128.8473 417.9319 23.4022
v 130.2791 418.9027 33.4022
v 130.2791 418.9027 23.4022
v 131.4688 420.1586 33.4022
v 131.4688 420.1586 23.4022
v 132.3606 421.6409 23.4022
v 132.3606 421.6409 33.4022
v 132.9130 423.2802 33.4022
v 132.9130 423.2802 23.4022
v 113.9130 426.7198 33.4022
v 114.1000 425.0000 33.4022
v 114.1000 425.0000 23.4022
v 113.9130 426.7198 23.4022
v 113.3606 428.3591 23.4022
v 113.3606 428.3591 33.4022
v 112.4687 429.8414 33.4022
v 112.4687 429.8414 23.4022
v 111.2791 431.0973 33.4022
v 111.2791 431.0973 23.4022
v 109.8473 432.0681 33.4022
v 109.8473 432.0681 23.4022
v 108.2402 432.7084 33.4022
v 108.2402 432.7084 23.4022
v 106.5331 432.9883 33.4022
v 106.5331 432.9883 23.4022
v 104.8057 432.8946 33.4022
v 104.8057 432.8946 23.4022
v 103.1389 432.4318 23.4022
v 103.1389 432.4318 33.4022
v 101.6105 431.6215 23.4022
v 101.6105 431.6215 33.4022
v 100.2920 430.5016 33.4022
v 100.2920 430.5016 23.4022
v 99.2451 429.1244 33.4022
v 99.2451 429.1244 23.4022
v 98.5188 427.5544 33.4022
v 98.5188 427.5544 23.4022
v 98.1469 425.8650 33.4022
v 98.1469 425.8650 23.4022
v 98.1469 424.1350 33.4022
v 98.1469 424.1350 23.4022
v 98.5188 422.4456 33.4022
v 98.5188 422.4456 23.4022
v 99.2451 420.8756 33.4022
v 99.2451 420.8756 23.4022
v 100.2920 419.4984 33.4022
v 100.2920 419.4984 23.4022
v 101.6105 418.3785 23.4022
v 101.6105 418.3785 33.4022
v 103.1389 417.5682 33.4022
v 103.1389 417.5682 23.4022
v 104.8057 417.1054 23.4022
v 104.8057 417.1054 33.4022
v 106.5331 417.0117 33.4022
v 106.5331 417.0117 23.4022
v 108.2402 417.2916 33.4022
v 108.2402 417.2916 23.4022
v 109.8473 417.9319 33.4022
v 109.8473 417.9319 23.4022
v 111.2791 418.9027 33.4022
v 111.2791 418.9027 23.4022
v 112.4687 420.1586 33.4022
v 112.4687 420.1586 23.4022
v 113.3606 421.6409 23.4022
v 113.3606 421.6409 33.4022
v 113.9130 423.2802 33.4022
v 113.9130 423.2802 23.4022
v 94.9130 426.7198 33.4022
v 95.1000 425.0000 33.4022
v 95.1000 425.0000 23.4022
v 94.9130 426.7198 23.4022
v 94.3606 428.3591 23.4022
v 94.3606 428.3591 33.4022
v 93.4687 429.8414 33.4022
v 93.4687 429.8414 23.4022
v 92.2791 431.0973 33.4022
v 92.2791 431.0973 23.4022
v 90.8473 432.0681 33.4022
v 90.8473 432.0681 23.4022
v 89.2402 432.7084 33.4022
v 89.2402 432.7084 23.4022
v 87.5331 432.9883 33.4022
v 87.5331 432.9883 23.4022
v 85.8057 432.8946 33.4022
v 85.8057 432.8946 23.4022
v 84.1389 432.4318 23.4022
v 84.1389 432.4318 33.4022
v 82.6105 431.6215 23.4022
v 82.6105 431.6215 33.4022
v 81.2920 430.5016 33.4022
v 81.2920 430.5016 23.4022
v 80.2451 429.1244 33.4022
v 80.2451 429.1244 23.4022
v 79.5188 427.5544 33.4022
v 79.5188 427.5544 23.4022
v 79.1469 425.8650 33.4022
v 79.1469 425.8650 23.4022
v 79.1469 424.1350 33.4022
v 79.1469 424.1350 23.4022
v 79.5188 422.4456 33.4022
v 79.5188 422.4456 23.4022
v 80.2451 420.8756 33.4022
v 80.2451 420.8756 23.4022
v 81.2920 419.4984 33.4022
v 81.2920 419.4984 23.4022
v 82.6105 418.3785 23.4022
v 82.6105 418.3785 33.4022
v 84.1389 417.5682 33.4022
v 84.1389 417.5682 23.4022
v 85.8057 417.1054 23.4022
v 85.8057 417.1054 33.4022
v 87.5331 417.0117 33.4022
v 87.5331 417.0117 23.4022
v 89.2402 417.2916 33.4022
v 89.2402 417.2916 23.4022
v 90.8473 417.9319 33.4022
v 90.8473 417.9319 23.4022
v 92.2791 418.9027 33.4022
v 92.2791 418.9027 23.4022
v 93.4687 420.1586 33.4022
v 93.4687 420.1586 23.4022
v 94.3606 421.6409 23.4022
v 94.3606 421.6409 33.4022
v 94.9130 423.2802 33.4022
v 94.9130 423.2802 23.4022
v 75.9130 426.7198 33.4022
v 76.1000 425.0000 33.4022
v 76.1000 425.0000 23.4022
v 75.9130 426.7198 23.4022
v 75.3606 428.3591 23.4022
v 75.3606 428.3591 33.4022
v 74.4687 429.8414 33.4022
v 74.4687 429.8414 23.4022
v 73.2791 431.0973 33.4022
v 73.2791 431.0973 23.4022
v 71.8473 432.0681 33.4022
v 71.8473 432.0681 23.4022
v 70.2402 432.7084 33.4022
v 70.2402 432.7084 23.4022
v 68.5331 432.9883 33.4022
v 68.5331 432.9883 23.4022
v 66.8057 432.8946 33.4022
v 66.8057 432.8946 23.4022
v 65.1389 432.4318 23.4022
v 65.1389 432.4318 33.4022
v 63.6105 431.6215 23.4022
v 63.6105 431.6215 33.4022
v 62.2920 430.5016 33.4022
v 62.2920 430.5016 23.4022
v 61.2451 429.1244 33.4022
v 61.2451 429.1244 23.4022
v 60.5188 427.5544 33.4022
v 60.5188 427.5544 23.4022
v 60.1469 425.8650 33.4022
v 60.1469 425.8650 23.4022
v 60.1469 424.1350 33.4022
v 60.1469 424.1350 23.4022
v 60.5188 422.4456 33.4022
v 60.5188 422.4456 23.4022
v 61.2451 420.8756 33.4022
v 61.2451 420.8756 23.4022
v 62.2920 419.4984 33.4022
v 62.2920 419.4984 23.4022
v 63.6105 418.3785 23.4022
v 63.6105 418.3785 33.4022
v 65.1389 417.5682 33.4022
v 65.1389 417.5682 23.4022
v 66.8057 417.1054 23.4022
v 66.8057 417.1054 33.4022
v 68.5331 417.0117 33.4022
v 68.5331 417.0117 23.4022
v 70.2402 417.2916 33.4022
v 70.2402 417.2916 23.4022
v 71.8473 417.9319 33.4022
v 71.8473 417.9319 23.4022
v 73.2791 418.9027 33.4022
v 73.2791 418.9027 23.4022
v 74.4687 420.1586 33.4022
v 74.4687 420.1586 23.4022
v 75.3606 421.6409 23.4022
v 75.3606 421.6409 33.4022
v 75.9130 423.2802 33.4022
v 75.9130 423.2802 23.4022
v 56.9130 426.7198 33.4022
v 57.1000 425.0000 33.4022
v 57.1000 425.0000 23.4022
v 56.9130 426.7198 23.4022
v 56.3606 428.3591 23.4022
v 56.3606 428.3591 33.4022
v 55.4687 429.8414 33.4022
v 55.4687 429.8414 23.4022
v 54.2791 431.0973 33.4022
v 54.2791 431.0973 23.4022
v 52.8473 432.0681 33.4022
v 52.8473 432.0681 23.4022
v 51.2402 432.7084 33.4022
v 51.2402 432.7084 23.4022
v 49.5331 432.9883 33.4022
v 49.5331 432.9883 23.4022
v 47.8057 432.8946 33.4022
v 47.8057 432.8946 23.4022
v 46.1389 432.4318 23.4022
v 46.1389 432.4318 33.4022
v 44.6105 431.6215 23.4022
v 44.6105 431.6215 33.4022
v 43.2920 430.5016 33.4022
v 43.2920 430.5016 23.4022
v 42.2451 429.1244 33.4022
v 42.2451 429.1244 23.4022
v 41.5188 427.5544 33.4022
v 41.5188 427.5544 23.4022
v 41.1469 425.8650 33.4022
v 41.1469 425.8650 23.4022
v 41.1469 424.1350 33.4022
v 41.1469 424.1350 23.4022
v 41.5188 422.4456 33.4022
v 41.5188 422.4456 23.4022
v 42.2451 420.8756 33.4022
v 42.2451 420.8756 23.4022
v 43.2920 419.4984 33.4022
v 43.2920 419.4984 23.4022
v 44.6105 418.3785 23.4022
v 44.6105 418.3785 33.4022
v 46.1389 417.5682 33.4022
v 46.1389 417.5682 23.4022
v 47.8057 417.1054 23.4022
v 47.8057 417.1054 33.4022
v 49.5331 417.0117 33.4022
v 49.5331 417.0117 23.4022
v 51.2402 417.2916 33.4022
v 51.2402 417.2916 23.4022
v 52.8473 417.9319 33.4022
v 52.8473 417.9319 23.4022
v 54.2791 418.9027 33.4022
v 54.2791 418.9027 23.4022
v 55.4687 420.1586 33.4022
v 55.4687 420.1586 23.4022
v 56.3606 421.6409 23.4022
v 56.3606 421.6409 33.4022
v 56.9130 423.2802 33.4022
v 56.9130 423.2802 23.4022
v 37.9130 426.7198 33.4022
v 38.1000 425.0000 33.4022
v 38.1000 425.0000 23.4022
v 37.9130 426.7198 23.4022
v 37.3606 428.3591 23.4022
v 37.3606 428.3591 33.4022
v 36.4687 429.8414 33.4022
v 36.4687 429.8414 23.4022
v 35.2791 431.0973 33.4022
v 35.2791 431.0973 23.4022
v 33.8473 432.0681 33.4022
v 33.8473 432.0681 23.4022
v 32.2402 432.7084 33.4022
v 32.2402 432.7084 23.4022
v 30.5331 432.9883 33.4022
v 30.5331 432.9883 23.4022
v 28.8057 432.8946 33.4022
v 28.8057 432.8946 23.4022
v 27.1389 432.4318 23.4022
v 27.1389 432.4318 33.4022
v 25.6105 431.6215 23.4022
v 25.6105 431.6215 33.4022
v 24.2920 430.5016 33.4022
v 24.2920 430.5016 23.4022
v 23.2451 429.1244 33.4022
v 23.2451 429.1244 23.4022
v 22.5188 427.5544 33.4022
v 22.5188 427.5544 23.4022
v 22.1469 425.8650 33.4022
v 22.1469 425.8650 23.4022
v 22.1469 424.1350 33.4022
v 22.1469 424.1350 23.4022
v 22.5188 422.4456 33.4022
v 22.5188 422.4456 23.4022
v 23.2451 420.8756 33.4022
v 23.2451 420.8756 23.4022
v 24.2920 419.4984 33.4022
v 24.2920 419.4984 23.4022
v 25.6105 418.3785 23.4022
v 25.6105 418.3785 33.4022
v 27.1389 417.5682 33.4022
v 27.1389 417.5682 23.4022
v 28.8057 417.1054 23.4022
v 28.8057 417.1054 33.4022
v 30.5331 417.0117 33.4022
v 30.5331 417.0117 23.4022
v 32.2402 417.2916 33.4022
v 32.2402 417.2916 23.4022
v 33.8473 417.9319 33.4022
v 33.8473 417.9319 23.4022
v 35.2791 418.9027 33.4022
v 35.2791 418.9027 23.4022
v 36.4687 420.1586 33.4022
v 36.4687 420.1586 23.4022
v 37.3606 421.6409 23.4022
v 37.3606 421.6409 33.4022
v 37.9130 423.2802 33.4022
v 37.9130 423.2802 23.4022
v 18.9130 426.7198 33.4022
v 19.1000 425.0000 33.4022
v 19.1000 425.0000 23.4022
v 18.9130 426.7198 23.4022
v 18.3606 428.3591 23.4022
v 18.3606 428.3591 33.4022
v 17.4687 429.8414 33.4022
v 17.4687 429.8414 23.4022
v 16.2791 431.0973 33.4022
v 16.2791 431.0973 23.4022
v 14.8473 432.0681 33.4022
v 14.8473 432.0681 23.4022
v 13.2402 432.7084 33.4022
v 13.2402 432.7084 23.4022
v 11.5331 432.9883 33.4022
v 11.5331 432.9883 23.4022
v 9.8057 432.8946 33.4022
v 9.8057 432.8946 23.4022
v 8.1389 432.4318 23.4022
v 8.1389 432.4318 33.4022
v 6.6105 431.6215 23.4022
v 6.6105 431.6215 33.4022
v 5.2920 430.5016 33.4022
v 5.2920 430.5016 23.4022
v 4.2451 429.1244 33.4022
v 4.2451 429.1244 23.4022
v 3.5188 427.5544 33.4022
v 3.5188 427.5544 23.4022
v 3.1469 425.8650 33.4022
v 3.1469 425.8650 23.4022
v 3.1469 424.1350 33.4022
v 3.1469 424.1350 23.4022
v 3.5188 422.4456 33.4022
v 3.5188 422.4456 23.4022
v 4.2451 420.8756 33.4022
v 4.2451 420.8756 23.4022
v 5.2920 419.4984 33.4022
v 5.2920 419.4984 23.4022
v 6.6105 418.3785 23.4022
v 6.6105 418.3785 33.4022
v 8.1389 417.5682 33.4022
v 8.1389 417.5682 23.4022
v 9.8057 417.1054 23.4022
v 9.8057 417.1054 33.4022
v 11.5331 417.0117 33.4022
v 11.5331 417.0117 23.4022
v 13.2402 417.2916 33.4022
v 13.2402 417.2916 23.4022
v 14.8473 417.9319 33.4022
v 14.8473 417.9319 23.4022
v 16.2791 418.9027 33.4022
v 16.2791 418.9027 23.4022
v 17.4687 420.1586 33.4022
v 17.4687 420.1586 23.4022
v 18.3606 421.6409 23.4022
v 18.3606 421.6409 33.4022
v 18.9130 423.2802 33.4022
v 18.9130 423.2802 23.4022
v -0.0870 426.7198 33.4022
v 0.1000 425.0000 33.4022
v 0.1000 425.0000 23.4022
v -0.0870 426.7198 23.4022
v -0.6394 428.3591 23.4022
v -0.6394 428.3591 33.4022
v -1.5313 429.8414 33.4022
v -1.5313 429.8414 23.4022
v -2.7209 431.0973 33.4022
v -2.7209 431.0973 23.4022
v -4.1527 432.0681 33.4022
v -4.1527 432.0681 23.4022
v -5.7598 432.7084 33.4022
v -5.7598 432.7084 23.4022
v -7.4669 432.9883 33.4022
v -7.4669 432.9883 23.4022
v -9.1943 432.8946 33.4022
v -9.1943 432.8946 23.4022
v -10.8611 432.4318 23.4022
v -10.8611 432.4318 33.4022
v -12.3895 431.6215 23.4022
v -12.3895 431.6215 33.4022
v -13.7080 430.5016 33.4022
v -13.7080 430.5016 23.4022
v -14.7549 429.1244 33.4022
v -14.7549 429.1244 23.4022
v -15.4812 427.5544 33.4022
v -15.4812 427.5544 23.4022
v -15.8531 425.8650 33.4022
v -15.8531 425.8650 23.4022
v -15.8531 424.1350 33.4022
v -15.8531 424.1350 23.4022
v -15.4812 422.4456 33.4022
v -15.4812 422.4456 23.4022
v -14.7549 420.8756 33.4022
v -14.7549 420.8756 23.4022
v -13.7080 419.4984 33.4022
v -13.7080 419.4984 23.4022
v -12.3895 418.3785 23.4022
v -12.3895 418.3785 33.4022
v -10.8611 417.5682 33.4022
v -10.8611 417.5682 23.4022
v -9.1943 417.1054 23.4022
v -9.1943 417.1054 33.4022
v -7.4669 417.0117 33.4022
v -7.4669 417.0117 23.4022
v -5.7598 417.2916 33.4022
v -5.7598 417.2916 23.4022
v -4.1527 417.9319 33.4022
v -4.1527 417.9319 23.4022
v -2.7209 418.9027 33.4022
v -2.7209 418.9027 23.4022
v -1.5313 420.1586 33.4022
v -1.5313 420.1586 23.4022
v -0.6394 421.6409 23.4022
v -0.6394 421.6409 33.4022
v -0.0870 423.2802 33.4022
v -0.0870 423.2802 23.4022
v -19.0870 426.7198 33.4022
v -18.9000 425.0000 33.4022
v -18.9000 425.0000 23.4022
v -19.0870 426.7198 23.4022
v -19.6394 428.3591 23.4022
v -19.6394 428.3591 33.4022
v -20.5313 429.8414 33.4022
v -20.5313 429.8414 23.4022
v -21.7209 431.0973 33.4022
v -21.7209 431.0973 23.4022
v -23.1527 432.0681 33.4022
v -23.1527 432.0681 23.4022
v -24.7598 432.7084 33.4022
v -24.7598 432.7084 23.4022
v -26.4669 432.9883 33.4022
v -26.4669 432.9883 23.4022
v -28.1943 432.8946 33.4022
v -28.1943 432.8946 23.4022
v -29.8611 432.4318 23.4022
v -29.8611 432.4318 33.4022
v -31.3895 431.6215 23.4022
v -31.3895 431.6215 33.4022
v -32.7080 430.5016 33.4022
v -32.7080 430.5016 23.4022
v -33.7549 429.1244 33.4022
v -33.7549 429.1244 23.4022
v -34.4812 427.5544 33.4022
v -34.4812 427.5544 23.4022
v -34.8531 425.8650 33.4022
v -34.8531 425.8650 23.4022
v -34.8531 424.1350 33.4022
v -34.8531 424.1350 23.4022
v -34.4812 422.4456 33.4022
v -34.4812 422.4456 23.4022
v -33.7549 420.8756 33.4022
v -33.7549 420.8756 23.4022
v -32.7080 419.4984 33.4022
v -32.7080 419.4984 23.4022
v -31.3895 418.3785 23.4022
v -31.3895 418.3785 33.4022
v -29.8611 417.5682 33.4022
v -29.8611 417.5682 23.4022
v -28.1943 417.1054 23.4022
v -28.1943 417.1054 33.4022
v -26.4669 417.0117 33.4022
v -26.4669 417.0117 23.4022
v -24.7598 417.2916 33.4022
v -24.7598 417.2916 23.4022
v -23.1527 417.9319 33.4022
v -23.1527 417.9319 23.4022
v -21.7209 418.9027 33.4022
v -21.7209 418.9027 23.4022
v -20.5313 420.1586 33.4022
v -20.5313 420.1586 23.4022
v -19.6394 421.6409 23.4022
v -19.6394 421.6409 33.4022
v -19.0870 423.2802 33.4022
v -19.0870 423.2802 23.4022
v 208.9130 445.7198 31.4053
v 209.1000 444.0000 31.4053
v 209.1000 444.0000 21.4053
v 208.9130 445.7198 21.4053
v 208.3606 447.3591 21.4053
v 208.3606 447.3591 31.4053
v 207.4688 448.8414 31.4053
v 207.4688 448.8414 21.4053
v 206.2791 450.0973 31.4053
v 206.2791 450.0973 21.4053
v 204.8473 451.0681 31.4053
v 204.8473 451.0681 21.4053
v 203.2402 451.7084 31.4053
v 203.2402 451.7084 21.4053
v 201.5331 451.9883 31.4053
v 201.5331 451.9883 21.4053
v 199.8057 451.8946 31.4053
v 199.8057 451.8946 21.4053
v 198.1389 451.4318 21.4053
v 198.1389 451.4318 31.4053
v 196.6105 450.6215 21.4053
v 196.6105 450.6215 31.4053
v 195.2920 449.5016 31.4053
v 195.2920 449.5016 21.4053
v 194.2451 448.1244 31.4053
v 194.2451 448.1244 21.4053
v 193.5188 446.5544 31.4053
v 193.5188 446.5544 21.4053
v 193.1469 444.8650 31.4053
v 193.1469 444.8650 21.4053
v 193.1469 443.1350 31.4053
v 193.1469 443.1350 21.4053
v 193.5188 441.4456 31.4053
v 193.5188 441.4456 21.4053
v 194.2451 439.8756 31.4053
v 194.2451 439.8756 21.4053
v 195.2920 438.4984 31.4053
v 195.2920 438.4984 21.4053
v 196.6105 437.3785 21.4053
v 196.6105 437.3785 31.4053
v 198.1389 436.5682 31.4053
v 198.1389 436.5682 21.4053
v 199.8057 436.1054 21.4053
v 199.8057 436.1054 31.4053
v 201.5331 436.0117 31.4053
v 201.5331 436.0117 21.4053
v 203.2402 436.2916 31.4053
v 203.2402 436.2916 21.4053
v 204.8473 436.9319 31.4053
v 204.8473 436.9319 21.4053
v 206.2791 437.9027 31.4053
v 206.2791 437.9027 21.4053
v 207.4688 439.1586 31.4053
v 207.4688 439.1586 21.4053
v 208.3606 440.6409 21.4053
v 208.3606 440.6409 31.4053
v 208.9130 442.2802 31.4053
v 208.9130 442.2802 21.4053
v 189.9130 445.7198 31.4053
v 190.1000 444.0000 31.4053
v 190.1000 444.0000 21.4053
v 189.9130 445.7198 21.4053
v 189.3606 447.3591 21.4053
v 189.3606 447.3591 31.4053
v 188.4688 448.8414 31.4053
v 188.4688 448.8414 21.4053
v 187.2791 450.0973 31.4053
v 187.2791 450.0973 21.4053
v 185.8473 451.0681 31.4053
v 185.8473 451.0681 21.4053
v 184.2402 451.7084 31.4053
v 184.2402 451.7084 21.4053
v 182.5331 451.9883 31.4053
v 182.5331 451.9883 21.4053
v 180.8057 451.8946 31.4053
v 180.8057 451.8946 21.4053
v 179.1389 451.4318 21.4053
v 179.1389 451.4318 31.4053
v 177.6105 450.6215 21.4053
v 177.6105 450.6215 31.4053
v 176.2920 449.5016 31.4053
v 176.2920 449.5016 21.4053
v 175.2451 448.1244 31.4053
v 175.2451 448.1244 21.4053
v 174.5188 446.5544 31.4053
v 174.5188 446.5544 21.4053
v 174.1469 444.8650 31.4053
v 174.1469 444.8650 21.4053
v 174.1469 443.1350 31.4053
v 174.1469 443.1350 21.4053
v 174.5188 441.4456 31.4053
v 174.5188 441.4456 21.4053
v 175.2451 439.8756 31.4053
v 175.2451 439.8756 21.4053
v 176.2920 438.4984 31.4053
v 176.2920 438.4984 21.4053
v 177.6105 437.3785 21.4053
v 177.6105 437.3785 31.4053
v 179.1389 436.5682 31.4053
v 179.1389 436.5682 21.4053
v 180.8057 436.1054 21.4053
v 180.8057 436.1054 31.4053
v 182.5331 436.0117 31.4053
v 182.5331 436.0117 21.4053
v 184.2402 436.2916 31.4053
v 184.2402 436.2916 21.4053
v 185.8473 436.9319 31.4053
v 185.8473 436.9319 21.4053
v 187.2791 437.9027 31.4053
v 187.2791 437.9027 21.4053
v 188.4688 439.1586 31.4053
v 188.4688 439.1586 21.4053
v 189.3606 440.6409 21.4053
v 189.3606 440.6409 31.4053
v 189.9130 442.2802 31.4053
v 189.9130 442.2802 21.4053
v 170.9130 445.7198 31.4053
v 171.1000 444.0000 31.4053
v 171.1000 444.0000 21.4053
v 170.9130 445.7198 21.4053
v 170.3606 447.3591 21.4053
v 170.3606 447.3591 31.4053
v 169.4688 448.8414 31.4053
v 169.4688 448.8414 21.4053
v 168.2791 450.0973 31.4053
v 168.2791 450.0973 21.4053
v 166.8473 451.0681 31.4053
v 166.8473 451.0681 21.4053
v 165.2402 451.7084 31.4053
v 165.2402 451.7084 21.4053
v 163.5331 451.9883 31.4053
v 163.5331 451.9883 21.4053
v 161.8057 451.8946 31.4053
v 161.8057 451.8946 21.4053
v 160.1389 451.4318 21.4053
v 160.1389 451.4318 31.4053
v 158.6105 450.6215 21.4053
v 158.6105 450.6215 31.4053
v 157.2920 449.5016 31.4053
v 157.2920 449.5016 21.4053
v 156.2451 448.1244 31.4053
v 156.2451 448.1244 21.4053
v 155.5188 446.5544 31.4053
v 155.5188 446.5544 21.4053
v 155.1469 444.8650 31.4053
v 155.1469 444.8650 21.4053
v 155.1469 443.1350 31.4053
v 155.1469 443.1350 21.4053
v 155.5188 441.4456 31.4053
v 155.5188 441.4456 21.4053
v 156.2451 439.8756 31.4053
v 156.2451 439.8756 21.4053
v 157.2920 438.4984 31.4053
v 157.2920 438.4984 21.4053
v 158.6105 437.3785 21.4053
v 158.6105 437.3785 31.4053
v 160.1389 436.5682 31.4053
v 160.1389 436.5682 21.4053
v 161.8057 436.1054 21.4053
v 161.8057 436.1054 31.4053
v 163.5331 436.0117 31.4053
v 163.5331 436.0117 21.4053
v 165.2402 436.2916 31.4053
v 165.2402 436.2916 21.4053
v 166.8473 436.9319 31.4053
v 166.8473 436.9319 21.4053
v 168.2791 437.9027 31.4053
v 168.2791 437.9027 21.4053
v 169.4688 439.1586 31.4053
v 169.4688 439.1586 21.4053
v 170.3606 440.6409 21.4053
v 170.3606 440.6409 31.4053
v 170.9130 442.2802 31.4053
v 170.9130 442.2802 21.4053
v 151.9130 445.7198 31.4053
v 152.1000 444.0000 31.4053
v 152.1000 444.0000 21.4053
v 151.9130 445.7198 21.4053
v 151.3606 447.3591 21.4053
v 151.3606 447.3591 31.4053
v 150.4688 448.8414 31.4053
v 150.4688 448.8414 21.4053
v 149.2791 450.0973 31.4053
v 149.2791 450.0973 21.4053
v 147.8473 451.0681 31.4053
v 147.8473 451.0681 21.4053
v 146.2402 451.7084 31.4053
v 146.2402 451.7084 21.4053
v 144.5331 451.9883 31.4053
v 144.5331 451.9883 21.4053
v 142.8057 451.8946 31.4053
v 142.8057 451.8946 21.4053
v 141.1389 451.4318 21.4053
v 141.1389 451.4318 31.4053
v 139.6105 450.6215 21.4053
v 139.6105 450.6215 31.4053
v 138.2920 449.5016 31.4053
v 138.2920 449.5016 21.4053
v 137.2451 448.1244 31.4053
v 137.2451 448.1244 21.4053
v 136.5188 446.5544 31.4053
v 136.5188 446.5544 21.4053
v 136.1469 444.8650 31.4053
v 136.1469 444.8650 21.4053
v 136.1469 443.1350 31.4053
v 136.1469 443.1350 21.4053
v 136.5188 441.4456 31.4053
v 136.5188 441.4456 21.4053
v 137.2451 439.8756 31.4053
v 137.2451 439.8756 21.4053
v 138.2920 438.4984 31.4053
v 138.2920 438.4984 21.4053
v 139.6105 437.3785 21.4053
v 139.6105 437.3785 31.4053
v 141.1389 436.5682 31.4053
v 141.1389 436.5682 21.4053
v 142.8057 436.1054 21.4053
v 142.8057 436.1054 31.4053
v 144.5331 436.0117 31.4053
v 144.5331 436.0117 21.4053
v 146.2402 436.2916 31.4053
v 146.2402 436.2916 21.4053
v 147.8473 436.9319 31.4053
v 147.8473 436.9319 21.4053
v 149.2791 437.9027 31.4053
v 149.2791 437.9027 21.4053
v 150.4688 439.1586 31.4053
v 150.4688 439.1586 21.4053
v 151.3606 440.6409 21.4053
v 151.3606 440.6409 31.4053
v 151.9130 442.2802 31.4053
v 151.9130 442.2802 21.4053
v 132.9130 445.7198 31.4053
v 133.1000 444.0000 31.4053
v 133.1000 444.0000 21.4053
v 132.9130 445.7198 21.4053
v 132.3606 447.3591 21.4053
v 132.3606 447.3591 31.4053
v 131.4688 448.8414 31.4053
v 131.4688 448.8414 21.4053
v 130.2791 450.0973 31.4053
v 130.2791 450.0973 21.4053
v 128.8473 451.0681 31.4053
v 128.8473 451.0681 21.4053
v 127.2402 451.7084 31.4053
v 127.2402 451.7084 21.4053
v 125.5331 451.9883 31.4053
v 125.5331 451.9883 21.4053
v 123.8057 451.8946 31.4053
v 123.8057 451.8946 21.4053
v 122.1389 451.4318 21.4053
v 122.1389 451.4318 31.4053
v 120.6105 450.6215 21.4053
v 120.6105 450.6215 31.4053
v 119.2920 449.5016 31.4053
v 119.2920 449.5016 21.4053
v 118.2451 448.1244 31.4053
v 118.2451 448.1244 21.4053
v 117.5188 446.5544 31.4053
v 117.5188 446.5544 21.4053
v 117.1469 444.8650 31.4053
v 117.1469 444.8650 21.4053
v 117.1469 443.1350 31.4053
v 117.1469 443.1350 21.4053
v 117.5188 441.4456 31.4053
v 117.5188 441.4456 21.4053
v 118.2451 439.8756 31.4053
v 118.2451 439.8756 21.4053
v 119.2920 438.4984 31.4053
v 119.2920 438.4984 21.4053
v 120.6105 437.3785 21.4053
v 120.6105 437.3785 31.4053
v 122.1389 436.5682 31.4053
v 122.1389 436.5682 21.4053
v 123.8057 436.1054 21.4053
v 123.8057 436.1054 31.4053
v 125.5331 436.0117 31.4053
v 125.5331 436.0117 21.4053
v 127.2402 436.2916 31.4053
v 127.2402 436.2916 21.4053
v 128.8473 436.9319 31.4053
v 128.8473 436.9319 21.4053
v 130.2791 437.9027 31.4053
v 130.2791 437.9027 21.4053
v 131.4688 439.1586 31.4053
v 131.4688 439.1586 21.4053
v 132.3606 440.6409 21.4053
v 132.3606 440.6409 31.4053
v 132.9130 442.2802 31.4053
v 132.9130 442.2802 21.4053
v 113.9130 445.7198 31.4053
v 114.1000 444.0000 31.4053
v 114.1000 444.0000 21.4053
v 113.9130 445.7198 21.4053
v 113.3606 447.3591 21.4053
v 113.3606 447.3591 31.4053
v 112.4687 448.8414 31.4053
v 112.4687 448.8414 21.4053
v 111.2791 450.0973 31.4053
v 111.2791 450.0973 21.4053
v 109.8473 451.0681 31.4053
v 109.8473 451.0681 21.4053
v 108.2402 451.7084 31.4053
v 108.2402 451.7084 21.4053
v 106.5331 451.9883 31.4053
v 106.5331 451.9883 21.4053
v 104.8057 451.8946 31.4053
v 104.8057 451.8946 21.4053
v 103.1389 451.4318 21.4053
v 103.1389 451.4318 31.4053
v 101.6105 450.6215 21.4053
v 101.6105 450.6215 31.4053
v 100.2920 449.5016 31.4053
v 100.2920 449.5016 21.4053
v 99.2451 448.1244 31.4053
v 99.2451 448.1244 21.4053
v 98.5188 446.5544 31.4053
v 98.5188 446.5544 21.4053
v 98.1469 444.8650 31.4053
v 98.1469 444.8650 21.4053
v 98.1469 443.1350 31.4053
v 98.1469 443.1350 21.4053
v 98.5188 441.4456 31.4053
v 98.5188 441.4456 21.4053
v 99.2451 439.8756 31.4053
v 99.2451 439.8756 21.4053
v 100.2920 438.4984 31.4053
v 100.2920 438.4984 21.4053
v 101.6105 437.3785 21.4053
v 101.6105 437.3785 31.4053
v 103.1389 436.5682 31.4053
v 103.1389 436.5682 21.4053
v 104.8057 436.1054 21.4053
v 104.8057 436.1054 31.4053
v 106.5331 436.0117 31.4053
v 106.5331 436.0117 21.4053
v 108.2402 436.2916 31.4053
v 108.2402 436.2916 21.4053
v 109.8473 436.9319 31.4053
v 109.8473 436.9319 21.4053
v 111.2791 437.9027 31.4053
v 111.2791 437.9027 21.4053
v 112.4687 439.1586 31.4053
v 112.4687 439.1586 21.4053
v 113.3606 440.6409 21.4053
v 113.3606 440.6409 31.4053
v 113.9130 442.2802 31.4053
v 113.9130 442.2802 21.4053
v 94.9130 445.7198 31.4053
v 95.1000 444.0000 31.4053
v 95.1000 444.0000 21.4053
v 94.9130 445.7198 21.4053
v 94.3606 447.3591 21.4053
v 94.3606 447.3591 31.4053
v 93.4687 448.8414 31.4053
v 93.4687 448.8414 21.4053
v 92.2791 450.0973 31.4053
v 92.2791 450.0973 21.4053
v 90.8473 451.0681 31.4053
v 90.8473 451.0681 21.4053
v 89.2402 451.7084 31.4053
v 89.2402 451.7084 21.4053
v 87.5331 451.9883 31.4053
v 87.5331 451.9883 21.4053
v 85.8057 451.8946 31.4053
v 85.8057 451.8946 21.4053
v 84.1389 451.4318 21.4053
v 84.1389 451.4318 31.4053
v 82.6105 450.6215 21.4053
v 82.6105 450.6215 31.4053
v 81.2920 449.5016 31.4053
v 81.2920 449.5016 21.4053
v 80.2451 448.1244 31.4053
v 80.2451 448.1244 21.4053
v 79.5188 446.5544 31.4053
v 79.5188 446.5544 21.4053
v 79.1469 444.8650 31.4053
v 79.1469 444.8650 21.4053
v 79.1469 443.1350 31.4053
v 79.1469 443.1350 21.4053
v 79.5188 441.4456 31.4053
v 79.5188 441.4456 21.4053
v 80.2451 439.8756 31.4053
v 80.2451 439.8756 21.4053
v 81.2920 438.4984 31.4053
v 81.2920 438.4984 21.4053
v 82.6105 437.3785 21.4053
v 82.6105 437.3785 31.4053
v 84.1389 436.5682 31.4053
v 84.1389 436.5682 21.4053
v 85.8057 436.1054 21.4053
v 85.8057 436.1054 31.4053
v 87.5331 436.0117 31.4053
v 87.5331 436.0117 21.4053
v 89.2402 436.2916 31.4053
v 89.2402 436.2916 21.4053
v 90.8473 436.9319 31.4053
v 90.8473 436.9319 21.4053
v 92.2791 437.9027 31.4053
v 92.2791 437.9027 21.4053
v 93.4687 439.1586 31.4053
v 93.4687 439.1586 21.4053
v 94.3606 440.6409 21.4053
v 94.3606 440.6409 31.4053
v 94.9130 442.2802 31.4053
v 94.9130 442.2802 21.4053
v 75.9130 445.7198 31.4053
v 76.1000 444.0000 31.4053
v 76.1000 444.0000 21.4053
v 75.9130 445.7198 21.4053
v 75.3606 447.3591 21.4053
v 75.3606 447.3591 31.4053
v 74.4687 448.8414 31.4053
v 74.4687 448.8414 21.4053
v 73.2791 450.0973 31.4053
v 73.2791 450.0973 21.4053
v 71.8473 451.0681 31.4053
v 71.8473 451.0681 21.4053
v 70.2402 451.7084 31.4053
v 70.2402 451.7084 21.4053
v 68.5331 451.9883 31.4053
v 68.5331 451.9883 21.4053
v 66.8057 451.8946 31.4053
v 66.8057 451.8946 21.4053
v 65.1389 451.4318 21.4053
v 65.1389 451.4318 31.4053
v 63.6105 450.6215 21.4053
v 63.6105 450.6215 31.4053
v 62.2920 449.5016 31.4053
v 62.2920 449.5016 21.4053
v 61.2451 448.1244 31.4053
v 61.2451 448.1244 21.4053
v 60.5188 446.5544 31.4053
v 60.5188 446.5544 21.4053
v 60.1469 444.8650 31.4053
v 60.1469 444.8650 21.4053
v 60.1469 443.1350 31.4053
v 60.1469 443.1350 21.4053
v 60.5188 441.4456 31.4053
v 60.5188 441.4456 21.4053
v 61.2451 439.8756 31.4053
v 61.2451 439.8756 21.4053
v 62.2920 438.4984 31.4053
v 62.2920 438.4984 21.4053
v 63.6105 437.3785 21.4053
v 63.6105 437.3785 31.4053
v 65.1389 436.5682 31.4053
v 65.1389 436.5682 21.4053
v 66.8057 436.1054 21.4053
v 66.8057 436.1054 31.4053
v 68.5331 436.0117 31.4053
v 68.5331 436.0117 21.4053
v 70.2402 436.2916 31.4053
v 70.2402 436.2916 21.4053
v 71.8473 436.9319 31.4053
v 71.8473 436.9319 21.4053
v 73.2791 437.9027 31.4053
v 73.2791 437.9027 21.4053
v 74.4687 439.1586 31.4053
v 74.4687 439.1586 21.4053
v 75.3606 440.6409 21.4053
v 75.3606 440.6409 31.4053
v 75.9130 442.2802 31.4053
v 75.9130 442.2802 21.4053
v 56.9130 445.7198 31.4053
v 57.1000 444.0000 31.4053
v 57.1000 444.0000 21.4053
v 56.9130 445.7198 21.4053
v 56.3606 447.3591 21.4053
v 56.3606 447.3591 31.4053
v 55.4687 448.8414 31.4053
v 55.4687 448.8414 21.4053
v 54.2791 450.0973 31.4053
v 54.2791 450.0973 21.4053
v 52.8473 451.0681 31.4053
v 52.8473 451.0681 21.4053
v 51.2402 451.7084 31.4053
v 51.2402 451.7084 21.4053
v 49.5331 451.9883 31.4053
v 49.5331 451.9883 21.4053
v 47.8057 451.8946 31.4053
v 47.8057 451.8946 21.4053
v 46.1389 451.4318 21.4053
v 46.1389 451.4318 31.4053
v 44.6105 450.6215 21.4053
v 44.6105 450.6215 31.4053
v 43.2920 449.5016 31.4053
v 43.2920 449.5016 21.4053
v 42.2451 448.1244 31.4053
v 42.2451 448.1244 21.4053
v 41.5188 446.5544 31.4053
v 41.5188 446.5544 21.4053
v 41.1469 444.8650 31.4053
v 41.1469 444.8650 21.4053
v 41.1469 443.1350 31.4053
v 41.1469 443.1350 21.4053
v 41.5188 441.4456 31.4053
v 41.5188 441.4456 21.4053
v 42.2451 439.8756 31.4053
v 42.2451 439.8756 21.4053
v 43.2920 438.4984 31.4053
v 43.2920 438.4984 21.4053
v 44.6105 437.3785 21.4053
v 44.6105 437.3785 31.4053
v 46.1389 436.5682 31.4053
v 46.1389 436.5682 21.4053
v 47.8057 436.1054 21.4053
v 47.8057 436.1054 31.4053
v 49.5331 436.0117 31.4053
v 49.5331 436.0117 21.4053
v 51.2402 436.2916 31.4053
v 51.2402 436.2916 21.4053
v 52.8473 436.9319 31.4053
v 52.8473 436.9319 21.4053
v 54.2791 437.9027 31.4053
v 54.2791 437.9027 21.4053
v 55.4687 439.1586 31.4053
v 55.4687 439.1586 21.4053
v 56.3606 440.6409 21.4053
v 56.3606 440.6409 31.4053
v 56.9130 442.2802 31.4053
v 56.9130 442.2802 21.4053
v 37.9130 445.7198 31.4053
v 38.1000 444.0000 31.4053
v 38.1000 444.0000 21.4053
v 37.9130 445.7198 21.4053
v 37.3606 447.3591 21.4053
v 37.3606 447.3591 31.4053
v 36.4687 448.8414 31.4053
v 36.4687 448.8414 21.4053
v 35.2791 450.0973 31.4053
v 35.2791 450.0973 21.4053
v 33.8473 451.0681 31.4053
v 33.8473 451.0681 21.4053
v 32.2402 451.7084 31.4053
v 32.2402 451.7084 21.4053
v 30.5331 451.9883 31.4053
v 30.5331 451.9883 21.4053
v 28.8057 451.8946 31.4053
v 28.8057 451.8946 21.4053
v 27.1389 451.4318 21.4053
v 27.1389 451.4318 31.4053
v 25.6105 450.6215 21.4053
v 25.6105 450.6215 31.4053
v 24.2920 449.5016 31.4053
v 24.2920 449.5016 21.4053
v 23.2451 448.1244 31.4053
v 23.2451 448.1244 21.4053
v 22.5188 446.5544 31.4053
v 22.5188 446.5544 21.4053
v 22.1469 444.8650 31.4053
v 22.1469 444.8650 21.4053
v 22.1469 443.1350 31.4053
v 22.1469 443.1350 21.4053
v 22.5188 441.4456 31.4053
v 22.5188 441.4456 21.4053
v 23.2451 439.8756 31.4053
v 23.2451 439.8756 21.4053
v 24.2920 438.4984 31.4053
v 24.2920 438.4984 21.4053
v 25.6105 437.3785 21.4053
v 25.6105 437.3785 31.4053
v 27.1389 436.5682 31.4053
v 27.1389 436.5682 21.4053
v 28.8057 436.1054 21.4053
v 28.8057 436.1054 31.4053
v 30.5331 436.0117 31.4053
v 30.5331 436.0117 21.4053
v 32.2402 436.2916 31.4053
v 32.2402 436.2916 21.4053
v 33.8473 436.9319 31.4053
v 33.8473 436.9319 21.4053
v 35.2791 437.9027 31.4053
v 35.2791 437.9027 21.4053
v 36.4687 439.1586 31.4053
v 36.4687 439.1586 21.4053
v 37.3606 440.6409 21.4053
v 37.3606 440.6409 31.4053
v 37.9130 442.2802 31.4053
v 37.9130 442.2802 21.4053
v 18.9130 445.7198 31.4053
v 19.1000 444.0000 31.4053
v 19.1000 444.0000 21.4053
v 18.9130 445.7198 21.4053
v 18.3606 447.3591 21.4053
v 18.3606 447.3591 31.4053
v 17.4687 448.8414 31.4053
v 17.4687 448.8414 21.4053
v 16.2791 450.0973 31.4053
v 16.2791 450.0973 21.4053
v 14.8473 451.0681 31.4053
v 14.8473 451.0681 21.4053
v 13.2402 451.7084 31.4053
v 13.2402 451.7084 21.4053
v 11.5331 451.9883 31.4053
v 11.5331 451.9883 21.4053
v 9.8057 451.8946 31.4053
v 9.8057 451.8946 21.4053
v 8.1389 451.4318 21.4053
v 8.1389 451.4318 31.4053
v 6.6105 450.6215 21.4053
v 6.6105 450.6215 31.4053
v 5.2920 449.5016 31.4053
v 5.2920 449.5016 21.4053
v 4.2451 448.1244 31.4053
v 4.2451 448.1244 21.4053
v 3.5188 446.5544 31.4053
v 3.5188 446.5544 21.4053
v 3.1469 444.8650 31.4053
v 3.1469 444.8650 21.4053
v 3.1469 443.1350 31.4053
v 3.1469 443.1350 21.4053
v 3.5188 441.4456 31.4053
v 3.5188 441.4456 21.4053
v 4.2451 439.8756 31.4053
v 4.2451 439.8756 21.4053
v 5.2920 438.4984 31.4053
v 5.2920 438.4984 21.4053
v 6.6105 437.3785 21.4053
v 6.6105 437.3785 31.4053
v 8.1389 436.5682 31.4053
v 8.1389 436.5682 21.4053
v 9.8057 436.1054 21.4053
v 9.8057 436.1054 31.4053
v 11.5331 436.0117 31.4053
v 11.5331 436.0117 21.4053
v 13.2402 436.2916 31.4053
v 13.2402 436.2916 21.4053
v 14.8473 436.9319 31.4053
v 14.8473 436.9319 21.4053
v 16.2791 437.9027 31.4053
v 16.2791 437.9027 21.4053
v 17.4687 439.1586 31.4053
v 17.4687 439.1586 21.4053
v 18.3606 440.6409 21.4053
v 18.3606 440.6409 31.4053
v 18.9130 442.2802 31.4053
v 18.9130 442.2802 21.4053
v -0.0870 445.7198 31.4053
v 0.1000 444.0000 31.4053
v 0.1000 444.0000 21.4053
v -0.0870 445.7198 21.4053
v -0.6394 447.3591 21.4053
v -0.6394 447.3591 31.4053
v -1.5313 448.8414 31.4053
v -1.5313 448.8414 21.4053
v -2.7209 450.0973 31.4053
v -2.7209 450.0973 21.4053
v -4.1527 451.0681 31.4053
v -4.1527 451.0681 21.4053
v -5.7598 451.7084 31.4053
v -5.7598 451.7084 21.4053
v -7.4669 451.9883 31.4053
v -7.4669 451.9883 21.4053
v -9.1943 451.8946 31.4053
v -9.1943 451.8946 21.4053
v -10.8611 451.4318 21.4053
v -10.8611 451.4318 31.4053
v -12.3895 450.6215 21.4053
v -12.3895 450.6215 31.4053
v -13.7080 449.5016 31.4053
v -13.7080 449.5016 21.4053
v -14.7549 448.1244 31.4053
v -14.7549 448.1244 21.4053
v -15.4812 446.5544 31.4053
v -15.4812 446.5544 21.4053
v -15.8531 444.8650 31.4053
v -15.8531 444.8650 21.4053
v -15.8531 443.1350 31.4053
v -15.8531 443.1350 21.4053
v -15.4812 441.4456 31.4053
v -15.4812 441.4456 21.4053
v -14.7549 439.8756 31.4053
v -14.7549 439.8756 21.4053
v -13.7080 438.4984 31.4053
v -13.7080 438.4984 21.4053
v -12.3895 437.3785 21.4053
v -12.3895 437.3785 31.4053
v -10.8611 436.5682 31.4053
v -10.8611 436.5682 21.4053
v -9.1943 436.1054 21.4053
v -9.1943 436.1054 31.4053
v -7.4669 436.0117 31.4053
v -7.4669 436.0117 21.4053
v -5.7598 436.2916 31.4053
v -5.7598 436.2916 21.4053
v -4.1527 436.9319 31.4053
v -4.1527 436.9319 21.4053
v -2.7209 437.9027 31.4053
v -2.7209 437.9027 21.4053
v -1.5313 439.1586 31.4053
v -1.5313 439.1586 21.4053
v -0.6394 440.6409 21.4053
v -0.6394 440.6409 31.4053
v -0.0870 442.2802 31.4053
v -0.0870 442.2802 21.4053
v -30.5860 436.0000 21.4053
v -26.9000 436.0000 21.4053
v -30.5860 436.0000 31.4053
v -26.9000 436.0000 31.4053
v -25.2367 436.1748 21.4053
v -25.2367 436.1748 31.4053
v -23.6461 436.6917 31.4053
v -23.6461 436.6917 21.4053
v -22.1977 437.5279 21.4053
v -22.1977 437.5279 31.4053
v -20.9548 438.6469 21.4053
v -20.9548 438.6469 31.4053
v -19.9718 440.0000 21.4053
v -19.9718 440.0000 31.4053
v -19.2915 441.5279 31.4053
v -19.2915 441.5279 21.4053
v -18.9438 443.1638 21.4053
v -18.9438 443.1638 31.4053
v -18.9438 444.8362 31.4053
v -18.9438 444.8362 21.4053
v -19.2915 446.4721 21.4053
v -19.2915 446.4721 31.4053
v -19.9718 448.0000 31.4053
v -19.9718 448.0000 21.4053
v -20.9548 449.3531 21.4053
v -20.9548 449.3531 31.4053
v -22.1977 450.4721 31.4053
v -22.1977 450.4721 21.4053
v -23.6461 451.3083 21.4053
v -23.6461 451.3083 31.4053
v -25.2367 451.8252 21.4053
v -25.2367 451.8252 31.4053
v -26.9000 452.0000 21.4053
v -26.9000 452.0000 31.4053
v -30.5860 452.0000 21.4053
v -30.5860 452.0000 31.4053
v -32.2493 451.8252 21.4053
v -32.2493 451.8252 31.4053
v -33.8399 451.3083 31.4053
v -33.8399 451.3083 21.4053
v -35.2883 450.4721 21.4053
v -35.2883 450.4721 31.4053
v -36.5312 449.3531 21.4053
v -36.5312 449.3531 31.4053
v -37.5142 448.0000 21.4053
v -37.5142 448.0000 31.4053
v -38.1945 446.4721 31.4053
v -38.1945 446.4721 21.4053
v -38.5422 444.8362 21.4053
v -38.5422 444.8362 31.4053
v -38.5422 443.1638 31.4053
v -38.5422 443.1638 21.4053
v -38.1945 441.5279 21.4053
v -38.1945 441.5279 31.4053
v -37.5142 440.0000 31.4053
v -37.5142 440.0000 21.4053
v -36.5312 438.6469 21.4053
v -36.5312 438.6469 31.4053
v -35.2883 437.5279 31.4053
v -35.2883 437.5279 21.4053
v -33.8399 436.6917 21.4053
v -33.8399 436.6917 31.4053
v -32.2493 436.1748 21.4053
v -32.2493 436.1748 31.4053
v 208.7000 455.0000 19.4084
v 220.1000 455.0000 19.4084
v 208.7000 455.0000 29.4084
v 220.1000 455.0000 29.4084
v 221.7633 455.1748 19.4084
v 221.7633 455.1748 29.4084
v 223.3539 455.6917 29.4084
v 223.3539 455.6917 19.4084
v 224.8023 456.5279 19.4084
v 224.8023 456.5279 29.4084
v 226.0452 457.6469 19.4084
v 226.0452 457.6469 29.4084
v 227.0282 459.0000 19.4084
v 227.0282 459.0000 29.4084
v 227.7085 460.5279 29.4084
v 227.7085 460.5279 19.4084
v 228.0562 462.1638 19.4084
v 228.0562 462.1638 29.4084
v 228.0562 463.8362 29.4084
v 228.0562 463.8362 19.4084
v 227.7085 465.4721 19.4084
v 227.7085 465.4721 29.4084
v 227.0282 467.0000 29.4084
v 227.0282 467.0000 19.4084
v 226.0452 468.3531 19.4084
v 226.0452 468.3531 29.4084
v 224.8023 469.4721 29.4084
v 224.8023 469.4721 19.4084
v 223.3539 470.3083 19.4084
v 223.3539 470.3083 29.4084
v 221.7633 470.8252 19.4084
v 221.7633 470.8252 29.4084
v 220.1000 471.0000 19.4084
v 220.1000 471.0000 29.4084
v 208.7000 471.0000 19.4084
v 208.7000 471.0000 29.4084
v 207.0367 470.8252 19.4084
v 207.0367 470.8252 29.4084
v 205.4461 470.3083 29.4084
v 205.4461 470.3083 19.4084
v 203.9977 469.4721 19.4084
v 203.9977 469.4721 29.4084
v 202.7548 468.3531 19.4084
v 202.7548 468.3531 29.4084
v 201.7718 467.0000 19.4084
v 201.7718 467.0000 29.4084
v 201.0916 465.4721 29.4084
v 201.0916 465.4721 19.4084
v 200.7438 463.8362 19.4084
v 200.7438 463.8362 29.4084
v 200.7438 462.1638 29.4084
v 200.7438 462.1638 19.4084
v 201.0916 460.5279 19.4084
v 201.0916 460.5279 29.4084
v 201.7718 459.0000 29.4084
v 201.7718 459.0000 19.4084
v 202.7548 457.6469 19.4084
v 202.7548 457.6469 29.4084
v 203.9977 456.5279 29.4084
v 203.9977 456.5279 19.4084
v 205.4461 455.6917 19.4084
v 205.4461 455.6917 29.4084
v 207.0367 455.1748 19.4084
v 207.0367 455.1748 29.4084
v 197.5130 464.7198 29.4084
v 197.7000 463.0000 29.4084
v 197.7000 463.0000 19.4084
v 197.5130 464.7198 19.4084
v 196.9606 466.3591 19.4084
v 196.9606 466.3591 29.4084
v 196.0687 467.8414 29.4084
v 196.0687 467.8414 19.4084
v 194.8791 469.0973 29.4084
v 194.8791 469.0973 19.4084
v 193.4473 470.0681 29.4084
v 193.4473 470.0681 19.4084
v 191.8402 470.7084 29.4084
v 191.8402 470.7084 19.4084
v 190.1331 470.9883 29.4084
v 190.1331 470.9883 19.4084
v 188.4057 470.8946 29.4084
v 188.4057 470.8946 19.4084
v 186.7389 470.4318 19.4084
v 186.7389 470.4318 29.4084
v 185.2105 469.6215 19.4084
v 185.2105 469.6215 29.4084
v 183.8920 468.5016 29.4084
v 183.8920 468.5016 19.4084
v 182.8451 467.1244 29.4084
v 182.8451 467.1244 19.4084
v 182.1188 465.5544 29.4084
v 182.1188 465.5544 19.4084
v 181.7469 463.8650 29.4084
v 181.7469 463.8650 19.4084
v 181.7469 462.1350 29.4084
v 181.7469 462.1350 19.4084
v 182.1188 460.4456 29.4084
v 182.1188 460.4456 19.4084
v 182.8451 458.8756 29.4084
v 182.8451 458.8756 19.4084
v 183.8920 457.4984 29.4084
v 183.8920 457.4984 19.4084
v 185.2105 456.3785 19.4084
v 185.2105 456.3785 29.4084
v 186.7389 455.5682 29.4084
v 186.7389 455.5682 19.4084
v 188.4057 455.1054 19.4084
v 188.4057 455.1054 29.4084
v 190.1331 455.0117 29.4084
v 190.1331 455.0117 19.4084
v 191.8402 455.2916 29.4084
v 191.8402 455.2916 19.4084
v 193.4473 455.9319 29.4084
v 193.4473 455.9319 19.4084
v 194.8791 456.9027 29.4084
v 194.8791 456.9027 19.4084
v 196.0687 458.1586 29.4084
v 196.0687 458.1586 19.4084
v 196.9606 459.6409 19.4084
v 196.9606 459.6409 29.4084
v 197.5130 461.2802 29.4084
v 197.5130 461.2802 19.4084
v 178.5130 464.7198 29.4084
v 178.7000 463.0000 29.4084
v 178.7000 463.0000 19.4084
v 178.5130 464.7198 19.4084
v 177.9606 466.3591 19.4084
v 177.9606 466.3591 29.4084
v 177.0687 467.8414 29.4084
v 177.0687 467.8414 19.4084
v 175.8791 469.0973 29.4084
v 175.8791 469.0973 19.4084
v 174.4473 470.0681 29.4084
v 174.4473 470.0681 19.4084
v 172.8402 470.7084 29.4084
v 172.8402 470.7084 19.4084
v 171.1331 470.9883 29.4084
v 171.1331 470.9883 19.4084
v 169.4057 470.8946 29.4084
v 169.4057 470.8946 19.4084
v 167.7389 470.4318 19.4084
v 167.7389 470.4318 29.4084
v 166.2105 469.6215 19.4084
v 166.2105 469.6215 29.4084
v 164.8920 468.5016 29.4084
v 164.8920 468.5016 19.4084
v 163.8451 467.1244 29.4084
v 163.8451 467.1244 19.4084
v 163.1188 465.5544 29.4084
v 163.1188 465.5544 19.4084
v 162.7469 463.8650 29.4084
v 162.7469 463.8650 19.4084
v 162.7469 462.1350 29.4084
v 162.7469 462.1350 19.4084
v 163.1188 460.4456 29.4084
v 163.1188 460.4456 19.4084
v 163.8451 458.8756 29.4084
v 163.8451 458.8756 19.4084
v 164.8920 457.4984 29.4084
v 164.8920 457.4984 19.4084
v 166.2105 456.3785 19.4084
v 166.2105 456.3785 29.4084
v 167.7389 455.5682 29.4084
v 167.7389 455.5682 19.4084
v 169.4057 455.1054 19.4084
v 169.4057 455.1054 29.4084
v 171.1331 455.0117 29.4084
v 171.1331 455.0117 19.4084
v 172.8402 455.2916 29.4084
v 172.8402 455.2916 19.4084
v 174.4473 455.9319 29.4084
v 174.4473 455.9319 19.4084
v 175.8791 456.9027 29.4084
v 175.8791 456.9027 19.4084
v 177.0687 458.1586 29.4084
v 177.0687 458.1586 19.4084
v 177.9606 459.6409 19.4084
v 177.9606 459.6409 29.4084
v 178.5130 461.2802 29.4084
v 178.5130 461.2802 19.4084
v 159.5130 464.7198 29.4084
v 159.7000 463.0000 29.4084
v 159.7000 463.0000 19.4084
v 159.5130 464.7198 19.4084
v 158.9606 466.3591 19.4084
v 158.9606 466.3591 29.4084
v 158.0687 467.8414 29.4084
v 158.0687 467.8414 19.4084
v 156.8791 469.0973 29.4084
v 156.8791 469.0973 19.4084
v 155.4473 470.0681 29.4084
v 155.4473 470.0681 19.4084
v 153.8402 470.7084 29.4084
v 153.8402 470.7084 19.4084
v 152.1331 470.9883 29.4084
v 152.1331 470.9883 19.4084
v 150.4057 470.8946 29.4084
v 150.4057 470.8946 19.4084
v 148.7389 470.4318 19.4084
v 148.7389 470.4318 29.4084
v 147.2105 469.6215 19.4084
v 147.2105 469.6215 29.4084
v 145.8920 468.5016 29.4084
v 145.8920 468.5016 19.4084
v 144.8451 467.1244 29.4084
v 144.8451 467.1244 19.4084
v 144.1188 465.5544 29.4084
v 144.1188 465.5544 19.4084
v 143.7469 463.8650 29.4084
v 143.7469 463.8650 19.4084
v 143.7469 462.1350 29.4084
v 143.7469 462.1350 19.4084
v 144.1188 460.4456 29.4084
v 144.1188 460.4456 19.4084
v 144.8451 458.8756 29.4084
v 144.8451 458.8756 19.4084
v 145.8920 457.4984 29.4084
v 145.8920 457.4984 19.4084
v 147.2105 456.3785 19.4084
v 147.2105 456.3785 29.4084
v 148.7389 455.5682 29.4084
v 148.7389 455.5682 19.4084
v 150.4057 455.1054 19.4084
v 150.4057 455.1054 29.4084
v 152.1331 455.0117 29.4084
v 152.1331 455.0117 19.4084
v 153.8402 455.2916 29.4084
v 153.8402 455.2916 19.4084
v 155.4473 455.9319 29.4084
v 155.4473 455.9319 19.4084
v 156.8791 456.9027 29.4084
v 156.8791 456.9027 19.4084
v 158.0687 458.1586 29.4084
v 158.0687 458.1586 19.4084
v 158.9606 459.6409 19.4084
v 158.9606 459.6409 29.4084
v 159.5130 461.2802 29.4084
v 159.5130 461.2802 19.4084
v 140.5130 464.7198 29.4084
v 140.7000 463.0000 29.4084
v 140.7000 463.0000 19.4084
v 140.5130 464.7198 19.4084
v 139.9606 466.3591 19.4084
v 139.9606 466.3591 29.4084
v 139.0687 467.8414 29.4084
v 139.0687 467.8414 19.4084
v 137.8791 469.0973 29.4084
v 137.8791 469.0973 19.4084
v 136.4473 470.0681 29.4084
v 136.4473 470.0681 19.4084
v 134.8402 470.7084 29.4084
v 134.8402 470.7084 19.4084
v 133.1331 470.9883 29.4084
v 133.1331 470.9883 19.4084
v 131.4057 470.8946 29.4084
v 131.4057 470.8946 19.4084
v 129.7389 470.4318 19.4084
v 129.7389 470.4318 29.4084
v 128.2105 469.6215 19.4084
v 128.2105 469.6215 29.4084
v 126.8920 468.5016 29.4084
v 126.8920 468.5016 19.4084
v 125.8451 467.1244 29.4084
v 125.8451 467.1244 19.4084
v 125.1188 465.5544 29.4084
v 125.1188 465.5544 19.4084
v 124.7469 463.8650 29.4084
v 124.7469 463.8650 19.4084
v 124.7469 462.1350 29.4084
v 124.7469 462.1350 19.4084
v 125.1188 460.4456 29.4084
v 125.1188 460.4456 19.4084
v 125.8451 458.8756 29.4084
v 125.8451 458.8756 19.4084
v 126.8920 457.4984 29.4084
v 126.8920 457.4984 19.4084
v 128.2105 456.3785 19.4084
v 128.2105 456.3785 29.4084
v 129.7389 455.5682 29.4084
v 129.7389 455.5682 19.4084
v 131.4057 455.1054 19.4084
v 131.4057 455.1054 29.4084
v 133.1331 455.0117 29.4084
v 133.1331 455.0117 19.4084
v 134.8402 455.2916 29.4084
v 134.8402 455.2916 19.4084
v 136.4473 455.9319 29.4084
v 136.4473 455.9319 19.4084
v 137.8791 456.9027 29.4084
v 137.8791 456.9027 19.4084
v 139.0687 458.1586 29.4084
v 139.0687 458.1586 19.4084
v 139.9606 459.6409 19.4084
v 139.9606 459.6409 29.4084
v 140.5130 461.2802 29.4084
v 140.5130 461.2802 19.4084
v 121.5130 464.7198 29.4084
v 121.7000 463.0000 29.4084
v 121.7000 463.0000 19.4084
v 121.5130 464.7198 19.4084
v 120.9606 466.3591 19.4084
v 120.9606 466.3591 29.4084
v 120.0687 467.8414 29.4084
v 120.0687 467.8414 19.4084
v 118.8791 469.0973 29.4084
v 118.8791 469.0973 19.4084
v 117.4473 470.0681 29.4084
v 117.4473 470.0681 19.4084
v 115.8402 470.7084 29.4084
v 115.8402 470.7084 19.4084
v 114.1331 470.9883 29.4084
v 114.1331 470.9883 19.4084
v 112.4057 470.8946 29.4084
v 112.4057 470.8946 19.4084
v 110.7389 470.4318 19.4084
v 110.7389 470.4318 29.4084
v 109.2105 469.6215 19.4084
v 109.2105 469.6215 29.4084
v 107.8920 468.5016 29.4084
v 107.8920 468.5016 19.4084
v 106.8451 467.1244 29.4084
v 106.8451 467.1244 19.4084
v 106.1188 465.5544 29.4084
v 106.1188 465.5544 19.4084
v 105.7469 463.8650 29.4084
v 105.7469 463.8650 19.4084
v 105.7469 462.1350 29.4084
v 105.7469 462.1350 19.4084
v 106.1188 460.4456 29.4084
v 106.1188 460.4456 19.4084
v 106.8451 458.8756 29.4084
v 106.8451 458.8756 19.4084
v 107.8920 457.4984 29.4084
v 107.8920 457.4984 19.4084
v 109.2105 456.3785 19.4084
v 109.2105 456.3785 29.4084
v 110.7389 455.5682 29.4084
v 110.7389 455.5682 19.4084
v 112.4057 455.1054 19.4084
v 112.4057 455.1054 29.4084
v 114.1331 455.0117 29.4084
v 114.1331 455.0117 19.4084
v 115.8402 455.2916 29.4084
v 115.8402 455.2916 19.4084
v 117.4473 455.9319 29.4084
v 117.4473 455.9319 19.4084
v 118.8791 456.9027 29.4084
v 118.8791 456.9027 19.4084
v 120.0687 458.1586 29.4084
v 120.0687 458.1586 19.4084
v 120.9606 459.6409 19.4084
v 120.9606 459.6409 29.4084
v 121.5130 461.2802 29.4084
v 121.5130 461.2802 19.4084
v 102.5130 464.7198 29.4084
v 102.7000 463.0000 29.4084
v 102.7000 463.0000 19.4084
v 102.5130 464.7198 19.4084
v 101.9606 466.3591 19.4084
v 101.9606 466.3591 29.4084
v 101.0687 467.8414 29.4084
v 101.0687 467.8414 19.4084
v 99.8791 469.0973 29.4084
v 99.8791 469.0973 19.4084
v 98.4473 470.0681 29.4084
v 98.4473 470.0681 19.4084
v 96.8402 470.7084 29.4084
v 96.8402 470.7084 19.4084
v 95.1331 470.9883 29.4084
v 95.1331 470.9883 19.4084
v 93.4057 470.8946 29.4084
v 93.4057 470.8946 19.4084
v 91.7389 470.4318 19.4084
v 91.7389 470.4318 29.4084
v 90.2105 469.6215 19.4084
v 90.2105 469.6215 29.4084
v 88.8920 468.5016 29.4084
v 88.8920 468.5016 19.4084
v 87.8451 467.1244 29.4084
v 87.8451 467.1244 19.4084
v 87.1188 465.5544 29.4084
v 87.1188 465.5544 19.4084
v 86.7469 463.8650 29.4084
v 86.7469 463.8650 19.4084
v 86.7469 462.1350 29.4084
v 86.7469 462.1350 19.4084
v 87.1188 460.4456 29.4084
v 87.1188 460.4456 19.4084
v 87.8451 458.8756 29.4084
v 87.8451 458.8756 19.4084
v 88.8920 457.4984 29.4084
v 88.8920 457.4984 19.4084
v 90.2105 456.3785 19.4084
v 90.2105 456.3785 29.4084
v 91.7389 455.5682 29.4084
v 91.7389 455.5682 19.4084
v 93.4057 455.1054 19.4084
v 93.4057 455.1054 29.4084
v 95.1331 455.0117 29.4084
v 95.1331 455.0117 19.4084
v 96.8402 455.2916 29.4084
v 96.8402 455.2916 19.4084
v 98.4473 455.9319 29.4084
v 98.4473 455.9319 19.4084
v 99.8791 456.9027 29.4084
v 99.8791 456.9027 19.4084
v 101.0687 458.1586 29.4084
v 101.0687 458.1586 19.4084
v 101.9606 459.6409 19.4084
v 101.9606 459.6409 29.4084
v 102.5130 461.2802 29.4084
v 102.5130 461.2802 19.4084
v 83.5130 464.7198 29.4084
v 83.7000 463.0000 29.4084
v 83.7000 463.0000 19.4084
v 83.5130 464.7198 19.4084
v 82.9606 466.3591 19.4084
v 82.9606 466.3591 29.4084
v 82.0687 467.8414 29.4084
v 82.0687 467.8414 19.4084
v 80.8791 469.0973 29.4084
v 80.8791 469.0973 19.4084
v 79.4473 470.0681 29.4084
v 79.4473 470.0681 19.4084
v 77.8402 470.7084 29.4084
v 77.8402 470.7084 19.4084
v 76.1331 470.9883 29.4084
v 76.1331 470.9883 19.4084
v 74.4057 470.8946 29.4084
v 74.4057 470.8946 19.4084
v 72.7389 470.4318 19.4084
v 72.7389 470.4318 29.4084
v 71.2105 469.6215 19.4084
v 71.2105 469.6215 29.4084
v 69.8920 468.5016 29.4084
v 69.8920 468.5016 19.4084
v 68.8451 467.1244 29.4084
v 68.8451 467.1244 19.4084
v 68.1188 465.5544 29.4084
v 68.1188 465.5544 19.4084
v 67.7469 463.8650 29.4084
v 67.7469 463.8650 19.4084
v 67.7469 462.1350 29.4084
v 67.7469 462.1350 19.4084
v 68.1188 460.4456 29.4084
v 68.1188 460.4456 19.4084
v 68.8451 458.8756 29.4084
v 68.8451 458.8756 19.4084
v 69.8920 457.4984 29.4084
v 69.8920 457.4984 19.4084
v 71.2105 456.3785 19.4084
v 71.2105 456.3785 29.4084
v 72.7389 455.5682 29.4084
v 72.7389 455.5682 19.4084
v 74.4057 455.1054 19.4084
v 74.4057 455.1054 29.4084
v 76.1331 455.0117 29.4084
v 76.1331 455.0117 19.4084
v 77.8402 455.2916 29.4084
v 77.8402 455.2916 19.4084
v 79.4473 455.9319 29.4084
v 79.4473 455.9319 19.4084
v 80.8791 456.9027 29.4084
v 80.8791 456.9027 19.4084
v 82.0687 458.1586 29.4084
v 82.0687 458.1586 19.4084
v 82.9606 459.6409 19.4084
v 82.9606 459.6409 29.4084
v 83.5130 461.2802 29.4084
v 83.5130 461.2802 19.4084
v 64.5130 464.7198 29.4084
v 64.7000 463.0000 29.4084
v 64.7000 463.0000 19.4084
v 64.5130 464.7198 19.4084
v 63.9606 466.3591 19.4084
v 63.9606 466.3591 29.4084
v 63.0687 467.8414 29.4084
v 63.0687 467.8414 19.4084
v 61.8791 469.0973 29.4084
v 61.8791 469.0973 19.4084
v 60.4473 470.0681 29.4084
v 60.4473 470.0681 19.4084
v 58.8402 470.7084 29.4084
v 58.8402 470.7084 19.4084
v 57.1331 470.9883 29.4084
v 57.1331 470.9883 19.4084
v 55.4057 470.8946 29.4084
v 55.4057 470.8946 19.4084
v 53.7389 470.4318 19.4084
v 53.7389 470.4318 29.4084
v 52.2105 469.6215 19.4084
v 52.2105 469.6215 29.4084
v 50.8920 468.5016 29.4084
v 50.8920 468.5016 19.4084
v 49.8451 467.1244 29.4084
v 49.8451 467.1244 19.4084
v 49.1188 465.5544 29.4084
v 49.1188 465.5544 19.4084
v 48.7469 463.8650 29.4084
v 48.7469 463.8650 19.4084
v 48.7469 462.1350 29.4084
v 48.7469 462.1350 19.4084
v 49.1188 460.4456 29.4084
v 49.1188 460.4456 19.4084
v 49.8451 458.8756 29.4084
v 49.8451 458.8756 19.4084
v 50.8920 457.4984 29.4084
v 50.8920 457.4984 19.4084
v 52.2105 456.3785 19.4084
v 52.2105 456.3785 29.4084
v 53.7389 455.5682 29.4084
v 53.7389 455.5682 19.4084
v 55.4057 455.1054 19.4084
v 55.4057 455.1054 29.4084
v 57.1331 455.0117 29.4084
v 57.1331 455.0117 19.4084
v 58.8402 455.2916 29.4084
v 58.8402 455.2916 19.4084
v 60.4473 455.9319 29.4084
v 60.4473 455.9319 19.4084
v 61.8791 456.9027 29.4084
v 61.8791 456.9027 19.4084
v 63.0687 458.1586 29.4084
v 63.0687 458.1586 19.4084
v 63.9606 459.6409 19.4084
v 63.9606 459.6409 29.4084
v 64.5130 461.2802 29.4084
v 64.5130 461.2802 19.4084
v 45.5130 464.7198 29.4084
v 45.7000 463.0000 29.4084
v 45.7000 463.0000 19.4084
v 45.5130 464.7198 19.4084
v 44.9606 466.3591 19.4084
v 44.9606 466.3591 29.4084
v 44.0687 467.8414 29.4084
v 44.0687 467.8414 19.4084
v 42.8791 469.0973 29.4084
v 42.8791 469.0973 19.4084
v 41.4473 470.0681 29.4084
v 41.4473 470.0681 19.4084
v 39.8402 470.7084 29.4084
v 39.8402 470.7084 19.4084
v 38.1331 470.9883 29.4084
v 38.1331 470.9883 19.4084
v 36.4057 470.8946 29.4084
v 36.4057 470.8946 19.4084
v 34.7389 470.4318 19.4084
v 34.7389 470.4318 29.4084
v 33.2105 469.6215 19.4084
v 33.2105 469.6215 29.4084
v 31.8920 468.5016 29.4084
v 31.8920 468.5016 19.4084
v 30.8451 467.1244 29.4084
v 30.8451 467.1244 19.4084
v 30.1188 465.5544 29.4084
v 30.1188 465.5544 19.4084
v 29.7469 463.8650 29.4084
v 29.7469 463.8650 19.4084
v 29.7469 462.1350 29.4084
v 29.7469 462.1350 19.4084
v 30.1188 460.4456 29.4084
v 30.1188 460.4456 19.4084
v 30.8451 458.8756 29.4084
v 30.8451 458.8756 19.4084
v 31.8920 457.4984 29.4084
v 31.8920 457.4984 19.4084
v 33.2105 456.3785 19.4084
v 33.2105 456.3785 29.4084
v 34.7389 455.5682 29.4084
v 34.7389 455.5682 19.4084
v 36.4057 455.1054 19.4084
v 36.4057 455.1054 29.4084
v 38.1331 455.0117 29.4084
v 38.1331 455.0117 19.4084
v 39.8402 455.2916 29.4084
v 39.8402 455.2916 19.4084
v 41.4473 455.9319 29.4084
v 41.4473 455.9319 19.4084
v 42.8791 456.9027 29.4084
v 42.8791 456.9027 19.4084
v 44.0687 458.1586 29.4084
v 44.0687 458.1586 19.4084
v 44.9606 459.6409 19.4084
v 44.9606 459.6409 29.4084
v 45.5130 461.2802 29.4084
v 45.5130 461.2802 19.4084
v 26.5130 464.7198 29.4084
v 26.7000 463.0000 29.4084
v 26.7000 463.0000 19.4084
v 26.5130 464.7198 19.4084
v 25.9606 466.3591 19.4084
v 25.9606 466.3591 29.4084
v 25.0687 467.8414 29.4084
v 25.0687 467.8414 19.4084
v 23.8791 469.0973 29.4084
v 23.8791 469.0973 19.4084
v 22.4473 470.0681 29.4084
v 22.4473 470.0681 19.4084
v 20.8402 470.7084 29.4084
v 20.8402 470.7084 19.4084
v 19.1331 470.9883 29.4084
v 19.1331 470.9883 19.4084
v 17.4057 470.8946 29.4084
v 17.4057 470.8946 19.4084
v 15.7389 470.4318 19.4084
v 15.7389 470.4318 29.4084
v 14.2105 469.6215 19.4084
v 14.2105 469.6215 29.4084
v 12.8920 468.5016 29.4084
v 12.8920 468.5016 19.4084
v 11.8451 467.1244 29.4084
v 11.8451 467.1244 19.4084
v 11.1188 465.5544 29.4084
v 11.1188 465.5544 19.4084
v 10.7469 463.8650 29.4084
v 10.7469 463.8650 19.4084
v 10.7469 462.1350 29.4084
v 10.7469 462.1350 19.4084
v 11.1188 460.4456 29.4084
v 11.1188 460.4456 19.4084
v 11.8451 458.8756 29.4084
v 11.8451 458.8756 19.4084
v 12.8920 457.4984 29.4084
v 12.8920 457.4984 19.4084
v 14.2105 456.3785 19.4084
v 14.2105 456.3785 29.4084
v 15.7389 455.5682 29.4084
v 15.7389 455.5682 19.4084
v 17.4057 455.1054 19.4084
v 17.4057 455.1054 29.4084
v 19.1331 455.0117 29.4084
v 19.1331 455.0117 19.4084
v 20.8402 455.2916 29.4084
v 20.8402 455.2916 19.4084
v 22.4473 455.9319 29.4084
v 22.4473 455.9319 19.4084
v 23.8791 456.9027 29.4084
v 23.8791 456.9027 19.4084
v 25.0687 458.1586 29.4084
v 25.0687 458.1586 19.4084
v 25.9606 459.6409 19.4084
v 25.9606 459.6409 29.4084
v 26.5130 461.2802 29.4084
v 26.5130 461.2802 19.4084
v 7.5130 464.7198 29.4084
v 7.7000 463.0000 29.4084
v 7.7000 463.0000 19.4084
v 7.5130 464.7198 19.4084
v 6.9606 466.3591 19.4084
v 6.9606 466.3591 29.4084
v 6.0687 467.8414 29.4084
v 6.0687 467.8414 19.4084
v 4.8791 469.0973 29.4084
v 4.8791 469.0973 19.4084
v 3.4473 470.0681 29.4084
v 3.4473 470.0681 19.4084
v 1.8402 470.7084 29.4084
v 1.8402 470.7084 19.4084
v 0.1331 470.9883 29.4084
v 0.1331 470.9883 19.4084
v -1.5943 470.8946 29.4084
v -1.5943 470.8946 19.4084
v -3.2611 470.4318 19.4084
v -3.2611 470.4318 29.4084
v -4.7895 469.6215 19.4084
v -4.7895 469.6215 29.4084
v -6.1080 468.5016 29.4084
v -6.1080 468.5016 19.4084
v -7.1549 467.1244 29.4084
v -7.1549 467.1244 19.4084
v -7.8812 465.5544 29.4084
v -7.8812 465.5544 19.4084
v -8.2531 463.8650 29.4084
v -8.2531 463.8650 19.4084
v -8.2531 462.1350 29.4084
v -8.2531 462.1350 19.4084
v -7.8812 460.4456 29.4084
v -7.8812 460.4456 19.4084
v -7.1549 458.8756 29.4084
v -7.1549 458.8756 19.4084
v -6.1080 457.4984 29.4084
v -6.1080 457.4984 19.4084
v -4.7895 456.3785 19.4084
v -4.7895 456.3785 29.4084
v -3.2611 455.5682 29.4084
v -3.2611 455.5682 19.4084
v -1.5943 455.1054 19.4084
v -1.5943 455.1054 29.4084
v 0.1331 455.0117 29.4084
v 0.1331 455.0117 19.4084
v 1.8402 455.2916 29.4084
v 1.8402 455.2916 19.4084
v 3.4473 455.9319 29.4084
v 3.4473 455.9319 19.4084
v 4.8791 456.9027 29.4084
v 4.8791 456.9027 19.4084
v 6.0687 458.1586 29.4084
v 6.0687 458.1586 19.4084
v 6.9606 459.6409 19.4084
v 6.9606 459.6409 29.4084
v 7.5130 461.2802 29.4084
v 7.5130 461.2802 19.4084
v -30.5860 455.0000 19.4084
v -19.3000 455.0000 19.4084
v -30.5860 455.0000 29.4084
v -19.3000 455.0000 29.4084
v -17.6367 455.1748 19.4084
v -17.6367 455.1748 29.4084
v -16.0461 455.6917 29.4084
v -16.0461 455.6917 19.4084
v -14.5977 456.5279 19.4084
v -14.5977 456.5279 29.4084
v -13.3548 457.6469 19.4084
v -13.3548 457.6469 29.4084
v -12.3718 459.0000 19.4084
v -12.3718 459.0000 29.4084
v -11.6915 460.5279 29.4084
v -11.6915 460.5279 19.4084
v -11.3438 462.1638 19.4084
v -11.3438 462.1638 29.4084
v -11.3438 463.8362 29.4084
v -11.3438 463.8362 19.4084
v -11.6915 465.4721 19.4084
v -11.6915 465.4721 29.4084
v -12.3718 467.0000 29.4084
v -12.3718 467.0000 19.4084
v -13.3548 468.3531 19.4084
v -13.3548 468.3531 29.4084
v -14.5977 469.4721 29.4084
v -14.5977 469.4721 19.4084
v -16.0461 470.3083 19.4084
v -16.0461 470.3083 29.4084
v -17.6367 470.8252 19.4084
v -17.6367 470.8252 29.4084
v -19.3000 471.0000 19.4084
v -19.3000 471.0000 29.4084
v -30.5860 471.0000 19.4084
v -30.5860 471.0000 29.4084
v -32.2493 470.8252 19.4084
v -32.2493 470.8252 29.4084
v -33.8399 470.3083 29.4084
v -33.8399 470.3083 19.4084
v -35.2883 469.4721 19.4084
v -35.2883 469.4721 29.4084
v -36.5312 468.3531 19.4084
v -36.5312 468.3531 29.4084
v -37.5142 467.0000 19.4084
v -37.5142 467.0000 29.4084
v -38.1945 465.4721 29.4084
v -38.1945 465.4721 19.4084
v -38.5422 463.8362 19.4084
v -38.5422 463.8362 29.4084
v -38.5422 462.1638 29.4084
v -38.5422 462.1638 19.4084
v -38.1945 460.5279 19.4084
v -38.1945 460.5279 29.4084
v -37.5142 459.0000 29.4084
v -37.5142 459.0000 19.4084
v -36.5312 457.6469 19.4084
v -36.5312 457.6469 29.4084
v -35.2883 456.5279 29.4084
v -35.2883 456.5279 19.4084
v -33.8399 455.6917 19.4084
v -33.8399 455.6917 29.4084
v -32.2493 455.1748 19.4084
v -32.2493 455.1748 29.4084
v -155.2870 426.7198 33.4022
v -155.1000 425.0000 33.4022
v -155.1000 425.0000 23.4022
v -155.2870 426.7198 23.4022
v -155.8394 428.3591 23.4022
v -155.8394 428.3591 33.4022
v -156.7313 429.8414 33.4022
v -156.7313 429.8414 23.4022
v -157.9209 431.0973 33.4022
v -157.9209 431.0973 23.4022
v -159.3527 432.0681 33.4022
v -159.3527 432.0681 23.4022
v -160.9598 432.7084 33.4022
v -160.9598 432.7084 23.4022
v -162.6669 432.9883 33.4022
v -162.6669 432.9883 23.4022
v -164.3943 432.8946 33.4022
v -164.3943 432.8946 23.4022
v -166.0611 432.4318 23.4022
v -166.0611 432.4318 33.4022
v -167.5895 431.6215 23.4022
v -167.5895 431.6215 33.4022
v -168.9080 430.5016 33.4022
v -168.9080 430.5016 23.4022
v -169.9549 429.1244 33.4022
v -169.9549 429.1244 23.4022
v -170.6812 427.5544 33.4022
v -170.6812 427.5544 23.4022
v -171.0531 425.8650 33.4022
v -171.0531 425.8650 23.4022
v -171.0531 424.1350 33.4022
v -171.0531 424.1350 23.4022
v -170.6812 422.4456 33.4022
v -170.6812 422.4456 23.4022
v -169.9549 420.8756 33.4022
v -169.9549 420.8756 23.4022
v -168.9080 419.4984 33.4022
v -168.9080 419.4984 23.4022
v -167.5895 418.3785 23.4022
v -167.5895 418.3785 33.4022
v -166.0611 417.5682 33.4022
v -166.0611 417.5682 23.4022
v -164.3943 417.1054 23.4022
v -164.3943 417.1054 33.4022
v -162.6669 417.0117 33.4022
v -162.6669 417.0117 23.4022
v -160.9598 417.2916 33.4022
v -160.9598 417.2916 23.4022
v -159.3527 417.9319 33.4022
v -159.3527 417.9319 23.4022
v -157.9209 418.9027 33.4022
v -157.9209 418.9027 23.4022
v -156.7313 420.1586 33.4022
v -156.7313 420.1586 23.4022
v -155.8394 421.6409 23.4022
v -155.8394 421.6409 33.4022
v -155.2870 423.2802 33.4022
v -155.2870 423.2802 23.4022
v -174.2870 426.7198 33.4022
v -174.1000 425.0000 33.4022
v -174.1000 425.0000 23.4022
v -174.2870 426.7198 23.4022
v -174.8394 428.3591 23.4022
v -174.8394 428.3591 33.4022
v -175.7313 429.8414 33.4022
v -175.7313 429.8414 23.4022
v -176.9209 431.0973 33.4022
v -176.9209 431.0973 23.4022
v -178.3527 432.0681 33.4022
v -178.3527 432.0681 23.4022
v -179.9598 432.7084 33.4022
v -179.9598 432.7084 23.4022
v -181.6669 432.9883 33.4022
v -181.6669 432.9883 23.4022
v -183.3943 432.8946 33.4022
v -183.3943 432.8946 23.4022
v -185.0611 432.4318 23.4022
v -185.0611 432.4318 33.4022
v -186.5895 431.6215 23.4022
v -186.5895 431.6215 33.4022
v -187.9080 430.5016 33.4022
v -187.9080 430.5016 23.4022
v -188.9549 429.1244 33.4022
v -188.9549 429.1244 23.4022
v -189.6812 427.5544 33.4022
v -189.6812 427.5544 23.4022
v -190.0531 425.8650 33.4022
v -190.0531 425.8650 23.4022
v -190.0531 424.1350 33.4022
v -190.0531 424.1350 23.4022
v -189.6812 422.4456 33.4022
v -189.6812 422.4456 23.4022
v -188.9549 420.8756 33.4022
v -188.9549 420.8756 23.4022
v -187.9080 419.4984 33.4022
v -187.9080 419.4984 23.4022
v -186.5895 418.3785 23.4022
v -186.5895 418.3785 33.4022
v -185.0611 417.5682 33.4022
v -185.0611 417.5682 23.4022
v -183.3943 417.1054 23.4022
v -183.3943 417.1054 33.4022
v -181.6669 417.0117 33.4022
v -181.6669 417.0117 23.4022
v -179.9598 417.2916 33.4022
v -179.9598 417.2916 23.4022
v -178.3527 417.9319 33.4022
v -178.3527 417.9319 23.4022
v -176.9209 418.9027 33.4022
v -176.9209 418.9027 23.4022
v -175.7313 420.1586 33.4022
v -175.7313 420.1586 23.4022
v -174.8394 421.6409 23.4022
v -174.8394 421.6409 33.4022
v -174.2870 423.2802 33.4022
v -174.2870 423.2802 23.4022
v -193.2870 426.7198 33.4022
v -193.1000 425.0000 33.4022
v -193.1000 425.0000 23.4022
v -193.2870 426.7198 23.4022
v -193.8394 428.3591 23.4022
v -193.8394 428.3591 33.4022
v -194.7313 429.8414 33.4022
v -194.7313 429.8414 23.4022
v -195.9209 431.0973 33.4022
v -195.9209 431.0973 23.4022
v -197.3527 432.0681 33.4022
v -197.3527 432.0681 23.4022
v -198.9598 432.7084 33.4022
v -198.9598 432.7084 23.4022
v -200.6669 432.9883 33.4022
v -200.6669 432.9883 23.4022
v -202.3943 432.8946 33.4022
v -202.3943 432.8946 23.4022
v -204.0611 432.4318 23.4022
v -204.0611 432.4318 33.4022
v -205.5895 431.6215 23.4022
v -205.5895 431.6215 33.4022
v -206.9080 430.5016 33.4022
v -206.9080 430.5016 23.4022
v -207.9549 429.1244 33.4022
v -207.9549 429.1244 23.4022
v -208.6812 427.5544 33.4022
v -208.6812 427.5544 23.4022
v -209.0531 425.8650 33.4022
v -209.0531 425.8650 23.4022
v -209.0531 424.1350 33.4022
v -209.0531 424.1350 23.4022
v -208.6812 422.4456 33.4022
v -208.6812 422.4456 23.4022
v -207.9549 420.8756 33.4022
v -207.9549 420.8756 23.4022
v -206.9080 419.4984 33.4022
v -206.9080 419.4984 23.4022
v -205.5895 418.3785 23.4022
v -205.5895 418.3785 33.4022
v -204.0611 417.5682 33.4022
v -204.0611 417.5682 23.4022
v -202.3943 417.1054 23.4022
v -202.3943 417.1054 33.4022
v -200.6669 417.0117 33.4022
v -200.6669 417.0117 23.4022
v -198.9598 417.2916 33.4022
v -198.9598 417.2916 23.4022
v -197.3527 417.9319 33.4022
v -197.3527 417.9319 23.4022
v -195.9209 418.9027 33.4022
v -195.9209 418.9027 23.4022
v -194.7313 420.1586 33.4022
v -194.7313 420.1586 23.4022
v -193.8394 421.6409 23.4022
v -193.8394 421.6409 33.4022
v -193.2870 423.2802 33.4022
v -193.2870 423.2802 23.4022
v -212.2870 426.7198 33.4022
v -212.1000 425.0000 33.4022
v -212.1000 425.0000 23.4022
v -212.2870 426.7198 23.4022
v -212.8394 428.3591 23.4022
v -212.8394 428.3591 33.4022
v -213.7313 429.8414 33.4022
v -213.7313 429.8414 23.4022
v -214.9209 431.0973 33.4022
v -214.9209 431.0973 23.4022
v -216.3527 432.0681 33.4022
v -216.3527 432.0681 23.4022
v -217.9598 432.7084 33.4022
v -217.9598 432.7084 23.4022
v -219.6669 432.9883 33.4022
v -219.6669 432.9883 23.4022
v -221.3943 432.8946 33.4022
v -221.3943 432.8946 23.4022
v -223.0611 432.4318 23.4022
v -223.0611 432.4318 33.4022
v -224.5895 431.6215 23.4022
v -224.5895 431.6215 33.4022
v -225.9080 430.5016 33.4022
v -225.9080 430.5016 23.4022
v -226.9549 429.1244 33.4022
v -226.9549 429.1244 23.4022
v -227.6812 427.5544 33.4022
v -227.6812 427.5544 23.4022
v -228.0531 425.8650 33.4022
v -228.0531 425.8650 23.4022
v -228.0531 424.1350 33.4022
v -228.0531 424.1350 23.4022
v -227.6812 422.4456 33.4022
v -227.6812 422.4456 23.4022
v -226.9549 420.8756 33.4022
v -226.9549 420.8756 23.4022
v -225.9080 419.4984 33.4022
v -225.9080 419.4984 23.4022
v -224.5895 418.3785 23.4022
v -224.5895 418.3785 33.4022
v -223.0611 417.5682 33.4022
v -223.0611 417.5682 23.4022
v -221.3943 417.1054 23.4022
v -221.3943 417.1054 33.4022
v -219.6669 417.0117 33.4022
v -219.6669 417.0117 23.4022
v -217.9598 417.2916 33.4022
v -217.9598 417.2916 23.4022
v -216.3527 417.9319 33.4022
v -216.3527 417.9319 23.4022
v -214.9209 418.9027 33.4022
v -214.9209 418.9027 23.4022
v -213.7313 420.1586 33.4022
v -213.7313 420.1586 23.4022
v -212.8394 421.6409 23.4022
v -212.8394 421.6409 33.4022
v -212.2870 423.2802 33.4022
v -212.2870 423.2802 23.4022
v -155.2870 445.7198 31.4053
v -155.1000 444.0000 31.4053
v -155.1000 444.0000 21.4053
v -155.2870 445.7198 21.4053
v -155.8394 447.3591 21.4053
v -155.8394 447.3591 31.4053
v -156.7313 448.8414 31.4053
v -156.7313 448.8414 21.4053
v -157.9209 450.0973 31.4053
v -157.9209 450.0973 21.4053
v -159.3527 451.0681 31.4053
v -159.3527 451.0681 21.4053
v -160.9598 451.7084 31.4053
v -160.9598 451.7084 21.4053
v -162.6669 451.9883 31.4053
v -162.6669 451.9883 21.4053
v -164.3943 451.8946 31.4053
v -164.3943 451.8946 21.4053
v -166.0611 451.4318 21.4053
v -166.0611 451.4318 31.4053
v -167.5895 450.6215 21.4053
v -167.5895 450.6215 31.4053
v -168.9080 449.5016 31.4053
v -168.9080 449.5016 21.4053
v -169.9549 448.1244 31.4053
v -169.9549 448.1244 21.4053
v -170.6812 446.5544 31.4053
v -170.6812 446.5544 21.4053
v -171.0531 444.8650 31.4053
v -171.0531 444.8650 21.4053
v -171.0531 443.1350 31.4053
v -171.0531 443.1350 21.4053
v -170.6812 441.4456 31.4053
v -170.6812 441.4456 21.4053
v -169.9549 439.8756 31.4053
v -169.9549 439.8756 21.4053
v -168.9080 438.4984 31.4053
v -168.9080 438.4984 21.4053
v -167.5895 437.3785 21.4053
v -167.5895 437.3785 31.4053
v -166.0611 436.5682 31.4053
v -166.0611 436.5682 21.4053
v -164.3943 436.1054 21.4053
v -164.3943 436.1054 31.4053
v -162.6669 436.0117 31.4053
v -162.6669 436.0117 21.4053
v -160.9598 436.2916 31.4053
v -160.9598 436.2916 21.4053
v -159.3527 436.9319 31.4053
v -159.3527 436.9319 21.4053
v -157.9209 437.9027 31.4053
v -157.9209 437.9027 21.4053
v -156.7313 439.1586 31.4053
v -156.7313 439.1586 21.4053
v -155.8394 440.6409 21.4053
v -155.8394 440.6409 31.4053
v -155.2870 442.2802 31.4053
v -155.2870 442.2802 21.4053
v -174.2870 445.7198 31.4053
v -174.1000 444.0000 31.4053
v -174.1000 444.0000 21.4053
v -174.2870 445.7198 21.4053
v -174.8394 447.3591 21.4053
v -174.8394 447.3591 31.4053
v -175.7313 448.8414 31.4053
v -175.7313 448.8414 21.4053
v -176.9209 450.0973 31.4053
v -176.9209 450.0973 21.4053
v -178.3527 451.0681 31.4053
v -178.3527 451.0681 21.4053
v -179.9598 451.7084 31.4053
v -179.9598 451.7084 21.4053
v -181.6669 451.9883 31.4053
v -181.6669 451.9883 21.4053
v -183.3943 451.8946 31.4053
v -183.3943 451.8946 21.4053
v -185.0611 451.4318 21.4053
v -185.0611 451.4318 31.4053
v -186.5895 450.6215 21.4053
v -186.5895 450.6215 31.4053
v -187.9080 449.5016 31.4053
v -187.9080 449.5016 21.4053
v -188.9549 448.1244 31.4053
v -188.9549 448.1244 21.4053
v -189.6812 446.5544 31.4053
v -189.6812 446.5544 21.4053
v -190.0531 444.8650 31.4053
v -190.0531 444.8650 21.4053
v -190.0531 443.1350 31.4053
v -190.0531 443.1350 21.4053
v -189.6812 441.4456 31.4053
v -189.6812 441.4456 21.4053
v -188.9549 439.8756 31.4053
v -188.9549 439.8756 21.4053
v -187.9080 438.4984 31.4053
v -187.9080 438.4984 21.4053
v -186.5895 437.3785 21.4053
v -186.5895 437.3785 31.4053
v -185.0611 436.5682 31.4053
v -185.0611 436.5682 21.4053
v -183.3943 436.1054 21.4053
v -183.3943 436.1054 31.4053
v -181.6669 436.0117 31.4053
v -181.6669 436.0117 21.4053
v -179.9598 436.2916 31.4053
v -179.9598 436.2916 21.4053
v -178.3527 436.9319 31.4053
v -178.3527 436.9319 21.4053
v -176.9209 437.9027 31.4053
v -176.9209 437.9027 21.4053
v -175.7313 439.1586 31.4053
v -175.7313 439.1586 21.4053
v -174.8394 440.6409 21.4053
v -174.8394 440.6409 31.4053
v -174.2870 442.2802 31.4053
v -174.2870 442.2802 21.4053
v -193.2870 445.7198 31.4053
v -193.1000 444.0000 31.4053
v -193.1000 444.0000 21.4053
v -193.2870 445.7198 21.4053
v -193.8394 447.3591 21.4053
v -193.8394 447.3591 31.4053
v -194.7313 448.8414 31.4053
v -194.7313 448.8414 21.4053
v -195.9209 450.0973 31.4053
v -195.9209 450.0973 21.4053
v -197.3527 451.0681 31.4053
v -197.3527 451.0681 21.4053
v -198.9598 451.7084 31.4053
v -198.9598 451.7084 21.4053
v -200.6669 451.9883 31.4053
v -200.6669 451.9883 21.4053
v -202.3943 451.8946 31.4053
v -202.3943 451.8946 21.4053
v -204.0611 451.4318 21.4053
v -204.0611 451.4318 31.4053
v -205.5895 450.6215 21.4053
v -205.5895 450.6215 31.4053
v -206.9080 449.5016 31.4053
v -206.9080 449.5016 21.4053
v -207.9549 448.1244 31.4053
v -207.9549 448.1244 21.4053
v -208.6812 446.5544 31.4053
v -208.6812 446.5544 21.4053
v -209.0531 444.8650 31.4053
v -209.0531 444.8650 21.4053
v -209.0531 443.1350 31.4053
v -209.0531 443.1350 21.4053
v -208.6812 441.4456 31.4053
v -208.6812 441.4456 21.4053
v -207.9549 439.8756 31.4053
v -207.9549 439.8756 21.4053
v -206.9080 438.4984 31.4053
v -206.9080 438.4984 21.4053
v -205.5895 437.3785 21.4053
v -205.5895 437.3785 31.4053
v -204.0611 436.5682 31.4053
v -204.0611 436.5682 21.4053
v -202.3943 436.1054 21.4053
v -202.3943 436.1054 31.4053
v -200.6669 436.0117 31.4053
v -200.6669 436.0117 21.4053
v -198.9598 436.2916 31.4053
v -198.9598 436.2916 21.4053
v -197.3527 436.9319 31.4053
v -197.3527 436.9319 21.4053
v -195.9209 437.9027 31.4053
v -195.9209 437.9027 21.4053
v -194.7313 439.1586 31.4053
v -194.7313 439.1586 21.4053
v -193.8394 440.6409 21.4053
v -193.8394 440.6409 31.4053
v -193.2870 442.2802 31.4053
v -193.2870 442.2802 21.4053
v -212.2870 445.7198 31.4053
v -212.1000 444.0000 31.4053
v -212.1000 444.0000 21.4053
v -212.2870 445.7198 21.4053
v -212.8394 447.3591 21.4053
v -212.8394 447.3591 31.4053
v -213.7313 448.8414 31.4053
v -213.7313 448.8414 21.4053
v -214.9209 450.0973 31.4053
v -214.9209 450.0973 21.4053
v -216.3527 451.0681 31.4053
v -216.3527 451.0681 21.4053
v -217.9598 451.7084 31.4053
v -217.9598 451.7084 21.4053
v -219.6669 451.9883 31.4053
v -219.6669 451.9883 21.4053
v -221.3943 451.8946 31.4053
v -221.3943 451.8946 21.4053
v -223.0611 451.4318 21.4053
v -223.0611 451.4318 31.4053
v -224.5895 450.6215 21.4053
v -224.5895 450.6215 31.4053
v -225.9080 449.5016 31.4053
v -225.9080 449.5016 21.4053
v -226.9549 448.1244 31.4053
v -226.9549 448.1244 21.4053
v -227.6812 446.5544 31.4053
v -227.6812 446.5544 21.4053
v -228.0531 444.8650 31.4053
v -228.0531 444.8650 21.4053
v -228.0531 443.1350 31.4053
v -228.0531 443.1350 21.4053
v -227.6812 441.4456 31.4053
v -227.6812 441.4456 21.4053
v -226.9549 439.8756 31.4053
v -226.9549 439.8756 21.4053
v -225.9080 438.4984 31.4053
v -225.9080 438.4984 21.4053
v -224.5895 437.3785 21.4053
v -224.5895 437.3785 31.4053
v -223.0611 436.5682 31.4053
v -223.0611 436.5682 21.4053
v -221.3943 436.1054 21.4053
v -221.3943 436.1054 31.4053
v -219.6669 436.0117 31.4053
v -219.6669 436.0117 21.4053
v -217.9598 436.2916 31.4053
v -217.9598 436.2916 21.4053
v -216.3527 436.9319 31.4053
v -216.3527 436.9319 21.4053
v -214.9209 437.9027 31.4053
v -214.9209 437.9027 21.4053
v -213.7313 439.1586 31.4053
v -213.7313 439.1586 21.4053
v -212.8394 440.6409 21.4053
v -212.8394 440.6409 31.4053
v -212.2870 442.2802 31.4053
v -212.2870 442.2802 21.4053
v -155.2870 464.7198 29.4084
v -155.1000 463.0000 29.4084
v -155.1000 463.0000 19.4084
v -155.2870 464.7198 19.4084
v -155.8394 466.3591 19.4084
v -155.8394 466.3591 29.4084
v -156.7313 467.8414 29.4084
v -156.7313 467.8414 19.4084
v -157.9209 469.0973 29.4084
v -157.9209 469.0973 19.4084
v -159.3527 470.0681 29.4084
v -159.3527 470.0681 19.4084
v -160.9598 470.7084 29.4084
v -160.9598 470.7084 19.4084
v -162.6669 470.9883 29.4084
v -162.6669 470.9883 19.4084
v -164.3943 470.8946 29.4084
v -164.3943 470.8946 19.4084
v -166.0611 470.4318 19.4084
v -166.0611 470.4318 29.4084
v -167.5895 469.6215 19.4084
v -167.5895 469.6215 29.4084
v -168.9080 468.5016 29.4084
v -168.9080 468.5016 19.4084
v -169.9549 467.1244 29.4084
v -169.9549 467.1244 19.4084
v -170.6812 465.5544 29.4084
v -170.6812 465.5544 19.4084
v -171.0531 463.8650 29.4084
v -171.0531 463.8650 19.4084
v -171.0531 462.1350 29.4084
v -171.0531 462.1350 19.4084
v -170.6812 460.4456 29.4084
v -170.6812 460.4456 19.4084
v -169.9549 458.8756 29.4084
v -169.9549 458.8756 19.4084
v -168.9080 457.4984 29.4084
v -168.9080 457.4984 19.4084
v -167.5895 456.3785 19.4084
v -167.5895 456.3785 29.4084
v -166.0611 455.5682 29.4084
v -166.0611 455.5682 19.4084
v -164.3943 455.1054 19.4084
v -164.3943 455.1054 29.4084
v -162.6669 455.0117 29.4084
v -162.6669 455.0117 19.4084
v -160.9598 455.2916 29.4084
v -160.9598 455.2916 19.4084
v -159.3527 455.9319 29.4084
v -159.3527 455.9319 19.4084
v -157.9209 456.9027 29.4084
v -157.9209 456.9027 19.4084
v -156.7313 458.1586 29.4084
v -156.7313 458.1586 19.4084
v -155.8394 459.6409 19.4084
v -155.8394 459.6409 29.4084
v -155.2870 461.2802 29.4084
v -155.2870 461.2802 19.4084
v -174.2870 464.7198 29.4084
v -174.1000 463.0000 29.4084
v -174.1000 463.0000 19.4084
v -174.2870 464.7198 19.4084
v -174.8394 466.3591 19.4084
v -174.8394 466.3591 29.4084
v -175.7313 467.8414 29.4084
v -175.7313 467.8414 19.4084
v -176.9209 469.0973 29.4084
v -176.9209 469.0973 19.4084
v -178.3527 470.0681 29.4084
v -178.3527 470.0681 19.4084
v -179.9598 470.7084 29.4084
v -179.9598 470.7084 19.4084
v -181.6669 470.9883 29.4084
v -181.6669 470.9883 19.4084
v -183.3943 470.8946 29.4084
v -183.3943 470.8946 19.4084
v -185.0611 470.4318 19.4084
v -185.0611 470.4318 29.4084
v -186.5895 469.6215 19.4084
v -186.5895 469.6215 29.4084
v -187.9080 468.5016 29.4084
v -187.9080 468.5016 19.4084
v -188.9549 467.1244 29.4084
v -188.9549 467.1244 19.4084
v -189.6812 465.5544 29.4084
v -189.6812 465.5544 19.4084
v -190.0531 463.8650 29.4084
v -190.0531 463.8650 19.4084
v -190.0531 462.1350 29.4084
v -190.0531 462.1350 19.4084
v -189.6812 460.4456 29.4084
v -189.6812 460.4456 19.4084
v -188.9549 458.8756 29.4084
v -188.9549 458.8756 19.4084
v -187.9080 457.4984 29.4084
v -187.9080 457.4984 19.4084
v -186.5895 456.3785 19.4084
v -186.5895 456.3785 29.4084
v -185.0611 455.5682 29.4084
v -185.0611 455.5682 19.4084
v -183.3943 455.1054 19.4084
v -183.3943 455.1054 29.4084
v -181.6669 455.0117 29.4084
v -181.6669 455.0117 19.4084
v -179.9598 455.2916 29.4084
v -179.9598 455.2916 19.4084
v -178.3527 455.9319 29.4084
v -178.3527 455.9319 19.4084
v -176.9209 456.9027 29.4084
v -176.9209 456.9027 19.4084
v -175.7313 458.1586 29.4084
v -175.7313 458.1586 19.4084
v -174.8394 459.6409 19.4084
v -174.8394 459.6409 29.4084
v -174.2870 461.2802 29.4084
v -174.2870 461.2802 19.4084
v -193.2870 464.7198 29.4084
v -193.1000 463.0000 29.4084
v -193.1000 463.0000 19.4084
v -193.2870 464.7198 19.4084
v -193.8394 466.3591 19.4084
v -193.8394 466.3591 29.4084
v -194.7313 467.8414 29.4084
v -194.7313 467.8414 19.4084
v -195.9209 469.0973 29.4084
v -195.9209 469.0973 19.4084
v -197.3527 470.0681 29.4084
v -197.3527 470.0681 19.4084
v -198.9598 470.7084 29.4084
v -198.9598 470.7084 19.4084
v -200.6669 470.9883 29.4084
v -200.6669 470.9883 19.4084
v -202.3943 470.8946 29.4084
v -202.3943 470.8946 19.4084
v -204.0611 470.4318 19.4084
v -204.0611 470.4318 29.4084
v -205.5895 469.6215 19.4084
v -205.5895 469.6215 29.4084
v -206.9080 468.5016 29.4084
v -206.9080 468.5016 19.4084
v -207.9549 467.1244 29.4084
v -207.9549 467.1244 19.4084
v -208.6812 465.5544 29.4084
v -208.6812 465.5544 19.4084
v -209.0531 463.8650 29.4084
v -209.0531 463.8650 19.4084
v -209.0531 462.1350 29.4084
v -209.0531 462.1350 19.4084
v -208.6812 460.4456 29.4084
v -208.6812 460.4456 19.4084
v -207.9549 458.8756 29.4084
v -207.9549 458.8756 19.4084
v -206.9080 457.4984 29.4084
v -206.9080 457.4984 19.4084
v -205.5895 456.3785 19.4084
v -205.5895 456.3785 29.4084
v -204.0611 455.5682 29.4084
v -204.0611 455.5682 19.4084
v -202.3943 455.1054 19.4084
v -202.3943 455.1054 29.4084
v -200.6669 455.0117 29.4084
v -200.6669 455.0117 19.4084
v -198.9598 455.2916 29.4084
v -198.9598 455.2916 19.4084
v -197.3527 455.9319 29.4084
v -197.3527 455.9319 19.4084
v -195.9209 456.9027 29.4084
v -195.9209 456.9027 19.4084
v -194.7313 458.1586 29.4084
v -194.7313 458.1586 19.4084
v -193.8394 459.6409 19.4084
v -193.8394 459.6409 29.4084
v -193.2870 461.2802 29.4084
v -193.2870 461.2802 19.4084
v -212.2870 474.2198 29.4084
v -212.1000 472.5000 29.4084
v -212.1000 472.5000 19.4084
v -212.2870 474.2198 19.4084
v -212.8394 475.8591 19.4084
v -212.8394 475.8591 29.4084
v -213.7313 477.3414 29.4084
v -213.7313 477.3414 19.4084
v -214.9209 478.5973 29.4084
v -214.9209 478.5973 19.4084
v -216.3527 479.5681 29.4084
v -216.3527 479.5681 19.4084
v -217.9598 480.2084 29.4084
v -217.9598 480.2084 19.4084
v -219.6669 480.4883 29.4084
v -219.6669 480.4883 19.4084
v -221.3943 480.3946 29.4084
v -221.3943 480.3946 19.4084
v -223.0611 479.9318 19.4084
v -223.0611 479.9318 29.4084
v -224.5895 479.1215 19.4084
v -224.5895 479.1215 29.4084
v -225.9080 478.0016 29.4084
v -225.9080 478.0016 19.4084
v -226.9549 476.6244 29.4084
v -226.9549 476.6244 19.4084
v -227.6812 475.0544 29.4084
v -227.6812 475.0544 19.4084
v -228.0531 473.3650 29.4084
v -228.0531 473.3650 19.4084
v -228.0531 471.6350 29.4084
v -228.0531 471.6350 19.4084
v -227.6812 469.9456 29.4084
v -227.6812 469.9456 19.4084
v -226.9549 468.3756 29.4084
v -226.9549 468.3756 19.4084
v -225.9080 466.9984 29.4084
v -225.9080 466.9984 19.4084
v -224.5895 465.8785 19.4084
v -224.5895 465.8785 29.4084
v -223.0611 465.0682 29.4084
v -223.0611 465.0682 19.4084
v -221.3943 464.6054 19.4084
v -221.3943 464.6054 29.4084
v -219.6669 464.5117 29.4084
v -219.6669 464.5117 19.4084
v -217.9598 464.7916 29.4084
v -217.9598 464.7916 19.4084
v -216.3527 465.4319 29.4084
v -216.3527 465.4319 19.4084
v -214.9209 466.4027 29.4084
v -214.9209 466.4027 19.4084
v -213.7313 467.6586 29.4084
v -213.7313 467.6586 19.4084
v -212.8394 469.1409 19.4084
v -212.8394 469.1409 29.4084
v -212.2870 470.7802 29.4084
v -212.2870 470.7802 19.4084
v -182.1000 474.0000 17.4115
v -163.1000 474.0000 17.4115
v -182.1000 474.0000 27.4115
v -163.1000 474.0000 27.4115
v -161.4367 474.1748 17.4115
v -161.4367 474.1748 27.4115
v -159.8461 474.6917 27.4115
v -159.8461 474.6917 17.4115
v -158.3977 475.5279 17.4115
v -158.3977 475.5279 27.4115
v -157.1548 476.6469 17.4115
v -157.1548 476.6469 27.4115
v -156.1718 478.0000 17.4115
v -156.1718 478.0000 27.4115
v -155.4915 479.5279 27.4115
v -155.4915 479.5279 17.4115
v -155.1438 481.1638 17.4115
v -155.1438 481.1638 27.4115
v -155.1438 482.8362 27.4115
v -155.1438 482.8362 17.4115
v -155.4915 484.4721 17.4115
v -155.4915 484.4721 27.4115
v -156.1718 486.0000 27.4115
v -156.1718 486.0000 17.4115
v -157.1548 487.3531 17.4115
v -157.1548 487.3531 27.4115
v -158.3977 488.4721 27.4115
v -158.3977 488.4721 17.4115
v -159.8461 489.3083 17.4115
v -159.8461 489.3083 27.4115
v -161.4367 489.8252 17.4115
v -161.4367 489.8252 27.4115
v -163.1000 490.0000 17.4115
v -163.1000 490.0000 27.4115
v -182.1000 490.0000 17.4115
v -182.1000 490.0000 27.4115
v -183.7633 489.8252 17.4115
v -183.7633 489.8252 27.4115
v -185.3539 489.3083 27.4115
v -185.3539 489.3083 17.4115
v -186.8023 488.4721 17.4115
v -186.8023 488.4721 27.4115
v -188.0452 487.3531 17.4115
v -188.0452 487.3531 27.4115
v -189.0282 486.0000 17.4115
v -189.0282 486.0000 27.4115
v -189.7085 484.4721 27.4115
v -189.7085 484.4721 17.4115
v -190.0562 482.8362 17.4115
v -190.0562 482.8362 27.4115
v -190.0562 481.1638 27.4115
v -190.0562 481.1638 17.4115
v -189.7085 479.5279 17.4115
v -189.7085 479.5279 27.4115
v -189.0282 478.0000 27.4115
v -189.0282 478.0000 17.4115
v -188.0452 476.6469 17.4115
v -188.0452 476.6469 27.4115
v -186.8023 475.5279 27.4115
v -186.8023 475.5279 17.4115
v -185.3539 474.6917 17.4115
v -185.3539 474.6917 27.4115
v -183.7633 474.1748 17.4115
v -183.7633 474.1748 27.4115
v -193.2870 483.7198 27.4115
v -193.1000 482.0000 27.4115
v -193.1000 482.0000 17.4115
v -193.2870 483.7198 17.4115
v -193.8394 485.3591 17.4115
v -193.8394 485.3591 27.4115
v -194.7313 486.8414 27.4115
v -194.7313 486.8414 17.4115
v -195.9209 488.0973 27.4115
v -195.9209 488.0973 17.4115
v -197.3527 489.0681 27.4115
v -197.3527 489.0681 17.4115
v -198.9598 489.7084 27.4115
v -198.9598 489.7084 17.4115
v -200.6669 489.9883 27.4115
v -200.6669 489.9883 17.4115
v -202.3943 489.8946 27.4115
v -202.3943 489.8946 17.4115
v -204.0611 489.4318 17.4115
v -204.0611 489.4318 27.4115
v -205.5895 488.6215 17.4115
v -205.5895 488.6215 27.4115
v -206.9080 487.5016 27.4115
v -206.9080 487.5016 17.4115
v -207.9549 486.1244 27.4115
v -207.9549 486.1244 17.4115
v -208.6812 484.5544 27.4115
v -208.6812 484.5544 17.4115
v -209.0531 482.8650 27.4115
v -209.0531 482.8650 17.4115
v -209.0531 481.1350 27.4115
v -209.0531 481.1350 17.4115
v -208.6812 479.4456 27.4115
v -208.6812 479.4456 17.4115
v -207.9549 477.8756 27.4115
v -207.9549 477.8756 17.4115
v -206.9080 476.4984 27.4115
v -206.9080 476.4984 17.4115
v -205.5895 475.3785 17.4115
v -205.5895 475.3785 27.4115
v -204.0611 474.5682 27.4115
v -204.0611 474.5682 17.4115
v -202.3943 474.1054 17.4115
v -202.3943 474.1054 27.4115
v -200.6669 474.0117 27.4115
v -200.6669 474.0117 17.4115
v -198.9598 474.2916 27.4115
v -198.9598 474.2916 17.4115
v -197.3527 474.9319 27.4115
v -197.3527 474.9319 17.4115
v -195.9209 475.9027 27.4115
v -195.9209 475.9027 17.4115
v -194.7313 477.1586 27.4115
v -194.7313 477.1586 17.4115
v -193.8394 478.6409 17.4115
v -193.8394 478.6409 27.4115
v -193.2870 480.2802 27.4115
v -193.2870 480.2802 17.4115
v 18.7000 474.0000 17.4115
v 151.7000 474.0000 17.4115
v 18.7000 474.0000 27.4115
v 151.7000 474.0000 27.4115
v 153.3633 474.1748 17.4115
v 153.3633 474.1748 27.4115
v 154.9539 474.6917 27.4115
v 154.9539 474.6917 17.4115
v 156.4023 475.5279 17.4115
v 156.4023 475.5279 27.4115
v 157.6452 476.6469 17.4115
v 157.6452 476.6469 27.4115
v 158.6282 478.0000 17.4115
v 158.6282 478.0000 27.4115
v 159.3085 479.5279 27.4115
v 159.3085 479.5279 17.4115
v 159.6562 481.1638 17.4115
v 159.6562 481.1638 27.4115
v 159.6562 482.8362 27.4115
v 159.6562 482.8362 17.4115
v 159.3085 484.4721 17.4115
v 159.3085 484.4721 27.4115
v 158.6282 486.0000 27.4115
v 158.6282 486.0000 17.4115
v 157.6452 487.3531 17.4115
v 157.6452 487.3531 27.4115
v 156.4023 488.4721 27.4115
v 156.4023 488.4721 17.4115
v 154.9539 489.3083 17.4115
v 154.9539 489.3083 27.4115
v 153.3633 489.8252 17.4115
v 153.3633 489.8252 27.4115
v 151.7000 490.0000 17.4115
v 151.7000 490.0000 27.4115
v 18.7000 490.0000 17.4115
v 18.7000 490.0000 27.4115
v 17.0367 489.8252 17.4115
v 17.0367 489.8252 27.4115
v 15.4461 489.3083 27.4115
v 15.4461 489.3083 17.4115
v 13.9977 488.4721 17.4115
v 13.9977 488.4721 27.4115
v 12.7548 487.3531 17.4115
v 12.7548 487.3531 27.4115
v 11.7718 486.0000 17.4115
v 11.7718 486.0000 27.4115
v 11.0915 484.4721 27.4115
v 11.0915 484.4721 17.4115
v 10.7438 482.8362 17.4115
v 10.7438 482.8362 27.4115
v 10.7438 481.1638 27.4115
v 10.7438 481.1638 17.4115
v 11.0915 479.5279 17.4115
v 11.0915 479.5279 27.4115
v 11.7718 478.0000 27.4115
v 11.7718 478.0000 17.4115
v 12.7548 476.6469 17.4115
v 12.7548 476.6469 27.4115
v 13.9977 475.5279 27.4115
v 13.9977 475.5279 17.4115
v 15.4461 474.6917 17.4115
v 15.4461 474.6917 27.4115
v 17.0367 474.1748 17.4115
v 17.0367 474.1748 27.4115
f 2473 2474 2475
f 2474 2476 2475
f 2475 2476 2477
f 2476 2478 2477
f 2477 2479 2480
f 2478 2479 2477
f 2480 2481 2482
f 2482 2481 2483
f 2479 2481 2480
f 2481 2484 2483
f 2483 2485 2486
f 2484 2485 2483
f 2486 2487 2488
f 2488 2487 2489
f 2485 2487 2486
f 2487 2490 2489
f 2489 2491 2492
f 2492 2491 2493
f 2490 2491 2489
f 2491 2494 2493
f 2493 2495 2496
f 2494 2495 2493
f 2496 2497 2498
f 2495 2497 2496
f 2498 2499 2500
f 2497 2499 2498
f 2500 2501 2502
f 2499 2501 2500
f 2502 2503 2504
f 2504 2503 2505
f 2501 2503 2502
f 2503 2506 2505
f 2505 2506 2507
f 2506 2508 2507
f 2507 2508 2509
f 2508 2510 2509
f 2509 2511 2512
f 2510 2511 2509
f 2512 2513 2514
f 2514 2513 2515
f 2511 2513 2512
f 2513 2516 2515
f 2515 2517 2518
f 2516 2517 2515
f 2518 2519 2520
f 2520 2519 2521
f 2517 2519 2518
f 2519 2522 2521
f 2521 2523 2524
f 2524 2523 2525
f 2522 2523 2521
f 2523 2526 2525
f 2525 2527 2528
f 2526 2527 2525
f 2528 2529 2530
f 2527 2529 2528
f 2530 2531 2532
f 2529 2531 2530
f 2532 2533 2534
f 2531 2533 2532
f 2534 2535 2536
f 2536 2535 2473
f 2533 2535 2534
f 2535 2474 2473
f 2529 2533 2531
f 2526 2523 2527
f 2527 2523 2529
f 2529 2523 2533
f 2533 2474 2535
f 2523 2522 2533
f 2533 2522 2474
f 2517 2516 2519
f 2519 2516 2522
f 2522 2516 2474
f 2513 2511 2516
f 2516 2511 2474
f 2476 2479 2478
f 2476 2481 2479
f 2510 2508 2511
f 2511 2508 2474
f 2476 2484 2481
f 2474 2506 2476
f 2508 2506 2474
f 2490 2494 2491
f 2485 2495 2487
f 2487 2495 2490
f 2490 2495 2494
f 2484 2497 2485
f 2499 2497 2501
f 2501 2497 2503
f 2503 2497 2506
f 2476 2497 2484
f 2506 2497 2476
f 2485 2497 2495
f 2534 2530 2532
f 2524 2525 2528
f 2524 2528 2530
f 2524 2530 2534
f 2473 2534 2536
f 2521 2524 2534
f 2521 2534 2473
f 2515 2518 2520
f 2515 2520 2521
f 2515 2521 2473
f 2512 2514 2515
f 2512 2515 2473
f 2480 2475 2477
f 2482 2475 2480
f 2507 2509 2512
f 2507 2512 2473
f 2483 2475 2482
f 2505 2473 2475
f 2505 2507 2473
f 2493 2489 2492
f 2496 2486 2488
f 2496 2488 2489
f 2496 2489 2493
f 2498 2483 2486
f 2498 2500 2502
f 2498 2502 2504
f 2498 2504 2505
f 2498 2475 2483
f 2498 2505 2475
f 2498 2486 2496
f 2537 2538 2539
f 2537 2539 2540
f 2541 2540 2542
f 2541 2537 2540
f 2543 2542 2544
f 2543 2541 2542
f 2545 2544 2546
f 2545 2543 2544
f 2547 2546 2548
f 2547 2545 2546
f 2549 2548 2550
f 2549 2547 2548
f 2551 2550 2552
f 2551 2549 2550
f 2553 2552 2554
f 2553 2551 2552
f 2555 2554 2556
f 2555 2553 2554
f 2557 2555 2556
f 2557 2556 2558
f 2559 2557 2558
f 2559 2558 2560
f 2561 2559 2560
f 2561 2560 2562
f 2563 2561 2562
f 2563 2562 2564
f 2565 2563 2564
f 2565 2564 2566
f 2567 2565 2566
f 2567 2566 2568
f 2569 2567 2568
f 2569 2568 2570
f 2571 2569 2570
f 2571 2570 2572
f 2573 2571 2572
f 2573 2572 2574
f 2573 2574 2575
f 2576 2573 2575
f 2577 2576 2575
f 2577 2575 2578
f 2579 2577 2578
f 2579 2578 2580
f 2581 2579 2580
f 2581 2580 2582
f 2583 2581 2582
f 2583 2582 2584
f 2583 2584 2585
f 2586 2583 2585
f 2587 2585 2588
f 2587 2586 2585
f 2589 2588 2590
f 2589 2587 2588
f 2591 2590 2592
f 2591 2589 2590
f 2593 2592 2594
f 2593 2591 2592
f 2538 2594 2539
f 2538 2593 2594
f 2563 2565 2567
f 2563 2567 2569
f 2561 2569 2571
f 2561 2563 2569
f 2559 2571 2573
f 2559 2573 2576
f 2559 2561 2571
f 2555 2557 2559
f 2555 2576 2577
f 2555 2577 2579
f 2555 2559 2576
f 2538 2589 2591
f 2538 2591 2593
f 2551 2553 2555
f 2551 2579 2581
f 2551 2555 2579
f 2549 2581 2583
f 2549 2551 2581
f 2541 2538 2537
f 2541 2587 2589
f 2541 2589 2538
f 2547 2583 2586
f 2547 2549 2583
f 2543 2586 2587
f 2543 2587 2541
f 2545 2547 2586
f 2545 2586 2543
f 2566 2564 2568
f 2568 2564 2570
f 2570 2562 2572
f 2564 2562 2570
f 2572 2560 2574
f 2574 2560 2575
f 2562 2560 2572
f 2558 2556 2560
f 2575 2556 2578
f 2578 2556 2580
f 2560 2556 2575
f 2590 2539 2592
f 2592 2539 2594
f 2554 2552 2556
f 2580 2552 2582
f 2556 2552 2580
f 2582 2550 2584
f 2552 2550 2582
f 2539 2542 2540
f 2588 2542 2590
f 2590 2542 2539
f 2584 2548 2585
f 2550 2548 2584
f 2585 2544 2588
f 2588 2544 2542
f 2548 2546 2585
f 2585 2546 2544
f 2595 2596 2597
f 2595 2597 2598
f 2599 2598 2600
f 2599 2595 2598
f 2601 2600 2602
f 2601 2599 2600
f 2603 2602 2604
f 2603 2601 2602
f 2605 2604 2606
f 2605 2603 2604
f 2607 2606 2608
f 2607 2605 2606
f 2609 2608 2610
f 2609 2607 2608
f 2611 2610 2612
f 2611 2609 2610
f 2613 2612 2614
f 2613 2611 2612
f 2615 2613 2614
f 2615 2614 2616
f 2617 2615 2616
f 2617 2616 2618
f 2619 2617 2618
f 2619 2618 2620
f 2621 2619 2620
f 2621 2620 2622
f 2623 2621 2622
f 2623 2622 2624
f 2625 2623 2624
f 2625 2624 2626
f 2627 2625 2626
f 2627 2626 2628
f 2629 2627 2628
f 2629 2628 2630
f 2631 2629 2630
f 2631 2630 2632
f 2631 2632 2633
f 2634 2631 2633
f 2635 2634 2633
f 2635 2633 2636
f 2637 2635 2636
f 2637 2636 2638
f 2639 2637 2638
f 2639 2638 2640
f 2641 2639 2640
f 2641 2640 2642
f 2641 2642 2643
f 2644 2641 2643
f 2645 2643 2646
f 2645 2644 2643
f 2647 2646 2648
f 2647 2645 2646
f 2649 2648 2650
f 2649 2647 2648
f 2651 2650 2652
f 2651 2649 2650
f 2596 2652 2597
f 2596 2651 2652
f 2621 2623 2625
f 2621 2625 2627
f 2619 2627 2629
f 2619 2621 2627
f 2617 2629 2631
f 2617 2631 2634
f 2617 2619 2629
f 2613 2615 2617
f 2613 2634 2635
f 2613 2635 2637
f 2613 2617 2634
f 2596 2647 2649
f 2596 2649 2651
f 2609 2611 2613
f 2609 2637 2639
f 2609 2613 2637
f 2607 2639 2641
f 2607 2609 2639
f 2599 2596 2595
f 2599 2645 2647
f 2599 2647 2596
f 2605 2641 2644
f 2605 2607 2641
f 2601 2644 2645
f 2601 2645 2599
f 2603 2605 2644
f 2603 2644 2601
f 2624 2622 2626
f 2626 2622 2628
f 2628 2620 2630
f 2622 2620 2628
f 2630 2618 2632
f 2632 2618 2633
f 2620 2618 2630
f 2616 2614 2618
f 2633 2614 2636
f 2636 2614 2638
f 2618 2614 2633
f 2648 2597 2650
f 2650 2597 2652
f 2612 2610 2614
f 2638 2610 2640
f 2614 2610 2638
f 2640 2608 2642
f 2610 2608 2640
f 2597 2600 2598
f 2646 2600 2648
f 2648 2600 2597
f 2642 2606 2643
f 2608 2606 2642
f 2643 2602 2646
f 2646 2602 2600
f 2606 2604 2643
f 2643 2604 2602
f 2653 2654 2655
f 2653 2655 2656
f 2657 2656 2658
f 2657 2653 2656
f 2659 2658 2660
f 2659 2657 2658
f 2661 2660 2662
f 2661 2659 2660
f 2663 2662 2664
f 2663 2661 2662
f 2665 2664 2666
f 2665 2663 2664
f 2667 2666 2668
f 2667 2665 2666
f 2669 2668 2670
f 2669 2667 2668
f 2671 2670 2672
f 2671 2669 2670
f 2673 2671 2672
f 2673 2672 2674
f 2675 2673 2674
f 2675 2674 2676
f 2677 2675 2676
f 2677 2676 2678
f 2679 2677 2678
f 2679 2678 2680
f 2681 2679 2680
f 2681 2680 2682
f 2683 2681 2682
f 2683 2682 2684
f 2685 2683 2684
f 2685 2684 2686
f 2687 2685 2686
f 2687 2686 2688
f 2689 2687 2688
f 2689 2688 2690
f 2689 2690 2691
f 2692 2689 2691
f 2693 2692 2691
f 2693 2691 2694
f 2695 2693 2694
f 2695 2694 2696
f 2697 2695 2696
f 2697 2696 2698
f 2699 2697 2698
f 2699 2698 2700
f 2699 2700 2701
f 2702 2699 2701
f 2703 2701 2704
f 2703 2702 2701
f 2705 2704 2706
f 2705 2703 2704
f 2707 2706 2708
f 2707 2705 2706
f 2709 2708 2710
f 2709 2707 2708
f 2654 2710 2655
f 2654 2709 2710
f 2679 2681 2683
f 2679 2683 2685
f 2677 2685 2687
f 2677 2679 2685
f 2675 2687 2689
f 2675 2689 2692
f 2675 2677 2687
f 2671 2673 2675
f 2671 2692 2693
f 2671 2693 2695
f 2671 2675 2692
f 2654 2705 2707
f 2654 2707 2709
f 2667 2669 2671
f 2667 2695 2697
f 2667 2671 2695
f 2665 2697 2699
f 2665 2667 2697
f 2657 2654 2653
f 2657 2703 2705
f 2657 2705 2654
f 2663 2699 2702
f 2663 2665 2699
f 2659 2702 2703
f 2659 2703 2657
f 2661 2663 2702
f 2661 2702 2659
f 2682 2680 2684
f 2684 2680 2686
f 2686 2678 2688
f 2680 2678 2686
f 2688 2676 2690
f 2690 2676 2691
f 2678 2676 2688
f 2674 2672 2676
f 2691 2672 2694
f 2694 2672 2696
f 2676 2672 2691
f 2706 2655 2708
f 2708 2655 2710
f 2670 2668 2672
f 2696 2668 2698
f 2672 2668 2696
f 2698 2666 2700
f 2668 2666 2698
f 2655 2658 2656
f 2704 2658 2706
f 2706 2658 2655
f 2700 2664 2701
f 2666 2664 2700
f 2701 2660 2704
f 2704 2660 2658
f 2664 2662 2701
f 2701 2662 2660
f 2711 2712 2713
f 2711 2713 2714
f 2715 2714 2716
f 2715 2711 2714
f 2717 2716 2718
f 2717 2715 2716
f 2719 2718 2720
f 2719 2717 2718
f 2721 2720 2722
f 2721 2719 2720
f 2723 2722 2724
f 2723 2721 2722
f 2725 2724 2726
f 2725 2723 2724
f 2727 2726 2728
f 2727 2725 2726
f 2729 2728 2730
f 2729 2727 2728
f 2731 2729 2730
f 2731 2730 2732
f 2733 2731 2732
f 2733 2732 2734
f 2735 2733 2734
f 2735 2734 2736
f 2737 2735 2736
f 2737 2736 2738
f 2739 2737 2738
f 2739 2738 2740
f 2741 2739 2740
f 2741 2740 2742
f 2743 2741 2742
f 2743 2742 2744
f 2745 2743 2744
f 2745 2744 2746
f 2747 2745 2746
f 2747 2746 2748
f 2747 2748 2749
f 2750 2747 2749
f 2751 2750 2749
f 2751 2749 2752
f 2753 2751 2752
f 2753 2752 2754
f 2755 2753 2754
f 2755 2754 2756
f 2757 2755 2756
f 2757 2756 2758
f 2757 2758 2759
f 2760 2757 2759
f 2761 2759 2762
f 2761 2760 2759
f 2763 2762 2764
f 2763 2761 2762
f 2765 2764 2766
f 2765 2763 2764
f 2767 2766 2768
f 2767 2765 2766
f 2712 2768 2713
f 2712 2767 2768
f 2737 2739 2741
f 2737 2741 2743
f 2735 2743 2745
f 2735 2737 2743
f 2733 2745 2747
f 2733 2747 2750
f 2733 2735 2745
f 2731 2750 2751
f 2731 2733 2750
f 2712 2761 2763
f 2712 2763 2765
f 2712 2765 2767
f 2725 2727 2729
f 2725 2729 2731
f 2725 2751 2753
f 2725 2753 2755
f 2725 2731 2751
f 2715 2712 2711
f 2715 2761 2712
f 2721 2723 2725
f 2721 2755 2757
f 2721 2757 2760
f 2721 2760 2761
f 2721 2725 2755
f 2719 2715 2717
f 2719 2721 2761
f 2719 2761 2715
f 2740 2738 2742
f 2742 2738 2744
f 2744 2736 2746
f 2738 2736 2744
f 2746 2734 2748
f 2748 2734 2749
f 2736 2734 2746
f 2749 2732 2752
f 2734 2732 2749
f 2762 2713 2764
f 2764 2713 2766
f 2766 2713 2768
f 2728 2726 2730
f 2730 2726 2732
f 2752 2726 2754
f 2754 2726 2756
f 2732 2726 2752
f 2713 2716 2714
f 2762 2716 2713
f 2724 2722 2726
f 2756 2722 2758
f 2758 2722 2759
f 2759 2722 2762
f 2726 2722 2756
f 2716 2720 2718
f 2722 2720 2762
f 2762 2720 2716
f 2769 2770 2771
f 2769 2771 2772
f 2773 2772 2774
f 2773 2769 2772
f 2775 2774 2776
f 2775 2773 2774
f 2777 2776 2778
f 2777 2775 2776
f 2779 2778 2780
f 2779 2777 2778
f 2781 2780 2782
f 2781 2779 2780
f 2783 2782 2784
f 2783 2781 2782
f 2785 2784 2786
f 2785 2783 2784
f 2787 2786 2788
f 2787 2785 2786
f 2789 2787 2788
f 2789 2788 2790
f 2791 2789 2790
f 2791 2790 2792
f 2793 2791 2792
f 2793 2792 2794
f 2795 2793 2794
f 2795 2794 2796
f 2797 2795 2796
f 2797 2796 2798
f 2799 2797 2798
f 2799 2798 2800
f 2801 2799 2800
f 2801 2800 2802
f 2803 2801 2802
f 2803 2802 2804
f 2805 2803 2804
f 2805 2804 2806
f 2805 2806 2807
f 2808 2805 2807
f 2809 2808 2807
f 2809 2807 2810
f 2811 2809 2810
f 2811 2810 2812
f 2813 2811 2812
f 2813 2812 2814
f 2815 2813 2814
f 2815 2814 2816
f 2815 2816 2817
f 2818 2815 2817
f 2819 2817 2820
f 2819 2818 2817
f 2821 2820 2822
f 2821 2819 2820
f 2823 2822 2824
f 2823 2821 2822
f 2825 2824 2826
f 2825 2823 2824
f 2770 2826 2771
f 2770 2825 2826
f 2795 2797 2799
f 2795 2799 2801
f 2793 2801 2803
f 2793 2795 2801
f 2791 2803 2805
f 2791 2805 2808
f 2791 2793 2803
f 2789 2808 2809
f 2789 2791 2808
f 2770 2819 2821
f 2770 2821 2823
f 2770 2823 2825
f 2783 2785 2787
f 2783 2787 2789
f 2783 2809 2811
f 2783 2811 2813
f 2783 2789 2809
f 2773 2770 2769
f 2773 2819 2770
f 2779 2781 2783
f 2779 2813 2815
f 2779 2815 2818
f 2779 2818 2819
f 2779 2783 2813
f 2777 2773 2775
f 2777 2779 2819
f 2777 2819 2773
f 2798 2796 2800
f 2800 2796 2802
f 2802 2794 2804
f 2796 2794 2802
f 2804 2792 2806
f 2806 2792 2807
f 2794 2792 2804
f 2807 2790 2810
f 2792 2790 2807
f 2820 2771 2822
f 2822 2771 2824
f 2824 2771 2826
f 2786 2784 2788
f 2788 2784 2790
f 2810 2784 2812
f 2812 2784 2814
f 2790 2784 2810
f 2771 2774 2772
f 2820 2774 2771
f 2782 2780 2784
f 2814 2780 2816
f 2816 2780 2817
f 2817 2780 2820
f 2784 2780 2814
f 2774 2778 2776
f 2780 2778 2820
f 2820 2778 2774
f 2827 2828 2829
f 2827 2829 2830
f 2831 2830 2832
f 2831 2827 2830
f 2833 2832 2834
f 2833 2831 2832
f 2835 2834 2836
f 2835 2833 2834
f 2837 2836 2838
f 2837 2835 2836
f 2839 2838 2840
f 2839 2837 2838
f 2841 2840 2842
f 2841 2839 2840
f 2843 2842 2844
f 2843 2841 2842
f 2845 2844 2846
f 2845 2843 2844
f 2847 2845 2846
f 2847 2846 2848
f 2849 2847 2848
f 2849 2848 2850
f 2851 2849 2850
f 2851 2850 2852
f 2853 2851 2852
f 2853 2852 2854
f 2855 2853 2854
f 2855 2854 2856
f 2857 2855 2856
f 2857 2856 2858
f 2859 2857 2858
f 2859 2858 2860
f 2861 2859 2860
f 2861 2860 2862
f 2863 2861 2862
f 2863 2862 2864
f 2863 2864 2865
f 2866 2863 2865
f 2867 2866 2865
f 2867 2865 2868
f 2869 2867 2868
f 2869 2868 2870
f 2871 2869 2870
f 2871 2870 2872
f 2873 2871 2872
f 2873 2872 2874
f 2873 2874 2875
f 2876 2873 2875
f 2877 2875 2878
f 2877 2876 2875
f 2879 2878 2880
f 2879 2877 2878
f 2881 2880 2882
f 2881 2879 2880
f 2883 2882 2884
f 2883 2881 2882
f 2828 2884 2829
f 2828 2883 2884
f 2853 2855 2857
f 2853 2857 2859
f 2851 2859 2861
f 2851 2853 2859
f 2849 2861 2863
f 2849 2863 2866
f 2849 2851 2861
f 2847 2866 2867
f 2847 2849 2866
f 2828 2877 2879
f 2828 2879 2881
f 2828 2881 2883
f 2841 2843 2845
f 2841 2845 2847
f 2841 2867 2869
f 2841 2869 2871
f 2841 2847 2867
f 2831 2828 2827
f 2831 2877 2828
f 2837 2839 2841
f 2837 2871 2873
f 2837 2873 2876
f 2837 2876 2877
f 2837 2841 2871
f 2835 2831 2833
f 2835 2837 2877
f 2835 2877 2831
f 2856 2854 2858
f 2858 2854 2860
f 2860 2852 2862
f 2854 2852 2860
f 2862 2850 2864
f 2864 2850 2865
f 2852 2850 2862
f 2865 2848 2868
f 2850 2848 2865
f 2878 2829 2880
f 2880 2829 2882
f 2882 2829 2884
f 2844 2842 2846
f 2846 2842 2848
f 2868 2842 2870
f 2870 2842 2872
f 2848 2842 2868
f 2829 2832 2830
f 2878 2832 2829
f 2840 2838 2842
f 2872 2838 2874
f 2874 2838 2875
f 2875 2838 2878
f 2842 2838 2872
f 2832 2836 2834
f 2838 2836 2878
f 2878 2836 2832
f 2885 2886 2887
f 2885 2887 2888
f 2889 2888 2890
f 2889 2885 2888
f 2891 2890 2892
f 2891 2889 2890
f 2893 2892 2894
f 2893 2891 2892
f 2895 2894 2896
f 2895 2893 2894
f 2897 2896 2898
f 2897 2895 2896
f 2899 2898 2900
f 2899 2897 2898
f 2901 2900 2902
f 2901 2899 2900
f 2903 2902 2904
f 2903 2901 2902
f 2905 2903 2904
f 2905 2904 2906
f 2907 2905 2906
f 2907 2906 2908
f 2909 2907 2908
f 2909 2908 2910
f 2911 2909 2910
f 2911 2910 2912
f 2913 2911 2912
f 2913 2912 2914
f 2915 2913 2914
f 2915 2914 2916
f 2917 2915 2916
f 2917 2916 2918
f 2919 2917 2918
f 2919 2918 2920
f 2921 2919 2920
f 2921 2920 2922
f 2921 2922 2923
f 2924 2921 2923
f 2925 2924 2923
f 2925 2923 2926
f 2927 2925 2926
f 2927 2926 2928
f 2929 2927 2928
f 2929 2928 2930
f 2931 2929 2930
f 2931 2930 2932
f 2931 2932 2933
f 2934 2931 2933
f 2935 2933 2936
f 2935 2934 2933
f 2937 2936 2938
f 2937 2935 2936
f 2939 2938 2940
f 2939 2937 2938
f 2941 2940 2942
f 2941 2939 2940
f 2886 2942 2887
f 2886 2941 2942
f 2911 2913 2915
f 2911 2915 2917
f 2909 2917 2919
f 2909 2911 2917
f 2907 2919 2921
f 2907 2921 2924
f 2907 2909 2919
f 2905 2924 2925
f 2905 2907 2924
f 2886 2935 2937
f 2886 2937 2939
f 2886 2939 2941
f 2899 2901 2903
f 2899 2903 2905
f 2899 2925 2927
f 2899 2927 2929
f 2899 2905 2925
f 2889 2886 2885
f 2889 2935 2886
f 2895 2897 2899
f 2895 2929 2931
f 2895 2931 2934
f 2895 2934 2935
f 2895 2899 2929
f 2893 2889 2891
f 2893 2895 2935
f 2893 2935 2889
f 2914 2912 2916
f 2916 2912 2918
f 2918 2910 2920
f 2912 2910 2918
f 2920 2908 2922
f 2922 2908 2923
f 2910 2908 2920
f 2923 2906 2926
f 2908 2906 2923
f 2936 2887 2938
f 2938 2887 2940
f 2940 2887 2942
f 2902 2900 2904
f 2904 2900 2906
f 2926 2900 2928
f 2928 2900 2930
f 2906 2900 2926
f 2887 2890 2888
f 2936 2890 2887
f 2898 2896 2900
f 2930 2896 2932
f 2932 2896 2933
f 2933 2896 2936
f 2900 2896 2930
f 2890 2894 2892
f 2896 2894 2936
f 2936 2894 2890
f 2943 2944 2945
f 2943 2945 2946
f 2947 2946 2948
f 2947 2943 2946
f 2949 2948 2950
f 2949 2947 2948
f 2951 2950 2952
f 2951 2949 2950
f 2953 2952 2954
f 2953 2951 2952
f 2955 2954 2956
f 2955 2953 2954
f 2957 2956 2958
f 2957 2955 2956
f 2959 2958 2960
f 2959 2957 2958
f 2961 2960 2962
f 2961 2959 2960
f 2963 2961 2962
f 2963 2962 2964
f 2965 2963 2964
f 2965 2964 2966
f 2967 2965 2966
f 2967 2966 2968
f 2969 2967 2968
f 2969 2968 2970
f 2971 2969 2970
f 2971 2970 2972
f 2973 2971 2972
f 2973 2972 2974
f 2975 2973 2974
f 2975 2974 2976
f 2977 2975 2976
f 2977 2976 2978
f 2979 2977 2978
f 2979 2978 2980
f 2979 2980 2981
f 2982 2979 2981
f 2983 2982 2981
f 2983 2981 2984
f 2985 2983 2984
f 2985 2984 2986
f 2987 2985 2986
f 2987 2986 2988
f 2989 2987 2988
f 2989 2988 2990
f 2989 2990 2991
f 2992 2989 2991
f 2993 2991 2994
f 2993 2992 2991
f 2995 2994 2996
f 2995 2993 2994
f 2997 2996 2998
f 2997 2995 2996
f 2999 2998 3000
f 2999 2997 2998
f 2944 3000 2945
f 2944 2999 3000
f 2969 2971 2973
f 2969 2973 2975
f 2967 2975 2977
f 2967 2969 2975
f 2965 2977 2979
f 2965 2979 2982
f 2965 2967 2977
f 2963 2982 2983
f 2963 2965 2982
f 2944 2993 2995
f 2944 2995 2997
f 2944 2997 2999
f 2957 2959 2961
f 2957 2961 2963
f 2957 2983 2985
f 2957 2985 2987
f 2957 2963 2983
f 2947 2944 2943
f 2947 2993 2944
f 2953 2955 2957
f 2953 2987 2989
f 2953 2989 2992
f 2953 2992 2993
f 2953 2957 2987
f 2951 2947 2949
f 2951 2953 2993
f 2951 2993 2947
f 2972 2970 2974
f 2974 2970 2976
f 2976 2968 2978
f 2970 2968 2976
f 2978 2966 2980
f 2980 2966 2981
f 2968 2966 2978
f 2981 2964 2984
f 2966 2964 2981
f 2994 2945 2996
f 2996 2945 2998
f 2998 2945 3000
f 2960 2958 2962
f 2962 2958 2964
f 2984 2958 2986
f 2986 2958 2988
f 2964 2958 2984
f 2945 2948 2946
f 2994 2948 2945
f 2956 2954 2958
f 2988 2954 2990
f 2990 2954 2991
f 2991 2954 2994
f 2958 2954 2988
f 2948 2952 2950
f 2954 2952 2994
f 2994 2952 2948
f 3001 3002 3003
f 3001 3003 3004
f 3005 3004 3006
f 3005 3001 3004
f 3007 3006 3008
f 3007 3005 3006
f 3009 3008 3010
f 3009 3007 3008
f 3011 3010 3012
f 3011 3009 3010
f 3013 3012 3014
f 3013 3011 3012
f 3015 3014 3016
f 3015 3013 3014
f 3017 3016 3018
f 3017 3015 3016
f 3019 3018 3020
f 3019 3017 3018
f 3021 3019 3020
f 3021 3020 3022
f 3023 3021 3022
f 3023 3022 3024
f 3025 3023 3024
f 3025 3024 3026
f 3027 3025 3026
f 3027 3026 3028
f 3029 3027 3028
f 3029 3028 3030
f 3031 3029 3030
f 3031 3030 3032
f 3033 3031 3032
f 3033 3032 3034
f 3035 3033 3034
f 3035 3034 3036
f 3037 3035 3036
f 3037 3036 3038
f 3037 3038 3039
f 3040 3037 3039
f 3041 3040 3039
f 3041 3039 3042
f 3043 3041 3042
f 3043 3042 3044
f 3045 3043 3044
f 3045 3044 3046
f 3047 3045 3046
f 3047 3046 3048
f 3047 3048 3049
f 3050 3047 3049
f 3051 3049 3052
f 3051 3050 3049
f 3053 3052 3054
f 3053 3051 3052
f 3055 3054 3056
f 3055 3053 3054
f 3057 3056 3058
f 3057 3055 3056
f 3002 3058 3003
f 3002 3057 3058
f 3027 3029 3031
f 3027 3031 3033
f 3025 3033 3035
f 3025 3027 3033
f 3023 3035 3037
f 3023 3037 3040
f 3023 3025 3035
f 3021 3040 3041
f 3021 3023 3040
f 3002 3051 3053
f 3002 3053 3055
f 3002 3055 3057
f 3015 3017 3019
f 3015 3019 3021
f 3015 3041 3043
f 3015 3043 3045
f 3015 3021 3041
f 3005 3002 3001
f 3005 3051 3002
f 3011 3013 3015
f 3011 3045 3047
f 3011 3047 3050
f 3011 3050 3051
f 3011 3015 3045
f 3009 3005 3007
f 3009 3011 3051
f 3009 3051 3005
f 3030 3028 3032
f 3032 3028 3034
f 3034 3026 3036
f 3028 3026 3034
f 3036 3024 3038
f 3038 3024 3039
f 3026 3024 3036
f 3039 3022 3042
f 3024 3022 3039
f 3052 3003 3054
f 3054 3003 3056
f 3056 3003 3058
f 3018 3016 3020
f 3020 3016 3022
f 3042 3016 3044
f 3044 3016 3046
f 3022 3016 3042
f 3003 3006 3004
f 3052 3006 3003
f 3014 3012 3016
f 3046 3012 3048
f 3048 3012 3049
f 3049 3012 3052
f 3016 3012 3046
f 3006 3010 3008
f 3012 3010 3052
f 3052 3010 3006
f 3059 3060 3061
f 3059 3061 3062
f 3063 3062 3064
f 3063 3059 3062
f 3065 3064 3066
f 3065 3063 3064
f 3067 3066 3068
f 3067 3065 3066
f 3069 3068 3070
f 3069 3067 3068
f 3071 3070 3072
f 3071 3069 3070
f 3073 3072 3074
f 3073 3071 3072
f 3075 3074 3076
f 3075 3073 3074
f 3077 3076 3078
f 3077 3075 3076
f 3079 3077 3078
f 3079 3078 3080
f 3081 3079 3080
f 3081 3080 3082
f 3083 3081 3082
f 3083 3082 3084
f 3085 3083 3084
f 3085 3084 3086
f 3087 3085 3086
f 3087 3086 3088
f 3089 3087 3088
f 3089 3088 3090
f 3091 3089 3090
f 3091 3090 3092
f 3093 3091 3092
f 3093 3092 3094
f 3095 3093 3094
f 3095 3094 3096
f 3095 3096 3097
f 3098 3095 3097
f 3099 3098 3097
f 3099 3097 3100
f 3101 3099 3100
f 3101 3100 3102
f 3103 3101 3102
f 3103 3102 3104
f 3105 3103 3104
f 3105 3104 3106
f 3105 3106 3107
f 3108 3105 3107
f 3109 3107 3110
f 3109 3108 3107
f 3111 3110 3112
f 3111 3109 3110
f 3113 3112 3114
f 3113 3111 3112
f 3115 3114 3116
f 3115 3113 3114
f 3060 3116 3061
f 3060 3115 3116
f 3085 3087 3089
f 3085 3089 3091
f 3109 3105 3108
f 3081 3083 3085
f 3081 3091 3093
f 3081 3093 3095
f 3081 3095 3098
f 3081 3085 3091
f 3077 3079 3081
f 3077 3081 3098
f 3060 3113 3115
f 3073 3075 3077
f 3073 3098 3099
f 3073 3099 3101
f 3073 3101 3103
f 3073 3077 3098
f 3071 3103 3105
f 3071 3073 3103
f 3063 3060 3059
f 3063 3113 3060
f 3069 3105 3109
f 3069 3071 3105
f 3065 3111 3113
f 3065 3113 3063
f 3067 3109 3111
f 3067 3111 3065
f 3067 3069 3109
f 3088 3086 3090
f 3090 3086 3092
f 3106 3110 3107
f 3084 3082 3086
f 3092 3082 3094
f 3094 3082 3096
f 3096 3082 3097
f 3086 3082 3092
f 3080 3078 3082
f 3082 3078 3097
f 3114 3061 3116
f 3076 3074 3078
f 3097 3074 3100
f 3100 3074 3102
f 3102 3074 3104
f 3078 3074 3097
f 3104 3072 3106
f 3074 3072 3104
f 3061 3064 3062
f 3114 3064 3061
f 3106 3070 3110
f 3072 3070 3106
f 3112 3066 3114
f 3114 3066 3064
f 3110 3068 3112
f 3112 3068 3066
f 3070 3068 3110
f 3117 3118 3119
f 3117 3119 3120
f 3121 3120 3122
f 3121 3117 3120
f 3123 3122 3124
f 3123 3121 3122
f 3125 3124 3126
f 3125 3123 3124
f 3127 3126 3128
f 3127 3125 3126
f 3129 3128 3130
f 3129 3127 3128
f 3131 3130 3132
f 3131 3129 3130
f 3133 3132 3134
f 3133 3131 3132
f 3135 3134 3136
f 3135 3133 3134
f 3137 3135 3136
f 3137 3136 3138
f 3139 3137 3138
f 3139 3138 3140
f 3141 3139 3140
f 3141 3140 3142
f 3143 3141 3142
f 3143 3142 3144
f 3145 3143 3144
f 3145 3144 3146
f 3147 3145 3146
f 3147 3146 3148
f 3149 3147 3148
f 3149 3148 3150
f 3151 3149 3150
f 3151 3150 3152
f 3153 3151 3152
f 3153 3152 3154
f 3153 3154 3155
f 3156 3153 3155
f 3157 3156 3155
f 3157 3155 3158
f 3159 3157 3158
f 3159 3158 3160
f 3161 3159 3160
f 3161 3160 3162
f 3163 3161 3162
f 3163 3162 3164
f 3163 3164 3165
f 3166 3163 3165
f 3167 3165 3168
f 3167 3166 3165
f 3169 3168 3170
f 3169 3167 3168
f 3171 3170 3172
f 3171 3169 3170
f 3173 3172 3174
f 3173 3171 3172
f 3118 3174 3119
f 3118 3173 3174
f 3143 3145 3147
f 3143 3147 3149
f 3143 3149 3151
f 3141 3151 3153
f 3141 3143 3151
f 3137 3139 3141
f 3137 3153 3156
f 3137 3141 3153
f 3171 3167 3169
f 3135 3137 3156
f 3133 3135 3156
f 3118 3171 3173
f 3131 3156 3157
f 3131 3157 3159
f 3131 3159 3161
f 3131 3133 3156
f 3129 3161 3163
f 3129 3131 3161
f 3127 3129 3163
f 3123 3118 3117
f 3123 3117 3121
f 3123 3163 3166
f 3123 3166 3167
f 3123 3171 3118
f 3123 3167 3171
f 3125 3163 3123
f 3125 3127 3163
f 3146 3144 3148
f 3148 3144 3150
f 3150 3144 3152
f 3152 3142 3154
f 3144 3142 3152
f 3140 3138 3142
f 3154 3138 3155
f 3142 3138 3154
f 3168 3172 3170
f 3138 3136 3155
f 3136 3134 3155
f 3172 3119 3174
f 3155 3132 3158
f 3158 3132 3160
f 3160 3132 3162
f 3134 3132 3155
f 3162 3130 3164
f 3132 3130 3162
f 3130 3128 3164
f 3119 3124 3120
f 3120 3124 3122
f 3164 3124 3165
f 3165 3124 3168
f 3172 3124 3119
f 3168 3124 3172
f 3164 3126 3124
f 3128 3126 3164
f 3175 3176 3177
f 3175 3177 3178
f 3179 3178 3180
f 3179 3175 3178
f 3181 3180 3182
f 3181 3179 3180
f 3183 3182 3184
f 3183 3181 3182
f 3185 3184 3186
f 3185 3183 3184
f 3187 3186 3188
f 3187 3185 3186
f 3189 3188 3190
f 3189 3187 3188
f 3191 3190 3192
f 3191 3189 3190
f 3193 3192 3194
f 3193 3191 3192
f 3195 3193 3194
f 3195 3194 3196
f 3197 3195 3196
f 3197 3196 3198
f 3199 3197 3198
f 3199 3198 3200
f 3201 3199 3200
f 3201 3200 3202
f 3203 3201 3202
f 3203 3202 3204
f 3205 3203 3204
f 3205 3204 3206
f 3207 3205 3206
f 3207 3206 3208
f 3209 3207 3208
f 3209 3208 3210
f 3211 3209 3210
f 3211 3210 3212
f 3211 3212 3213
f 3214 3211 3213
f 3215 3214 3213
f 3215 3213 3216
f 3217 3215 3216
f 3217 3216 3218
f 3219 3217 3218
f 3219 3218 3220
f 3221 3219 3220
f 3221 3220 3222
f 3221 3222 3223
f 3224 3221 3223
f 3225 3223 3226
f 3225 3224 3223
f 3227 3226 3228
f 3227 3225 3226
f 3229 3228 3230
f 3229 3227 3228
f 3231 3230 3232
f 3231 3229 3230
f 3176 3232 3177
f 3176 3231 3232
f 3201 3203 3205
f 3201 3205 3207
f 3201 3207 3209
f 3199 3209 3211
f 3199 3201 3209
f 3195 3197 3199
f 3195 3211 3214
f 3195 3199 3211
f 3229 3225 3227
f 3193 3195 3214
f 3191 3193 3214
f 3176 3229 3231
f 3189 3214 3215
f 3189 3215 3217
f 3189 3217 3219
f 3189 3191 3214
f 3187 3219 3221
f 3187 3189 3219
f 3185 3187 3221
f 3181 3176 3175
f 3181 3175 3179
f 3181 3221 3224
f 3181 3224 3225
f 3181 3229 3176
f 3181 3225 3229
f 3183 3221 3181
f 3183 3185 3221
f 3204 3202 3206
f 3206 3202 3208
f 3208 3202 3210
f 3210 3200 3212
f 3202 3200 3210
f 3198 3196 3200
f 3212 3196 3213
f 3200 3196 3212
f 3226 3230 3228
f 3196 3194 3213
f 3194 3192 3213
f 3230 3177 3232
f 3213 3190 3216
f 3216 3190 3218
f 3218 3190 3220
f 3192 3190 3213
f 3220 3188 3222
f 3190 3188 3220
f 3188 3186 3222
f 3177 3182 3178
f 3178 3182 3180
f 3222 3182 3223
f 3223 3182 3226
f 3230 3182 3177
f 3226 3182 3230
f 3222 3184 3182
f 3186 3184 3222
f 3233 3234 3235
f 3233 3235 3236
f 3233 3236 3237
f 3238 3233 3237
f 3239 3237 3240
f 3239 3238 3237
f 3241 3240 3242
f 3241 3239 3240
f 3243 3242 3244
f 3243 3241 3242
f 3245 3244 3246
f 3245 3243 3244
f 3247 3246 3248
f 3247 3245 3246
f 3249 3248 3250
f 3249 3250 3251
f 3249 3247 3248
f 3252 3249 3251
f 3252 3251 3253
f 3254 3252 3253
f 3255 3254 3253
f 3255 3253 3256
f 3257 3255 3256
f 3257 3256 3258
f 3259 3257 3258
f 3259 3258 3260
f 3261 3259 3260
f 3261 3260 3262
f 3263 3261 3262
f 3263 3262 3264
f 3265 3263 3264
f 3265 3264 3266
f 3267 3265 3266
f 3267 3266 3268
f 3269 3267 3268
f 3269 3268 3270
f 3269 3270 3271
f 3272 3269 3271
f 3273 3272 3271
f 3273 3271 3274
f 3273 3274 3275
f 3276 3273 3275
f 3277 3276 3275
f 3277 3275 3278
f 3279 3277 3278
f 3279 3278 3280
f 3281 3280 3282
f 3281 3279 3280
f 3283 3282 3284
f 3283 3281 3282
f 3285 3284 3286
f 3285 3286 3287
f 3285 3283 3284
f 3288 3285 3287
f 3289 3287 3290
f 3289 3288 3287
f 3234 3290 3235
f 3234 3289 3290
f 3259 3261 3263
f 3259 3263 3265
f 3257 3265 3267
f 3257 3259 3265
f 3255 3267 3269
f 3255 3269 3272
f 3255 3257 3267
f 3252 3254 3255
f 3252 3272 3273
f 3252 3273 3276
f 3252 3255 3272
f 3234 3285 3288
f 3234 3288 3289
f 3247 3249 3252
f 3247 3276 3277
f 3247 3252 3276
f 3245 3277 3279
f 3245 3247 3277
f 3238 3234 3233
f 3238 3283 3285
f 3238 3285 3234
f 3243 3279 3281
f 3243 3245 3279
f 3239 3281 3283
f 3239 3283 3238
f 3241 3243 3281
f 3241 3281 3239
f 3262 3260 3264
f 3264 3260 3266
f 3266 3258 3268
f 3260 3258 3266
f 3268 3256 3270
f 3270 3256 3271
f 3258 3256 3268
f 3253 3251 3256
f 3271 3251 3274
f 3274 3251 3275
f 3256 3251 3271
f 3286 3235 3287
f 3287 3235 3290
f 3250 3248 3251
f 3275 3248 3278
f 3251 3248 3275
f 3278 3246 3280
f 3248 3246 3278
f 3235 3237 3236
f 3284 3237 3286
f 3286 3237 3235
f 3280 3244 3282
f 3246 3244 3280
f 3282 3240 3284
f 3284 3240 3237
f 3244 3242 3282
f 3282 3242 3240
f 3291 3292 3293
f 3291 3293 3294
f 3291 3294 3295
f 3296 3291 3295
f 3297 3295 3298
f 3297 3296 3295
f 3299 3298 3300
f 3299 3297 3298
f 3301 3300 3302
f 3301 3299 3300
f 3303 3302 3304
f 3303 3301 3302
f 3305 3304 3306
f 3305 3303 3304
f 3307 3306 3308
f 3307 3308 3309
f 3307 3305 3306
f 3310 3307 3309
f 3310 3309 3311
f 3312 3310 3311
f 3313 3312 3311
f 3313 3311 3314
f 3315 3313 3314
f 3315 3314 3316
f 3317 3315 3316
f 3317 3316 3318
f 3319 3317 3318
f 3319 3318 3320
f 3321 3319 3320
f 3321 3320 3322
f 3323 3321 3322
f 3323 3322 3324
f 3325 3323 3324
f 3325 3324 3326
f 3327 3325 3326
f 3327 3326 3328
f 3327 3328 3329
f 3330 3327 3329
f 3331 3330 3329
f 3331 3329 3332
f 3331 3332 3333
f 3334 3331 3333
f 3335 3334 3333
f 3335 3333 3336
f 3337 3335 3336
f 3337 3336 3338
f 3339 3338 3340
f 3339 3337 3338
f 3341 3340 3342
f 3341 3339 3340
f 3343 3342 3344
f 3343 3344 3345
f 3343 3341 3342
f 3346 3343 3345
f 3347 3345 3348
f 3347 3346 3345
f 3292 3348 3293
f 3292 3347 3348
f 3317 3319 3321
f 3317 3321 3323
f 3315 3323 3325
f 3315 3317 3323
f 3313 3325 3327
f 3313 3327 3330
f 3313 3315 3325
f 3310 3312 3313
f 3310 3330 3331
f 3310 3331 3334
f 3310 3313 3330
f 3292 3343 3346
f 3292 3346 3347
f 3305 3307 3310
f 3305 3334 3335
f 3305 3310 3334
f 3303 3335 3337
f 3303 3305 3335
f 3296 3292 3291
f 3296 3341 3343
f 3296 3343 3292
f 3301 3337 3339
f 3301 3303 3337
f 3297 3339 3341
f 3297 3341 3296
f 3299 3301 3339
f 3299 3339 3297
f 3320 3318 3322
f 3322 3318 3324
f 3324 3316 3326
f 3318 3316 3324
f 3326 3314 3328
f 3328 3314 3329
f 3316 3314 3326
f 3311 3309 3314
f 3329 3309 3332
f 3332 3309 3333
f 3314 3309 3329
f 3344 3293 3345
f 3345 3293 3348
f 3308 3306 3309
f 3333 3306 3336
f 3309 3306 3333
f 3336 3304 3338
f 3306 3304 3336
f 3293 3295 3294
f 3342 3295 3344
f 3344 3295 3293
f 3338 3302 3340
f 3304 3302 3338
f 3340 3298 3342
f 3342 3298 3295
f 3302 3300 3340
f 3340 3300 3298
f 3349 3350 3351
f 3349 3351 3352
f 3349 3352 3353
f 3354 3349 3353
f 3355 3353 3356
f 3355 3354 3353
f 3357 3356 3358
f 3357 3355 3356
f 3359 3358 3360
f 3359 3357 3358
f 3361 3360 3362
f 3361 3359 3360
f 3363 3362 3364
f 3363 3361 3362
f 3365 3364 3366
f 3365 3366 3367
f 3365 3363 3364
f 3368 3365 3367
f 3368 3367 3369
f 3370 3368 3369
f 3371 3370 3369
f 3371 3369 3372
f 3373 3371 3372
f 3373 3372 3374
f 3375 3373 3374
f 3375 3374 3376
f 3377 3375 3376
f 3377 3376 3378
f 3379 3377 3378
f 3379 3378 3380
f 3381 3379 3380
f 3381 3380 3382
f 3383 3381 3382
f 3383 3382 3384
f 3385 3383 3384
f 3385 3384 3386
f 3385 3386 3387
f 3388 3385 3387
f 3389 3388 3387
f 3389 3387 3390
f 3389 3390 3391
f 3392 3389 3391
f 3393 3392 3391
f 3393 3391 3394
f 3395 3393 3394
f 3395 3394 3396
f 3397 3396 3398
f 3397 3395 3396
f 3399 3398 3400
f 3399 3397 3398
f 3401 3400 3402
f 3401 3402 3403
f 3401 3399 3400
f 3404 3401 3403
f 3405 3403 3406
f 3405 3404 3403
f 3350 3406 3351
f 3350 3405 3406
f 3375 3377 3379
f 3375 3379 3381
f 3373 3381 3383
f 3373 3375 3381
f 3371 3383 3385
f 3371 3385 3388
f 3371 3373 3383
f 3368 3370 3371
f 3368 3388 3389
f 3368 3389 3392
f 3368 3371 3388
f 3350 3401 3404
f 3350 3404 3405
f 3363 3365 3368
f 3363 3392 3393
f 3363 3368 3392
f 3361 3393 3395
f 3361 3363 3393
f 3354 3350 3349
f 3354 3399 3401
f 3354 3401 3350
f 3359 3395 3397
f 3359 3361 3395
f 3355 3397 3399
f 3355 3399 3354
f 3357 3359 3397
f 3357 3397 3355
f 3378 3376 3380
f 3380 3376 3382
f 3382 3374 3384
f 3376 3374 3382
f 3384 3372 3386
f 3386 3372 3387
f 3374 3372 3384
f 3369 3367 3372
f 3387 3367 3390
f 3390 3367 3391
f 3372 3367 3387
f 3402 3351 3403
f 3403 3351 3406
f 3366 3364 3367
f 3391 3364 3394
f 3367 3364 3391
f 3394 3362 3396
f 3364 3362 3394
f 3351 3353 3352
f 3400 3353 3402
f 3402 3353 3351
f 3396 3360 3398
f 3362 3360 3396
f 3398 3356 3400
f 3400 3356 3353
f 3360 3358 3398
f 3398 3358 3356
f 3407 3408 3409
f 3407 3409 3410
f 3407 3410 3411
f 3412 3407 3411
f 3413 3411 3414
f 3413 3412 3411
f 3415 3414 3416
f 3415 3413 3414
f 3417 3416 3418
f 3417 3415 3416
f 3419 3418 3420
f 3419 3417 3418
f 3421 3420 3422
f 3421 3419 3420
f 3423 3422 3424
f 3423 3424 3425
f 3423 3421 3422
f 3426 3423 3425
f 3426 3425 3427
f 3428 3426 3427
f 3429 3428 3427
f 3429 3427 3430
f 3431 3429 3430
f 3431 3430 3432
f 3433 3431 3432
f 3433 3432 3434
f 3435 3433 3434
f 3435 3434 3436
f 3437 3435 3436
f 3437 3436 3438
f 3439 3437 3438
f 3439 3438 3440
f 3441 3439 3440
f 3441 3440 3442
f 3443 3441 3442
f 3443 3442 3444
f 3443 3444 3445
f 3446 3443 3445
f 3447 3446 3445
f 3447 3445 3448
f 3447 3448 3449
f 3450 3447 3449
f 3451 3450 3449
f 3451 3449 3452
f 3453 3451 3452
f 3453 3452 3454
f 3455 3454 3456
f 3455 3453 3454
f 3457 3456 3458
f 3457 3455 3456
f 3459 3458 3460
f 3459 3460 3461
f 3459 3457 3458
f 3462 3459 3461
f 3463 3461 3464
f 3463 3462 3461
f 3408 3464 3409
f 3408 3463 3464
f 3433 3435 3437
f 3433 3437 3439
f 3431 3439 3441
f 3431 3433 3439
f 3429 3441 3443
f 3429 3443 3446
f 3429 3431 3441
f 3426 3428 3429
f 3426 3446 3447
f 3426 3447 3450
f 3426 3429 3446
f 3408 3459 3462
f 3408 3462 3463
f 3421 3423 3426
f 3421 3450 3451
f 3421 3426 3450
f 3419 3451 3453
f 3419 3421 3451
f 3412 3408 3407
f 3412 3457 3459
f 3412 3459 3408
f 3417 3453 3455
f 3417 3419 3453
f 3413 3455 3457
f 3413 3457 3412
f 3415 3417 3455
f 3415 3455 3413
f 3436 3434 3438
f 3438 3434 3440
f 3440 3432 3442
f 3434 3432 3440
f 3442 3430 3444
f 3444 3430 3445
f 3432 3430 3442
f 3427 3425 3430
f 3445 3425 3448
f 3448 3425 3449
f 3430 3425 3445
f 3460 3409 3461
f 3461 3409 3464
f 3424 3422 3425
f 3449 3422 3452
f 3425 3422 3449
f 3452 3420 3454
f 3422 3420 3452
f 3409 3411 3410
f 3458 3411 3460
f 3460 3411 3409
f 3454 3418 3456
f 3420 3418 3454
f 3456 3414 3458
f 3458 3414 3411
f 3418 3416 3456
f 3456 3416 3414
f 3465 3466 3467
f 3465 3467 3468
f 3465 3468 3469
f 3470 3465 3469
f 3471 3469 3472
f 3471 3470 3469
f 3473 3472 3474
f 3473 3471 3472
f 3475 3474 3476
f 3475 3473 3474
f 3477 3476 3478
f 3477 3475 3476
f 3479 3478 3480
f 3479 3477 3478
f 3481 3480 3482
f 3481 3482 3483
f 3481 3479 3480
f 3484 3481 3483
f 3484 3483 3485
f 3486 3484 3485
f 3487 3486 3485
f 3487 3485 3488
f 3489 3487 3488
f 3489 3488 3490
f 3491 3489 3490
f 3491 3490 3492
f 3493 3491 3492
f 3493 3492 3494
f 3495 3493 3494
f 3495 3494 3496
f 3497 3495 3496
f 3497 3496 3498
f 3499 3497 3498
f 3499 3498 3500
f 3501 3499 3500
f 3501 3500 3502
f 3501 3502 3503
f 3504 3501 3503
f 3505 3504 3503
f 3505 3503 3506
f 3505 3506 3507
f 3508 3505 3507
f 3509 3508 3507
f 3509 3507 3510
f 3511 3509 3510
f 3511 3510 3512
f 3513 3512 3514
f 3513 3511 3512
f 3515 3514 3516
f 3515 3513 3514
f 3517 3516 3518
f 3517 3518 3519
f 3517 3515 3516
f 3520 3517 3519
f 3521 3519 3522
f 3521 3520 3519
f 3466 3522 3467
f 3466 3521 3522
f 3491 3493 3495
f 3491 3495 3497
f 3489 3497 3499
f 3489 3491 3497
f 3487 3499 3501
f 3487 3501 3504
f 3487 3489 3499
f 3486 3504 3505
f 3486 3487 3504
f 3466 3515 3517
f 3466 3517 3520
f 3466 3520 3521
f 3479 3481 3484
f 3479 3484 3486
f 3479 3505 3508
f 3479 3508 3509
f 3479 3486 3505
f 3470 3466 3465
f 3470 3515 3466
f 3475 3477 3479
f 3475 3509 3511
f 3475 3511 3513
f 3475 3513 3515
f 3475 3479 3509
f 3473 3470 3471
f 3473 3475 3515
f 3473 3515 3470
f 3494 3492 3496
f 3496 3492 3498
f 3498 3490 3500
f 3492 3490 3498
f 3500 3488 3502
f 3502 3488 3503
f 3490 3488 3500
f 3503 3485 3506
f 3488 3485 3503
f 3516 3467 3518
f 3518 3467 3519
f 3519 3467 3522
f 3482 3480 3483
f 3483 3480 3485
f 3506 3480 3507
f 3507 3480 3510
f 3485 3480 3506
f 3467 3469 3468
f 3516 3469 3467
f 3478 3476 3480
f 3510 3476 3512
f 3512 3476 3514
f 3514 3476 3516
f 3480 3476 3510
f 3469 3474 3472
f 3476 3474 3516
f 3516 3474 3469
f 3523 3524 3525
f 3523 3525 3526
f 3523 3526 3527
f 3528 3523 3527
f 3529 3527 3530
f 3529 3528 3527
f 3531 3530 3532
f 3531 3529 3530
f 3533 3532 3534
f 3533 3531 3532
f 3535 3534 3536
f 3535 3533 3534
f 3537 3536 3538
f 3537 3535 3536
f 3539 3538 3540
f 3539 3540 3541
f 3539 3537 3538
f 3542 3539 3541
f 3542 3541 3543
f 3544 3542 3543
f 3545 3544 3543
f 3545 3543 3546
f 3547 3545 3546
f 3547 3546 3548
f 3549 3547 3548
f 3549 3548 3550
f 3551 3549 3550
f 3551 3550 3552
f 3553 3551 3552
f 3553 3552 3554
f 3555 3553 3554
f 3555 3554 3556
f 3557 3555 3556
f 3557 3556 3558
f 3559 3557 3558
f 3559 3558 3560
f 3559 3560 3561
f 3562 3559 3561
f 3563 3562 3561
f 3563 3561 3564
f 3563 3564 3565
f 3566 3563 3565
f 3567 3566 3565
f 3567 3565 3568
f 3569 3567 3568
f 3569 3568 3570
f 3571 3570 3572
f 3571 3569 3570
f 3573 3572 3574
f 3573 3571 3572
f 3575 3574 3576
f 3575 3576 3577
f 3575 3573 3574
f 3578 3575 3577
f 3579 3577 3580
f 3579 3578 3577
f 3524 3580 3525
f 3524 3579 3580
f 3549 3551 3553
f 3549 3553 3555
f 3547 3555 3557
f 3547 3549 3555
f 3545 3557 3559
f 3545 3559 3562
f 3545 3547 3557
f 3544 3562 3563
f 3544 3545 3562
f 3524 3573 3575
f 3524 3575 3578
f 3524 3578 3579
f 3537 3539 3542
f 3537 3542 3544
f 3537 3563 3566
f 3537 3566 3567
f 3537 3544 3563
f 3528 3524 3523
f 3528 3573 3524
f 3533 3535 3537
f 3533 3567 3569
f 3533 3569 3571
f 3533 3571 3573
f 3533 3537 3567
f 3531 3528 3529
f 3531 3533 3573
f 3531 3573 3528
f 3552 3550 3554
f 3554 3550 3556
f 3556 3548 3558
f 3550 3548 3556
f 3558 3546 3560
f 3560 3546 3561
f 3548 3546 3558
f 3561 3543 3564
f 3546 3543 3561
f 3574 3525 3576
f 3576 3525 3577
f 3577 3525 3580
f 3540 3538 3541
f 3541 3538 3543
f 3564 3538 3565
f 3565 3538 3568
f 3543 3538 3564
f 3525 3527 3526
f 3574 3527 3525
f 3536 3534 3538
f 3568 3534 3570
f 3570 3534 3572
f 3572 3534 3574
f 3538 3534 3568
f 3527 3532 3530
f 3534 3532 3574
f 3574 3532 3527
f 3581 3582 3583
f 3581 3583 3584
f 3581 3584 3585
f 3586 3581 3585
f 3587 3585 3588
f 3587 3586 3585
f 3589 3588 3590
f 3589 3587 3588
f 3591 3590 3592
f 3591 3589 3590
f 3593 3592 3594
f 3593 3591 3592
f 3595 3594 3596
f 3595 3593 3594
f 3597 3596 3598
f 3597 3598 3599
f 3597 3595 3596
f 3600 3597 3599
f 3600 3599 3601
f 3602 3600 3601
f 3603 3602 3601
f 3603 3601 3604
f 3605 3603 3604
f 3605 3604 3606
f 3607 3605 3606
f 3607 3606 3608
f 3609 3607 3608
f 3609 3608 3610
f 3611 3609 3610
f 3611 3610 3612
f 3613 3611 3612
f 3613 3612 3614
f 3615 3613 3614
f 3615 3614 3616
f 3617 3615 3616
f 3617 3616 3618
f 3617 3618 3619
f 3620 3617 3619
f 3621 3620 3619
f 3621 3619 3622
f 3621 3622 3623
f 3624 3621 3623
f 3625 3624 3623
f 3625 3623 3626
f 3627 3625 3626
f 3627 3626 3628
f 3629 3628 3630
f 3629 3627 3628
f 3631 3630 3632
f 3631 3629 3630
f 3633 3632 3634
f 3633 3634 3635
f 3633 3631 3632
f 3636 3633 3635
f 3637 3635 3638
f 3637 3636 3635
f 3582 3638 3583
f 3582 3637 3638
f 3607 3609 3611
f 3607 3611 3613
f 3605 3613 3615
f 3605 3607 3613
f 3603 3615 3617
f 3603 3617 3620
f 3603 3605 3615
f 3602 3620 3621
f 3602 3603 3620
f 3582 3631 3633
f 3582 3633 3636
f 3582 3636 3637
f 3595 3597 3600
f 3595 3600 3602
f 3595 3621 3624
f 3595 3624 3625
f 3595 3602 3621
f 3586 3582 3581
f 3586 3631 3582
f 3591 3593 3595
f 3591 3625 3627
f 3591 3627 3629
f 3591 3629 3631
f 3591 3595 3625
f 3589 3586 3587
f 3589 3591 3631
f 3589 3631 3586
f 3610 3608 3612
f 3612 3608 3614
f 3614 3606 3616
f 3608 3606 3614
f 3616 3604 3618
f 3618 3604 3619
f 3606 3604 3616
f 3619 3601 3622
f 3604 3601 3619
f 3632 3583 3634
f 3634 3583 3635
f 3635 3583 3638
f 3598 3596 3599
f 3599 3596 3601
f 3622 3596 3623
f 3623 3596 3626
f 3601 3596 3622
f 3583 3585 3584
f 3632 3585 3583
f 3594 3592 3596
f 3626 3592 3628
f 3628 3592 3630
f 3630 3592 3632
f 3596 3592 3626
f 3585 3590 3588
f 3592 3590 3632
f 3632 3590 3585
f 3639 3640 3641
f 3639 3641 3642
f 3639 3642 3643
f 3644 3639 3643
f 3645 3643 3646
f 3645 3644 3643
f 3647 3646 3648
f 3647 3645 3646
f 3649 3648 3650
f 3649 3647 3648
f 3651 3650 3652
f 3651 3649 3650
f 3653 3652 3654
f 3653 3651 3652
f 3655 3654 3656
f 3655 3656 3657
f 3655 3653 3654
f 3658 3655 3657
f 3658 3657 3659
f 3660 3658 3659
f 3661 3660 3659
f 3661 3659 3662
f 3663 3661 3662
f 3663 3662 3664
f 3665 3663 3664
f 3665 3664 3666
f 3667 3665 3666
f 3667 3666 3668
f 3669 3667 3668
f 3669 3668 3670
f 3671 3669 3670
f 3671 3670 3672
f 3673 3671 3672
f 3673 3672 3674
f 3675 3673 3674
f 3675 3674 3676
f 3675 3676 3677
f 3678 3675 3677
f 3679 3678 3677
f 3679 3677 3680
f 3679 3680 3681
f 3682 3679 3681
f 3683 3682 3681
f 3683 3681 3684
f 3685 3683 3684
f 3685 3684 3686
f 3687 3686 3688
f 3687 3685 3686
f 3689 3688 3690
f 3689 3687 3688
f 3691 3690 3692
f 3691 3692 3693
f 3691 3689 3690
f 3694 3691 3693
f 3695 3693 3696
f 3695 3694 3693
f 3640 3696 3641
f 3640 3695 3696
f 3665 3667 3669
f 3665 3669 3671
f 3663 3671 3673
f 3663 3665 3671
f 3661 3673 3675
f 3661 3675 3678
f 3661 3663 3673
f 3660 3678 3679
f 3660 3661 3678
f 3640 3689 3691
f 3640 3691 3694
f 3640 3694 3695
f 3653 3655 3658
f 3653 3658 3660
f 3653 3679 3682
f 3653 3682 3683
f 3653 3660 3679
f 3644 3640 3639
f 3644 3689 3640
f 3649 3651 3653
f 3649 3683 3685
f 3649 3685 3687
f 3649 3687 3689
f 3649 3653 3683
f 3647 3644 3645
f 3647 3649 3689
f 3647 3689 3644
f 3668 3666 3670
f 3670 3666 3672
f 3672 3664 3674
f 3666 3664 3672
f 3674 3662 3676
f 3676 3662 3677
f 3664 3662 3674
f 3677 3659 3680
f 3662 3659 3677
f 3690 3641 3692
f 3692 3641 3693
f 3693 3641 3696
f 3656 3654 3657
f 3657 3654 3659
f 3680 3654 3681
f 3681 3654 3684
f 3659 3654 3680
f 3641 3643 3642
f 3690 3643 3641
f 3652 3650 3654
f 3684 3650 3686
f 3686 3650 3688
f 3688 3650 3690
f 3654 3650 3684
f 3643 3648 3646
f 3650 3648 3690
f 3690 3648 3643
f 3697 3698 3699
f 3697 3699 3700
f 3697 3700 3701
f 3702 3697 3701
f 3703 3701 3704
f 3703 3702 3701
f 3705 3704 3706
f 3705 3703 3704
f 3707 3706 3708
f 3707 3705 3706
f 3709 3708 3710
f 3709 3707 3708
f 3711 3710 3712
f 3711 3709 3710
f 3713 3712 3714
f 3713 3714 3715
f 3713 3711 3712
f 3716 3713 3715
f 3716 3715 3717
f 3718 3716 3717
f 3719 3718 3717
f 3719 3717 3720
f 3721 3719 3720
f 3721 3720 3722
f 3723 3721 3722
f 3723 3722 3724
f 3725 3723 3724
f 3725 3724 3726
f 3727 3725 3726
f 3727 3726 3728
f 3729 3727 3728
f 3729 3728 3730
f 3731 3729 3730
f 3731 3730 3732
f 3733 3731 3732
f 3733 3732 3734
f 3733 3734 3735
f 3736 3733 3735
f 3737 3736 3735
f 3737 3735 3738
f 3737 3738 3739
f 3740 3737 3739
f 3741 3740 3739
f 3741 3739 3742
f 3743 3741 3742
f 3743 3742 3744
f 3745 3744 3746
f 3745 3743 3744
f 3747 3746 3748
f 3747 3745 3746
f 3749 3748 3750
f 3749 3750 3751
f 3749 3747 3748
f 3752 3749 3751
f 3753 3751 3754
f 3753 3752 3751
f 3698 3754 3699
f 3698 3753 3754
f 3723 3725 3727
f 3723 3727 3729
f 3721 3729 3731
f 3721 3723 3729
f 3719 3731 3733
f 3719 3733 3736
f 3719 3721 3731
f 3718 3736 3737
f 3718 3719 3736
f 3698 3747 3749
f 3698 3749 3752
f 3698 3752 3753
f 3711 3713 3716
f 3711 3716 3718
f 3711 3737 3740
f 3711 3740 3741
f 3711 3718 3737
f 3702 3698 3697
f 3702 3747 3698
f 3707 3709 3711
f 3707 3741 3743
f 3707 3743 3745
f 3707 3745 3747
f 3707 3711 3741
f 3705 3702 3703
f 3705 3707 3747
f 3705 3747 3702
f 3726 3724 3728
f 3728 3724 3730
f 3730 3722 3732
f 3724 3722 3730
f 3732 3720 3734
f 3734 3720 3735
f 3722 3720 3732
f 3735 3717 3738
f 3720 3717 3735
f 3748 3699 3750
f 3750 3699 3751
f 3751 3699 3754
f 3714 3712 3715
f 3715 3712 3717
f 3738 3712 3739
f 3739 3712 3742
f 3717 3712 3738
f 3699 3701 3700
f 3748 3701 3699
f 3710 3708 3712
f 3742 3708 3744
f 3744 3708 3746
f 3746 3708 3748
f 3712 3708 3742
f 3701 3706 3704
f 3708 3706 3748
f 3748 3706 3701
f 3755 3756 3757
f 3755 3757 3758
f 3755 3758 3759
f 3760 3755 3759
f 3761 3759 3762
f 3761 3760 3759
f 3763 3762 3764
f 3763 3761 3762
f 3765 3764 3766
f 3765 3763 3764
f 3767 3766 3768
f 3767 3765 3766
f 3769 3768 3770
f 3769 3767 3768
f 3771 3770 3772
f 3771 3772 3773
f 3771 3769 3770
f 3774 3771 3773
f 3774 3773 3775
f 3776 3774 3775
f 3777 3776 3775
f 3777 3775 3778
f 3779 3777 3778
f 3779 3778 3780
f 3781 3779 3780
f 3781 3780 3782
f 3783 3781 3782
f 3783 3782 3784
f 3785 3783 3784
f 3785 3784 3786
f 3787 3785 3786
f 3787 3786 3788
f 3789 3787 3788
f 3789 3788 3790
f 3791 3789 3790
f 3791 3790 3792
f 3791 3792 3793
f 3794 3791 3793
f 3795 3794 3793
f 3795 3793 3796
f 3795 3796 3797
f 3798 3795 3797
f 3799 3798 3797
f 3799 3797 3800
f 3801 3799 3800
f 3801 3800 3802
f 3803 3802 3804
f 3803 3801 3802
f 3805 3804 3806
f 3805 3803 3804
f 3807 3806 3808
f 3807 3808 3809
f 3807 3805 3806
f 3810 3807 3809
f 3811 3809 3812
f 3811 3810 3809
f 3756 3812 3757
f 3756 3811 3812
f 3781 3783 3785
f 3781 3785 3787
f 3779 3787 3789
f 3779 3781 3787
f 3777 3789 3791
f 3777 3791 3794
f 3777 3779 3789
f 3776 3794 3795
f 3776 3777 3794
f 3756 3805 3807
f 3756 3807 3810
f 3756 3810 3811
f 3769 3771 3774
f 3769 3774 3776
f 3769 3795 3798
f 3769 3798 3799
f 3769 3776 3795
f 3760 3756 3755
f 3760 3805 3756
f 3765 3767 3769
f 3765 3799 3801
f 3765 3801 3803
f 3765 3803 3805
f 3765 3769 3799
f 3763 3760 3761
f 3763 3765 3805
f 3763 3805 3760
f 3784 3782 3786
f 3786 3782 3788
f 3788 3780 3790
f 3782 3780 3788
f 3790 3778 3792
f 3792 3778 3793
f 3780 3778 3790
f 3793 3775 3796
f 3778 3775 3793
f 3806 3757 3808
f 3808 3757 3809
f 3809 3757 3812
f 3772 3770 3773
f 3773 3770 3775
f 3796 3770 3797
f 3797 3770 3800
f 3775 3770 3796
f 3757 3759 3758
f 3806 3759 3757
f 3768 3766 3770
f 3800 3766 3802
f 3802 3766 3804
f 3804 3766 3806
f 3770 3766 3800
f 3759 3764 3762
f 3766 3764 3806
f 3806 3764 3759
f 3813 3814 3815
f 3813 3815 3816
f 3813 3816 3817
f 3818 3813 3817
f 3819 3817 3820
f 3819 3818 3817
f 3821 3820 3822
f 3821 3819 3820
f 3823 3822 3824
f 3823 3821 3822
f 3825 3824 3826
f 3825 3823 3824
f 3827 3826 3828
f 3827 3825 3826
f 3829 3828 3830
f 3829 3830 3831
f 3829 3827 3828
f 3832 3829 3831
f 3832 3831 3833
f 3834 3832 3833
f 3835 3834 3833
f 3835 3833 3836
f 3837 3835 3836
f 3837 3836 3838
f 3839 3837 3838
f 3839 3838 3840
f 3841 3839 3840
f 3841 3840 3842
f 3843 3841 3842
f 3843 3842 3844
f 3845 3843 3844
f 3845 3844 3846
f 3847 3845 3846
f 3847 3846 3848
f 3849 3847 3848
f 3849 3848 3850
f 3849 3850 3851
f 3852 3849 3851
f 3853 3852 3851
f 3853 3851 3854
f 3853 3854 3855
f 3856 3853 3855
f 3857 3856 3855
f 3857 3855 3858
f 3859 3857 3858
f 3859 3858 3860
f 3861 3860 3862
f 3861 3859 3860
f 3863 3862 3864
f 3863 3861 3862
f 3865 3864 3866
f 3865 3866 3867
f 3865 3863 3864
f 3868 3865 3867
f 3869 3867 3870
f 3869 3868 3867
f 3814 3870 3815
f 3814 3869 3870
f 3839 3841 3843
f 3839 3843 3845
f 3863 3859 3861
f 3835 3837 3839
f 3835 3845 3847
f 3835 3847 3849
f 3835 3849 3852
f 3835 3839 3845
f 3832 3834 3835
f 3832 3835 3852
f 3814 3868 3869
f 3827 3829 3832
f 3827 3852 3853
f 3827 3853 3856
f 3827 3856 3857
f 3827 3832 3852
f 3825 3857 3859
f 3825 3827 3857
f 3818 3814 3813
f 3818 3868 3814
f 3823 3859 3863
f 3823 3825 3859
f 3819 3865 3868
f 3819 3868 3818
f 3821 3863 3865
f 3821 3865 3819
f 3821 3823 3863
f 3842 3840 3844
f 3844 3840 3846
f 3860 3864 3862
f 3838 3836 3840
f 3846 3836 3848
f 3848 3836 3850
f 3850 3836 3851
f 3840 3836 3846
f 3833 3831 3836
f 3836 3831 3851
f 3867 3815 3870
f 3830 3828 3831
f 3851 3828 3854
f 3854 3828 3855
f 3855 3828 3858
f 3831 3828 3851
f 3858 3826 3860
f 3828 3826 3858
f 3815 3817 3816
f 3867 3817 3815
f 3860 3824 3864
f 3826 3824 3860
f 3866 3820 3867
f 3867 3820 3817
f 3864 3822 3866
f 3866 3822 3820
f 3824 3822 3864
f 3871 3872 3873
f 3871 3873 3874
f 3871 3874 3875
f 3876 3871 3875
f 3877 3875 3878
f 3877 3876 3875
f 3879 3878 3880
f 3879 3877 3878
f 3881 3880 3882
f 3881 3879 3880
f 3883 3882 3884
f 3883 3881 3882
f 3885 3884 3886
f 3885 3883 3884
f 3887 3886 3888
f 3887 3888 3889
f 3887 3885 3886
f 3890 3887 3889
f 3890 3889 3891
f 3892 3890 3891
f 3893 3892 3891
f 3893 3891 3894
f 3895 3893 3894
f 3895 3894 3896
f 3897 3895 3896
f 3897 3896 3898
f 3899 3897 3898
f 3899 3898 3900
f 3901 3899 3900
f 3901 3900 3902
f 3903 3901 3902
f 3903 3902 3904
f 3905 3903 3904
f 3905 3904 3906
f 3907 3905 3906
f 3907 3906 3908
f 3907 3908 3909
f 3910 3907 3909
f 3911 3910 3909
f 3911 3909 3912
f 3911 3912 3913
f 3914 3911 3913
f 3915 3914 3913
f 3915 3913 3916
f 3917 3915 3916
f 3917 3916 3918
f 3919 3918 3920
f 3919 3917 3918
f 3921 3920 3922
f 3921 3919 3920
f 3923 3922 3924
f 3923 3924 3925
f 3923 3921 3922
f 3926 3923 3925
f 3927 3925 3928
f 3927 3926 3925
f 3872 3928 3873
f 3872 3927 3928
f 3897 3899 3901
f 3897 3901 3903
f 3897 3903 3905
f 3895 3905 3907
f 3895 3897 3905
f 3892 3893 3895
f 3892 3907 3910
f 3892 3895 3907
f 3926 3921 3923
f 3890 3892 3910
f 3887 3890 3910
f 3872 3926 3927
f 3885 3910 3911
f 3885 3911 3914
f 3885 3914 3915
f 3885 3887 3910
f 3883 3915 3917
f 3883 3885 3915
f 3881 3883 3917
f 3877 3872 3871
f 3877 3871 3876
f 3877 3917 3919
f 3877 3919 3921
f 3877 3926 3872
f 3877 3921 3926
f 3879 3917 3877
f 3879 3881 3917
f 3900 3898 3902
f 3902 3898 3904
f 3904 3898 3906
f 3906 3896 3908
f 3898 3896 3906
f 3894 3891 3896
f 3908 3891 3909
f 3896 3891 3908
f 3922 3925 3924
f 3891 3889 3909
f 3889 3888 3909
f 3925 3873 3928
f 3909 3886 3912
f 3912 3886 3913
f 3913 3886 3916
f 3888 3886 3909
f 3916 3884 3918
f 3886 3884 3916
f 3884 3882 3918
f 3873 3878 3874
f 3874 3878 3875
f 3918 3878 3920
f 3920 3878 3922
f 3925 3878 3873
f 3922 3878 3925
f 3918 3880 3878
f 3882 3880 3918
f 3929 3930 3931
f 3929 3931 3932
f 3929 3932 3933
f 3934 3929 3933
f 3935 3933 3936
f 3935 3934 3933
f 3937 3936 3938
f 3937 3935 3936
f 3939 3938 3940
f 3939 3937 3938
f 3941 3940 3942
f 3941 3939 3940
f 3943 3942 3944
f 3943 3941 3942
f 3945 3944 3946
f 3945 3946 3947
f 3945 3943 3944
f 3948 3945 3947
f 3948 3947 3949
f 3950 3948 3949
f 3951 3950 3949
f 3951 3949 3952
f 3953 3951 3952
f 3953 3952 3954
f 3955 3953 3954
f 3955 3954 3956
f 3957 3955 3956
f 3957 3956 3958
f 3959 3957 3958
f 3959 3958 3960
f 3961 3959 3960
f 3961 3960 3962
f 3963 3961 3962
f 3963 3962 3964
f 3965 3963 3964
f 3965 3964 3966
f 3965 3966 3967
f 3968 3965 3967
f 3969 3968 3967
f 3969 3967 3970
f 3969 3970 3971
f 3972 3969 3971
f 3973 3972 3971
f 3973 3971 3974
f 3975 3973 3974
f 3975 3974 3976
f 3977 3976 3978
f 3977 3975 3976
f 3979 3978 3980
f 3979 3977 3978
f 3981 3980 3982
f 3981 3982 3983
f 3981 3979 3980
f 3984 3981 3983
f 3985 3983 3986
f 3985 3984 3983
f 3930 3986 3931
f 3930 3985 3986
f 3955 3957 3959
f 3955 3959 3961
f 3979 3975 3977
f 3951 3953 3955
f 3951 3961 3963
f 3951 3963 3965
f 3951 3965 3968
f 3951 3955 3961
f 3948 3950 3951
f 3948 3951 3968
f 3930 3984 3985
f 3943 3945 3948
f 3943 3968 3969
f 3943 3969 3972
f 3943 3972 3973
f 3943 3948 3968
f 3941 3973 3975
f 3941 3943 3973
f 3934 3930 3929
f 3934 3984 3930
f 3939 3975 3979
f 3939 3941 3975
f 3935 3981 3984
f 3935 3984 3934
f 3937 3979 3981
f 3937 3981 3935
f 3937 3939 3979
f 3958 3956 3960
f 3960 3956 3962
f 3976 3980 3978
f 3954 3952 3956
f 3962 3952 3964
f 3964 3952 3966
f 3966 3952 3967
f 3956 3952 3962
f 3949 3947 3952
f 3952 3947 3967
f 3983 3931 3986
f 3946 3944 3947
f 3967 3944 3970
f 3970 3944 3971
f 3971 3944 3974
f 3947 3944 3967
f 3974 3942 3976
f 3944 3942 3974
f 3931 3933 3932
f 3983 3933 3931
f 3976 3940 3980
f 3942 3940 3976
f 3982 3936 3983
f 3983 3936 3933
f 3980 3938 3982
f 3982 3938 3936
f 3940 3938 3980
f 3987 3988 3989
f 3987 3989 3990
f 3987 3990 3991
f 3992 3987 3991
f 3993 3991 3994
f 3993 3992 3991
f 3995 3994 3996
f 3995 3993 3994
f 3997 3996 3998
f 3997 3995 3996
f 3999 3998 4000
f 3999 3997 3998
f 4001 4000 4002
f 4001 3999 4000
f 4003 4002 4004
f 4003 4004 4005
f 4003 4001 4002
f 4006 4003 4005
f 4006 4005 4007
f 4008 4006 4007
f 4009 4008 4007
f 4009 4007 4010
f 4011 4009 4010
f 4011 4010 4012
f 4013 4011 4012
f 4013 4012 4014
f 4015 4013 4014
f 4015 4014 4016
f 4017 4015 4016
f 4017 4016 4018
f 4019 4017 4018
f 4019 4018 4020
f 4021 4019 4020
f 4021 4020 4022
f 4023 4021 4022
f 4023 4022 4024
f 4023 4024 4025
f 4026 4023 4025
f 4027 4026 4025
f 4027 4025 4028
f 4027 4028 4029
f 4030 4027 4029
f 4031 4030 4029
f 4031 4029 4032
f 4033 4031 4032
f 4033 4032 4034
f 4035 4034 4036
f 4035 4033 4034
f 4037 4036 4038
f 4037 4035 4036
f 4039 4038 4040
f 4039 4040 4041
f 4039 4037 4038
f 4042 4039 4041
f 4043 4041 4044
f 4043 4042 4041
f 3988 4044 3989
f 3988 4043 4044
f 4013 4015 4017
f 4013 4017 4019
f 4011 4019 4021
f 4011 4013 4019
f 4009 4021 4023
f 4009 4023 4026
f 4009 4011 4021
f 4006 4008 4009
f 4006 4026 4027
f 4006 4027 4030
f 4006 4009 4026
f 3988 4039 4042
f 3988 4042 4043
f 4001 4003 4006
f 4001 4030 4031
f 4001 4006 4030
f 3999 4031 4033
f 3999 4001 4031
f 3992 3988 3987
f 3992 4037 4039
f 3992 4039 3988
f 3997 4033 4035
f 3997 3999 4033
f 3993 4035 4037
f 3993 4037 3992
f 3995 3997 4035
f 3995 4035 3993
f 4016 4014 4018
f 4018 4014 4020
f 4020 4012 4022
f 4014 4012 4020
f 4022 4010 4024
f 4024 4010 4025
f 4012 4010 4022
f 4007 4005 4010
f 4025 4005 4028
f 4028 4005 4029
f 4010 4005 4025
f 4040 3989 4041
f 4041 3989 4044
f 4004 4002 4005
f 4029 4002 4032
f 4005 4002 4029
f 4032 4000 4034
f 4002 4000 4032
f 3989 3991 3990
f 4038 3991 4040
f 4040 3991 3989
f 4034 3998 4036
f 4000 3998 4034
f 4036 3994 4038
f 4038 3994 3991
f 3998 3996 4036
f 4036 3996 3994
f 4045 4046 4047
f 4045 4047 4048
f 4045 4048 4049
f 4050 4045 4049
f 4051 4049 4052
f 4051 4050 4049
f 4053 4052 4054
f 4053 4051 4052
f 4055 4054 4056
f 4055 4053 4054
f 4057 4056 4058
f 4057 4055 4056
f 4059 4058 4060
f 4059 4057 4058
f 4061 4060 4062
f 4061 4062 4063
f 4061 4059 4060
f 4064 4061 4063
f 4064 4063 4065
f 4066 4064 4065
f 4067 4066 4065
f 4067 4065 4068
f 4069 4067 4068
f 4069 4068 4070
f 4071 4069 4070
f 4071 4070 4072
f 4073 4071 4072
f 4073 4072 4074
f 4075 4073 4074
f 4075 4074 4076
f 4077 4075 4076
f 4077 4076 4078
f 4079 4077 4078
f 4079 4078 4080
f 4081 4079 4080
f 4081 4080 4082
f 4081 4082 4083
f 4084 4081 4083
f 4085 4084 4083
f 4085 4083 4086
f 4085 4086 4087
f 4088 4085 4087
f 4089 4088 4087
f 4089 4087 4090
f 4091 4089 4090
f 4091 4090 4092
f 4093 4092 4094
f 4093 4091 4092
f 4095 4094 4096
f 4095 4093 4094
f 4097 4096 4098
f 4097 4098 4099
f 4097 4095 4096
f 4100 4097 4099
f 4101 4099 4102
f 4101 4100 4099
f 4046 4102 4047
f 4046 4101 4102
f 4071 4073 4075
f 4071 4075 4077
f 4069 4077 4079
f 4069 4071 4077
f 4067 4079 4081
f 4067 4081 4084
f 4067 4069 4079
f 4064 4066 4067
f 4064 4084 4085
f 4064 4085 4088
f 4064 4067 4084
f 4046 4097 4100
f 4046 4100 4101
f 4059 4061 4064
f 4059 4088 4089
f 4059 4064 4088
f 4057 4089 4091
f 4057 4059 4089
f 4050 4046 4045
f 4050 4095 4097
f 4050 4097 4046
f 4055 4091 4093
f 4055 4057 4091
f 4051 4093 4095
f 4051 4095 4050
f 4053 4055 4093
f 4053 4093 4051
f 4074 4072 4076
f 4076 4072 4078
f 4078 4070 4080
f 4072 4070 4078
f 4080 4068 4082
f 4082 4068 4083
f 4070 4068 4080
f 4065 4063 4068
f 4083 4063 4086
f 4086 4063 4087
f 4068 4063 4083
f 4098 4047 4099
f 4099 4047 4102
f 4062 4060 4063
f 4087 4060 4090
f 4063 4060 4087
f 4090 4058 4092
f 4060 4058 4090
f 4047 4049 4048
f 4096 4049 4098
f 4098 4049 4047
f 4092 4056 4094
f 4058 4056 4092
f 4094 4052 4096
f 4096 4052 4049
f 4056 4054 4094
f 4094 4054 4052
f 4103 4104 4105
f 4103 4105 4106
f 4103 4106 4107
f 4108 4103 4107
f 4109 4107 4110
f 4109 4108 4107
f 4111 4110 4112
f 4111 4109 4110
f 4113 4112 4114
f 4113 4111 4112
f 4115 4114 4116
f 4115 4113 4114
f 4117 4116 4118
f 4117 4115 4116
f 4119 4118 4120
f 4119 4120 4121
f 4119 4117 4118
f 4122 4119 4121
f 4122 4121 4123
f 4124 4122 4123
f 4125 4124 4123
f 4125 4123 4126
f 4127 4125 4126
f 4127 4126 4128
f 4129 4127 4128
f 4129 4128 4130
f 4131 4129 4130
f 4131 4130 4132
f 4133 4131 4132
f 4133 4132 4134
f 4135 4133 4134
f 4135 4134 4136
f 4137 4135 4136
f 4137 4136 4138
f 4139 4137 4138
f 4139 4138 4140
f 4139 4140 4141
f 4142 4139 4141
f 4143 4142 4141
f 4143 4141 4144
f 4143 4144 4145
f 4146 4143 4145
f 4147 4146 4145
f 4147 4145 4148
f 4149 4147 4148
f 4149 4148 4150
f 4151 4150 4152
f 4151 4149 4150
f 4153 4152 4154
f 4153 4151 4152
f 4155 4154 4156
f 4155 4156 4157
f 4155 4153 4154
f 4158 4155 4157
f 4159 4157 4160
f 4159 4158 4157
f 4104 4160 4105
f 4104 4159 4160
f 4129 4131 4133
f 4129 4133 4135
f 4127 4135 4137
f 4127 4129 4135
f 4125 4137 4139
f 4125 4139 4142
f 4125 4127 4137
f 4122 4124 4125
f 4122 4142 4143
f 4122 4143 4146
f 4122 4125 4142
f 4104 4155 4158
f 4104 4158 4159
f 4117 4119 4122
f 4117 4146 4147
f 4117 4122 4146
f 4115 4147 4149
f 4115 4117 4147
f 4108 4104 4103
f 4108 4153 4155
f 4108 4155 4104
f 4113 4149 4151
f 4113 4115 4149
f 4109 4151 4153
f 4109 4153 4108
f 4111 4113 4151
f 4111 4151 4109
f 4132 4130 4134
f 4134 4130 4136
f 4136 4128 4138
f 4130 4128 4136
f 4138 4126 4140
f 4140 4126 4141
f 4128 4126 4138
f 4123 4121 4126
f 4141 4121 4144
f 4144 4121 4145
f 4126 4121 4141
f 4156 4105 4157
f 4157 4105 4160
f 4120 4118 4121
f 4145 4118 4148
f 4121 4118 4145
f 4148 4116 4150
f 4118 4116 4148
f 4105 4107 4106
f 4154 4107 4156
f 4156 4107 4105
f 4150 4114 4152
f 4116 4114 4150
f 4152 4110 4154
f 4154 4110 4107
f 4114 4112 4152
f 4152 4112 4110
f 4161 4162 4163
f 4161 4163 4164
f 4161 4164 4165
f 4166 4161 4165
f 4167 4165 4168
f 4167 4166 4165
f 4169 4168 4170
f 4169 4167 4168
f 4171 4170 4172
f 4171 4169 4170
f 4173 4172 4174
f 4173 4171 4172
f 4175 4174 4176
f 4175 4173 4174
f 4177 4176 4178
f 4177 4178 4179
f 4177 4175 4176
f 4180 4177 4179
f 4180 4179 4181
f 4182 4180 4181
f 4183 4182 4181
f 4183 4181 4184
f 4185 4183 4184
f 4185 4184 4186
f 4187 4185 4186
f 4187 4186 4188
f 4189 4187 4188
f 4189 4188 4190
f 4191 4189 4190
f 4191 4190 4192
f 4193 4191 4192
f 4193 4192 4194
f 4195 4193 4194
f 4195 4194 4196
f 4197 4195 4196
f 4197 4196 4198
f 4197 4198 4199
f 4200 4197 4199
f 4201 4200 4199
f 4201 4199 4202
f 4201 4202 4203
f 4204 4201 4203
f 4205 4204 4203
f 4205 4203 4206
f 4207 4205 4206
f 4207 4206 4208
f 4209 4208 4210
f 4209 4207 4208
f 4211 4210 4212
f 4211 4209 4210
f 4213 4212 4214
f 4213 4214 4215
f 4213 4211 4212
f 4216 4213 4215
f 4217 4215 4218
f 4217 4216 4215
f 4162 4218 4163
f 4162 4217 4218
f 4187 4189 4191
f 4187 4191 4193
f 4185 4193 4195
f 4185 4187 4193
f 4183 4195 4197
f 4183 4197 4200
f 4183 4185 4195
f 4180 4182 4183
f 4180 4200 4201
f 4180 4201 4204
f 4180 4183 4200
f 4162 4213 4216
f 4162 4216 4217
f 4175 4177 4180
f 4175 4204 4205
f 4175 4180 4204
f 4173 4205 4207
f 4173 4175 4205
f 4166 4162 4161
f 4166 4211 4213
f 4166 4213 4162
f 4171 4207 4209
f 4171 4173 4207
f 4167 4209 4211
f 4167 4211 4166
f 4169 4171 4209
f 4169 4209 4167
f 4190 4188 4192
f 4192 4188 4194
f 4194 4186 4196
f 4188 4186 4194
f 4196 4184 4198
f 4198 4184 4199
f 4186 4184 4196
f 4181 4179 4184
f 4199 4179 4202
f 4202 4179 4203
f 4184 4179 4199
f 4214 4163 4215
f 4215 4163 4218
f 4178 4176 4179
f 4203 4176 4206
f 4179 4176 4203
f 4206 4174 4208
f 4176 4174 4206
f 4163 4165 4164
f 4212 4165 4214
f 4214 4165 4163
f 4208 4172 4210
f 4174 4172 4208
f 4210 4168 4212
f 4212 4168 4165
f 4172 4170 4210
f 4210 4170 4168
f 4219 4220 4221
f 4219 4221 4222
f 4219 4222 4223
f 4224 4219 4223
f 4225 4223 4226
f 4225 4224 4223
f 4227 4226 4228
f 4227 4225 4226
f 4229 4228 4230
f 4229 4227 4228
f 4231 4230 4232
f 4231 4229 4230
f 4233 4232 4234
f 4233 4231 4232
f 4235 4234 4236
f 4235 4236 4237
f 4235 4233 4234
f 4238 4235 4237
f 4238 4237 4239
f 4240 4238 4239
f 4241 4240 4239
f 4241 4239 4242
f 4243 4241 4242
f 4243 4242 4244
f 4245 4243 4244
f 4245 4244 4246
f 4247 4245 4246
f 4247 4246 4248
f 4249 4247 4248
f 4249 4248 4250
f 4251 4249 4250
f 4251 4250 4252
f 4253 4251 4252
f 4253 4252 4254
f 4255 4253 4254
f 4255 4254 4256
f 4255 4256 4257
f 4258 4255 4257
f 4259 4258 4257
f 4259 4257 4260
f 4259 4260 4261
f 4262 4259 4261
f 4263 4262 4261
f 4263 4261 4264
f 4265 4263 4264
f 4265 4264 4266
f 4267 4266 4268
f 4267 4265 4266
f 4269 4268 4270
f 4269 4267 4268
f 4271 4270 4272
f 4271 4272 4273
f 4271 4269 4270
f 4274 4271 4273
f 4275 4273 4276
f 4275 4274 4273
f 4220 4276 4221
f 4220 4275 4276
f 4245 4247 4249
f 4245 4249 4251
f 4243 4251 4253
f 4243 4245 4251
f 4241 4253 4255
f 4241 4255 4258
f 4241 4243 4253
f 4240 4258 4259
f 4240 4241 4258
f 4220 4269 4271
f 4220 4271 4274
f 4220 4274 4275
f 4233 4235 4238
f 4233 4238 4240
f 4233 4259 4262
f 4233 4262 4263
f 4233 4240 4259
f 4224 4220 4219
f 4224 4269 4220
f 4229 4231 4233
f 4229 4263 4265
f 4229 4265 4267
f 4229 4267 4269
f 4229 4233 4263
f 4227 4224 4225
f 4227 4229 4269
f 4227 4269 4224
f 4248 4246 4250
f 4250 4246 4252
f 4252 4244 4254
f 4246 4244 4252
f 4254 4242 4256
f 4256 4242 4257
f 4244 4242 4254
f 4257 4239 4260
f 4242 4239 4257
f 4270 4221 4272
f 4272 4221 4273
f 4273 4221 4276
f 4236 4234 4237
f 4237 4234 4239
f 4260 4234 4261
f 4261 4234 4264
f 4239 4234 4260
f 4221 4223 4222
f 4270 4223 4221
f 4232 4230 4234
f 4264 4230 4266
f 4266 4230 4268
f 4268 4230 4270
f 4234 4230 4264
f 4223 4228 4226
f 4230 4228 4270
f 4270 4228 4223
f 4277 4278 4279
f 4277 4279 4280
f 4277 4280 4281
f 4282 4277 4281
f 4283 4281 4284
f 4283 4282 4281
f 4285 4284 4286
f 4285 4283 4284
f 4287 4286 4288
f 4287 4285 4286
f 4289 4288 4290
f 4289 4287 4288
f 4291 4290 4292
f 4291 4289 4290
f 4293 4292 4294
f 4293 4294 4295
f 4293 4291 4292
f 4296 4293 4295
f 4296 4295 4297
f 4298 4296 4297
f 4299 4298 4297
f 4299 4297 4300
f 4301 4299 4300
f 4301 4300 4302
f 4303 4301 4302
f 4303 4302 4304
f 4305 4303 4304
f 4305 4304 4306
f 4307 4305 4306
f 4307 4306 4308
f 4309 4307 4308
f 4309 4308 4310
f 4311 4309 4310
f 4311 4310 4312
f 4313 4311 4312
f 4313 4312 4314
f 4313 4314 4315
f 4316 4313 4315
f 4317 4316 4315
f 4317 4315 4318
f 4317 4318 4319
f 4320 4317 4319
f 4321 4320 4319
f 4321 4319 4322
f 4323 4321 4322
f 4323 4322 4324
f 4325 4324 4326
f 4325 4323 4324
f 4327 4326 4328
f 4327 4325 4326
f 4329 4328 4330
f 4329 4330 4331
f 4329 4327 4328
f 4332 4329 4331
f 4333 4331 4334
f 4333 4332 4331
f 4278 4334 4279
f 4278 4333 4334
f 4303 4305 4307
f 4303 4307 4309
f 4301 4309 4311
f 4301 4303 4309
f 4299 4311 4313
f 4299 4313 4316
f 4299 4301 4311
f 4298 4316 4317
f 4298 4299 4316
f 4278 4327 4329
f 4278 4329 4332
f 4278 4332 4333
f 4291 4293 4296
f 4291 4296 4298
f 4291 4317 4320
f 4291 4320 4321
f 4291 4298 4317
f 4282 4278 4277
f 4282 4327 4278
f 4287 4289 4291
f 4287 4321 4323
f 4287 4323 4325
f 4287 4325 4327
f 4287 4291 4321
f 4285 4282 4283
f 4285 4287 4327
f 4285 4327 4282
f 4306 4304 4308
f 4308 4304 4310
f 4310 4302 4312
f 4304 4302 4310
f 4312 4300 4314
f 4314 4300 4315
f 4302 4300 4312
f 4315 4297 4318
f 4300 4297 4315
f 4328 4279 4330
f 4330 4279 4331
f 4331 4279 4334
f 4294 4292 4295
f 4295 4292 4297
f 4318 4292 4319
f 4319 4292 4322
f 4297 4292 4318
f 4279 4281 4280
f 4328 4281 4279
f 4290 4288 4292
f 4322 4288 4324
f 4324 4288 4326
f 4326 4288 4328
f 4292 4288 4322
f 4281 4286 4284
f 4288 4286 4328
f 4328 4286 4281
f 4335 4336 4337
f 4335 4337 4338
f 4335 4338 4339
f 4340 4335 4339
f 4341 4339 4342
f 4341 4340 4339
f 4343 4342 4344
f 4343 4341 4342
f 4345 4344 4346
f 4345 4343 4344
f 4347 4346 4348
f 4347 4345 4346
f 4349 4348 4350
f 4349 4347 4348
f 4351 4350 4352
f 4351 4352 4353
f 4351 4349 4350
f 4354 4351 4353
f 4354 4353 4355
f 4356 4354 4355
f 4357 4356 4355
f 4357 4355 4358
f 4359 4357 4358
f 4359 4358 4360
f 4361 4359 4360
f 4361 4360 4362
f 4363 4361 4362
f 4363 4362 4364
f 4365 4363 4364
f 4365 4364 4366
f 4367 4365 4366
f 4367 4366 4368
f 4369 4367 4368
f 4369 4368 4370
f 4371 4369 4370
f 4371 4370 4372
f 4371 4372 4373
f 4374 4371 4373
f 4375 4374 4373
f 4375 4373 4376
f 4375 4376 4377
f 4378 4375 4377
f 4379 4378 4377
f 4379 4377 4380
f 4381 4379 4380
f 4381 4380 4382
f 4383 4382 4384
f 4383 4381 4382
f 4385 4384 4386
f 4385 4383 4384
f 4387 4386 4388
f 4387 4388 4389
f 4387 4385 4386
f 4390 4387 4389
f 4391 4389 4392
f 4391 4390 4389
f 4336 4392 4337
f 4336 4391 4392
f 4361 4363 4365
f 4361 4365 4367
f 4359 4367 4369
f 4359 4361 4367
f 4357 4369 4371
f 4357 4371 4374
f 4357 4359 4369
f 4356 4374 4375
f 4356 4357 4374
f 4336 4385 4387
f 4336 4387 4390
f 4336 4390 4391
f 4349 4351 4354
f 4349 4354 4356
f 4349 4375 4378
f 4349 4378 4379
f 4349 4356 4375
f 4340 4336 4335
f 4340 4385 4336
f 4345 4347 4349
f 4345 4379 4381
f 4345 4381 4383
f 4345 4383 4385
f 4345 4349 4379
f 4343 4340 4341
f 4343 4345 4385
f 4343 4385 4340
f 4364 4362 4366
f 4366 4362 4368
f 4368 4360 4370
f 4362 4360 4368
f 4370 4358 4372
f 4372 4358 4373
f 4360 4358 4370
f 4373 4355 4376
f 4358 4355 4373
f 4386 4337 4388
f 4388 4337 4389
f 4389 4337 4392
f 4352 4350 4353
f 4353 4350 4355
f 4376 4350 4377
f 4377 4350 4380
f 4355 4350 4376
f 4337 4339 4338
f 4386 4339 4337
f 4348 4346 4350
f 4380 4346 4382
f 4382 4346 4384
f 4384 4346 4386
f 4350 4346 4380
f 4339 4344 4342
f 4346 4344 4386
f 4386 4344 4339
f 4393 4394 4395
f 4393 4395 4396
f 4393 4396 4397
f 4398 4393 4397
f 4399 4397 4400
f 4399 4398 4397
f 4401 4400 4402
f 4401 4399 4400
f 4403 4402 4404
f 4403 4401 4402
f 4405 4404 4406
f 4405 4403 4404
f 4407 4406 4408
f 4407 4405 4406
f 4409 4408 4410
f 4409 4410 4411
f 4409 4407 4408
f 4412 4409 4411
f 4412 4411 4413
f 4414 4412 4413
f 4415 4414 4413
f 4415 4413 4416
f 4417 4415 4416
f 4417 4416 4418
f 4419 4417 4418
f 4419 4418 4420
f 4421 4419 4420
f 4421 4420 4422
f 4423 4421 4422
f 4423 4422 4424
f 4425 4423 4424
f 4425 4424 4426
f 4427 4425 4426
f 4427 4426 4428
f 4429 4427 4428
f 4429 4428 4430
f 4429 4430 4431
f 4432 4429 4431
f 4433 4432 4431
f 4433 4431 4434
f 4433 4434 4435
f 4436 4433 4435
f 4437 4436 4435
f 4437 4435 4438
f 4439 4437 4438
f 4439 4438 4440
f 4441 4440 4442
f 4441 4439 4440
f 4443 4442 4444
f 4443 4441 4442
f 4445 4444 4446
f 4445 4446 4447
f 4445 4443 4444
f 4448 4445 4447
f 4449 4447 4450
f 4449 4448 4447
f 4394 4450 4395
f 4394 4449 4450
f 4419 4421 4423
f 4419 4423 4425
f 4417 4425 4427
f 4417 4419 4425
f 4415 4427 4429
f 4415 4429 4432
f 4415 4417 4427
f 4414 4432 4433
f 4414 4415 4432
f 4394 4443 4445
f 4394 4445 4448
f 4394 4448 4449
f 4407 4409 4412
f 4407 4412 4414
f 4407 4433 4436
f 4407 4436 4437
f 4407 4414 4433
f 4398 4394 4393
f 4398 4443 4394
f 4403 4405 4407
f 4403 4437 4439
f 4403 4439 4441
f 4403 4441 4443
f 4403 4407 4437
f 4401 4398 4399
f 4401 4403 4443
f 4401 4443 4398
f 4422 4420 4424
f 4424 4420 4426
f 4426 4418 4428
f 4420 4418 4426
f 4428 4416 4430
f 4430 4416 4431
f 4418 4416 4428
f 4431 4413 4434
f 4416 4413 4431
f 4444 4395 4446
f 4446 4395 4447
f 4447 4395 4450
f 4410 4408 4411
f 4411 4408 4413
f 4434 4408 4435
f 4435 4408 4438
f 4413 4408 4434
f 4395 4397 4396
f 4444 4397 4395
f 4406 4404 4408
f 4438 4404 4440
f 4440 4404 4442
f 4442 4404 4444
f 4408 4404 4438
f 4397 4402 4400
f 4404 4402 4444
f 4444 4402 4397
f 4451 4452 4453
f 4451 4453 4454
f 4451 4454 4455
f 4456 4451 4455
f 4457 4455 4458
f 4457 4456 4455
f 4459 4458 4460
f 4459 4457 4458
f 4461 4460 4462
f 4461 4459 4460
f 4463 4462 4464
f 4463 4461 4462
f 4465 4464 4466
f 4465 4463 4464
f 4467 4466 4468
f 4467 4468 4469
f 4467 4465 4466
f 4470 4467 4469
f 4470 4469 4471
f 4472 4470 4471
f 4473 4472 4471
f 4473 4471 4474
f 4475 4473 4474
f 4475 4474 4476
f 4477 4475 4476
f 4477 4476 4478
f 4479 4477 4478
f 4479 4478 4480
f 4481 4479 4480
f 4481 4480 4482
f 4483 4481 4482
f 4483 4482 4484
f 4485 4483 4484
f 4485 4484 4486
f 4487 4485 4486
f 4487 4486 4488
f 4487 4488 4489
f 4490 4487 4489
f 4491 4490 4489
f 4491 4489 4492
f 4491 4492 4493
f 4494 4491 4493
f 4495 4494 4493
f 4495 4493 4496
f 4497 4495 4496
f 4497 4496 4498
f 4499 4498 4500
f 4499 4497 4498
f 4501 4500 4502
f 4501 4499 4500
f 4503 4502 4504
f 4503 4504 4505
f 4503 4501 4502
f 4506 4503 4505
f 4507 4505 4508
f 4507 4506 4505
f 4452 4508 4453
f 4452 4507 4508
f 4477 4479 4481
f 4477 4481 4483
f 4475 4483 4485
f 4475 4477 4483
f 4473 4485 4487
f 4473 4487 4490
f 4473 4475 4485
f 4472 4490 4491
f 4472 4473 4490
f 4452 4501 4503
f 4452 4503 4506
f 4452 4506 4507
f 4465 4467 4470
f 4465 4470 4472
f 4465 4491 4494
f 4465 4494 4495
f 4465 4472 4491
f 4456 4452 4451
f 4456 4501 4452
f 4461 4463 4465
f 4461 4495 4497
f 4461 4497 4499
f 4461 4499 4501
f 4461 4465 4495
f 4459 4456 4457
f 4459 4461 4501
f 4459 4501 4456
f 4480 4478 4482
f 4482 4478 4484
f 4484 4476 4486
f 4478 4476 4484
f 4486 4474 4488
f 4488 4474 4489
f 4476 4474 4486
f 4489 4471 4492
f 4474 4471 4489
f 4502 4453 4504
f 4504 4453 4505
f 4505 4453 4508
f 4468 4466 4469
f 4469 4466 4471
f 4492 4466 4493
f 4493 4466 4496
f 4471 4466 4492
f 4453 4455 4454
f 4502 4455 4453
f 4464 4462 4466
f 4496 4462 4498
f 4498 4462 4500
f 4500 4462 4502
f 4466 4462 4496
f 4455 4460 4458
f 4462 4460 4502
f 4502 4460 4455
f 4509 4510 4511
f 4509 4511 4512
f 4509 4512 4513
f 4514 4509 4513
f 4515 4513 4516
f 4515 4514 4513
f 4517 4516 4518
f 4517 4515 4516
f 4519 4518 4520
f 4519 4517 4518
f 4521 4520 4522
f 4521 4519 4520
f 4523 4522 4524
f 4523 4521 4522
f 4525 4524 4526
f 4525 4526 4527
f 4525 4523 4524
f 4528 4525 4527
f 4528 4527 4529
f 4530 4528 4529
f 4531 4530 4529
f 4531 4529 4532
f 4533 4531 4532
f 4533 4532 4534
f 4535 4533 4534
f 4535 4534 4536
f 4537 4535 4536
f 4537 4536 4538
f 4539 4537 4538
f 4539 4538 4540
f 4541 4539 4540
f 4541 4540 4542
f 4543 4541 4542
f 4543 4542 4544
f 4545 4543 4544
f 4545 4544 4546
f 4545 4546 4547
f 4548 4545 4547
f 4549 4548 4547
f 4549 4547 4550
f 4549 4550 4551
f 4552 4549 4551
f 4553 4552 4551
f 4553 4551 4554
f 4555 4553 4554
f 4555 4554 4556
f 4557 4556 4558
f 4557 4555 4556
f 4559 4558 4560
f 4559 4557 4558
f 4561 4560 4562
f 4561 4562 4563
f 4561 4559 4560
f 4564 4561 4563
f 4565 4563 4566
f 4565 4564 4563
f 4510 4566 4511
f 4510 4565 4566
f 4535 4537 4539
f 4535 4539 4541
f 4533 4541 4543
f 4533 4535 4541
f 4531 4543 4545
f 4531 4545 4548
f 4531 4533 4543
f 4530 4548 4549
f 4530 4531 4548
f 4510 4559 4561
f 4510 4561 4564
f 4510 4564 4565
f 4523 4525 4528
f 4523 4528 4530
f 4523 4549 4552
f 4523 4552 4553
f 4523 4530 4549
f 4514 4510 4509
f 4514 4559 4510
f 4519 4521 4523
f 4519 4553 4555
f 4519 4555 4557
f 4519 4557 4559
f 4519 4523 4553
f 4517 4514 4515
f 4517 4519 4559
f 4517 4559 4514
f 4538 4536 4540
f 4540 4536 4542
f 4542 4534 4544
f 4536 4534 4542
f 4544 4532 4546
f 4546 4532 4547
f 4534 4532 4544
f 4547 4529 4550
f 4532 4529 4547
f 4560 4511 4562
f 4562 4511 4563
f 4563 4511 4566
f 4526 4524 4527
f 4527 4524 4529
f 4550 4524 4551
f 4551 4524 4554
f 4529 4524 4550
f 4511 4513 4512
f 4560 4513 4511
f 4522 4520 4524
f 4554 4520 4556
f 4556 4520 4558
f 4558 4520 4560
f 4524 4520 4554
f 4513 4518 4516
f 4520 4518 4560
f 4560 4518 4513
f 4567 4568 4569
f 4567 4569 4570
f 4567 4570 4571
f 4572 4567 4571
f 4573 4571 4574
f 4573 4572 4571
f 4575 4574 4576
f 4575 4573 4574
f 4577 4576 4578
f 4577 4575 4576
f 4579 4578 4580
f 4579 4577 4578
f 4581 4580 4582
f 4581 4579 4580
f 4583 4582 4584
f 4583 4584 4585
f 4583 4581 4582
f 4586 4583 4585
f 4586 4585 4587
f 4588 4586 4587
f 4589 4588 4587
f 4589 4587 4590
f 4591 4589 4590
f 4591 4590 4592
f 4593 4591 4592
f 4593 4592 4594
f 4595 4593 4594
f 4595 4594 4596
f 4597 4595 4596
f 4597 4596 4598
f 4599 4597 4598
f 4599 4598 4600
f 4601 4599 4600
f 4601 4600 4602
f 4603 4601 4602
f 4603 4602 4604
f 4603 4604 4605
f 4606 4603 4605
f 4607 4606 4605
f 4607 4605 4608
f 4607 4608 4609
f 4610 4607 4609
f 4611 4610 4609
f 4611 4609 4612
f 4613 4611 4612
f 4613 4612 4614
f 4615 4614 4616
f 4615 4613 4614
f 4617 4616 4618
f 4617 4615 4616
f 4619 4618 4620
f 4619 4620 4621
f 4619 4617 4618
f 4622 4619 4621
f 4623 4621 4624
f 4623 4622 4621
f 4568 4624 4569
f 4568 4623 4624
f 4593 4595 4597
f 4593 4597 4599
f 4617 4613 4615
f 4589 4591 4593
f 4589 4599 4601
f 4589 4601 4603
f 4589 4603 4606
f 4589 4593 4599
f 4586 4588 4589
f 4586 4589 4606
f 4568 4622 4623
f 4581 4583 4586
f 4581 4606 4607
f 4581 4607 4610
f 4581 4610 4611
f 4581 4586 4606
f 4579 4611 4613
f 4579 4581 4611
f 4572 4568 4567
f 4572 4622 4568
f 4577 4613 4617
f 4577 4579 4613
f 4573 4619 4622
f 4573 4622 4572
f 4575 4617 4619
f 4575 4619 4573
f 4575 4577 4617
f 4596 4594 4598
f 4598 4594 4600
f 4614 4618 4616
f 4592 4590 4594
f 4600 4590 4602
f 4602 4590 4604
f 4604 4590 4605
f 4594 4590 4600
f 4587 4585 4590
f 4590 4585 4605
f 4621 4569 4624
f 4584 4582 4585
f 4605 4582 4608
f 4608 4582 4609
f 4609 4582 4612
f 4585 4582 4605
f 4612 4580 4614
f 4582 4580 4612
f 4569 4571 4570
f 4621 4571 4569
f 4614 4578 4618
f 4580 4578 4614
f 4620 4574 4621
f 4621 4574 4571
f 4618 4576 4620
f 4620 4576 4574
f 4578 4576 4618
f 4625 4626 4627
f 4625 4627 4628
f 4625 4628 4629
f 4630 4625 4629
f 4631 4629 4632
f 4631 4630 4629
f 4633 4632 4634
f 4633 4631 4632
f 4635 4634 4636
f 4635 4633 4634
f 4637 4636 4638
f 4637 4635 4636
f 4639 4638 4640
f 4639 4637 4638
f 4641 4640 4642
f 4641 4642 4643
f 4641 4639 4640
f 4644 4641 4643
f 4644 4643 4645
f 4646 4644 4645
f 4647 4646 4645
f 4647 4645 4648
f 4649 4647 4648
f 4649 4648 4650
f 4651 4649 4650
f 4651 4650 4652
f 4653 4651 4652
f 4653 4652 4654
f 4655 4653 4654
f 4655 4654 4656
f 4657 4655 4656
f 4657 4656 4658
f 4659 4657 4658
f 4659 4658 4660
f 4661 4659 4660
f 4661 4660 4662
f 4661 4662 4663
f 4664 4661 4663
f 4665 4664 4663
f 4665 4663 4666
f 4665 4666 4667
f 4668 4665 4667
f 4669 4668 4667
f 4669 4667 4670
f 4671 4669 4670
f 4671 4670 4672
f 4673 4672 4674
f 4673 4671 4672
f 4675 4674 4676
f 4675 4673 4674
f 4677 4676 4678
f 4677 4678 4679
f 4677 4675 4676
f 4680 4677 4679
f 4681 4679 4682
f 4681 4680 4679
f 4626 4682 4627
f 4626 4681 4682
f 4651 4653 4655
f 4651 4655 4657
f 4651 4657 4659
f 4649 4659 4661
f 4649 4651 4659
f 4646 4647 4649
f 4646 4661 4664
f 4646 4649 4661
f 4680 4675 4677
f 4644 4646 4664
f 4641 4644 4664
f 4626 4680 4681
f 4639 4664 4665
f 4639 4665 4668
f 4639 4668 4669
f 4639 4641 4664
f 4637 4669 4671
f 4637 4639 4669
f 4635 4637 4671
f 4631 4626 4625
f 4631 4625 4630
f 4631 4671 4673
f 4631 4673 4675
f 4631 4680 4626
f 4631 4675 4680
f 4633 4671 4631
f 4633 4635 4671
f 4654 4652 4656
f 4656 4652 4658
f 4658 4652 4660
f 4660 4650 4662
f 4652 4650 4660
f 4648 4645 4650
f 4662 4645 4663
f 4650 4645 4662
f 4676 4679 4678
f 4645 4643 4663
f 4643 4642 4663
f 4679 4627 4682
f 4663 4640 4666
f 4666 4640 4667
f 4667 4640 4670
f 4642 4640 4663
f 4670 4638 4672
f 4640 4638 4670
f 4638 4636 4672
f 4627 4632 4628
f 4628 4632 4629
f 4672 4632 4674
f 4674 4632 4676
f 4679 4632 4627
f 4676 4632 4679
f 4672 4634 4632
f 4636 4634 4672
f 4683 4684 4685
f 4685 4684 4686
f 4684 4687 4686
f 4686 4687 4688
f 4688 4687 4689
f 4687 4690 4689
f 4689 4691 4692
f 4690 4691 4689
f 4692 4693 4694
f 4691 4693 4692
f 4694 4695 4696
f 4696 4695 4697
f 4693 4695 4694
f 4695 4698 4697
f 4697 4699 4700
f 4700 4699 4701
f 4698 4699 4697
f 4699 4702 4701
f 4701 4703 4704
f 4704 4703 4705
f 4702 4703 4701
f 4703 4706 4705
f 4705 4707 4708
f 4708 4707 4709
f 4706 4707 4705
f 4707 4710 4709
f 4709 4711 4712
f 4710 4711 4709
f 4712 4713 4714
f 4711 4713 4712
f 4714 4715 4716
f 4713 4715 4714
f 4715 4717 4716
f 4716 4717 4718
f 4717 4719 4718
f 4718 4719 4720
f 4720 4719 4721
f 4719 4722 4721
f 4721 4723 4724
f 4722 4723 4721
f 4724 4725 4726
f 4723 4725 4724
f 4726 4727 4728
f 4728 4727 4729
f 4725 4727 4726
f 4727 4730 4729
f 4729 4731 4732
f 4732 4731 4733
f 4730 4731 4729
f 4731 4734 4733
f 4733 4735 4736
f 4736 4735 4737
f 4734 4735 4733
f 4735 4738 4737
f 4737 4739 4740
f 4740 4739 4741
f 4738 4739 4737
f 4739 4742 4741
f 4741 4743 4744
f 4742 4743 4741
f 4744 4745 4746
f 4743 4745 4744
f 4746 4683 4685
f 4745 4683 4746
f 4739 4743 4742
f 4735 4734 4738
f 4738 4734 4739
f 4743 4683 4745
f 4734 4731 4739
f 4739 4730 4743
f 4731 4730 4739
f 4730 4727 4743
f 4727 4725 4743
f 4684 4690 4687
f 4723 4722 4725
f 4725 4722 4743
f 4690 4693 4691
f 4684 4693 4690
f 4719 4717 4722
f 4743 4717 4683
f 4722 4717 4743
f 4695 4699 4698
f 4683 4715 4684
f 4693 4715 4695
f 4684 4715 4693
f 4717 4715 4683
f 4695 4702 4699
f 4713 4711 4715
f 4715 4711 4695
f 4695 4711 4702
f 4702 4706 4703
f 4710 4707 4711
f 4702 4707 4706
f 4711 4707 4702
f 4744 4740 4741
f 4733 4736 4737
f 4733 4737 4740
f 4685 4744 4746
f 4732 4733 4740
f 4729 4740 4744
f 4729 4732 4740
f 4728 4729 4744
f 4726 4728 4744
f 4689 4686 4688
f 4721 4724 4726
f 4721 4726 4744
f 4694 4689 4692
f 4694 4686 4689
f 4718 4720 4721
f 4718 4744 4685
f 4718 4721 4744
f 4700 4696 4697
f 4716 4685 4686
f 4716 4694 4696
f 4716 4686 4694
f 4716 4718 4685
f 4701 4696 4700
f 4712 4714 4716
f 4712 4716 4696
f 4712 4696 4701
f 4705 4701 4704
f 4708 4709 4712
f 4708 4701 4705
f 4708 4712 4701
f 4747 4748 4749
f 4749 4748 4750
f 4748 4751 4750
f 4750 4751 4752
f 4752 4751 4753
f 4751 4754 4753
f 4753 4755 4756
f 4754 4755 4753
f 4756 4757 4758
f 4755 4757 4756
f 4758 4759 4760
f 4760 4759 4761
f 4757 4759 4758
f 4759 4762 4761
f 4761 4763 4764
f 4764 4763 4765
f 4762 4763 4761
f 4763 4766 4765
f 4765 4767 4768
f 4768 4767 4769
f 4766 4767 4765
f 4767 4770 4769
f 4769 4771 4772
f 4772 4771 4773
f 4770 4771 4769
f 4771 4774 4773
f 4773 4775 4776
f 4774 4775 4773
f 4776 4777 4778
f 4775 4777 4776
f 4778 4779 4780
f 4777 4779 4778
f 4779 4781 4780
f 4780 4781 4782
f 4781 4783 4782
f 4782 4783 4784
f 4784 4783 4785
f 4783 4786 4785
f 4785 4787 4788
f 4786 4787 4785
f 4788 4789 4790
f 4787 4789 4788
f 4790 4791 4792
f 4792 4791 4793
f 4789 4791 4790
f 4791 4794 4793
f 4793 4795 4796
f 4796 4795 4797
f 4794 4795 4793
f 4795 4798 4797
f 4797 4799 4800
f 4800 4799 4801
f 4798 4799 4797
f 4799 4802 4801
f 4801 4803 4804
f 4804 4803 4805
f 4802 4803 4801
f 4803 4806 4805
f 4805 4807 4808
f 4806 4807 4805
f 4808 4809 4810
f 4807 4809 4808
f 4810 4747 4749
f 4809 4747 4810
f 4803 4807 4806
f 4799 4798 4802
f 4802 4798 4803
f 4803 4798 4807
f 4807 4747 4809
f 4798 4795 4807
f 4807 4795 4747
f 4791 4789 4794
f 4794 4789 4795
f 4795 4789 4747
f 4787 4786 4789
f 4789 4786 4747
f 4748 4754 4751
f 4747 4781 4748
f 4783 4781 4786
f 4786 4781 4747
f 4748 4755 4754
f 4748 4757 4755
f 4757 4763 4759
f 4759 4763 4762
f 4748 4763 4757
f 4781 4779 4748
f 4748 4779 4763
f 4777 4775 4779
f 4763 4770 4766
f 4766 4770 4767
f 4774 4771 4775
f 4779 4771 4763
f 4763 4771 4770
f 4775 4771 4779
f 4808 4804 4805
f 4797 4800 4801
f 4797 4801 4804
f 4797 4804 4808
f 4749 4808 4810
f 4796 4797 4808
f 4796 4808 4749
f 4790 4792 4793
f 4790 4793 4796
f 4790 4796 4749
f 4785 4788 4790
f 4785 4790 4749
f 4753 4750 4752
f 4782 4749 4750
f 4782 4784 4785
f 4782 4785 4749
f 4756 4750 4753
f 4758 4750 4756
f 4764 4758 4760
f 4764 4760 4761
f 4764 4750 4758
f 4780 4782 4750
f 4780 4750 4764
f 4776 4778 4780
f 4769 4764 4765
f 4769 4765 4768
f 4772 4773 4776
f 4772 4780 4764
f 4772 4764 4769
f 4772 4776 4780
f 4811 4812 4813
f 4811 4813 4814
f 4811 4814 4815
f 4816 4811 4815
f 4817 4815 4818
f 4817 4816 4815
f 4819 4818 4820
f 4819 4817 4818
f 4821 4820 4822
f 4821 4819 4820
f 4823 4822 4824
f 4823 4821 4822
f 4825 4824 4826
f 4825 4823 4824
f 4827 4826 4828
f 4827 4828 4829
f 4827 4825 4826
f 4830 4827 4829
f 4830 4829 4831
f 4832 4830 4831
f 4833 4832 4831
f 4833 4831 4834
f 4835 4833 4834
f 4835 4834 4836
f 4837 4835 4836
f 4837 4836 4838
f 4839 4837 4838
f 4839 4838 4840
f 4841 4839 4840
f 4841 4840 4842
f 4843 4841 4842
f 4843 4842 4844
f 4845 4843 4844
f 4845 4844 4846
f 4847 4845 4846
f 4847 4846 4848
f 4847 4848 4849
f 4850 4847 4849
f 4851 4850 4849
f 4851 4849 4852
f 4851 4852 4853
f 4854 4851 4853
f 4855 4854 4853
f 4855 4853 4856
f 4857 4855 4856
f 4857 4856 4858
f 4859 4858 4860
f 4859 4857 4858
f 4861 4860 4862
f 4861 4859 4860
f 4863 4862 4864
f 4863 4864 4865
f 4863 4861 4862
f 4866 4863 4865
f 4867 4865 4868
f 4867 4866 4865
f 4812 4868 4813
f 4812 4867 4868
f 4837 4839 4841
f 4837 4841 4843
f 4835 4843 4845
f 4835 4837 4843
f 4833 4845 4847
f 4833 4847 4850
f 4833 4835 4845
f 4830 4832 4833
f 4830 4850 4851
f 4830 4851 4854
f 4830 4833 4850
f 4812 4863 4866
f 4812 4866 4867
f 4825 4827 4830
f 4825 4854 4855
f 4825 4830 4854
f 4823 4855 4857
f 4823 4825 4855
f 4816 4812 4811
f 4816 4861 4863
f 4816 4863 4812
f 4821 4857 4859
f 4821 4823 4857
f 4817 4859 4861
f 4817 4861 4816
f 4819 4821 4859
f 4819 4859 4817
f 4840 4838 4842
f 4842 4838 4844
f 4844 4836 4846
f 4838 4836 4844
f 4846 4834 4848
f 4848 4834 4849
f 4836 4834 4846
f 4831 4829 4834
f 4849 4829 4852
f 4852 4829 4853
f 4834 4829 4849
f 4864 4813 4865
f 4865 4813 4868
f 4828 4826 4829
f 4853 4826 4856
f 4829 4826 4853
f 4856 4824 4858
f 4826 4824 4856
f 4813 4815 4814
f 4862 4815 4864
f 4864 4815 4813
f 4858 4822 4860
f 4824 4822 4858
f 4860 4818 4862
f 4862 4818 4815
f 4822 4820 4860
f 4860 4820 4818
f 4869 4870 4871
f 4869 4871 4872
f 4869 4872 4873
f 4874 4869 4873
f 4875 4873 4876
f 4875 4874 4873
f 4877 4876 4878
f 4877 4875 4876
f 4879 4878 4880
f 4879 4877 4878
f 4881 4880 4882
f 4881 4879 4880
f 4883 4882 4884
f 4883 4881 4882
f 4885 4884 4886
f 4885 4886 4887
f 4885 4883 4884
f 4888 4885 4887
f 4888 4887 4889
f 4890 4888 4889
f 4891 4890 4889
f 4891 4889 4892
f 4893 4891 4892
f 4893 4892 4894
f 4895 4893 4894
f 4895 4894 4896
f 4897 4895 4896
f 4897 4896 4898
f 4899 4897 4898
f 4899 4898 4900
f 4901 4899 4900
f 4901 4900 4902
f 4903 4901 4902
f 4903 4902 4904
f 4905 4903 4904
f 4905 4904 4906
f 4905 4906 4907
f 4908 4905 4907
f 4909 4908 4907
f 4909 4907 4910
f 4909 4910 4911
f 4912 4909 4911
f 4913 4912 4911
f 4913 4911 4914
f 4915 4913 4914
f 4915 4914 4916
f 4917 4916 4918
f 4917 4915 4916
f 4919 4918 4920
f 4919 4917 4918
f 4921 4920 4922
f 4921 4922 4923
f 4921 4919 4920
f 4924 4921 4923
f 4925 4923 4926
f 4925 4924 4923
f 4870 4926 4871
f 4870 4925 4926
f 4895 4897 4899
f 4895 4899 4901
f 4893 4901 4903
f 4893 4895 4901
f 4891 4903 4905
f 4891 4905 4908
f 4891 4893 4903
f 4888 4890 4891
f 4888 4908 4909
f 4888 4909 4912
f 4888 4891 4908
f 4870 4921 4924
f 4870 4924 4925
f 4883 4885 4888
f 4883 4912 4913
f 4883 4888 4912
f 4881 4913 4915
f 4881 4883 4913
f 4874 4870 4869
f 4874 4919 4921
f 4874 4921 4870
f 4879 4915 4917
f 4879 4881 4915
f 4875 4917 4919
f 4875 4919 4874
f 4877 4879 4917
f 4877 4917 4875
f 4898 4896 4900
f 4900 4896 4902
f 4902 4894 4904
f 4896 4894 4902
f 4904 4892 4906
f 4906 4892 4907
f 4894 4892 4904
f 4889 4887 4892
f 4907 4887 4910
f 4910 4887 4911
f 4892 4887 4907
f 4922 4871 4923
f 4923 4871 4926
f 4886 4884 4887
f 4911 4884 4914
f 4887 4884 4911
f 4914 4882 4916
f 4884 4882 4914
f 4871 4873 4872
f 4920 4873 4922
f 4922 4873 4871
f 4916 4880 4918
f 4882 4880 4916
f 4918 4876 4920
f 4920 4876 4873
f 4880 4878 4918
f 4918 4878 4876
f 4927 4928 4929
f 4927 4929 4930
f 4927 4930 4931
f 4932 4927 4931
f 4933 4931 4934
f 4933 4932 4931
f 4935 4934 4936
f 4935 4933 4934
f 4937 4936 4938
f 4937 4935 4936
f 4939 4938 4940
f 4939 4937 4938
f 4941 4940 4942
f 4941 4939 4940
f 4943 4942 4944
f 4943 4944 4945
f 4943 4941 4942
f 4946 4943 4945
f 4946 4945 4947
f 4948 4946 4947
f 4949 4948 4947
f 4949 4947 4950
f 4951 4949 4950
f 4951 4950 4952
f 4953 4951 4952
f 4953 4952 4954
f 4955 4953 4954
f 4955 4954 4956
f 4957 4955 4956
f 4957 4956 4958
f 4959 4957 4958
f 4959 4958 4960
f 4961 4959 4960
f 4961 4960 4962
f 4963 4961 4962
f 4963 4962 4964
f 4963 4964 4965
f 4966 4963 4965
f 4967 4966 4965
f 4967 4965 4968
f 4967 4968 4969
f 4970 4967 4969
f 4971 4970 4969
f 4971 4969 4972
f 4973 4971 4972
f 4973 4972 4974
f 4975 4974 4976
f 4975 4973 4974
f 4977 4976 4978
f 4977 4975 4976
f 4979 4978 4980
f 4979 4980 4981
f 4979 4977 4978
f 4982 4979 4981
f 4983 4981 4984
f 4983 4982 4981
f 4928 4984 4929
f 4928 4983 4984
f 4953 4955 4957
f 4953 4957 4959
f 4951 4959 4961
f 4951 4953 4959
f 4949 4961 4963
f 4949 4963 4966
f 4949 4951 4961
f 4946 4948 4949
f 4946 4966 4967
f 4946 4967 4970
f 4946 4949 4966
f 4928 4979 4982
f 4928 4982 4983
f 4941 4943 4946
f 4941 4970 4971
f 4941 4946 4970
f 4939 4971 4973
f 4939 4941 4971
f 4932 4928 4927
f 4932 4977 4979
f 4932 4979 4928
f 4937 4973 4975
f 4937 4939 4973
f 4933 4975 4977
f 4933 4977 4932
f 4935 4937 4975
f 4935 4975 4933
f 4956 4954 4958
f 4958 4954 4960
f 4960 4952 4962
f 4954 4952 4960
f 4962 4950 4964
f 4964 4950 4965
f 4952 4950 4962
f 4947 4945 4950
f 4965 4945 4968
f 4968 4945 4969
f 4950 4945 4965
f 4980 4929 4981
f 4981 4929 4984
f 4944 4942 4945
f 4969 4942 4972
f 4945 4942 4969
f 4972 4940 4974
f 4942 4940 4972
f 4929 4931 4930
f 4978 4931 4980
f 4980 4931 4929
f 4974 4938 4976
f 4940 4938 4974
f 4976 4934 4978
f 4978 4934 4931
f 4938 4936 4976
f 4976 4936 4934
f 4985 4986 4987
f 4985 4987 4988
f 4985 4988 4989
f 4990 4985 4989
f 4991 4989 4992
f 4991 4990 4989
f 4993 4992 4994
f 4993 4991 4992
f 4995 4994 4996
f 4995 4993 4994
f 4997 4996 4998
f 4997 4995 4996
f 4999 4998 5000
f 4999 4997 4998
f 5001 5000 5002
f 5001 5002 5003
f 5001 4999 5000
f 5004 5001 5003
f 5004 5003 5005
f 5006 5004 5005
f 5007 5006 5005
f 5007 5005 5008
f 5009 5007 5008
f 5009 5008 5010
f 5011 5009 5010
f 5011 5010 5012
f 5013 5011 5012
f 5013 5012 5014
f 5015 5013 5014
f 5015 5014 5016
f 5017 5015 5016
f 5017 5016 5018
f 5019 5017 5018
f 5019 5018 5020
f 5021 5019 5020
f 5021 5020 5022
f 5021 5022 5023
f 5024 5021 5023
f 5025 5024 5023
f 5025 5023 5026
f 5025 5026 5027
f 5028 5025 5027
f 5029 5028 5027
f 5029 5027 5030
f 5031 5029 5030
f 5031 5030 5032
f 5033 5032 5034
f 5033 5031 5032
f 5035 5034 5036
f 5035 5033 5034
f 5037 5036 5038
f 5037 5038 5039
f 5037 5035 5036
f 5040 5037 5039
f 5041 5039 5042
f 5041 5040 5039
f 4986 5042 4987
f 4986 5041 5042
f 5011 5013 5015
f 5011 5015 5017
f 5009 5017 5019
f 5009 5011 5017
f 5007 5019 5021
f 5007 5021 5024
f 5007 5009 5019
f 5006 5024 5025
f 5006 5007 5024
f 4986 5035 5037
f 4986 5037 5040
f 4986 5040 5041
f 4999 5001 5004
f 4999 5004 5006
f 4999 5025 5028
f 4999 5028 5029
f 4999 5006 5025
f 4990 4986 4985
f 4990 5035 4986
f 4995 4997 4999
f 4995 5029 5031
f 4995 5031 5033
f 4995 5033 5035
f 4995 4999 5029
f 4993 4990 4991
f 4993 4995 5035
f 4993 5035 4990
f 5014 5012 5016
f 5016 5012 5018
f 5018 5010 5020
f 5012 5010 5018
f 5020 5008 5022
f 5022 5008 5023
f 5010 5008 5020
f 5023 5005 5026
f 5008 5005 5023
f 5036 4987 5038
f 5038 4987 5039
f 5039 4987 5042
f 5002 5000 5003
f 5003 5000 5005
f 5026 5000 5027
f 5027 5000 5030
f 5005 5000 5026
f 4987 4989 4988
f 5036 4989 4987
f 4998 4996 5000
f 5030 4996 5032
f 5032 4996 5034
f 5034 4996 5036
f 5000 4996 5030
f 4989 4994 4992
f 4996 4994 5036
f 5036 4994 4989
f 5043 5044 5045
f 5043 5045 5046
f 5043 5046 5047
f 5048 5043 5047
f 5049 5047 5050
f 5049 5048 5047
f 5051 5050 5052
f 5051 5049 5050
f 5053 5052 5054
f 5053 5051 5052
f 5055 5054 5056
f 5055 5053 5054
f 5057 5056 5058
f 5057 5055 5056
f 5059 5058 5060
f 5059 5060 5061
f 5059 5057 5058
f 5062 5059 5061
f 5062 5061 5063
f 5064 5062 5063
f 5065 5064 5063
f 5065 5063 5066
f 5067 5065 5066
f 5067 5066 5068
f 5069 5067 5068
f 5069 5068 5070
f 5071 5069 5070
f 5071 5070 5072
f 5073 5071 5072
f 5073 5072 5074
f 5075 5073 5074
f 5075 5074 5076
f 5077 5075 5076
f 5077 5076 5078
f 5079 5077 5078
f 5079 5078 5080
f 5079 5080 5081
f 5082 5079 5081
f 5083 5082 5081
f 5083 5081 5084
f 5083 5084 5085
f 5086 5083 5085
f 5087 5086 5085
f 5087 5085 5088
f 5089 5087 5088
f 5089 5088 5090
f 5091 5090 5092
f 5091 5089 5090
f 5093 5092 5094
f 5093 5091 5092
f 5095 5094 5096
f 5095 5096 5097
f 5095 5093 5094
f 5098 5095 5097
f 5099 5097 5100
f 5099 5098 5097
f 5044 5100 5045
f 5044 5099 5100
f 5069 5071 5073
f 5069 5073 5075
f 5067 5075 5077
f 5067 5069 5075
f 5065 5077 5079
f 5065 5079 5082
f 5065 5067 5077
f 5064 5082 5083
f 5064 5065 5082
f 5044 5093 5095
f 5044 5095 5098
f 5044 5098 5099
f 5057 5059 5062
f 5057 5062 5064
f 5057 5083 5086
f 5057 5086 5087
f 5057 5064 5083
f 5048 5044 5043
f 5048 5093 5044
f 5053 5055 5057
f 5053 5087 5089
f 5053 5089 5091
f 5053 5091 5093
f 5053 5057 5087
f 5051 5048 5049
f 5051 5053 5093
f 5051 5093 5048
f 5072 5070 5074
f 5074 5070 5076
f 5076 5068 5078
f 5070 5068 5076
f 5078 5066 5080
f 5080 5066 5081
f 5068 5066 5078
f 5081 5063 5084
f 5066 5063 5081
f 5094 5045 5096
f 5096 5045 5097
f 5097 5045 5100
f 5060 5058 5061
f 5061 5058 5063
f 5084 5058 5085
f 5085 5058 5088
f 5063 5058 5084
f 5045 5047 5046
f 5094 5047 5045
f 5056 5054 5058
f 5088 5054 5090
f 5090 5054 5092
f 5092 5054 5094
f 5058 5054 5088
f 5047 5052 5050
f 5054 5052 5094
f 5094 5052 5047
f 5101 5102 5103
f 5101 5103 5104
f 5101 5104 5105
f 5106 5101 5105
f 5107 5105 5108
f 5107 5106 5105
f 5109 5108 5110
f 5109 5107 5108
f 5111 5110 5112
f 5111 5109 5110
f 5113 5112 5114
f 5113 5111 5112
f 5115 5114 5116
f 5115 5113 5114
f 5117 5116 5118
f 5117 5118 5119
f 5117 5115 5116
f 5120 5117 5119
f 5120 5119 5121
f 5122 5120 5121
f 5123 5122 5121
f 5123 5121 5124
f 5125 5123 5124
f 5125 5124 5126
f 5127 5125 5126
f 5127 5126 5128
f 5129 5127 5128
f 5129 5128 5130
f 5131 5129 5130
f 5131 5130 5132
f 5133 5131 5132
f 5133 5132 5134
f 5135 5133 5134
f 5135 5134 5136
f 5137 5135 5136
f 5137 5136 5138
f 5137 5138 5139
f 5140 5137 5139
f 5141 5140 5139
f 5141 5139 5142
f 5141 5142 5143
f 5144 5141 5143
f 5145 5144 5143
f 5145 5143 5146
f 5147 5145 5146
f 5147 5146 5148
f 5149 5148 5150
f 5149 5147 5148
f 5151 5150 5152
f 5151 5149 5150
f 5153 5152 5154
f 5153 5154 5155
f 5153 5151 5152
f 5156 5153 5155
f 5157 5155 5158
f 5157 5156 5155
f 5102 5158 5103
f 5102 5157 5158
f 5127 5129 5131
f 5127 5131 5133
f 5125 5133 5135
f 5125 5127 5133
f 5123 5135 5137
f 5123 5137 5140
f 5123 5125 5135
f 5122 5140 5141
f 5122 5123 5140
f 5102 5151 5153
f 5102 5153 5156
f 5102 5156 5157
f 5115 5117 5120
f 5115 5120 5122
f 5115 5141 5144
f 5115 5144 5145
f 5115 5122 5141
f 5106 5102 5101
f 5106 5151 5102
f 5111 5113 5115
f 5111 5145 5147
f 5111 5147 5149
f 5111 5149 5151
f 5111 5115 5145
f 5109 5106 5107
f 5109 5111 5151
f 5109 5151 5106
f 5130 5128 5132
f 5132 5128 5134
f 5134 5126 5136
f 5128 5126 5134
f 5136 5124 5138
f 5138 5124 5139
f 5126 5124 5136
f 5139 5121 5142
f 5124 5121 5139
f 5152 5103 5154
f 5154 5103 5155
f 5155 5103 5158
f 5118 5116 5119
f 5119 5116 5121
f 5142 5116 5143
f 5143 5116 5146
f 5121 5116 5142
f 5103 5105 5104
f 5152 5105 5103
f 5114 5112 5116
f 5146 5112 5148
f 5148 5112 5150
f 5150 5112 5152
f 5116 5112 5146
f 5105 5110 5108
f 5112 5110 5152
f 5152 5110 5105
f 5159 5160 5161
f 5159 5161 5162
f 5159 5162 5163
f 5164 5159 5163
f 5165 5163 5166
f 5165 5164 5163
f 5167 5166 5168
f 5167 5165 5166
f 5169 5168 5170
f 5169 5167 5168
f 5171 5170 5172
f 5171 5169 5170
f 5173 5172 5174
f 5173 5171 5172
f 5175 5174 5176
f 5175 5176 5177
f 5175 5173 5174
f 5178 5175 5177
f 5178 5177 5179
f 5180 5178 5179
f 5181 5180 5179
f 5181 5179 5182
f 5183 5181 5182
f 5183 5182 5184
f 5185 5183 5184
f 5185 5184 5186
f 5187 5185 5186
f 5187 5186 5188
f 5189 5187 5188
f 5189 5188 5190
f 5191 5189 5190
f 5191 5190 5192
f 5193 5191 5192
f 5193 5192 5194
f 5195 5193 5194
f 5195 5194 5196
f 5195 5196 5197
f 5198 5195 5197
f 5199 5198 5197
f 5199 5197 5200
f 5199 5200 5201
f 5202 5199 5201
f 5203 5202 5201
f 5203 5201 5204
f 5205 5203 5204
f 5205 5204 5206
f 5207 5206 5208
f 5207 5205 5206
f 5209 5208 5210
f 5209 5207 5208
f 5211 5210 5212
f 5211 5212 5213
f 5211 5209 5210
f 5214 5211 5213
f 5215 5213 5216
f 5215 5214 5213
f 5160 5216 5161
f 5160 5215 5216
f 5185 5187 5189
f 5185 5189 5191
f 5183 5191 5193
f 5183 5185 5191
f 5181 5193 5195
f 5181 5195 5198
f 5181 5183 5193
f 5180 5198 5199
f 5180 5181 5198
f 5160 5209 5211
f 5160 5211 5214
f 5160 5214 5215
f 5173 5175 5178
f 5173 5178 5180
f 5173 5199 5202
f 5173 5202 5203
f 5173 5180 5199
f 5164 5160 5159
f 5164 5209 5160
f 5169 5171 5173
f 5169 5203 5205
f 5169 5205 5207
f 5169 5207 5209
f 5169 5173 5203
f 5167 5164 5165
f 5167 5169 5209
f 5167 5209 5164
f 5188 5186 5190
f 5190 5186 5192
f 5192 5184 5194
f 5186 5184 5192
f 5194 5182 5196
f 5196 5182 5197
f 5184 5182 5194
f 5197 5179 5200
f 5182 5179 5197
f 5210 5161 5212
f 5212 5161 5213
f 5213 5161 5216
f 5176 5174 5177
f 5177 5174 5179
f 5200 5174 5201
f 5201 5174 5204
f 5179 5174 5200
f 5161 5163 5162
f 5210 5163 5161
f 5172 5170 5174
f 5204 5170 5206
f 5206 5170 5208
f 5208 5170 5210
f 5174 5170 5204
f 5163 5168 5166
f 5170 5168 5210
f 5210 5168 5163
f 5217 5218 5219
f 5217 5219 5220
f 5217 5220 5221
f 5222 5217 5221
f 5223 5221 5224
f 5223 5222 5221
f 5225 5224 5226
f 5225 5223 5224
f 5227 5226 5228
f 5227 5225 5226
f 5229 5228 5230
f 5229 5227 5228
f 5231 5230 5232
f 5231 5229 5230
f 5233 5232 5234
f 5233 5234 5235
f 5233 5231 5232
f 5236 5233 5235
f 5236 5235 5237
f 5238 5236 5237
f 5239 5238 5237
f 5239 5237 5240
f 5241 5239 5240
f 5241 5240 5242
f 5243 5241 5242
f 5243 5242 5244
f 5245 5243 5244
f 5245 5244 5246
f 5247 5245 5246
f 5247 5246 5248
f 5249 5247 5248
f 5249 5248 5250
f 5251 5249 5250
f 5251 5250 5252
f 5253 5251 5252
f 5253 5252 5254
f 5253 5254 5255
f 5256 5253 5255
f 5257 5256 5255
f 5257 5255 5258
f 5257 5258 5259
f 5260 5257 5259
f 5261 5260 5259
f 5261 5259 5262
f 5263 5261 5262
f 5263 5262 5264
f 5265 5264 5266
f 5265 5263 5264
f 5267 5266 5268
f 5267 5265 5266
f 5269 5268 5270
f 5269 5270 5271
f 5269 5267 5268
f 5272 5269 5271
f 5273 5271 5274
f 5273 5272 5271
f 5218 5274 5219
f 5218 5273 5274
f 5243 5245 5247
f 5243 5247 5249
f 5241 5249 5251
f 5241 5243 5249
f 5239 5251 5253
f 5239 5253 5256
f 5239 5241 5251
f 5238 5256 5257
f 5238 5239 5256
f 5218 5267 5269
f 5218 5269 5272
f 5218 5272 5273
f 5231 5233 5236
f 5231 5236 5238
f 5231 5257 5260
f 5231 5260 5261
f 5231 5238 5257
f 5222 5218 5217
f 5222 5267 5218
f 5227 5229 5231
f 5227 5261 5263
f 5227 5263 5265
f 5227 5265 5267
f 5227 5231 5261
f 5225 5222 5223
f 5225 5227 5267
f 5225 5267 5222
f 5246 5244 5248
f 5248 5244 5250
f 5250 5242 5252
f 5244 5242 5250
f 5252 5240 5254
f 5254 5240 5255
f 5242 5240 5252
f 5255 5237 5258
f 5240 5237 5255
f 5268 5219 5270
f 5270 5219 5271
f 5271 5219 5274
f 5234 5232 5235
f 5235 5232 5237
f 5258 5232 5259
f 5259 5232 5262
f 5237 5232 5258
f 5219 5221 5220
f 5268 5221 5219
f 5230 5228 5232
f 5262 5228 5264
f 5264 5228 5266
f 5266 5228 5268
f 5232 5228 5262
f 5221 5226 5224
f 5228 5226 5268
f 5268 5226 5221
f 5275 5276 5277
f 5275 5277 5278
f 5275 5278 5279
f 5280 5275 5279
f 5281 5279 5282
f 5281 5280 5279
f 5283 5282 5284
f 5283 5281 5282
f 5285 5284 5286
f 5285 5283 5284
f 5287 5286 5288
f 5287 5285 5286
f 5289 5288 5290
f 5289 5287 5288
f 5291 5290 5292
f 5291 5292 5293
f 5291 5289 5290
f 5294 5291 5293
f 5294 5293 5295
f 5296 5294 5295
f 5297 5296 5295
f 5297 5295 5298
f 5299 5297 5298
f 5299 5298 5300
f 5301 5299 5300
f 5301 5300 5302
f 5303 5301 5302
f 5303 5302 5304
f 5305 5303 5304
f 5305 5304 5306
f 5307 5305 5306
f 5307 5306 5308
f 5309 5307 5308
f 5309 5308 5310
f 5311 5309 5310
f 5311 5310 5312
f 5311 5312 5313
f 5314 5311 5313
f 5315 5314 5313
f 5315 5313 5316
f 5315 5316 5317
f 5318 5315 5317
f 5319 5318 5317
f 5319 5317 5320
f 5321 5319 5320
f 5321 5320 5322
f 5323 5322 5324
f 5323 5321 5322
f 5325 5324 5326
f 5325 5323 5324
f 5327 5326 5328
f 5327 5328 5329
f 5327 5325 5326
f 5330 5327 5329
f 5331 5329 5332
f 5331 5330 5329
f 5276 5332 5277
f 5276 5331 5332
f 5301 5303 5305
f 5301 5305 5307
f 5299 5307 5309
f 5299 5301 5307
f 5297 5309 5311
f 5297 5311 5314
f 5297 5299 5309
f 5296 5314 5315
f 5296 5297 5314
f 5276 5325 5327
f 5276 5327 5330
f 5276 5330 5331
f 5289 5291 5294
f 5289 5294 5296
f 5289 5315 5318
f 5289 5318 5319
f 5289 5296 5315
f 5280 5276 5275
f 5280 5325 5276
f 5285 5287 5289
f 5285 5319 5321
f 5285 5321 5323
f 5285 5323 5325
f 5285 5289 5319
f 5283 5280 5281
f 5283 5285 5325
f 5283 5325 5280
f 5304 5302 5306
f 5306 5302 5308
f 5308 5300 5310
f 5302 5300 5308
f 5310 5298 5312
f 5312 5298 5313
f 5300 5298 5310
f 5313 5295 5316
f 5298 5295 5313
f 5326 5277 5328
f 5328 5277 5329
f 5329 5277 5332
f 5292 5290 5293
f 5293 5290 5295
f 5316 5290 5317
f 5317 5290 5320
f 5295 5290 5316
f 5277 5279 5278
f 5326 5279 5277
f 5288 5286 5290
f 5320 5286 5322
f 5322 5286 5324
f 5324 5286 5326
f 5290 5286 5320
f 5279 5284 5282
f 5286 5284 5326
f 5326 5284 5279
f 5333 5334 5335
f 5333 5335 5336
f 5333 5336 5337
f 5338 5333 5337
f 5339 5337 5340
f 5339 5338 5337
f 5341 5340 5342
f 5341 5339 5340
f 5343 5342 5344
f 5343 5341 5342
f 5345 5344 5346
f 5345 5343 5344
f 5347 5346 5348
f 5347 5345 5346
f 5349 5348 5350
f 5349 5350 5351
f 5349 5347 5348
f 5352 5349 5351
f 5352 5351 5353
f 5354 5352 5353
f 5355 5354 5353
f 5355 5353 5356
f 5357 5355 5356
f 5357 5356 5358
f 5359 5357 5358
f 5359 5358 5360
f 5361 5359 5360
f 5361 5360 5362
f 5363 5361 5362
f 5363 5362 5364
f 5365 5363 5364
f 5365 5364 5366
f 5367 5365 5366
f 5367 5366 5368
f 5369 5367 5368
f 5369 5368 5370
f 5369 5370 5371
f 5372 5369 5371
f 5373 5372 5371
f 5373 5371 5374
f 5373 5374 5375
f 5376 5373 5375
f 5377 5376 5375
f 5377 5375 5378
f 5379 5377 5378
f 5379 5378 5380
f 5381 5380 5382
f 5381 5379 5380
f 5383 5382 5384
f 5383 5381 5382
f 5385 5384 5386
f 5385 5386 5387
f 5385 5383 5384
f 5388 5385 5387
f 5389 5387 5390
f 5389 5388 5387
f 5334 5390 5335
f 5334 5389 5390
f 5359 5361 5363
f 5359 5363 5365
f 5383 5379 5381
f 5355 5357 5359
f 5355 5365 5367
f 5355 5367 5369
f 5355 5369 5372
f 5355 5359 5365
f 5352 5354 5355
f 5352 5355 5372
f 5334 5388 5389
f 5347 5349 5352
f 5347 5372 5373
f 5347 5373 5376
f 5347 5376 5377
f 5347 5352 5372
f 5345 5377 5379
f 5345 5347 5377
f 5338 5334 5333
f 5338 5388 5334
f 5343 5379 5383
f 5343 5345 5379
f 5339 5385 5388
f 5339 5388 5338
f 5341 5383 5385
f 5341 5385 5339
f 5341 5343 5383
f 5362 5360 5364
f 5364 5360 5366
f 5380 5384 5382
f 5358 5356 5360
f 5366 5356 5368
f 5368 5356 5370
f 5370 5356 5371
f 5360 5356 5366
f 5353 5351 5356
f 5356 5351 5371
f 5387 5335 5390
f 5350 5348 5351
f 5371 5348 5374
f 5374 5348 5375
f 5375 5348 5378
f 5351 5348 5371
f 5378 5346 5380
f 5348 5346 5378
f 5335 5337 5336
f 5387 5337 5335
f 5380 5344 5384
f 5346 5344 5380
f 5386 5340 5387
f 5387 5340 5337
f 5384 5342 5386
f 5386 5342 5340
f 5344 5342 5384
f 5391 5392 5393
f 5391 5393 5394
f 5391 5394 5395
f 5396 5391 5395
f 5397 5395 5398
f 5397 5396 5395
f 5399 5398 5400
f 5399 5397 5398
f 5401 5400 5402
f 5401 5399 5400
f 5403 5402 5404
f 5403 5401 5402
f 5405 5404 5406
f 5405 5403 5404
f 5407 5406 5408
f 5407 5408 5409
f 5407 5405 5406
f 5410 5407 5409
f 5410 5409 5411
f 5412 5410 5411
f 5413 5412 5411
f 5413 5411 5414
f 5415 5413 5414
f 5415 5414 5416
f 5417 5415 5416
f 5417 5416 5418
f 5419 5417 5418
f 5419 5418 5420
f 5421 5419 5420
f 5421 5420 5422
f 5423 5421 5422
f 5423 5422 5424
f 5425 5423 5424
f 5425 5424 5426
f 5427 5425 5426
f 5427 5426 5428
f 5427 5428 5429
f 5430 5427 5429
f 5431 5430 5429
f 5431 5429 5432
f 5431 5432 5433
f 5434 5431 5433
f 5435 5434 5433
f 5435 5433 5436
f 5437 5435 5436
f 5437 5436 5438
f 5439 5438 5440
f 5439 5437 5438
f 5441 5440 5442
f 5441 5439 5440
f 5443 5442 5444
f 5443 5444 5445
f 5443 5441 5442
f 5446 5443 5445
f 5447 5445 5448
f 5447 5446 5445
f 5392 5448 5393
f 5392 5447 5448
f 5417 5419 5421
f 5417 5421 5423
f 5417 5423 5425
f 5415 5425 5427
f 5415 5417 5425
f 5412 5413 5415
f 5412 5427 5430
f 5412 5415 5427
f 5446 5441 5443
f 5410 5412 5430
f 5407 5410 5430
f 5392 5446 5447
f 5405 5430 5431
f 5405 5431 5434
f 5405 5434 5435
f 5405 5407 5430
f 5403 5435 5437
f 5403 5405 5435
f 5401 5403 5437
f 5397 5392 5391
f 5397 5391 5396
f 5397 5437 5439
f 5397 5439 5441
f 5397 5446 5392
f 5397 5441 5446
f 5399 5437 5397
f 5399 5401 5437
f 5420 5418 5422
f 5422 5418 5424
f 5424 5418 5426
f 5426 5416 5428
f 5418 5416 5426
f 5414 5411 5416
f 5428 5411 5429
f 5416 5411 5428
f 5442 5445 5444
f 5411 5409 5429
f 5409 5408 5429
f 5445 5393 5448
f 5429 5406 5432
f 5432 5406 5433
f 5433 5406 5436
f 5408 5406 5429
f 5436 5404 5438
f 5406 5404 5436
f 5404 5402 5438
f 5393 5398 5394
f 5394 5398 5395
f 5438 5398 5440
f 5440 5398 5442
f 5445 5398 5393
f 5442 5398 5445
f 5438 5400 5398
f 5402 5400 5438
f 5449 5450 5451
f 5451 5450 5452
f 5450 5453 5452
f 5452 5453 5454
f 5454 5453 5455
f 5453 5456 5455
f 5455 5457 5458
f 5456 5457 5455
f 5458 5459 5460
f 5457 5459 5458
f 5460 5461 5462
f 5462 5461 5463
f 5459 5461 5460
f 5461 5464 5463
f 5463 5465 5466
f 5466 5465 5467
f 5464 5465 5463
f 5465 5468 5467
f 5467 5469 5470
f 5470 5469 5471
f 5468 5469 5467
f 5469 5472 5471
f 5471 5473 5474
f 5474 5473 5475
f 5472 5473 5471
f 5473 5476 5475
f 5475 5477 5478
f 5476 5477 5475
f 5478 5479 5480
f 5477 5479 5478
f 5480 5481 5482
f 5479 5481 5480
f 5481 5483 5482
f 5482 5483 5484
f 5483 5485 5484
f 5484 5485 5486
f 5486 5485 5487
f 5485 5488 5487
f 5487 5489 5490
f 5488 5489 5487
f 5490 5491 5492
f 5489 5491 5490
f 5492 5493 5494
f 5494 5493 5495
f 5491 5493 5492
f 5493 5496 5495
f 5495 5497 5498
f 5498 5497 5499
f 5496 5497 5495
f 5497 5500 5499
f 5499 5501 5502
f 5502 5501 5503
f 5500 5501 5499
f 5501 5504 5503
f 5503 5505 5506
f 5506 5505 5507
f 5504 5505 5503
f 5505 5508 5507
f 5507 5509 5510
f 5508 5509 5507
f 5510 5511 5512
f 5509 5511 5510
f 5512 5449 5451
f 5511 5449 5512
f 5505 5509 5508
f 5501 5500 5504
f 5504 5500 5505
f 5505 5500 5509
f 5509 5449 5511
f 5493 5491 5496
f 5496 5491 5497
f 5497 5491 5500
f 5489 5488 5491
f 5491 5488 5500
f 5450 5456 5453
f 5449 5483 5450
f 5485 5483 5488
f 5500 5483 5509
f 5509 5483 5449
f 5488 5483 5500
f 5450 5457 5456
f 5459 5464 5461
f 5457 5465 5459
f 5459 5465 5464
f 5483 5481 5450
f 5465 5469 5468
f 5479 5477 5481
f 5481 5477 5450
f 5465 5472 5469
f 5450 5476 5457
f 5477 5476 5450
f 5457 5473 5465
f 5465 5473 5472
f 5476 5473 5457
f 5510 5506 5507
f 5499 5502 5503
f 5499 5503 5506
f 5499 5506 5510
f 5451 5510 5512
f 5492 5494 5495
f 5492 5495 5498
f 5492 5498 5499
f 5487 5490 5492
f 5487 5492 5499
f 5455 5452 5454
f 5484 5451 5452
f 5484 5486 5487
f 5484 5499 5510
f 5484 5510 5451
f 5484 5487 5499
f 5458 5452 5455
f 5463 5460 5462
f 5466 5458 5460
f 5466 5460 5463
f 5482 5484 5452
f 5470 5466 5467
f 5478 5480 5482
f 5478 5482 5452
f 5471 5466 5470
f 5475 5452 5458
f 5475 5478 5452
f 5474 5458 5466
f 5474 5466 5471
f 5474 5475 5458
f 5513 5514 5515
f 5513 5515 5516
f 5513 5516 5517
f 5518 5513 5517
f 5519 5517 5520
f 5519 5518 5517
f 5521 5520 5522
f 5521 5519 5520
f 5523 5522 5524
f 5523 5521 5522
f 5525 5524 5526
f 5525 5523 5524
f 5527 5526 5528
f 5527 5525 5526
f 5529 5528 5530
f 5529 5530 5531
f 5529 5527 5528
f 5532 5529 5531
f 5532 5531 5533
f 5534 5532 5533
f 5535 5534 5533
f 5535 5533 5536
f 5537 5535 5536
f 5537 5536 5538
f 5539 5537 5538
f 5539 5538 5540
f 5541 5539 5540
f 5541 5540 5542
f 5543 5541 5542
f 5543 5542 5544
f 5545 5543 5544
f 5545 5544 5546
f 5547 5545 5546
f 5547 5546 5548
f 5549 5547 5548
f 5549 5548 5550
f 5549 5550 5551
f 5552 5549 5551
f 5553 5552 5551
f 5553 5551 5554
f 5553 5554 5555
f 5556 5553 5555
f 5557 5556 5555
f 5557 5555 5558
f 5559 5557 5558
f 5559 5558 5560
f 5561 5560 5562
f 5561 5559 5560
f 5563 5562 5564
f 5563 5561 5562
f 5565 5564 5566
f 5565 5566 5567
f 5565 5563 5564
f 5568 5565 5567
f 5569 5567 5570
f 5569 5568 5567
f 5514 5570 5515
f 5514 5569 5570
f 5539 5541 5543
f 5539 5543 5545
f 5537 5545 5547
f 5537 5539 5545
f 5535 5547 5549
f 5535 5549 5552
f 5535 5537 5547
f 5532 5534 5535
f 5532 5552 5553
f 5532 5553 5556
f 5532 5535 5552
f 5514 5565 5568
f 5514 5568 5569
f 5527 5529 5532
f 5527 5556 5557
f 5527 5532 5556
f 5525 5557 5559
f 5525 5527 5557
f 5518 5514 5513
f 5518 5563 5565
f 5518 5565 5514
f 5523 5559 5561
f 5523 5525 5559
f 5519 5561 5563
f 5519 5563 5518
f 5521 5523 5561
f 5521 5561 5519
f 5542 5540 5544
f 5544 5540 5546
f 5546 5538 5548
f 5540 5538 5546
f 5548 5536 5550
f 5550 5536 5551
f 5538 5536 5548
f 5533 5531 5536
f 5551 5531 5554
f 5554 5531 5555
f 5536 5531 5551
f 5566 5515 5567
f 5567 5515 5570
f 5530 5528 5531
f 5555 5528 5558
f 5531 5528 5555
f 5558 5526 5560
f 5528 5526 5558
f 5515 5517 5516
f 5564 5517 5566
f 5566 5517 5515
f 5560 5524 5562
f 5526 5524 5560
f 5562 5520 5564
f 5564 5520 5517
f 5524 5522 5562
f 5562 5522 5520
f 5571 5572 5573
f 5571 5573 5574
f 5571 5574 5575
f 5576 5571 5575
f 5577 5575 5578
f 5577 5576 5575
f 5579 5578 5580
f 5579 5577 5578
f 5581 5580 5582
f 5581 5579 5580
f 5583 5582 5584
f 5583 5581 5582
f 5585 5584 5586
f 5585 5583 5584
f 5587 5586 5588
f 5587 5588 5589
f 5587 5585 5586
f 5590 5587 5589
f 5590 5589 5591
f 5592 5590 5591
f 5593 5592 5591
f 5593 5591 5594
f 5595 5593 5594
f 5595 5594 5596
f 5597 5595 5596
f 5597 5596 5598
f 5599 5597 5598
f 5599 5598 5600
f 5601 5599 5600
f 5601 5600 5602
f 5603 5601 5602
f 5603 5602 5604
f 5605 5603 5604
f 5605 5604 5606
f 5607 5605 5606
f 5607 5606 5608
f 5607 5608 5609
f 5610 5607 5609
f 5611 5610 5609
f 5611 5609 5612
f 5611 5612 5613
f 5614 5611 5613
f 5615 5614 5613
f 5615 5613 5616
f 5617 5615 5616
f 5617 5616 5618
f 5619 5618 5620
f 5619 5617 5618
f 5621 5620 5622
f 5621 5619 5620
f 5623 5622 5624
f 5623 5624 5625
f 5623 5621 5622
f 5626 5623 5625
f 5627 5625 5628
f 5627 5626 5625
f 5572 5628 5573
f 5572 5627 5628
f 5597 5599 5601
f 5597 5601 5603
f 5595 5603 5605
f 5595 5597 5603
f 5593 5605 5607
f 5593 5607 5610
f 5593 5595 5605
f 5590 5592 5593
f 5590 5610 5611
f 5590 5611 5614
f 5590 5593 5610
f 5572 5623 5626
f 5572 5626 5627
f 5585 5587 5590
f 5585 5614 5615
f 5585 5590 5614
f 5583 5615 5617
f 5583 5585 5615
f 5576 5572 5571
f 5576 5621 5623
f 5576 5623 5572
f 5581 5617 5619
f 5581 5583 5617
f 5577 5619 5621
f 5577 5621 5576
f 5579 5581 5619
f 5579 5619 5577
f 5600 5598 5602
f 5602 5598 5604
f 5604 5596 5606
f 5598 5596 5604
f 5606 5594 5608
f 5608 5594 5609
f 5596 5594 5606
f 5591 5589 5594
f 5609 5589 5612
f 5612 5589 5613
f 5594 5589 5609
f 5624 5573 5625
f 5625 5573 5628
f 5588 5586 5589
f 5613 5586 5616
f 5589 5586 5613
f 5616 5584 5618
f 5586 5584 5616
f 5573 5575 5574
f 5622 5575 5624
f 5624 5575 5573
f 5618 5582 5620
f 5584 5582 5618
f 5620 5578 5622
f 5622 5578 5575
f 5582 5580 5620
f 5620 5580 5578
f 5629 5630 5631
f 5629 5631 5632
f 5629 5632 5633
f 5634 5629 5633
f 5635 5633 5636
f 5635 5634 5633
f 5637 5636 5638
f 5637 5635 5636
f 5639 5638 5640
f 5639 5637 5638
f 5641 5640 5642
f 5641 5639 5640
f 5643 5642 5644
f 5643 5641 5642
f 5645 5644 5646
f 5645 5646 5647
f 5645 5643 5644
f 5648 5645 5647
f 5648 5647 5649
f 5650 5648 5649
f 5651 5650 5649
f 5651 5649 5652
f 5653 5651 5652
f 5653 5652 5654
f 5655 5653 5654
f 5655 5654 5656
f 5657 5655 5656
f 5657 5656 5658
f 5659 5657 5658
f 5659 5658 5660
f 5661 5659 5660
f 5661 5660 5662
f 5663 5661 5662
f 5663 5662 5664
f 5665 5663 5664
f 5665 5664 5666
f 5665 5666 5667
f 5668 5665 5667
f 5669 5668 5667
f 5669 5667 5670
f 5669 5670 5671
f 5672 5669 5671
f 5673 5672 5671
f 5673 5671 5674
f 5675 5673 5674
f 5675 5674 5676
f 5677 5676 5678
f 5677 5675 5676
f 5679 5678 5680
f 5679 5677 5678
f 5681 5680 5682
f 5681 5682 5683
f 5681 5679 5680
f 5684 5681 5683
f 5685 5683 5686
f 5685 5684 5683
f 5630 5686 5631
f 5630 5685 5686
f 5655 5657 5659
f 5655 5659 5661
f 5653 5661 5663
f 5653 5655 5661
f 5651 5663 5665
f 5651 5665 5668
f 5651 5653 5663
f 5648 5650 5651
f 5648 5668 5669
f 5648 5669 5672
f 5648 5651 5668
f 5630 5681 5684
f 5630 5684 5685
f 5643 5645 5648
f 5643 5672 5673
f 5643 5648 5672
f 5641 5673 5675
f 5641 5643 5673
f 5634 5630 5629
f 5634 5679 5681
f 5634 5681 5630
f 5639 5675 5677
f 5639 5641 5675
f 5635 5677 5679
f 5635 5679 5634
f 5637 5639 5677
f 5637 5677 5635
f 5658 5656 5660
f 5660 5656 5662
f 5662 5654 5664
f 5656 5654 5662
f 5664 5652 5666
f 5666 5652 5667
f 5654 5652 5664
f 5649 5647 5652
f 5667 5647 5670
f 5670 5647 5671
f 5652 5647 5667
f 5682 5631 5683
f 5683 5631 5686
f 5646 5644 5647
f 5671 5644 5674
f 5647 5644 5671
f 5674 5642 5676
f 5644 5642 5674
f 5631 5633 5632
f 5680 5633 5682
f 5682 5633 5631
f 5676 5640 5678
f 5642 5640 5676
f 5678 5636 5680
f 5680 5636 5633
f 5640 5638 5678
f 5678 5638 5636
f 5687 5688 5689
f 5687 5689 5690
f 5687 5690 5691
f 5692 5687 5691
f 5693 5691 5694
f 5693 5692 5691
f 5695 5694 5696
f 5695 5693 5694
f 5697 5696 5698
f 5697 5695 5696
f 5699 5698 5700
f 5699 5697 5698
f 5701 5700 5702
f 5701 5699 5700
f 5703 5702 5704
f 5703 5704 5705
f 5703 5701 5702
f 5706 5703 5705
f 5706 5705 5707
f 5708 5706 5707
f 5709 5708 5707
f 5709 5707 5710
f 5711 5709 5710
f 5711 5710 5712
f 5713 5711 5712
f 5713 5712 5714
f 5715 5713 5714
f 5715 5714 5716
f 5717 5715 5716
f 5717 5716 5718
f 5719 5717 5718
f 5719 5718 5720
f 5721 5719 5720
f 5721 5720 5722
f 5723 5721 5722
f 5723 5722 5724
f 5723 5724 5725
f 5726 5723 5725
f 5727 5726 5725
f 5727 5725 5728
f 5727 5728 5729
f 5730 5727 5729
f 5731 5730 5729
f 5731 5729 5732
f 5733 5731 5732
f 5733 5732 5734
f 5735 5734 5736
f 5735 5733 5734
f 5737 5736 5738
f 5737 5735 5736
f 5739 5738 5740
f 5739 5740 5741
f 5739 5737 5738
f 5742 5739 5741
f 5743 5741 5744
f 5743 5742 5741
f 5688 5744 5689
f 5688 5743 5744
f 5713 5715 5717
f 5713 5717 5719
f 5711 5719 5721
f 5711 5713 5719
f 5709 5721 5723
f 5709 5723 5726
f 5709 5711 5721
f 5706 5708 5709
f 5706 5726 5727
f 5706 5727 5730
f 5706 5709 5726
f 5688 5739 5742
f 5688 5742 5743
f 5701 5703 5706
f 5701 5730 5731
f 5701 5706 5730
f 5699 5731 5733
f 5699 5701 5731
f 5692 5688 5687
f 5692 5737 5739
f 5692 5739 5688
f 5697 5733 5735
f 5697 5699 5733
f 5693 5735 5737
f 5693 5737 5692
f 5695 5697 5735
f 5695 5735 5693
f 5716 5714 5718
f 5718 5714 5720
f 5720 5712 5722
f 5714 5712 5720
f 5722 5710 5724
f 5724 5710 5725
f 5712 5710 5722
f 5707 5705 5710
f 5725 5705 5728
f 5728 5705 5729
f 5710 5705 5725
f 5740 5689 5741
f 5741 5689 5744
f 5704 5702 5705
f 5729 5702 5732
f 5705 5702 5729
f 5732 5700 5734
f 5702 5700 5732
f 5689 5691 5690
f 5738 5691 5740
f 5740 5691 5689
f 5734 5698 5736
f 5700 5698 5734
f 5736 5694 5738
f 5738 5694 5691
f 5698 5696 5736
f 5736 5696 5694
f 5745 5746 5747
f 5745 5747 5748
f 5745 5748 5749
f 5750 5745 5749
f 5751 5749 5752
f 5751 5750 5749
f 5753 5752 5754
f 5753 5751 5752
f 5755 5754 5756
f 5755 5753 5754
f 5757 5756 5758
f 5757 5755 5756
f 5759 5758 5760
f 5759 5757 5758
f 5761 5760 5762
f 5761 5762 5763
f 5761 5759 5760
f 5764 5761 5763
f 5764 5763 5765
f 5766 5764 5765
f 5767 5766 5765
f 5767 5765 5768
f 5769 5767 5768
f 5769 5768 5770
f 5771 5769 5770
f 5771 5770 5772
f 5773 5771 5772
f 5773 5772 5774
f 5775 5773 5774
f 5775 5774 5776
f 5777 5775 5776
f 5777 5776 5778
f 5779 5777 5778
f 5779 5778 5780
f 5781 5779 5780
f 5781 5780 5782
f 5781 5782 5783
f 5784 5781 5783
f 5785 5784 5783
f 5785 5783 5786
f 5785 5786 5787
f 5788 5785 5787
f 5789 5788 5787
f 5789 5787 5790
f 5791 5789 5790
f 5791 5790 5792
f 5793 5792 5794
f 5793 5791 5792
f 5795 5794 5796
f 5795 5793 5794
f 5797 5796 5798
f 5797 5798 5799
f 5797 5795 5796
f 5800 5797 5799
f 5801 5799 5802
f 5801 5800 5799
f 5746 5802 5747
f 5746 5801 5802
f 5771 5773 5775
f 5771 5775 5777
f 5769 5777 5779
f 5769 5771 5777
f 5767 5779 5781
f 5767 5781 5784
f 5767 5769 5779
f 5764 5766 5767
f 5764 5784 5785
f 5764 5785 5788
f 5764 5767 5784
f 5746 5797 5800
f 5746 5800 5801
f 5759 5761 5764
f 5759 5788 5789
f 5759 5764 5788
f 5757 5789 5791
f 5757 5759 5789
f 5750 5746 5745
f 5750 5795 5797
f 5750 5797 5746
f 5755 5791 5793
f 5755 5757 5791
f 5751 5793 5795
f 5751 5795 5750
f 5753 5755 5793
f 5753 5793 5751
f 5774 5772 5776
f 5776 5772 5778
f 5778 5770 5780
f 5772 5770 5778
f 5780 5768 5782
f 5782 5768 5783
f 5770 5768 5780
f 5765 5763 5768
f 5783 5763 5786
f 5786 5763 5787
f 5768 5763 5783
f 5798 5747 5799
f 5799 5747 5802
f 5762 5760 5763
f 5787 5760 5790
f 5763 5760 5787
f 5790 5758 5792
f 5760 5758 5790
f 5747 5749 5748
f 5796 5749 5798
f 5798 5749 5747
f 5792 5756 5794
f 5758 5756 5792
f 5794 5752 5796
f 5796 5752 5749
f 5756 5754 5794
f 5794 5754 5752
f 5803 5804 5805
f 5803 5805 5806
f 5803 5806 5807
f 5808 5803 5807
f 5809 5807 5810
f 5809 5808 5807
f 5811 5810 5812
f 5811 5809 5810
f 5813 5812 5814
f 5813 5811 5812
f 5815 5814 5816
f 5815 5813 5814
f 5817 5816 5818
f 5817 5815 5816
f 5819 5818 5820
f 5819 5820 5821
f 5819 5817 5818
f 5822 5819 5821
f 5822 5821 5823
f 5824 5822 5823
f 5825 5824 5823
f 5825 5823 5826
f 5827 5825 5826
f 5827 5826 5828
f 5829 5827 5828
f 5829 5828 5830
f 5831 5829 5830
f 5831 5830 5832
f 5833 5831 5832
f 5833 5832 5834
f 5835 5833 5834
f 5835 5834 5836
f 5837 5835 5836
f 5837 5836 5838
f 5839 5837 5838
f 5839 5838 5840
f 5839 5840 5841
f 5842 5839 5841
f 5843 5842 5841
f 5843 5841 5844
f 5843 5844 5845
f 5846 5843 5845
f 5847 5846 5845
f 5847 5845 5848
f 5849 5847 5848
f 5849 5848 5850
f 5851 5850 5852
f 5851 5849 5850
f 5853 5852 5854
f 5853 5851 5852
f 5855 5854 5856
f 5855 5856 5857
f 5855 5853 5854
f 5858 5855 5857
f 5859 5857 5860
f 5859 5858 5857
f 5804 5860 5805
f 5804 5859 5860
f 5829 5831 5833
f 5829 5833 5835
f 5827 5835 5837
f 5827 5829 5835
f 5825 5837 5839
f 5825 5839 5842
f 5825 5827 5837
f 5822 5824 5825
f 5822 5842 5843
f 5822 5843 5846
f 5822 5825 5842
f 5804 5855 5858
f 5804 5858 5859
f 5817 5819 5822
f 5817 5846 5847
f 5817 5822 5846
f 5815 5847 5849
f 5815 5817 5847
f 5808 5804 5803
f 5808 5853 5855
f 5808 5855 5804
f 5813 5849 5851
f 5813 5815 5849
f 5809 5851 5853
f 5809 5853 5808
f 5811 5813 5851
f 5811 5851 5809
f 5832 5830 5834
f 5834 5830 5836
f 5836 5828 5838
f 5830 5828 5836
f 5838 5826 5840
f 5840 5826 5841
f 5828 5826 5838
f 5823 5821 5826
f 5841 5821 5844
f 5844 5821 5845
f 5826 5821 5841
f 5856 5805 5857
f 5857 5805 5860
f 5820 5818 5821
f 5845 5818 5848
f 5821 5818 5845
f 5848 5816 5850
f 5818 5816 5848
f 5805 5807 5806
f 5854 5807 5856
f 5856 5807 5805
f 5850 5814 5852
f 5816 5814 5850
f 5852 5810 5854
f 5854 5810 5807
f 5814 5812 5852
f 5852 5812 5810
f 5861 5862 5863
f 5861 5863 5864
f 5861 5864 5865
f 5866 5861 5865
f 5867 5865 5868
f 5867 5866 5865
f 5869 5868 5870
f 5869 5867 5868
f 5871 5870 5872
f 5871 5869 5870
f 5873 5872 5874
f 5873 5871 5872
f 5875 5874 5876
f 5875 5873 5874
f 5877 5876 5878
f 5877 5878 5879
f 5877 5875 5876
f 5880 5877 5879
f 5880 5879 5881
f 5882 5880 5881
f 5883 5882 5881
f 5883 5881 5884
f 5885 5883 5884
f 5885 5884 5886
f 5887 5885 5886
f 5887 5886 5888
f 5889 5887 5888
f 5889 5888 5890
f 5891 5889 5890
f 5891 5890 5892
f 5893 5891 5892
f 5893 5892 5894
f 5895 5893 5894
f 5895 5894 5896
f 5897 5895 5896
f 5897 5896 5898
f 5897 5898 5899
f 5900 5897 5899
f 5901 5900 5899
f 5901 5899 5902
f 5901 5902 5903
f 5904 5901 5903
f 5905 5904 5903
f 5905 5903 5906
f 5907 5905 5906
f 5907 5906 5908
f 5909 5908 5910
f 5909 5907 5908
f 5911 5910 5912
f 5911 5909 5910
f 5913 5912 5914
f 5913 5914 5915
f 5913 5911 5912
f 5916 5913 5915
f 5917 5915 5918
f 5917 5916 5915
f 5862 5918 5863
f 5862 5917 5918
f 5887 5889 5891
f 5887 5891 5893
f 5885 5893 5895
f 5885 5887 5893
f 5883 5895 5897
f 5883 5897 5900
f 5883 5885 5895
f 5880 5882 5883
f 5880 5900 5901
f 5880 5901 5904
f 5880 5883 5900
f 5862 5913 5916
f 5862 5916 5917
f 5875 5877 5880
f 5875 5904 5905
f 5875 5880 5904
f 5873 5905 5907
f 5873 5875 5905
f 5866 5862 5861
f 5866 5911 5913
f 5866 5913 5862
f 5871 5907 5909
f 5871 5873 5907
f 5867 5909 5911
f 5867 5911 5866
f 5869 5871 5909
f 5869 5909 5867
f 5890 5888 5892
f 5892 5888 5894
f 5894 5886 5896
f 5888 5886 5894
f 5896 5884 5898
f 5898 5884 5899
f 5886 5884 5896
f 5881 5879 5884
f 5899 5879 5902
f 5902 5879 5903
f 5884 5879 5899
f 5914 5863 5915
f 5915 5863 5918
f 5878 5876 5879
f 5903 5876 5906
f 5879 5876 5903
f 5906 5874 5908
f 5876 5874 5906
f 5863 5865 5864
f 5912 5865 5914
f 5914 5865 5863
f 5908 5872 5910
f 5874 5872 5908
f 5910 5868 5912
f 5912 5868 5865
f 5872 5870 5910
f 5910 5870 5868
f 5919 5920 5921
f 5919 5921 5922
f 5919 5922 5923
f 5924 5919 5923
f 5925 5923 5926
f 5925 5924 5923
f 5927 5926 5928
f 5927 5925 5926
f 5929 5928 5930
f 5929 5927 5928
f 5931 5930 5932
f 5931 5929 5930
f 5933 5932 5934
f 5933 5931 5932
f 5935 5934 5936
f 5935 5936 5937
f 5935 5933 5934
f 5938 5935 5937
f 5938 5937 5939
f 5940 5938 5939
f 5941 5940 5939
f 5941 5939 5942
f 5943 5941 5942
f 5943 5942 5944
f 5945 5943 5944
f 5945 5944 5946
f 5947 5945 5946
f 5947 5946 5948
f 5949 5947 5948
f 5949 5948 5950
f 5951 5949 5950
f 5951 5950 5952
f 5953 5951 5952
f 5953 5952 5954
f 5955 5953 5954
f 5955 5954 5956
f 5955 5956 5957
f 5958 5955 5957
f 5959 5958 5957
f 5959 5957 5960
f 5959 5960 5961
f 5962 5959 5961
f 5963 5962 5961
f 5963 5961 5964
f 5965 5963 5964
f 5965 5964 5966
f 5967 5966 5968
f 5967 5965 5966
f 5969 5968 5970
f 5969 5967 5968
f 5971 5970 5972
f 5971 5972 5973
f 5971 5969 5970
f 5974 5971 5973
f 5975 5973 5976
f 5975 5974 5973
f 5920 5976 5921
f 5920 5975 5976
f 5945 5947 5949
f 5945 5949 5951
f 5943 5951 5953
f 5943 5945 5951
f 5941 5953 5955
f 5941 5955 5958
f 5941 5943 5953
f 5938 5940 5941
f 5938 5958 5959
f 5938 5959 5962
f 5938 5941 5958
f 5920 5971 5974
f 5920 5974 5975
f 5933 5935 5938
f 5933 5962 5963
f 5933 5938 5962
f 5931 5963 5965
f 5931 5933 5963
f 5924 5920 5919
f 5924 5969 5971
f 5924 5971 5920
f 5929 5965 5967
f 5929 5931 5965
f 5925 5967 5969
f 5925 5969 5924
f 5927 5929 5967
f 5927 5967 5925
f 5948 5946 5950
f 5950 5946 5952
f 5952 5944 5954
f 5946 5944 5952
f 5954 5942 5956
f 5956 5942 5957
f 5944 5942 5954
f 5939 5937 5942
f 5957 5937 5960
f 5960 5937 5961
f 5942 5937 5957
f 5972 5921 5973
f 5973 5921 5976
f 5936 5934 5937
f 5961 5934 5964
f 5937 5934 5961
f 5964 5932 5966
f 5934 5932 5964
f 5921 5923 5922
f 5970 5923 5972
f 5972 5923 5921
f 5966 5930 5968
f 5932 5930 5966
f 5968 5926 5970
f 5970 5926 5923
f 5930 5928 5968
f 5968 5928 5926
f 5977 5978 5979
f 5977 5979 5980
f 5977 5980 5981
f 5982 5977 5981
f 5983 5981 5984
f 5983 5982 5981
f 5985 5984 5986
f 5985 5983 5984
f 5987 5986 5988
f 5987 5985 5986
f 5989 5988 5990
f 5989 5987 5988
f 5991 5990 5992
f 5991 5989 5990
f 5993 5992 5994
f 5993 5994 5995
f 5993 5991 5992
f 5996 5993 5995
f 5996 5995 5997
f 5998 5996 5997
f 5999 5998 5997
f 5999 5997 6000
f 6001 5999 6000
f 6001 6000 6002
f 6003 6001 6002
f 6003 6002 6004
f 6005 6003 6004
f 6005 6004 6006
f 6007 6005 6006
f 6007 6006 6008
f 6009 6007 6008
f 6009 6008 6010
f 6011 6009 6010
f 6011 6010 6012
f 6013 6011 6012
f 6013 6012 6014
f 6013 6014 6015
f 6016 6013 6015
f 6017 6016 6015
f 6017 6015 6018
f 6017 6018 6019
f 6020 6017 6019
f 6021 6020 6019
f 6021 6019 6022
f 6023 6021 6022
f 6023 6022 6024
f 6025 6024 6026
f 6025 6023 6024
f 6027 6026 6028
f 6027 6025 6026
f 6029 6028 6030
f 6029 6030 6031
f 6029 6027 6028
f 6032 6029 6031
f 6033 6031 6034
f 6033 6032 6031
f 5978 6034 5979
f 5978 6033 6034
f 6003 6005 6007
f 6003 6007 6009
f 6001 6009 6011
f 6001 6003 6009
f 5999 6011 6013
f 5999 6013 6016
f 5999 6001 6011
f 5996 5998 5999
f 5996 6016 6017
f 5996 6017 6020
f 5996 5999 6016
f 5978 6029 6032
f 5978 6032 6033
f 5991 5993 5996
f 5991 6020 6021
f 5991 5996 6020
f 5989 6021 6023
f 5989 5991 6021
f 5982 5978 5977
f 5982 6027 6029
f 5982 6029 5978
f 5987 6023 6025
f 5987 5989 6023
f 5983 6025 6027
f 5983 6027 5982
f 5985 5987 6025
f 5985 6025 5983
f 6006 6004 6008
f 6008 6004 6010
f 6010 6002 6012
f 6004 6002 6010
f 6012 6000 6014
f 6014 6000 6015
f 6002 6000 6012
f 5997 5995 6000
f 6015 5995 6018
f 6018 5995 6019
f 6000 5995 6015
f 6030 5979 6031
f 6031 5979 6034
f 5994 5992 5995
f 6019 5992 6022
f 5995 5992 6019
f 6022 5990 6024
f 5992 5990 6022
f 5979 5981 5980
f 6028 5981 6030
f 6030 5981 5979
f 6024 5988 6026
f 5990 5988 6024
f 6026 5984 6028
f 6028 5984 5981
f 5988 5986 6026
f 6026 5986 5984
f 6035 6036 6037
f 6035 6037 6038
f 6035 6038 6039
f 6040 6035 6039
f 6041 6039 6042
f 6041 6040 6039
f 6043 6042 6044
f 6043 6041 6042
f 6045 6044 6046
f 6045 6043 6044
f 6047 6046 6048
f 6047 6045 6046
f 6049 6048 6050
f 6049 6047 6048
f 6051 6050 6052
f 6051 6052 6053
f 6051 6049 6050
f 6054 6051 6053
f 6054 6053 6055
f 6056 6054 6055
f 6057 6056 6055
f 6057 6055 6058
f 6059 6057 6058
f 6059 6058 6060
f 6061 6059 6060
f 6061 6060 6062
f 6063 6061 6062
f 6063 6062 6064
f 6065 6063 6064
f 6065 6064 6066
f 6067 6065 6066
f 6067 6066 6068
f 6069 6067 6068
f 6069 6068 6070
f 6071 6069 6070
f 6071 6070 6072
f 6071 6072 6073
f 6074 6071 6073
f 6075 6074 6073
f 6075 6073 6076
f 6075 6076 6077
f 6078 6075 6077
f 6079 6078 6077
f 6079 6077 6080
f 6081 6079 6080
f 6081 6080 6082
f 6083 6082 6084
f 6083 6081 6082
f 6085 6084 6086
f 6085 6083 6084
f 6087 6086 6088
f 6087 6088 6089
f 6087 6085 6086
f 6090 6087 6089
f 6091 6089 6092
f 6091 6090 6089
f 6036 6092 6037
f 6036 6091 6092
f 6061 6063 6065
f 6061 6065 6067
f 6059 6067 6069
f 6059 6061 6067
f 6057 6069 6071
f 6057 6071 6074
f 6057 6059 6069
f 6054 6056 6057
f 6054 6074 6075
f 6054 6075 6078
f 6054 6057 6074
f 6036 6087 6090
f 6036 6090 6091
f 6049 6051 6054
f 6049 6078 6079
f 6049 6054 6078
f 6047 6079 6081
f 6047 6049 6079
f 6040 6036 6035
f 6040 6085 6087
f 6040 6087 6036
f 6045 6081 6083
f 6045 6047 6081
f 6041 6083 6085
f 6041 6085 6040
f 6043 6045 6083
f 6043 6083 6041
f 6064 6062 6066
f 6066 6062 6068
f 6068 6060 6070
f 6062 6060 6068
f 6070 6058 6072
f 6072 6058 6073
f 6060 6058 6070
f 6055 6053 6058
f 6073 6053 6076
f 6076 6053 6077
f 6058 6053 6073
f 6088 6037 6089
f 6089 6037 6092
f 6052 6050 6053
f 6077 6050 6080
f 6053 6050 6077
f 6080 6048 6082
f 6050 6048 6080
f 6037 6039 6038
f 6086 6039 6088
f 6088 6039 6037
f 6082 6046 6084
f 6048 6046 6082
f 6084 6042 6086
f 6086 6042 6039
f 6046 6044 6084
f 6084 6044 6042
f 6093 6094 6095
f 6093 6095 6096
f 6093 6096 6097
f 6098 6093 6097
f 6099 6097 6100
f 6099 6098 6097
f 6101 6100 6102
f 6101 6099 6100
f 6103 6102 6104
f 6103 6101 6102
f 6105 6104 6106
f 6105 6103 6104
f 6107 6106 6108
f 6107 6105 6106
f 6109 6108 6110
f 6109 6110 6111
f 6109 6107 6108
f 6112 6109 6111
f 6112 6111 6113
f 6114 6112 6113
f 6115 6114 6113
f 6115 6113 6116
f 6117 6115 6116
f 6117 6116 6118
f 6119 6117 6118
f 6119 6118 6120
f 6121 6119 6120
f 6121 6120 6122
f 6123 6121 6122
f 6123 6122 6124
f 6125 6123 6124
f 6125 6124 6126
f 6127 6125 6126
f 6127 6126 6128
f 6129 6127 6128
f 6129 6128 6130
f 6129 6130 6131
f 6132 6129 6131
f 6133 6132 6131
f 6133 6131 6134
f 6133 6134 6135
f 6136 6133 6135
f 6137 6136 6135
f 6137 6135 6138
f 6139 6137 6138
f 6139 6138 6140
f 6141 6140 6142
f 6141 6139 6140
f 6143 6142 6144
f 6143 6141 6142
f 6145 6144 6146
f 6145 6146 6147
f 6145 6143 6144
f 6148 6145 6147
f 6149 6147 6150
f 6149 6148 6147
f 6094 6150 6095
f 6094 6149 6150
f 6119 6121 6123
f 6119 6123 6125
f 6117 6125 6127
f 6117 6119 6125
f 6115 6127 6129
f 6115 6129 6132
f 6115 6117 6127
f 6112 6114 6115
f 6112 6132 6133
f 6112 6133 6136
f 6112 6115 6132
f 6094 6145 6148
f 6094 6148 6149
f 6107 6109 6112
f 6107 6136 6137
f 6107 6112 6136
f 6105 6137 6139
f 6105 6107 6137
f 6098 6094 6093
f 6098 6143 6145
f 6098 6145 6094
f 6103 6139 6141
f 6103 6105 6139
f 6099 6141 6143
f 6099 6143 6098
f 6101 6103 6141
f 6101 6141 6099
f 6122 6120 6124
f 6124 6120 6126
f 6126 6118 6128
f 6120 6118 6126
f 6128 6116 6130
f 6130 6116 6131
f 6118 6116 6128
f 6113 6111 6116
f 6131 6111 6134
f 6134 6111 6135
f 6116 6111 6131
f 6146 6095 6147
f 6147 6095 6150
f 6110 6108 6111
f 6135 6108 6138
f 6111 6108 6135
f 6138 6106 6140
f 6108 6106 6138
f 6095 6097 6096
f 6144 6097 6146
f 6146 6097 6095
f 6140 6104 6142
f 6106 6104 6140
f 6142 6100 6144
f 6144 6100 6097
f 6104 6102 6142
f 6142 6102 6100
f 6151 6152 6153
f 6151 6153 6154
f 6151 6154 6155
f 6156 6151 6155
f 6157 6155 6158
f 6157 6156 6155
f 6159 6158 6160
f 6159 6157 6158
f 6161 6160 6162
f 6161 6159 6160
f 6163 6162 6164
f 6163 6161 6162
f 6165 6164 6166
f 6165 6163 6164
f 6167 6166 6168
f 6167 6168 6169
f 6167 6165 6166
f 6170 6167 6169
f 6170 6169 6171
f 6172 6170 6171
f 6173 6172 6171
f 6173 6171 6174
f 6175 6173 6174
f 6175 6174 6176
f 6177 6175 6176
f 6177 6176 6178
f 6179 6177 6178
f 6179 6178 6180
f 6181 6179 6180
f 6181 6180 6182
f 6183 6181 6182
f 6183 6182 6184
f 6185 6183 6184
f 6185 6184 6186
f 6187 6185 6186
f 6187 6186 6188
f 6187 6188 6189
f 6190 6187 6189
f 6191 6190 6189
f 6191 6189 6192
f 6191 6192 6193
f 6194 6191 6193
f 6195 6194 6193
f 6195 6193 6196
f 6197 6195 6196
f 6197 6196 6198
f 6199 6198 6200
f 6199 6197 6198
f 6201 6200 6202
f 6201 6199 6200
f 6203 6202 6204
f 6203 6204 6205
f 6203 6201 6202
f 6206 6203 6205
f 6207 6205 6208
f 6207 6206 6205
f 6152 6208 6153
f 6152 6207 6208
f 6177 6179 6181
f 6177 6181 6183
f 6175 6183 6185
f 6175 6177 6183
f 6173 6185 6187
f 6173 6187 6190
f 6173 6175 6185
f 6170 6172 6173
f 6170 6190 6191
f 6170 6191 6194
f 6170 6173 6190
f 6152 6203 6206
f 6152 6206 6207
f 6165 6167 6170
f 6165 6194 6195
f 6165 6170 6194
f 6163 6195 6197
f 6163 6165 6195
f 6156 6152 6151
f 6156 6201 6203
f 6156 6203 6152
f 6161 6197 6199
f 6161 6163 6197
f 6157 6199 6201
f 6157 6201 6156
f 6159 6161 6199
f 6159 6199 6157
f 6180 6178 6182
f 6182 6178 6184
f 6184 6176 6186
f 6178 6176 6184
f 6186 6174 6188
f 6188 6174 6189
f 6176 6174 6186
f 6171 6169 6174
f 6189 6169 6192
f 6192 6169 6193
f 6174 6169 6189
f 6204 6153 6205
f 6205 6153 6208
f 6168 6166 6169
f 6193 6166 6196
f 6169 6166 6193
f 6196 6164 6198
f 6166 6164 6196
f 6153 6155 6154
f 6202 6155 6204
f 6204 6155 6153
f 6198 6162 6200
f 6164 6162 6198
f 6200 6158 6202
f 6202 6158 6155
f 6162 6160 6200
f 6200 6160 6158
f 6209 6210 6211
f 6211 6210 6212
f 6210 6213 6212
f 6212 6213 6214
f 6214 6213 6215
f 6213 6216 6215
f 6215 6217 6218
f 6216 6217 6215
f 6218 6219 6220
f 6217 6219 6218
f 6220 6221 6222
f 6222 6221 6223
f 6219 6221 6220
f 6221 6224 6223
f 6223 6225 6226
f 6226 6225 6227
f 6224 6225 6223
f 6225 6228 6227
f 6227 6229 6230
f 6230 6229 6231
f 6228 6229 6227
f 6229 6232 6231
f 6231 6233 6234
f 6234 6233 6235
f 6232 6233 6231
f 6233 6236 6235
f 6235 6237 6238
f 6236 6237 6235
f 6238 6239 6240
f 6237 6239 6238
f 6240 6241 6242
f 6239 6241 6240
f 6241 6243 6242
f 6242 6243 6244
f 6243 6245 6244
f 6244 6245 6246
f 6246 6245 6247
f 6245 6248 6247
f 6247 6249 6250
f 6248 6249 6247
f 6250 6251 6252
f 6249 6251 6250
f 6252 6253 6254
f 6254 6253 6255
f 6251 6253 6252
f 6253 6256 6255
f 6255 6257 6258
f 6258 6257 6259
f 6256 6257 6255
f 6257 6260 6259
f 6259 6261 6262
f 6262 6261 6263
f 6260 6261 6259
f 6261 6264 6263
f 6263 6265 6266
f 6266 6265 6267
f 6264 6265 6263
f 6265 6268 6267
f 6267 6269 6270
f 6268 6269 6267
f 6270 6271 6272
f 6269 6271 6270
f 6272 6209 6211
f 6271 6209 6272
f 6264 6269 6265
f 6265 6269 6268
f 6261 6260 6264
f 6269 6209 6271
f 6256 6253 6257
f 6257 6253 6260
f 6260 6253 6264
f 6249 6248 6251
f 6245 6243 6248
f 6251 6243 6253
f 6264 6243 6269
f 6269 6243 6209
f 6253 6243 6264
f 6248 6243 6251
f 6210 6217 6213
f 6213 6217 6216
f 6217 6221 6219
f 6210 6221 6217
f 6221 6225 6224
f 6209 6241 6210
f 6243 6241 6209
f 6241 6239 6210
f 6221 6237 6225
f 6210 6237 6221
f 6239 6237 6210
f 6225 6233 6228
f 6228 6233 6229
f 6229 6233 6232
f 6236 6233 6237
f 6237 6233 6225
f 6270 6263 6266
f 6270 6266 6267
f 6259 6262 6263
f 6211 6270 6272
f 6254 6255 6258
f 6254 6258 6259
f 6254 6259 6263
f 6247 6250 6252
f 6244 6246 6247
f 6244 6252 6254
f 6244 6263 6270
f 6244 6270 6211
f 6244 6254 6263
f 6244 6247 6252
f 6218 6212 6214
f 6218 6214 6215
f 6222 6218 6220
f 6222 6212 6218
f 6226 6222 6223
f 6242 6211 6212
f 6242 6244 6211
f 6240 6242 6212
f 6238 6222 6226
f 6238 6212 6222
f 6238 6240 6212
f 6234 6226 6227
f 6234 6227 6230
f 6234 6230 6231
f 6234 6235 6238
f 6234 6238 6226
f 6273 6274 6275
f 6273 6275 6276
f 6273 6276 6277
f 6278 6273 6277
f 6279 6277 6280
f 6279 6278 6277
f 6281 6280 6282
f 6281 6279 6280
f 6283 6282 6284
f 6283 6281 6282
f 6285 6284 6286
f 6285 6283 6284
f 6287 6286 6288
f 6287 6285 6286
f 6289 6288 6290
f 6289 6290 6291
f 6289 6287 6288
f 6292 6289 6291
f 6292 6291 6293
f 6294 6292 6293
f 6295 6294 6293
f 6295 6293 6296
f 6297 6295 6296
f 6297 6296 6298
f 6299 6297 6298
f 6299 6298 6300
f 6301 6299 6300
f 6301 6300 6302
f 6303 6301 6302
f 6303 6302 6304
f 6305 6303 6304
f 6305 6304 6306
f 6307 6305 6306
f 6307 6306 6308
f 6309 6307 6308
f 6309 6308 6310
f 6309 6310 6311
f 6312 6309 6311
f 6313 6312 6311
f 6313 6311 6314
f 6313 6314 6315
f 6316 6313 6315
f 6317 6316 6315
f 6317 6315 6318
f 6319 6317 6318
f 6319 6318 6320
f 6321 6320 6322
f 6321 6319 6320
f 6323 6322 6324
f 6323 6321 6322
f 6325 6324 6326
f 6325 6326 6327
f 6325 6323 6324
f 6328 6325 6327
f 6329 6327 6330
f 6329 6328 6327
f 6274 6330 6275
f 6274 6329 6330
f 6299 6301 6303
f 6299 6303 6305
f 6297 6305 6307
f 6297 6299 6305
f 6295 6307 6309
f 6295 6309 6312
f 6295 6297 6307
f 6292 6294 6295
f 6292 6312 6313
f 6292 6313 6316
f 6292 6295 6312
f 6274 6325 6328
f 6274 6328 6329
f 6287 6289 6292
f 6287 6316 6317
f 6287 6292 6316
f 6285 6317 6319
f 6285 6287 6317
f 6278 6274 6273
f 6278 6323 6325
f 6278 6325 6274
f 6283 6319 6321
f 6283 6285 6319
f 6279 6321 6323
f 6279 6323 6278
f 6281 6283 6321
f 6281 6321 6279
f 6302 6300 6304
f 6304 6300 6306
f 6306 6298 6308
f 6300 6298 6306
f 6308 6296 6310
f 6310 6296 6311
f 6298 6296 6308
f 6293 6291 6296
f 6311 6291 6314
f 6314 6291 6315
f 6296 6291 6311
f 6326 6275 6327
f 6327 6275 6330
f 6290 6288 6291
f 6315 6288 6318
f 6291 6288 6315
f 6318 6286 6320
f 6288 6286 6318
f 6275 6277 6276
f 6324 6277 6326
f 6326 6277 6275
f 6320 6284 6322
f 6286 6284 6320
f 6322 6280 6324
f 6324 6280 6277
f 6284 6282 6322
f 6322 6282 6280
f 6331 6332 6333
f 6333 6332 6334
f 6332 6335 6334
f 6334 6335 6336
f 6336 6335 6337
f 6335 6338 6337
f 6337 6339 6340
f 6338 6339 6337
f 6340 6341 6342
f 6339 6341 6340
f 6342 6343 6344
f 6344 6343 6345
f 6341 6343 6342
f 6343 6346 6345
f 6345 6347 6348
f 6348 6347 6349
f 6346 6347 6345
f 6347 6350 6349
f 6349 6351 6352
f 6352 6351 6353
f 6350 6351 6349
f 6351 6354 6353
f 6353 6355 6356
f 6356 6355 6357
f 6354 6355 6353
f 6355 6358 6357
f 6357 6359 6360
f 6358 6359 6357
f 6360 6361 6362
f 6359 6361 6360
f 6362 6363 6364
f 6361 6363 6362
f 6363 6365 6364
f 6364 6365 6366
f 6365 6367 6366
f 6366 6367 6368
f 6368 6367 6369
f 6367 6370 6369
f 6369 6371 6372
f 6370 6371 6369
f 6372 6373 6374
f 6371 6373 6372
f 6374 6375 6376
f 6376 6375 6377
f 6373 6375 6374
f 6375 6378 6377
f 6377 6379 6380
f 6380 6379 6381
f 6378 6379 6377
f 6379 6382 6381
f 6381 6383 6384
f 6384 6383 6385
f 6382 6383 6381
f 6383 6386 6385
f 6385 6387 6388
f 6388 6387 6389
f 6386 6387 6385
f 6387 6390 6389
f 6389 6391 6392
f 6390 6391 6389
f 6392 6393 6394
f 6391 6393 6392
f 6394 6331 6333
f 6393 6331 6394
f 6386 6383 6387
f 6387 6393 6390
f 6390 6393 6391
f 6383 6382 6387
f 6387 6331 6393
f 6382 6331 6387
f 6375 6373 6378
f 6378 6373 6379
f 6367 6365 6370
f 6370 6365 6371
f 6371 6365 6373
f 6379 6365 6382
f 6382 6365 6331
f 6373 6365 6379
f 6365 6332 6331
f 6332 6338 6335
f 6338 6341 6339
f 6341 6347 6343
f 6343 6347 6346
f 6365 6363 6332
f 6361 6359 6363
f 6363 6359 6332
f 6347 6354 6350
f 6350 6354 6351
f 6332 6358 6338
f 6359 6358 6332
f 6338 6355 6341
f 6341 6355 6347
f 6358 6355 6338
f 6347 6355 6354
f 6384 6385 6388
f 6394 6388 6389
f 6394 6389 6392
f 6381 6384 6388
f 6333 6388 6394
f 6333 6381 6388
f 6374 6376 6377
f 6374 6377 6380
f 6366 6368 6369
f 6366 6369 6372
f 6366 6372 6374
f 6366 6380 6381
f 6366 6381 6333
f 6366 6374 6380
f 6334 6366 6333
f 6337 6334 6336
f 6342 6337 6340
f 6348 6342 6344
f 6348 6344 6345
f 6364 6366 6334
f 6360 6362 6364
f 6360 6364 6334
f 6353 6348 6349
f 6353 6349 6352
f 6357 6334 6337
f 6357 6360 6334
f 6356 6337 6342
f 6356 6342 6348
f 6356 6357 6337
f 6356 6348 6353
o KeysOrange
usemtl mat_KeysOrange
v 227.9130 369.7198 39.3929
v 228.1000 368.0000 39.3929
v 228.1000 368.0000 29.3929
v 227.9130 369.7198 29.3929
v 227.3606 371.3591 29.3929
v 227.3606 371.3591 39.3929
v 226.4688 372.8414 39.3929
v 226.4688 372.8414 29.3929
v 225.2791 374.0973 39.3929
v 225.2791 374.0973 29.3929
v 223.8473 375.0681 39.3929
v 223.8473 375.0681 29.3929
v 222.2402 375.7084 39.3929
v 222.2402 375.7084 29.3929
v 220.5331 375.9883 39.3929
v 220.5331 375.9883 29.3929
v 218.8057 375.8946 39.3929
v 218.8057 375.8946 29.3929
v 217.1389 375.4318 29.3929
v 217.1389 375.4318 39.3929
v 215.6105 374.6215 29.3929
v 215.6105 374.6215 39.3929
v 214.2920 373.5016 39.3929
v 214.2920 373.5016 29.3929
v 213.2451 372.1244 39.3929
v 213.2451 372.1244 29.3929
v 212.5188 370.5544 39.3929
v 212.5188 370.5544 29.3929
v 212.1469 368.8650 39.3929
v 212.1469 368.8650 29.3929
v 212.1469 367.1350 39.3929
v 212.1469 367.1350 29.3929
v 212.5188 365.4456 39.3929
v 212.5188 365.4456 29.3929
v 213.2451 363.8756 39.3929
v 213.2451 363.8756 29.3929
v 214.2920 362.4984 39.3929
v 214.2920 362.4984 29.3929
v 215.6105 361.3785 29.3929
v 215.6105 361.3785 39.3929
v 217.1389 360.5682 39.3929
v 217.1389 360.5682 29.3929
v 218.8057 360.1054 29.3929
v 218.8057 360.1054 39.3929
v 220.5331 360.0117 39.3929
v 220.5331 360.0117 29.3929
v 222.2402 360.2916 39.3929
v 222.2402 360.2916 29.3929
v 223.8473 360.9319 39.3929
v 223.8473 360.9319 29.3929
v 225.2791 361.9027 39.3929
v 225.2791 361.9027 29.3929
v 226.4688 363.1586 39.3929
v 226.4688 363.1586 29.3929
v 227.3606 364.6409 29.3929
v 227.3606 364.6409 39.3929
v 227.9130 366.2802 39.3929
v 227.9130 366.2802 29.3929
v 56.9130 369.7198 39.3929
v 57.1000 368.0000 39.3929
v 57.1000 368.0000 29.3929
v 56.9130 369.7198 29.3929
v 56.3606 371.3591 29.3929
v 56.3606 371.3591 39.3929
v 55.4687 372.8414 39.3929
v 55.4687 372.8414 29.3929
v 54.2791 374.0973 39.3929
v 54.2791 374.0973 29.3929
v 52.8473 375.0681 39.3929
v 52.8473 375.0681 29.3929
v 51.2402 375.7084 39.3929
v 51.2402 375.7084 29.3929
v 49.5331 375.9883 39.3929
v 49.5331 375.9883 29.3929
v 47.8057 375.8946 39.3929
v 47.8057 375.8946 29.3929
v 46.1389 375.4318 29.3929
v 46.1389 375.4318 39.3929
v 44.6105 374.6215 29.3929
v 44.6105 374.6215 39.3929
v 43.2920 373.5016 39.3929
v 43.2920 373.5016 29.3929
v 42.2451 372.1244 39.3929
v 42.2451 372.1244 29.3929
v 41.5188 370.5544 39.3929
v 41.5188 370.5544 29.3929
v 41.1469 368.8650 39.3929
v 41.1469 368.8650 29.3929
v 41.1469 367.1350 39.3929
v 41.1469 367.1350 29.3929
v 41.5188 365.4456 39.3929
v 41.5188 365.4456 29.3929
v 42.2451 363.8756 39.3929
v 42.2451 363.8756 29.3929
v 43.2920 362.4984 39.3929
v 43.2920 362.4984 29.3929
v 44.6105 361.3785 29.3929
v 44.6105 361.3785 39.3929
v 46.1389 360.5682 39.3929
v 46.1389 360.5682 29.3929
v 47.8057 360.1054 29.3929
v 47.8057 360.1054 39.3929
v 49.5331 360.0117 39.3929
v 49.5331 360.0117 29.3929
v 51.2402 360.2916 39.3929
v 51.2402 360.2916 29.3929
v 52.8473 360.9319 39.3929
v 52.8473 360.9319 29.3929
v 54.2791 361.9027 39.3929
v 54.2791 361.9027 29.3929
v 55.4687 363.1586 39.3929
v 55.4687 363.1586 29.3929
v 56.3606 364.6409 29.3929
v 56.3606 364.6409 39.3929
v 56.9130 366.2802 39.3929
v 56.9130 366.2802 29.3929
v 37.9130 369.7198 39.3929
v 38.1000 368.0000 39.3929
v 38.1000 368.0000 29.3929
v 37.9130 369.7198 29.3929
v 37.3606 371.3591 29.3929
v 37.3606 371.3591 39.3929
v 36.4687 372.8414 39.3929
v 36.4687 372.8414 29.3929
v 35.2791 374.0973 39.3929
v 35.2791 374.0973 29.3929
v 33.8473 375.0681 39.3929
v 33.8473 375.0681 29.3929
v 32.2402 375.7084 39.3929
v 32.2402 375.7084 29.3929
v 30.5331 375.9883 39.3929
v 30.5331 375.9883 29.3929
v 28.8057 375.8946 39.3929
v 28.8057 375.8946 29.3929
v 27.1389 375.4318 29.3929
v 27.1389 375.4318 39.3929
v 25.6105 374.6215 29.3929
v 25.6105 374.6215 39.3929
v 24.2920 373.5016 39.3929
v 24.2920 373.5016 29.3929
v 23.2451 372.1244 39.3929
v 23.2451 372.1244 29.3929
v 22.5188 370.5544 39.3929
v 22.5188 370.5544 29.3929
v 22.1469 368.8650 39.3929
v 22.1469 368.8650 29.3929
v 22.1469 367.1350 39.3929
v 22.1469 367.1350 29.3929
v 22.5188 365.4456 39.3929
v 22.5188 365.4456 29.3929
v 23.2451 363.8756 39.3929
v 23.2451 363.8756 29.3929
v 24.2920 362.4984 39.3929
v 24.2920 362.4984 29.3929
v 25.6105 361.3785 29.3929
v 25.6105 361.3785 39.3929
v 27.1389 360.5682 39.3929
v 27.1389 360.5682 29.3929
v 28.8057 360.1054 29.3929
v 28.8057 360.1054 39.3929
v 30.5331 360.0117 39.3929
v 30.5331 360.0117 29.3929
v 32.2402 360.2916 39.3929
v 32.2402 360.2916 29.3929
v 33.8473 360.9319 39.3929
v 33.8473 360.9319 29.3929
v 35.2791 361.9027 39.3929
v 35.2791 361.9027 29.3929
v 36.4687 363.1586 39.3929
v 36.4687 363.1586 29.3929
v 37.3606 364.6409 29.3929
v 37.3606 364.6409 39.3929
v 37.9130 366.2802 39.3929
v 37.9130 366.2802 29.3929
v 18.9130 369.7198 39.3929
v 19.1000 368.0000 39.3929
v 19.1000 368.0000 29.3929
v 18.9130 369.7198 29.3929
v 18.3606 371.3591 29.3929
v 18.3606 371.3591 39.3929
v 17.4687 372.8414 39.3929
v 17.4687 372.8414 29.3929
v 16.2791 374.0973 39.3929
v 16.2791 374.0973 29.3929
v 14.8473 375.0681 39.3929
v 14.8473 375.0681 29.3929
v 13.2402 375.7084 39.3929
v 13.2402 375.7084 29.3929
v 11.5331 375.9883 39.3929
v 11.5331 375.9883 29.3929
v 9.8057 375.8946 39.3929
v 9.8057 375.8946 29.3929
v 8.1389 375.4318 29.3929
v 8.1389 375.4318 39.3929
v 6.6105 374.6215 29.3929
v 6.6105 374.6215 39.3929
v 5.2920 373.5016 39.3929
v 5.2920 373.5016 29.3929
v 4.2451 372.1244 39.3929
v 4.2451 372.1244 29.3929
v 3.5188 370.5544 39.3929
v 3.5188 370.5544 29.3929
v 3.1469 368.8650 39.3929
v 3.1469 368.8650 29.3929
v 3.1469 367.1350 39.3929
v 3.1469 367.1350 29.3929
v 3.5188 365.4456 39.3929
v 3.5188 365.4456 29.3929
v 4.2451 363.8756 39.3929
v 4.2451 363.8756 29.3929
v 5.2920 362.4984 39.3929
v 5.2920 362.4984 29.3929
v 6.6105 361.3785 29.3929
v 6.6105 361.3785 39.3929
v 8.1389 360.5682 39.3929
v 8.1389 360.5682 29.3929
v 9.8057 360.1054 29.3929
v 9.8057 360.1054 39.3929
v 11.5331 360.0117 39.3929
v 11.5331 360.0117 29.3929
v 13.2402 360.2916 39.3929
v 13.2402 360.2916 29.3929
v 14.8473 360.9319 39.3929
v 14.8473 360.9319 29.3929
v 16.2791 361.9027 39.3929
v 16.2791 361.9027 29.3929
v 17.4687 363.1586 39.3929
v 17.4687 363.1586 29.3929
v 18.3606 364.6409 29.3929
v 18.3606 364.6409 39.3929
v 18.9130 366.2802 39.3929
v 18.9130 366.2802 29.3929
v -0.0870 369.7198 39.3929
v 0.1000 368.0000 39.3929
v 0.1000 368.0000 29.3929
v -0.0870 369.7198 29.3929
v -0.6394 371.3591 29.3929
v -0.6394 371.3591 39.3929
v -1.5313 372.8414 39.3929
v -1.5313 372.8414 29.3929
v -2.7209 374.0973 39.3929
v -2.7209 374.0973 29.3929
v -4.1527 375.0681 39.3929
v -4.1527 375.0681 29.3929
v -5.7598 375.7084 39.3929
v -5.7598 375.7084 29.3929
v -7.4669 375.9883 39.3929
v -7.4669 375.9883 29.3929
v -9.1943 375.8946 39.3929
v -9.1943 375.8946 29.3929
v -10.8611 375.4318 29.3929
v -10.8611 375.4318 39.3929
v -12.3895 374.6215 29.3929
v -12.3895 374.6215 39.3929
v -13.7080 373.5016 39.3929
v -13.7080 373.5016 29.3929
v -14.7549 372.1244 39.3929
v -14.7549 372.1244 29.3929
v -15.4812 370.5544 39.3929
v -15.4812 370.5544 29.3929
v -15.8531 368.8650 39.3929
v -15.8531 368.8650 29.3929
v -15.8531 367.1350 39.3929
v -15.8531 367.1350 29.3929
v -15.4812 365.4456 39.3929
v -15.4812 365.4456 29.3929
v -14.7549 363.8756 39.3929
v -14.7549 363.8756 29.3929
v -13.7080 362.4984 39.3929
v -13.7080 362.4984 29.3929
v -12.3895 361.3785 29.3929
v -12.3895 361.3785 39.3929
v -10.8611 360.5682 39.3929
v -10.8611 360.5682 29.3929
v -9.1943 360.1054 29.3929
v -9.1943 360.1054 39.3929
v -7.4669 360.0117 39.3929
v -7.4669 360.0117 29.3929
v -5.7598 360.2916 39.3929
v -5.7598 360.2916 29.3929
v -4.1527 360.9319 39.3929
v -4.1527 360.9319 29.3929
v -2.7209 361.9027 39.3929
v -2.7209 361.9027 29.3929
v -1.5313 363.1586 39.3929
v -1.5313 363.1586 29.3929
v -0.6394 364.6409 29.3929
v -0.6394 364.6409 39.3929
v -0.0870 366.2802 39.3929
v -0.0870 366.2802 29.3929
v -19.0870 369.7198 39.3929
v -18.9000 368.0000 39.3929
v -18.9000 368.0000 29.3929
v -19.0870 369.7198 29.3929
v -19.6394 371.3591 29.3929
v -19.6394 371.3591 39.3929
v -20.5313 372.8414 39.3929
v -20.5313 372.8414 29.3929
v -21.7209 374.0973 39.3929
v -21.7209 374.0973 29.3929
v -23.1527 375.0681 39.3929
v -23.1527 375.0681 29.3929
v -24.7598 375.7084 39.3929
v -24.7598 375.7084 29.3929
v -26.4669 375.9883 39.3929
v -26.4669 375.9883 29.3929
v -28.1943 375.8946 39.3929
v -28.1943 375.8946 29.3929
v -29.8611 375.4318 29.3929
v -29.8611 375.4318 39.3929
v -31.3895 374.6215 29.3929
v -31.3895 374.6215 39.3929
v -32.7080 373.5016 39.3929
v -32.7080 373.5016 29.3929
v -33.7549 372.1244 39.3929
v -33.7549 372.1244 29.3929
v -34.4812 370.5544 39.3929
v -34.4812 370.5544 29.3929
v -34.8531 368.8650 39.3929
v -34.8531 368.8650 29.3929
v -34.8531 367.1350 39.3929
v -34.8531 367.1350 29.3929
v -34.4812 365.4456 39.3929
v -34.4812 365.4456 29.3929
v -33.7549 363.8756 39.3929
v -33.7549 363.8756 29.3929
v -32.7080 362.4984 39.3929
v -32.7080 362.4984 29.3929
v -31.3895 361.3785 29.3929
v -31.3895 361.3785 39.3929
v -29.8611 360.5682 39.3929
v -29.8611 360.5682 29.3929
v -28.1943 360.1054 29.3929
v -28.1943 360.1054 39.3929
v -26.4669 360.0117 39.3929
v -26.4669 360.0117 29.3929
v -24.7598 360.2916 39.3929
v -24.7598 360.2916 29.3929
v -23.1527 360.9319 39.3929
v -23.1527 360.9319 29.3929
v -21.7209 361.9027 39.3929
v -21.7209 361.9027 29.3929
v -20.5313 363.1586 39.3929
v -20.5313 363.1586 29.3929
v -19.6394 364.6409 29.3929
v -19.6394 364.6409 39.3929
v -19.0870 366.2802 39.3929
v -19.0870 366.2802 29.3929
v -27.7890 407.7198 35.3991
v -27.6020 406.0000 35.3991
v -27.6020 406.0000 25.3991
v -27.7890 407.7198 25.3991
v -28.3414 409.3591 35.3991
v -28.3414 409.3591 25.3991
v -29.2333 410.8414 35.3991
v -29.2333 410.8414 25.3991
v -30.4229 412.0973 35.3991
v -30.4229 412.0973 25.3991
v -31.8547 413.0681 35.3991
v -31.8547 413.0681 25.3991
v -33.4618 413.7084 35.3991
v -33.4618 413.7084 25.3991
v -35.1689 413.9883 35.3991
v -35.1689 413.9883 25.3991
v -36.8963 413.8946 35.3991
v -36.8963 413.8946 25.3991
v -38.5631 413.4318 35.3991
v -38.5631 413.4318 25.3991
v -40.0915 412.6215 35.3991
v -40.0915 412.6215 25.3991
v -41.4100 411.5016 35.3991
v -41.4100 411.5016 25.3991
v -42.4569 410.1244 35.3991
v -42.4569 410.1244 25.3991
v -43.1832 408.5544 35.3991
v -43.1832 408.5544 25.3991
v -43.5551 406.8650 35.3991
v -43.5551 406.8650 25.3991
v -43.5551 405.1350 35.3991
v -43.5551 405.1350 25.3991
v -43.1832 403.4456 35.3991
v -43.1832 403.4456 25.3991
v -42.4569 401.8756 35.3991
v -42.4569 401.8756 25.3991
v -41.4100 400.4984 35.3991
v -41.4100 400.4984 25.3991
v -40.0915 399.3785 25.3991
v -40.0915 399.3785 35.3991
v -38.5631 398.5682 35.3991
v -38.5631 398.5682 25.3991
v -36.8963 398.1054 35.3991
v -36.8963 398.1054 25.3991
v -35.1689 398.0117 35.3991
v -35.1689 398.0117 25.3991
v -33.4618 398.2916 35.3991
v -33.4618 398.2916 25.3991
v -31.8547 398.9319 25.3991
v -31.8547 398.9319 35.3991
v -30.4229 399.9027 35.3991
v -30.4229 399.9027 25.3991
v -29.2333 401.1586 35.3991
v -29.2333 401.1586 25.3991
v -28.3414 402.6409 35.3991
v -28.3414 402.6409 25.3991
v -27.7890 404.2802 35.3991
v -27.7890 404.2802 25.3991
v -46.7890 407.7198 35.3991
v -46.6020 406.0000 35.3991
v -46.6020 406.0000 25.3991
v -46.7890 407.7198 25.3991
v -47.3414 409.3591 35.3991
v -47.3414 409.3591 25.3991
v -48.2333 410.8414 35.3991
v -48.2333 410.8414 25.3991
v -49.4229 412.0973 35.3991
v -49.4229 412.0973 25.3991
v -50.8547 413.0681 35.3991
v -50.8547 413.0681 25.3991
v -52.4618 413.7084 35.3991
v -52.4618 413.7084 25.3991
v -54.1689 413.9883 35.3991
v -54.1689 413.9883 25.3991
v -55.8963 413.8946 35.3991
v -55.8963 413.8946 25.3991
v -57.5631 413.4318 35.3991
v -57.5631 413.4318 25.3991
v -59.0915 412.6215 35.3991
v -59.0915 412.6215 25.3991
v -60.4100 411.5016 35.3991
v -60.4100 411.5016 25.3991
v -61.4569 410.1244 35.3991
v -61.4569 410.1244 25.3991
v -62.1832 408.5544 35.3991
v -62.1832 408.5544 25.3991
v -62.5551 406.8650 35.3991
v -62.5551 406.8650 25.3991
v -62.5551 405.1350 35.3991
v -62.5551 405.1350 25.3991
v -62.1832 403.4456 35.3991
v -62.1832 403.4456 25.3991
v -61.4569 401.8756 35.3991
v -61.4569 401.8756 25.3991
v -60.4100 400.4984 35.3991
v -60.4100 400.4984 25.3991
v -59.0915 399.3785 25.3991
v -59.0915 399.3785 35.3991
v -57.5631 398.5682 35.3991
v -57.5631 398.5682 25.3991
v -55.8963 398.1054 35.3991
v -55.8963 398.1054 25.3991
v -54.1689 398.0117 35.3991
v -54.1689 398.0117 25.3991
v -52.4618 398.2916 35.3991
v -52.4618 398.2916 25.3991
v -50.8547 398.9319 25.3991
v -50.8547 398.9319 35.3991
v -49.4229 399.9027 35.3991
v -49.4229 399.9027 25.3991
v -48.2333 401.1586 35.3991
v -48.2333 401.1586 25.3991
v -47.3414 402.6409 35.3991
v -47.3414 402.6409 25.3991
v -46.7890 404.2802 35.3991
v -46.7890 404.2802 25.3991
v 227.9130 426.7198 33.4022
v 228.1000 425.0000 33.4022
v 228.1000 425.0000 23.4022
v 227.9130 426.7198 23.4022
v 227.3606 428.3591 23.4022
v 227.3606 428.3591 33.4022
v 226.4688 429.8414 33.4022
v 226.4688 429.8414 23.4022
v 225.2791 431.0973 33.4022
v 225.2791 431.0973 23.4022
v 223.8473 432.0681 33.4022
v 223.8473 432.0681 23.4022
v 222.2402 432.7084 33.4022
v 222.2402 432.7084 23.4022
v 220.5331 432.9883 33.4022
v 220.5331 432.9883 23.4022
v 218.8057 432.8946 33.4022
v 218.8057 432.8946 23.4022
v 217.1389 432.4318 23.4022
v 217.1389 432.4318 33.4022
v 215.6105 431.6215 23.4022
v 215.6105 431.6215 33.4022
v 214.2920 430.5016 33.4022
v 214.2920 430.5016 23.4022
v 213.2451 429.1244 33.4022
v 213.2451 429.1244 23.4022
v 212.5188 427.5544 33.4022
v 212.5188 427.5544 23.4022
v 212.1469 425.8650 33.4022
v 212.1469 425.8650 23.4022
v 212.1469 424.1350 33.4022
v 212.1469 424.1350 23.4022
v 212.5188 422.4456 33.4022
v 212.5188 422.4456 23.4022
v 213.2451 420.8756 33.4022
v 213.2451 420.8756 23.4022
v 214.2920 419.4984 33.4022
v 214.2920 419.4984 23.4022
v 215.6105 418.3785 23.4022
v 215.6105 418.3785 33.4022
v 217.1389 417.5682 33.4022
v 217.1389 417.5682 23.4022
v 218.8057 417.1054 23.4022
v 218.8057 417.1054 33.4022
v 220.5331 417.0117 33.4022
v 220.5331 417.0117 23.4022
v 222.2402 417.2916 33.4022
v 222.2402 417.2916 23.4022
v 223.8473 417.9319 33.4022
v 223.8473 417.9319 23.4022
v 225.2791 418.9027 33.4022
v 225.2791 418.9027 23.4022
v 226.4688 420.1586 33.4022
v 226.4688 420.1586 23.4022
v 227.3606 421.6409 23.4022
v 227.3606 421.6409 33.4022
v 227.9130 423.2802 33.4022
v 227.9130 423.2802 23.4022
v -54.6020 417.0000 23.4022
v -45.9000 417.0000 23.4022
v -54.6020 417.0000 33.4022
v -45.9000 417.0000 33.4022
v -44.2367 417.1748 23.4022
v -44.2367 417.1748 33.4022
v -42.6461 417.6917 33.4022
v -42.6461 417.6917 23.4022
v -41.1977 418.5279 23.4022
v -41.1977 418.5279 33.4022
v -39.9548 419.6469 23.4022
v -39.9548 419.6469 33.4022
v -38.9718 421.0000 23.4022
v -38.9718 421.0000 33.4022
v -38.2915 422.5279 33.4022
v -38.2915 422.5279 23.4022
v -37.9438 424.1638 23.4022
v -37.9438 424.1638 33.4022
v -37.9438 425.8362 33.4022
v -37.9438 425.8362 23.4022
v -38.2915 427.4721 23.4022
v -38.2915 427.4721 33.4022
v -38.9718 429.0000 33.4022
v -38.9718 429.0000 23.4022
v -39.9548 430.3531 23.4022
v -39.9548 430.3531 33.4022
v -41.1977 431.4721 33.4022
v -41.1977 431.4721 23.4022
v -42.6461 432.3083 23.4022
v -42.6461 432.3083 33.4022
v -44.2367 432.8252 23.4022
v -44.2367 432.8252 33.4022
v -45.9000 433.0000 23.4022
v -45.9000 433.0000 33.4022
v -54.6020 433.0000 23.4022
v -54.6020 433.0000 33.4022
v -56.2653 432.8252 23.4022
v -56.2653 432.8252 33.4022
v -57.8559 432.3083 33.4022
v -57.8559 432.3083 23.4022
v -59.3043 431.4721 23.4022
v -59.3043 431.4721 33.4022
v -60.5472 430.3531 23.4022
v -60.5472 430.3531 33.4022
v -61.5302 429.0000 23.4022
v -61.5302 429.0000 33.4022
v -62.2105 427.4721 33.4022
v -62.2105 427.4721 23.4022
v -62.5582 425.8362 23.4022
v -62.5582 425.8362 33.4022
v -62.5582 424.1638 33.4022
v -62.5582 424.1638 23.4022
v -62.2105 422.5279 23.4022
v -62.2105 422.5279 33.4022
v -61.5302 421.0000 33.4022
v -61.5302 421.0000 23.4022
v -60.5472 419.6469 23.4022
v -60.5472 419.6469 33.4022
v -59.3043 418.5279 33.4022
v -59.3043 418.5279 23.4022
v -57.8559 417.6917 23.4022
v -57.8559 417.6917 33.4022
v -56.2653 417.1748 23.4022
v -56.2653 417.1748 33.4022
v 227.9130 445.7198 31.4053
v 228.1000 444.0000 31.4053
v 228.1000 444.0000 21.4053
v 227.9130 445.7198 21.4053
v 227.3606 447.3591 21.4053
v 227.3606 447.3591 31.4053
v 226.4688 448.8414 31.4053
v 226.4688 448.8414 21.4053
v 225.2791 450.0973 31.4053
v 225.2791 450.0973 21.4053
v 223.8473 451.0681 31.4053
v 223.8473 451.0681 21.4053
v 222.2402 451.7084 31.4053
v 222.2402 451.7084 21.4053
v 220.5331 451.9883 31.4053
v 220.5331 451.9883 21.4053
v 218.8057 451.8946 31.4053
v 218.8057 451.8946 21.4053
v 217.1389 451.4318 21.4053
v 217.1389 451.4318 31.4053
v 215.6105 450.6215 21.4053
v 215.6105 450.6215 31.4053
v 214.2920 449.5016 31.4053
v 214.2920 449.5016 21.4053
v 213.2451 448.1244 31.4053
v 213.2451 448.1244 21.4053
v 212.5188 446.5544 31.4053
v 212.5188 446.5544 21.4053
v 212.1469 444.8650 31.4053
v 212.1469 444.8650 21.4053
v 212.1469 443.1350 31.4053
v 212.1469 443.1350 21.4053
v 212.5188 441.4456 31.4053
v 212.5188 441.4456 21.4053
v 213.2451 439.8756 31.4053
v 213.2451 439.8756 21.4053
v 214.2920 438.4984 31.4053
v 214.2920 438.4984 21.4053
v 215.6105 437.3785 21.4053
v 215.6105 437.3785 31.4053
v 217.1389 436.5682 31.4053
v 217.1389 436.5682 21.4053
v 218.8057 436.1054 21.4053
v 218.8057 436.1054 31.4053
v 220.5331 436.0117 31.4053
v 220.5331 436.0117 21.4053
v 222.2402 436.2916 31.4053
v 222.2402 436.2916 21.4053
v 223.8473 436.9319 31.4053
v 223.8473 436.9319 21.4053
v 225.2791 437.9027 31.4053
v 225.2791 437.9027 21.4053
v 226.4688 439.1586 31.4053
v 226.4688 439.1586 21.4053
v 227.3606 440.6409 21.4053
v 227.3606 440.6409 31.4053
v 227.9130 442.2802 31.4053
v 227.9130 442.2802 21.4053
v -44.2810 455.2198 31.4053
v -44.0940 453.5000 31.4053
v -44.0940 453.5000 21.4053
v -44.2810 455.2198 21.4053
v -44.8334 456.8591 21.4053
v -44.8334 456.8591 31.4053
v -45.7253 458.3414 31.4053
v -45.7253 458.3414 21.4053
v -46.9149 459.5973 31.4053
v -46.9149 459.5973 21.4053
v -48.3467 460.5681 31.4053
v -48.3467 460.5681 21.4053
v -49.9538 461.2084 31.4053
v -49.9538 461.2084 21.4053
v -51.6609 461.4883 31.4053
v -51.6609 461.4883 21.4053
v -53.3883 461.3946 31.4053
v -53.3883 461.3946 21.4053
v -55.0551 460.9318 21.4053
v -55.0551 460.9318 31.4053
v -56.5835 460.1215 21.4053
v -56.5835 460.1215 31.4053
v -57.9020 459.0016 31.4053
v -57.9020 459.0016 21.4053
v -58.9489 457.6244 31.4053
v -58.9489 457.6244 21.4053
v -59.6752 456.0544 31.4053
v -59.6752 456.0544 21.4053
v -60.0471 454.3650 31.4053
v -60.0471 454.3650 21.4053
v -60.0471 452.6350 31.4053
v -60.0471 452.6350 21.4053
v -59.6752 450.9456 31.4053
v -59.6752 450.9456 21.4053
v -58.9489 449.3756 31.4053
v -58.9489 449.3756 21.4053
v -57.9020 447.9984 31.4053
v -57.9020 447.9984 21.4053
v -56.5835 446.8785 21.4053
v -56.5835 446.8785 31.4053
v -55.0551 446.0682 31.4053
v -55.0551 446.0682 21.4053
v -53.3883 445.6054 21.4053
v -53.3883 445.6054 31.4053
v -51.6609 445.5117 31.4053
v -51.6609 445.5117 21.4053
v -49.9538 445.7916 31.4053
v -49.9538 445.7916 21.4053
v -48.3467 446.4319 31.4053
v -48.3467 446.4319 21.4053
v -46.9149 447.4027 31.4053
v -46.9149 447.4027 21.4053
v -45.7253 448.6586 31.4053
v -45.7253 448.6586 21.4053
v -44.8334 450.1409 21.4053
v -44.8334 450.1409 31.4053
v -44.2810 451.7802 31.4053
v -44.2810 451.7802 21.4053
v -77.5870 369.7198 39.3929
v -77.4000 368.0000 39.3929
v -77.4000 368.0000 29.3929
v -77.5870 369.7198 29.3929
v -78.1394 371.3591 29.3929
v -78.1394 371.3591 39.3929
v -79.0313 372.8414 39.3929
v -79.0313 372.8414 29.3929
v -80.2209 374.0973 39.3929
v -80.2209 374.0973 29.3929
v -81.6527 375.0681 39.3929
v -81.6527 375.0681 29.3929
v -83.2598 375.7084 39.3929
v -83.2598 375.7084 29.3929
v -84.9669 375.9883 39.3929
v -84.9669 375.9883 29.3929
v -86.6943 375.8946 39.3929
v -86.6943 375.8946 29.3929
v -88.3611 375.4318 29.3929
v -88.3611 375.4318 39.3929
v -89.8895 374.6215 29.3929
v -89.8895 374.6215 39.3929
v -91.2080 373.5016 39.3929
v -91.2080 373.5016 29.3929
v -92.2549 372.1244 39.3929
v -92.2549 372.1244 29.3929
v -92.9812 370.5544 39.3929
v -92.9812 370.5544 29.3929
v -93.3531 368.8650 39.3929
v -93.3531 368.8650 29.3929
v -93.3531 367.1350 39.3929
v -93.3531 367.1350 29.3929
v -92.9812 365.4456 39.3929
v -92.9812 365.4456 29.3929
v -92.2549 363.8756 39.3929
v -92.2549 363.8756 29.3929
v -91.2080 362.4984 39.3929
v -91.2080 362.4984 29.3929
v -89.8895 361.3785 29.3929
v -89.8895 361.3785 39.3929
v -88.3611 360.5682 39.3929
v -88.3611 360.5682 29.3929
v -86.6943 360.1054 29.3929
v -86.6943 360.1054 39.3929
v -84.9669 360.0117 39.3929
v -84.9669 360.0117 29.3929
v -83.2598 360.2916 39.3929
v -83.2598 360.2916 29.3929
v -81.6527 360.9319 39.3929
v -81.6527 360.9319 29.3929
v -80.2209 361.9027 39.3929
v -80.2209 361.9027 29.3929
v -79.0313 363.1586 39.3929
v -79.0313 363.1586 29.3929
v -78.1394 364.6409 29.3929
v -78.1394 364.6409 39.3929
v -77.5870 366.2802 39.3929
v -77.5870 366.2802 29.3929
v -96.5870 369.7198 39.3929
v -96.4000 368.0000 39.3929
v -96.4000 368.0000 29.3929
v -96.5870 369.7198 29.3929
v -97.1394 371.3591 29.3929
v -97.1394 371.3591 39.3929
v -98.0313 372.8414 39.3929
v -98.0313 372.8414 29.3929
v -99.2209 374.0973 39.3929
v -99.2209 374.0973 29.3929
v -100.6527 375.0681 39.3929
v -100.6527 375.0681 29.3929
v -102.2598 375.7084 39.3929
v -102.2598 375.7084 29.3929
v -103.9669 375.9883 39.3929
v -103.9669 375.9883 29.3929
v -105.6943 375.8946 39.3929
v -105.6943 375.8946 29.3929
v -107.3611 375.4318 29.3929
v -107.3611 375.4318 39.3929
v -108.8895 374.6215 29.3929
v -108.8895 374.6215 39.3929
v -110.2080 373.5016 39.3929
v -110.2080 373.5016 29.3929
v -111.2549 372.1244 39.3929
v -111.2549 372.1244 29.3929
v -111.9812 370.5544 39.3929
v -111.9812 370.5544 29.3929
v -112.3531 368.8650 39.3929
v -112.3531 368.8650 29.3929
v -112.3531 367.1350 39.3929
v -112.3531 367.1350 29.3929
v -111.9812 365.4456 39.3929
v -111.9812 365.4456 29.3929
v -111.2549 363.8756 39.3929
v -111.2549 363.8756 29.3929
v -110.2080 362.4984 39.3929
v -110.2080 362.4984 29.3929
v -108.8895 361.3785 29.3929
v -108.8895 361.3785 39.3929
v -107.3611 360.5682 39.3929
v -107.3611 360.5682 29.3929
v -105.6943 360.1054 29.3929
v -105.6943 360.1054 39.3929
v -103.9669 360.0117 39.3929
v -103.9669 360.0117 29.3929
v -102.2598 360.2916 39.3929
v -102.2598 360.2916 29.3929
v -100.6527 360.9319 39.3929
v -100.6527 360.9319 29.3929
v -99.2209 361.9027 39.3929
v -99.2209 361.9027 29.3929
v -98.0313 363.1586 39.3929
v -98.0313 363.1586 29.3929
v -97.1394 364.6409 29.3929
v -97.1394 364.6409 39.3929
v -96.5870 366.2802 39.3929
v -96.5870 366.2802 29.3929
v -115.5870 369.7198 39.3929
v -115.4000 368.0000 39.3929
v -115.4000 368.0000 29.3929
v -115.5870 369.7198 29.3929
v -116.1394 371.3591 29.3929
v -116.1394 371.3591 39.3929
v -117.0313 372.8414 39.3929
v -117.0313 372.8414 29.3929
v -118.2209 374.0973 39.3929
v -118.2209 374.0973 29.3929
v -119.6527 375.0681 39.3929
v -119.6527 375.0681 29.3929
v -121.2598 375.7084 39.3929
v -121.2598 375.7084 29.3929
v -122.9669 375.9883 39.3929
v -122.9669 375.9883 29.3929
v -124.6943 375.8946 39.3929
v -124.6943 375.8946 29.3929
v -126.3611 375.4318 29.3929
v -126.3611 375.4318 39.3929
v -127.8895 374.6215 29.3929
v -127.8895 374.6215 39.3929
v -129.2080 373.5016 39.3929
v -129.2080 373.5016 29.3929
v -130.2549 372.1244 39.3929
v -130.2549 372.1244 29.3929
v -130.9812 370.5544 39.3929
v -130.9812 370.5544 29.3929
v -131.3531 368.8650 39.3929
v -131.3531 368.8650 29.3929
v -131.3531 367.1350 39.3929
v -131.3531 367.1350 29.3929
v -130.9812 365.4456 39.3929
v -130.9812 365.4456 29.3929
v -130.2549 363.8756 39.3929
v -130.2549 363.8756 29.3929
v -129.2080 362.4984 39.3929
v -129.2080 362.4984 29.3929
v -127.8895 361.3785 29.3929
v -127.8895 361.3785 39.3929
v -126.3611 360.5682 39.3929
v -126.3611 360.5682 29.3929
v -124.6943 360.1054 29.3929
v -124.6943 360.1054 39.3929
v -122.9669 360.0117 39.3929
v -122.9669 360.0117 29.3929
v -121.2598 360.2916 39.3929
v -121.2598 360.2916 29.3929
v -119.6527 360.9319 39.3929
v -119.6527 360.9319 29.3929
v -118.2209 361.9027 39.3929
v -118.2209 361.9027 29.3929
v -117.0313 363.1586 39.3929
v -117.0313 363.1586 29.3929
v -116.1394 364.6409 29.3929
v -116.1394 364.6409 39.3929
v -115.5870 366.2802 39.3929
v -115.5870 366.2802 29.3929
v -77.5870 388.7198 37.3960
v -77.4000 387.0000 37.3960
v -77.4000 387.0000 27.3960
v -77.5870 388.7198 27.3960
v -78.1394 390.3591 27.3960
v -78.1394 390.3591 37.3960
v -79.0313 391.8414 37.3960
v -79.0313 391.8414 27.3960
v -80.2209 393.0973 37.3960
v -80.2209 393.0973 27.3960
v -81.6527 394.0681 37.3960
v -81.6527 394.0681 27.3960
v -83.2598 394.7084 37.3960
v -83.2598 394.7084 27.3960
v -84.9669 394.9883 37.3960
v -84.9669 394.9883 27.3960
v -86.6943 394.8946 37.3960
v -86.6943 394.8946 27.3960
v -88.3611 394.4318 27.3960
v -88.3611 394.4318 37.3960
v -89.8895 393.6215 27.3960
v -89.8895 393.6215 37.3960
v -91.2080 392.5016 37.3960
v -91.2080 392.5016 27.3960
v -92.2549 391.1244 37.3960
v -92.2549 391.1244 27.3960
v -92.9812 389.5544 37.3960
v -92.9812 389.5544 27.3960
v -93.3531 387.8650 37.3960
v -93.3531 387.8650 27.3960
v -93.3531 386.1350 37.3960
v -93.3531 386.1350 27.3960
v -92.9812 384.4456 37.3960
v -92.9812 384.4456 27.3960
v -92.2549 382.8756 37.3960
v -92.2549 382.8756 27.3960
v -91.2080 381.4984 37.3960
v -91.2080 381.4984 27.3960
v -89.8895 380.3785 27.3960
v -89.8895 380.3785 37.3960
v -88.3611 379.5682 37.3960
v -88.3611 379.5682 27.3960
v -86.6943 379.1054 27.3960
v -86.6943 379.1054 37.3960
v -84.9669 379.0117 37.3960
v -84.9669 379.0117 27.3960
v -83.2598 379.2916 37.3960
v -83.2598 379.2916 27.3960
v -81.6527 379.9319 37.3960
v -81.6527 379.9319 27.3960
v -80.2209 380.9027 37.3960
v -80.2209 380.9027 27.3960
v -79.0313 382.1586 37.3960
v -79.0313 382.1586 27.3960
v -78.1394 383.6409 27.3960
v -78.1394 383.6409 37.3960
v -77.5870 385.2802 37.3960
v -77.5870 385.2802 27.3960
v -96.5870 388.7198 37.3960
v -96.4000 387.0000 37.3960
v -96.4000 387.0000 27.3960
v -96.5870 388.7198 27.3960
v -97.1394 390.3591 27.3960
v -97.1394 390.3591 37.3960
v -98.0313 391.8414 37.3960
v -98.0313 391.8414 27.3960
v -99.2209 393.0973 37.3960
v -99.2209 393.0973 27.3960
v -100.6527 394.0681 37.3960
v -100.6527 394.0681 27.3960
v -102.2598 394.7084 37.3960
v -102.2598 394.7084 27.3960
v -103.9669 394.9883 37.3960
v -103.9669 394.9883 27.3960
v -105.6943 394.8946 37.3960
v -105.6943 394.8946 27.3960
v -107.3611 394.4318 27.3960
v -107.3611 394.4318 37.3960
v -108.8895 393.6215 27.3960
v -108.8895 393.6215 37.3960
v -110.2080 392.5016 37.3960
v -110.2080 392.5016 27.3960
v -111.2549 391.1244 37.3960
v -111.2549 391.1244 27.3960
v -111.9812 389.5544 37.3960
v -111.9812 389.5544 27.3960
v -112.3531 387.8650 37.3960
v -112.3531 387.8650 27.3960
v -112.3531 386.1350 37.3960
v -112.3531 386.1350 27.3960
v -111.9812 384.4456 37.3960
v -111.9812 384.4456 27.3960
v -111.2549 382.8756 37.3960
v -111.2549 382.8756 27.3960
v -110.2080 381.4984 37.3960
v -110.2080 381.4984 27.3960
v -108.8895 380.3785 27.3960
v -108.8895 380.3785 37.3960
v -107.3611 379.5682 37.3960
v -107.3611 379.5682 27.3960
v -105.6943 379.1054 27.3960
v -105.6943 379.1054 37.3960
v -103.9669 379.0117 37.3960
v -103.9669 379.0117 27.3960
v -102.2598 379.2916 37.3960
v -102.2598 379.2916 27.3960
v -100.6527 379.9319 37.3960
v -100.6527 379.9319 27.3960
v -99.2209 380.9027 37.3960
v -99.2209 380.9027 27.3960
v -98.0313 382.1586 37.3960
v -98.0313 382.1586 27.3960
v -97.1394 383.6409 27.3960
v -97.1394 383.6409 37.3960
v -96.5870 385.2802 37.3960
v -96.5870 385.2802 27.3960
v -115.5870 388.7198 37.3960
v -115.4000 387.0000 37.3960
v -115.4000 387.0000 27.3960
v -115.5870 388.7198 27.3960
v -116.1394 390.3591 27.3960
v -116.1394 390.3591 37.3960
v -117.0313 391.8414 37.3960
v -117.0313 391.8414 27.3960
v -118.2209 393.0973 37.3960
v -118.2209 393.0973 27.3960
v -119.6527 394.0681 37.3960
v -119.6527 394.0681 27.3960
v -121.2598 394.7084 37.3960
v -121.2598 394.7084 27.3960
v -122.9669 394.9883 37.3960
v -122.9669 394.9883 27.3960
v -124.6943 394.8946 37.3960
v -124.6943 394.8946 27.3960
v -126.3611 394.4318 27.3960
v -126.3611 394.4318 37.3960
v -127.8895 393.6215 27.3960
v -127.8895 393.6215 37.3960
v -129.2080 392.5016 37.3960
v -129.2080 392.5016 27.3960
v -130.2549 391.1244 37.3960
v -130.2549 391.1244 27.3960
v -130.9812 389.5544 37.3960
v -130.9812 389.5544 27.3960
v -131.3531 387.8650 37.3960
v -131.3531 387.8650 27.3960
v -131.3531 386.1350 37.3960
v -131.3531 386.1350 27.3960
v -130.9812 384.4456 37.3960
v -130.9812 384.4456 27.3960
v -130.2549 382.8756 37.3960
v -130.2549 382.8756 27.3960
v -129.2080 381.4984 37.3960
v -129.2080 381.4984 27.3960
v -127.8895 380.3785 27.3960
v -127.8895 380.3785 37.3960
v -126.3611 379.5682 37.3960
v -126.3611 379.5682 27.3960
v -124.6943 379.1054 27.3960
v -124.6943 379.1054 37.3960
v -122.9669 379.0117 37.3960
v -122.9669 379.0117 27.3960
v -121.2598 379.2916 37.3960
v -121.2598 379.2916 27.3960
v -119.6527 379.9319 37.3960
v -119.6527 379.9319 27.3960
v -118.2209 380.9027 37.3960
v -118.2209 380.9027 27.3960
v -117.0313 382.1586 37.3960
v -117.0313 382.1586 27.3960
v -116.1394 383.6409 27.3960
v -116.1394 383.6409 37.3960
v -115.5870 385.2802 37.3960
v -115.5870 385.2802 27.3960
v -77.5870 407.7198 35.3991
v -77.4000 406.0000 35.3991
v -77.4000 406.0000 25.3991
v -77.5870 407.7198 25.3991
v -78.1394 409.3591 35.3991
v -78.1394 409.3591 25.3991
v -79.0313 410.8414 35.3991
v -79.0313 410.8414 25.3991
v -80.2209 412.0973 35.3991
v -80.2209 412.0973 25.3991
v -81.6527 413.0681 35.3991
v -81.6527 413.0681 25.3991
v -83.2598 413.7084 35.3991
v -83.2598 413.7084 25.3991
v -84.9669 413.9883 35.3991
v -84.9669 413.9883 25.3991
v -86.6943 413.8946 35.3991
v -86.6943 413.8946 25.3991
v -88.3611 413.4318 35.3991
v -88.3611 413.4318 25.3991
v -89.8895 412.6215 35.3991
v -89.8895 412.6215 25.3991
v -91.2080 411.5016 35.3991
v -91.2080 411.5016 25.3991
v -92.2549 410.1244 35.3991
v -92.2549 410.1244 25.3991
v -92.9812 408.5544 35.3991
v -92.9812 408.5544 25.3991
v -93.3531 406.8650 35.3991
v -93.3531 406.8650 25.3991
v -93.3531 405.1350 35.3991
v -93.3531 405.1350 25.3991
v -92.9812 403.4456 35.3991
v -92.9812 403.4456 25.3991
v -92.2549 401.8756 35.3991
v -92.2549 401.8756 25.3991
v -91.2080 400.4984 35.3991
v -91.2080 400.4984 25.3991
v -89.8895 399.3785 25.3991
v -89.8895 399.3785 35.3991
v -88.3611 398.5682 35.3991
v -88.3611 398.5682 25.3991
v -86.6943 398.1054 35.3991
v -86.6943 398.1054 25.3991
v -84.9669 398.0117 35.3991
v -84.9669 398.0117 25.3991
v -83.2598 398.2916 35.3991
v -83.2598 398.2916 25.3991
v -81.6527 398.9319 25.3991
v -81.6527 398.9319 35.3991
v -80.2209 399.9027 35.3991
v -80.2209 399.9027 25.3991
v -79.0313 401.1586 35.3991
v -79.0313 401.1586 25.3991
v -78.1394 402.6409 35.3991
v -78.1394 402.6409 25.3991
v -77.5870 404.2802 35.3991
v -77.5870 404.2802 25.3991
v -96.5870 407.7198 35.3991
v -96.4000 406.0000 35.3991
v -96.4000 406.0000 25.3991
v -96.5870 407.7198 25.3991
v -97.1394 409.3591 35.3991
v -97.1394 409.3591 25.3991
v -98.0313 410.8414 35.3991
v -98.0313 410.8414 25.3991
v -99.2209 412.0973 35.3991
v -99.2209 412.0973 25.3991
v -100.6527 413.0681 35.3991
v -100.6527 413.0681 25.3991
v -102.2598 413.7084 35.3991
v -102.2598 413.7084 25.3991
v -103.9669 413.9883 35.3991
v -103.9669 413.9883 25.3991
v -105.6943 413.8946 35.3991
v -105.6943 413.8946 25.3991
v -107.3611 413.4318 35.3991
v -107.3611 413.4318 25.3991
v -108.8895 412.6215 35.3991
v -108.8895 412.6215 25.3991
v -110.2080 411.5016 35.3991
v -110.2080 411.5016 25.3991
v -111.2549 410.1244 35.3991
v -111.2549 410.1244 25.3991
v -111.9812 408.5544 35.3991
v -111.9812 408.5544 25.3991
v -112.3531 406.8650 35.3991
v -112.3531 406.8650 25.3991
v -112.3531 405.1350 35.3991
v -112.3531 405.1350 25.3991
v -111.9812 403.4456 35.3991
v -111.9812 403.4456 25.3991
v -111.2549 401.8756 35.3991
v -111.2549 401.8756 25.3991
v -110.2080 400.4984 35.3991
v -110.2080 400.4984 25.3991
v -108.8895 399.3785 25.3991
v -108.8895 399.3785 35.3991
v -107.3611 398.5682 35.3991
v -107.3611 398.5682 25.3991
v -105.6943 398.1054 35.3991
v -105.6943 398.1054 25.3991
v -103.9669 398.0117 35.3991
v -103.9669 398.0117 25.3991
v -102.2598 398.2916 35.3991
v -102.2598 398.2916 25.3991
v -100.6527 398.9319 25.3991
v -100.6527 398.9319 35.3991
v -99.2209 399.9027 35.3991
v -99.2209 399.9027 25.3991
v -98.0313 401.1586 35.3991
v -98.0313 401.1586 25.3991
v -97.1394 402.6409 35.3991
v -97.1394 402.6409 25.3991
v -96.5870 404.2802 35.3991
v -96.5870 404.2802 25.3991
v -115.5870 407.7198 35.3991
v -115.4000 406.0000 35.3991
v -115.4000 406.0000 25.3991
v -115.5870 407.7198 25.3991
v -116.1394 409.3591 35.3991
v -116.1394 409.3591 25.3991
v -117.0313 410.8414 35.3991
v -117.0313 410.8414 25.3991
v -118.2209 412.0973 35.3991
v -118.2209 412.0973 25.3991
v -119.6527 413.0681 35.3991
v -119.6527 413.0681 25.3991
v -121.2598 413.7084 35.3991
v -121.2598 413.7084 25.3991
v -122.9669 413.9883 35.3991
v -122.9669 413.9883 25.3991
v -124.6943 413.8946 35.3991
v -124.6943 413.8946 25.3991
v -126.3611 413.4318 35.3991
v -126.3611 413.4318 25.3991
v -127.8895 412.6215 35.3991
v -127.8895 412.6215 25.3991
v -129.2080 411.5016 35.3991
v -129.2080 411.5016 25.3991
v -130.2549 410.1244 35.3991
v -130.2549 410.1244 25.3991
v -130.9812 408.5544 35.3991
v -130.9812 408.5544 25.3991
v -131.3531 406.8650 35.3991
v -131.3531 406.8650 25.3991
v -131.3531 405.1350 35.3991
v -131.3531 405.1350 25.3991
v -130.9812 403.4456 35.3991
v -130.9812 403.4456 25.3991
v -130.2549 401.8756 35.3991
v -130.2549 401.8756 25.3991
v -129.2080 400.4984 35.3991
v -129.2080 400.4984 25.3991
v -127.8895 399.3785 25.3991
v -127.8895 399.3785 35.3991
v -126.3611 398.5682 35.3991
v -126.3611 398.5682 25.3991
v -124.6943 398.1054 35.3991
v -124.6943 398.1054 25.3991
v -122.9669 398.0117 35.3991
v -122.9669 398.0117 25.3991
v -121.2598 398.2916 35.3991
v -121.2598 398.2916 25.3991
v -119.6527 398.9319 25.3991
v -119.6527 398.9319 35.3991
v -118.2209 399.9027 35.3991
v -118.2209 399.9027 25.3991
v -117.0313 401.1586 35.3991
v -117.0313 401.1586 25.3991
v -116.1394 402.6409 35.3991
v -116.1394 402.6409 25.3991
v -115.5870 404.2802 35.3991
v -115.5870 404.2802 25.3991
v -96.5870 426.7198 33.4022
v -96.4000 425.0000 33.4022
v -96.4000 425.0000 23.4022
v -96.5870 426.7198 23.4022
v -97.1394 428.3591 23.4022
v -97.1394 428.3591 33.4022
v -98.0313 429.8414 33.4022
v -98.0313 429.8414 23.4022
v -99.2209 431.0973 33.4022
v -99.2209 431.0973 23.4022
v -100.6527 432.0681 33.4022
v -100.6527 432.0681 23.4022
v -102.2598 432.7084 33.4022
v -102.2598 432.7084 23.4022
v -103.9669 432.9883 33.4022
v -103.9669 432.9883 23.4022
v -105.6943 432.8946 33.4022
v -105.6943 432.8946 23.4022
v -107.3611 432.4318 23.4022
v -107.3611 432.4318 33.4022
v -108.8895 431.6215 23.4022
v -108.8895 431.6215 33.4022
v -110.2080 430.5016 33.4022
v -110.2080 430.5016 23.4022
v -111.2549 429.1244 33.4022
v -111.2549 429.1244 23.4022
v -111.9812 427.5544 33.4022
v -111.9812 427.5544 23.4022
v -112.3531 425.8650 33.4022
v -112.3531 425.8650 23.4022
v -112.3531 424.1350 33.4022
v -112.3531 424.1350 23.4022
v -111.9812 422.4456 33.4022
v -111.9812 422.4456 23.4022
v -111.2549 420.8756 33.4022
v -111.2549 420.8756 23.4022
v -110.2080 419.4984 33.4022
v -110.2080 419.4984 23.4022
v -108.8895 418.3785 23.4022
v -108.8895 418.3785 33.4022
v -107.3611 417.5682 33.4022
v -107.3611 417.5682 23.4022
v -105.6943 417.1054 23.4022
v -105.6943 417.1054 33.4022
v -103.9669 417.0117 33.4022
v -103.9669 417.0117 23.4022
v -102.2598 417.2916 33.4022
v -102.2598 417.2916 23.4022
v -100.6527 417.9319 33.4022
v -100.6527 417.9319 23.4022
v -99.2209 418.9027 33.4022
v -99.2209 418.9027 23.4022
v -98.0313 420.1586 33.4022
v -98.0313 420.1586 23.4022
v -97.1394 421.6409 23.4022
v -97.1394 421.6409 33.4022
v -96.5870 423.2802 33.4022
v -96.5870 423.2802 23.4022
v -155.2870 369.7198 39.3929
v -155.1000 368.0000 39.3929
v -155.1000 368.0000 29.3929
v -155.2870 369.7198 29.3929
v -155.8394 371.3591 29.3929
v -155.8394 371.3591 39.3929
v -156.7313 372.8414 39.3929
v -156.7313 372.8414 29.3929
v -157.9209 374.0973 39.3929
v -157.9209 374.0973 29.3929
v -159.3527 375.0681 39.3929
v -159.3527 375.0681 29.3929
v -160.9598 375.7084 39.3929
v -160.9598 375.7084 29.3929
v -162.6669 375.9883 39.3929
v -162.6669 375.9883 29.3929
v -164.3943 375.8946 39.3929
v -164.3943 375.8946 29.3929
v -166.0611 375.4318 29.3929
v -166.0611 375.4318 39.3929
v -167.5895 374.6215 29.3929
v -167.5895 374.6215 39.3929
v -168.9080 373.5016 39.3929
v -168.9080 373.5016 29.3929
v -169.9549 372.1244 39.3929
v -169.9549 372.1244 29.3929
v -170.6812 370.5544 39.3929
v -170.6812 370.5544 29.3929
v -171.0531 368.8650 39.3929
v -171.0531 368.8650 29.3929
v -171.0531 367.1350 39.3929
v -171.0531 367.1350 29.3929
v -170.6812 365.4456 39.3929
v -170.6812 365.4456 29.3929
v -169.9549 363.8756 39.3929
v -169.9549 363.8756 29.3929
v -168.9080 362.4984 39.3929
v -168.9080 362.4984 29.3929
v -167.5895 361.3785 29.3929
v -167.5895 361.3785 39.3929
v -166.0611 360.5682 39.3929
v -166.0611 360.5682 29.3929
v -164.3943 360.1054 29.3929
v -164.3943 360.1054 39.3929
v -162.6669 360.0117 39.3929
v -162.6669 360.0117 29.3929
v -160.9598 360.2916 39.3929
v -160.9598 360.2916 29.3929
v -159.3527 360.9319 39.3929
v -159.3527 360.9319 29.3929
v -157.9209 361.9027 39.3929
v -157.9209 361.9027 29.3929
v -156.7313 363.1586 39.3929
v -156.7313 363.1586 29.3929
v -155.8394 364.6409 29.3929
v -155.8394 364.6409 39.3929
v -155.2870 366.2802 39.3929
v -155.2870 366.2802 29.3929
v -174.2870 369.7198 39.3929
v -174.1000 368.0000 39.3929
v -174.1000 368.0000 29.3929
v -174.2870 369.7198 29.3929
v -174.8394 371.3591 29.3929
v -174.8394 371.3591 39.3929
v -175.7313 372.8414 39.3929
v -175.7313 372.8414 29.3929
v -176.9209 374.0973 39.3929
v -176.9209 374.0973 29.3929
v -178.3527 375.0681 39.3929
v -178.3527 375.0681 29.3929
v -179.9598 375.7084 39.3929
v -179.9598 375.7084 29.3929
v -181.6669 375.9883 39.3929
v -181.6669 375.9883 29.3929
v -183.3943 375.8946 39.3929
v -183.3943 375.8946 29.3929
v -185.0611 375.4318 29.3929
v -185.0611 375.4318 39.3929
v -186.5895 374.6215 29.3929
v -186.5895 374.6215 39.3929
v -187.9080 373.5016 39.3929
v -187.9080 373.5016 29.3929
v -188.9549 372.1244 39.3929
v -188.9549 372.1244 29.3929
v -189.6812 370.5544 39.3929
v -189.6812 370.5544 29.3929
v -190.0531 368.8650 39.3929
v -190.0531 368.8650 29.3929
v -190.0531 367.1350 39.3929
v -190.0531 367.1350 29.3929
v -189.6812 365.4456 39.3929
v -189.6812 365.4456 29.3929
v -188.9549 363.8756 39.3929
v -188.9549 363.8756 29.3929
v -187.9080 362.4984 39.3929
v -187.9080 362.4984 29.3929
v -186.5895 361.3785 29.3929
v -186.5895 361.3785 39.3929
v -185.0611 360.5682 39.3929
v -185.0611 360.5682 29.3929
v -183.3943 360.1054 29.3929
v -183.3943 360.1054 39.3929
v -181.6669 360.0117 39.3929
v -181.6669 360.0117 29.3929
v -179.9598 360.2916 39.3929
v -179.9598 360.2916 29.3929
v -178.3527 360.9319 39.3929
v -178.3527 360.9319 29.3929
v -176.9209 361.9027 39.3929
v -176.9209 361.9027 29.3929
v -175.7313 363.1586 39.3929
v -175.7313 363.1586 29.3929
v -174.8394 364.6409 29.3929
v -174.8394 364.6409 39.3929
v -174.2870 366.2802 39.3929
v -174.2870 366.2802 29.3929
v -193.2870 369.7198 39.3929
v -193.1000 368.0000 39.3929
v -193.1000 368.0000 29.3929
v -193.2870 369.7198 29.3929
v -193.8394 371.3591 29.3929
v -193.8394 371.3591 39.3929
v -194.7313 372.8414 39.3929
v -194.7313 372.8414 29.3929
v -195.9209 374.0973 39.3929
v -195.9209 374.0973 29.3929
v -197.3527 375.0681 39.3929
v -197.3527 375.0681 29.3929
v -198.9598 375.7084 39.3929
v -198.9598 375.7084 29.3929
v -200.6669 375.9883 39.3929
v -200.6669 375.9883 29.3929
v -202.3943 375.8946 39.3929
v -202.3943 375.8946 29.3929
v -204.0611 375.4318 29.3929
v -204.0611 375.4318 39.3929
v -205.5895 374.6215 29.3929
v -205.5895 374.6215 39.3929
v -206.9080 373.5016 39.3929
v -206.9080 373.5016 29.3929
v -207.9549 372.1244 39.3929
v -207.9549 372.1244 29.3929
v -208.6812 370.5544 39.3929
v -208.6812 370.5544 29.3929
v -209.0531 368.8650 39.3929
v -209.0531 368.8650 29.3929
v -209.0531 367.1350 39.3929
v -209.0531 367.1350 29.3929
v -208.6812 365.4456 39.3929
v -208.6812 365.4456 29.3929
v -207.9549 363.8756 39.3929
v -207.9549 363.8756 29.3929
v -206.9080 362.4984 39.3929
v -206.9080 362.4984 29.3929
v -205.5895 361.3785 29.3929
v -205.5895 361.3785 39.3929
v -204.0611 360.5682 39.3929
v -204.0611 360.5682 29.3929
v -202.3943 360.1054 29.3929
v -202.3943 360.1054 39.3929
v -200.6669 360.0117 39.3929
v -200.6669 360.0117 29.3929
v -198.9598 360.2916 39.3929
v -198.9598 360.2916 29.3929
v -197.3527 360.9319 39.3929
v -197.3527 360.9319 29.3929
v -195.9209 361.9027 39.3929
v -195.9209 361.9027 29.3929
v -194.7313 363.1586 39.3929
v -194.7313 363.1586 29.3929
v -193.8394 364.6409 29.3929
v -193.8394 364.6409 39.3929
v -193.2870 366.2802 39.3929
v -193.2870 366.2802 29.3929
v -212.2870 369.7198 39.3929
v -212.1000 368.0000 39.3929
v -212.1000 368.0000 29.3929
v -212.2870 369.7198 29.3929
v -212.8394 371.3591 29.3929
v -212.8394 371.3591 39.3929
v -213.7313 372.8414 39.3929
v -213.7313 372.8414 29.3929
v -214.9209 374.0973 39.3929
v -214.9209 374.0973 29.3929
v -216.3527 375.0681 39.3929
v -216.3527 375.0681 29.3929
v -217.9598 375.7084 39.3929
v -217.9598 375.7084 29.3929
v -219.6669 375.9883 39.3929
v -219.6669 375.9883 29.3929
v -221.3943 375.8946 39.3929
v -221.3943 375.8946 29.3929
v -223.0611 375.4318 29.3929
v -223.0611 375.4318 39.3929
v -224.5895 374.6215 29.3929
v -224.5895 374.6215 39.3929
v -225.9080 373.5016 39.3929
v -225.9080 373.5016 29.3929
v -226.9549 372.1244 39.3929
v -226.9549 372.1244 29.3929
v -227.6812 370.5544 39.3929
v -227.6812 370.5544 29.3929
v -228.0531 368.8650 39.3929
v -228.0531 368.8650 29.3929
v -228.0531 367.1350 39.3929
v -228.0531 367.1350 29.3929
v -227.6812 365.4456 39.3929
v -227.6812 365.4456 29.3929
v -226.9549 363.8756 39.3929
v -226.9549 363.8756 29.3929
v -225.9080 362.4984 39.3929
v -225.9080 362.4984 29.3929
v -224.5895 361.3785 29.3929
v -224.5895 361.3785 39.3929
v -223.0611 360.5682 39.3929
v -223.0611 360.5682 29.3929
v -221.3943 360.1054 29.3929
v -221.3943 360.1054 39.3929
v -219.6669 360.0117 39.3929
v -219.6669 360.0117 29.3929
v -217.9598 360.2916 39.3929
v -217.9598 360.2916 29.3929
v -216.3527 360.9319 39.3929
v -216.3527 360.9319 29.3929
v -214.9209 361.9027 39.3929
v -214.9209 361.9027 29.3929
v -213.7313 363.1586 39.3929
v -213.7313 363.1586 29.3929
v -212.8394 364.6409 29.3929
v -212.8394 364.6409 39.3929
v -212.2870 366.2802 39.3929
v -212.2870 366.2802 29.3929
v -155.2870 388.7198 37.3960
v -155.1000 387.0000 37.3960
v -155.1000 387.0000 27.3960
v -155.2870 388.7198 27.3960
v -155.8394 390.3591 27.3960
v -155.8394 390.3591 37.3960
v -156.7313 391.8414 37.3960
v -156.7313 391.8414 27.3960
v -157.9209 393.0973 37.3960
v -157.9209 393.0973 27.3960
v -159.3527 394.0681 37.3960
v -159.3527 394.0681 27.3960
v -160.9598 394.7084 37.3960
v -160.9598 394.7084 27.3960
v -162.6669 394.9883 37.3960
v -162.6669 394.9883 27.3960
v -164.3943 394.8946 37.3960
v -164.3943 394.8946 27.3960
v -166.0611 394.4318 27.3960
v -166.0611 394.4318 37.3960
v -167.5895 393.6215 27.3960
v -167.5895 393.6215 37.3960
v -168.9080 392.5016 37.3960
v -168.9080 392.5016 27.3960
v -169.9549 391.1244 37.3960
v -169.9549 391.1244 27.3960
v -170.6812 389.5544 37.3960
v -170.6812 389.5544 27.3960
v -171.0531 387.8650 37.3960
v -171.0531 387.8650 27.3960
v -171.0531 386.1350 37.3960
v -171.0531 386.1350 27.3960
v -170.6812 384.4456 37.3960
v -170.6812 384.4456 27.3960
v -169.9549 382.8756 37.3960
v -169.9549 382.8756 27.3960
v -168.9080 381.4984 37.3960
v -168.9080 381.4984 27.3960
v -167.5895 380.3785 27.3960
v -167.5895 380.3785 37.3960
v -166.0611 379.5682 37.3960
v -166.0611 379.5682 27.3960
v -164.3943 379.1054 27.3960
v -164.3943 379.1054 37.3960
v -162.6669 379.0117 37.3960
v -162.6669 379.0117 27.3960
v -160.9598 379.2916 37.3960
v -160.9598 379.2916 27.3960
v -159.3527 379.9319 37.3960
v -159.3527 379.9319 27.3960
v -157.9209 380.9027 37.3960
v -157.9209 380.9027 27.3960
v -156.7313 382.1586 37.3960
v -156.7313 382.1586 27.3960
v -155.8394 383.6409 27.3960
v -155.8394 383.6409 37.3960
v -155.2870 385.2802 37.3960
v -155.2870 385.2802 27.3960
v -174.2870 388.7198 37.3960
v -174.1000 387.0000 37.3960
v -174.1000 387.0000 27.3960
v -174.2870 388.7198 27.3960
v -174.8394 390.3591 27.3960
v -174.8394 390.3591 37.3960
v -175.7313 391.8414 37.3960
v -175.7313 391.8414 27.3960
v -176.9209 393.0973 37.3960
v -176.9209 393.0973 27.3960
v -178.3527 394.0681 37.3960
v -178.3527 394.0681 27.3960
v -179.9598 394.7084 37.3960
v -179.9598 394.7084 27.3960
v -181.6669 394.9883 37.3960
v -181.6669 394.9883 27.3960
v -183.3943 394.8946 37.3960
v -183.3943 394.8946 27.3960
v -185.0611 394.4318 27.3960
v -185.0611 394.4318 37.3960
v -186.5895 393.6215 27.3960
v -186.5895 393.6215 37.3960
v -187.9080 392.5016 37.3960
v -187.9080 392.5016 27.3960
v -188.9549 391.1244 37.3960
v -188.9549 391.1244 27.3960
v -189.6812 389.5544 37.3960
v -189.6812 389.5544 27.3960
v -190.0531 387.8650 37.3960
v -190.0531 387.8650 27.3960
v -190.0531 386.1350 37.3960
v -190.0531 386.1350 27.3960
v -189.6812 384.4456 37.3960
v -189.6812 384.4456 27.3960
v -188.9549 382.8756 37.3960
v -188.9549 382.8756 27.3960
v -187.9080 381.4984 37.3960
v -187.9080 381.4984 27.3960
v -186.5895 380.3785 27.3960
v -186.5895 380.3785 37.3960
v -185.0611 379.5682 37.3960
v -185.0611 379.5682 27.3960
v -183.3943 379.1054 27.3960
v -183.3943 379.1054 37.3960
v -181.6669 379.0117 37.3960
v -181.6669 379.0117 27.3960
v -179.9598 379.2916 37.3960
v -179.9598 379.2916 27.3960
v -178.3527 379.9319 37.3960
v -178.3527 379.9319 27.3960
v -176.9209 380.9027 37.3960
v -176.9209 380.9027 27.3960
v -175.7313 382.1586 37.3960
v -175.7313 382.1586 27.3960
v -174.8394 383.6409 27.3960
v -174.8394 383.6409 37.3960
v -174.2870 385.2802 37.3960
v -174.2870 385.2802 27.3960
v -193.2870 388.7198 37.3960
v -193.1000 387.0000 37.3960
v -193.1000 387.0000 27.3960
v -193.2870 388.7198 27.3960
v -193.8394 390.3591 27.3960
v -193.8394 390.3591 37.3960
v -194.7313 391.8414 37.3960
v -194.7313 391.8414 27.3960
v -195.9209 393.0973 37.3960
v -195.9209 393.0973 27.3960
v -197.3527 394.0681 37.3960
v -197.3527 394.0681 27.3960
v -198.9598 394.7084 37.3960
v -198.9598 394.7084 27.3960
v -200.6669 394.9883 37.3960
v -200.6669 394.9883 27.3960
v -202.3943 394.8946 37.3960
v -202.3943 394.8946 27.3960
v -204.0611 394.4318 27.3960
v -204.0611 394.4318 37.3960
v -205.5895 393.6215 27.3960
v -205.5895 393.6215 37.3960
v -206.9080 392.5016 37.3960
v -206.9080 392.5016 27.3960
v -207.9549 391.1244 37.3960
v -207.9549 391.1244 27.3960
v -208.6812 389.5544 37.3960
v -208.6812 389.5544 27.3960
v -209.0531 387.8650 37.3960
v -209.0531 387.8650 27.3960
v -209.0531 386.1350 37.3960
v -209.0531 386.1350 27.3960
v -208.6812 384.4456 37.3960
v -208.6812 384.4456 27.3960
v -207.9549 382.8756 37.3960
v -207.9549 382.8756 27.3960
v -206.9080 381.4984 37.3960
v -206.9080 381.4984 27.3960
v -205.5895 380.3785 27.3960
v -205.5895 380.3785 37.3960
v -204.0611 379.5682 37.3960
v -204.0611 379.5682 27.3960
v -202.3943 379.1054 27.3960
v -202.3943 379.1054 37.3960
v -200.6669 379.0117 37.3960
v -200.6669 379.0117 27.3960
v -198.9598 379.2916 37.3960
v -198.9598 379.2916 27.3960
v -197.3527 379.9319 37.3960
v -197.3527 379.9319 27.3960
v -195.9209 380.9027 37.3960
v -195.9209 380.9027 27.3960
v -194.7313 382.1586 37.3960
v -194.7313 382.1586 27.3960
v -193.8394 383.6409 27.3960
v -193.8394 383.6409 37.3960
v -193.2870 385.2802 37.3960
v -193.2870 385.2802 27.3960
v -212.2870 388.7198 37.3960
v -212.1000 387.0000 37.3960
v -212.1000 387.0000 27.3960
v -212.2870 388.7198 27.3960
v -212.8394 390.3591 27.3960
v -212.8394 390.3591 37.3960
v -213.7313 391.8414 37.3960
v -213.7313 391.8414 27.3960
v -214.9209 393.0973 37.3960
v -214.9209 393.0973 27.3960
v -216.3527 394.0681 37.3960
v -216.3527 394.0681 27.3960
v -217.9598 394.7084 37.3960
v -217.9598 394.7084 27.3960
v -219.6669 394.9883 37.3960
v -219.6669 394.9883 27.3960
v -221.3943 394.8946 37.3960
v -221.3943 394.8946 27.3960
v -223.0611 394.4318 27.3960
v -223.0611 394.4318 37.3960
v -224.5895 393.6215 27.3960
v -224.5895 393.6215 37.3960
v -225.9080 392.5016 37.3960
v -225.9080 392.5016 27.3960
v -226.9549 391.1244 37.3960
v -226.9549 391.1244 27.3960
v -227.6812 389.5544 37.3960
v -227.6812 389.5544 27.3960
v -228.0531 387.8650 37.3960
v -228.0531 387.8650 27.3960
v -228.0531 386.1350 37.3960
v -228.0531 386.1350 27.3960
v -227.6812 384.4456 37.3960
v -227.6812 384.4456 27.3960
v -226.9549 382.8756 37.3960
v -226.9549 382.8756 27.3960
v -225.9080 381.4984 37.3960
v -225.9080 381.4984 27.3960
v -224.5895 380.3785 27.3960
v -224.5895 380.3785 37.3960
v -223.0611 379.5682 37.3960
v -223.0611 379.5682 27.3960
v -221.3943 379.1054 27.3960
v -221.3943 379.1054 37.3960
v -219.6669 379.0117 37.3960
v -219.6669 379.0117 27.3960
v -217.9598 379.2916 37.3960
v -217.9598 379.2916 27.3960
v -216.3527 379.9319 37.3960
v -216.3527 379.9319 27.3960
v -214.9209 380.9027 37.3960
v -214.9209 380.9027 27.3960
v -213.7313 382.1586 37.3960
v -213.7313 382.1586 27.3960
v -212.8394 383.6409 27.3960
v -212.8394 383.6409 37.3960
v -212.2870 385.2802 37.3960
v -212.2870 385.2802 27.3960
v -155.2870 407.7198 35.3991
v -155.1000 406.0000 35.3991
v -155.1000 406.0000 25.3991
v -155.2870 407.7198 25.3991
v -155.8394 409.3591 35.3991
v -155.8394 409.3591 25.3991
v -156.7313 410.8414 35.3991
v -156.7313 410.8414 25.3991
v -157.9209 412.0973 35.3991
v -157.9209 412.0973 25.3991
v -159.3527 413.0681 35.3991
v -159.3527 413.0681 25.3991
v -160.9598 413.7084 35.3991
v -160.9598 413.7084 25.3991
v -162.6669 413.9883 35.3991
v -162.6669 413.9883 25.3991
v -164.3943 413.8946 35.3991
v -164.3943 413.8946 25.3991
v -166.0611 413.4318 35.3991
v -166.0611 413.4318 25.3991
v -167.5895 412.6215 35.3991
v -167.5895 412.6215 25.3991
v -168.9080 411.5016 35.3991
v -168.9080 411.5016 25.3991
v -169.9549 410.1244 35.3991
v -169.9549 410.1244 25.3991
v -170.6812 408.5544 35.3991
v -170.6812 408.5544 25.3991
v -171.0531 406.8650 35.3991
v -171.0531 406.8650 25.3991
v -171.0531 405.1350 35.3991
v -171.0531 405.1350 25.3991
v -170.6812 403.4456 35.3991
v -170.6812 403.4456 25.3991
v -169.9549 401.8756 35.3991
v -169.9549 401.8756 25.3991
v -168.9080 400.4984 35.3991
v -168.9080 400.4984 25.3991
v -167.5895 399.3785 25.3991
v -167.5895 399.3785 35.3991
v -166.0611 398.5682 35.3991
v -166.0611 398.5682 25.3991
v -164.3943 398.1054 35.3991
v -164.3943 398.1054 25.3991
v -162.6669 398.0117 35.3991
v -162.6669 398.0117 25.3991
v -160.9598 398.2916 35.3991
v -160.9598 398.2916 25.3991
v -159.3527 398.9319 25.3991
v -159.3527 398.9319 35.3991
v -157.9209 399.9027 35.3991
v -157.9209 399.9027 25.3991
v -156.7313 401.1586 35.3991
v -156.7313 401.1586 25.3991
v -155.8394 402.6409 35.3991
v -155.8394 402.6409 25.3991
v -155.2870 404.2802 35.3991
v -155.2870 404.2802 25.3991
v -174.2870 407.7198 35.3991
v -174.1000 406.0000 35.3991
v -174.1000 406.0000 25.3991
v -174.2870 407.7198 25.3991
v -174.8394 409.3591 35.3991
v -174.8394 409.3591 25.3991
v -175.7313 410.8414 35.3991
v -175.7313 410.8414 25.3991
v -176.9209 412.0973 35.3991
v -176.9209 412.0973 25.3991
v -178.3527 413.0681 35.3991
v -178.3527 413.0681 25.3991
v -179.9598 413.7084 35.3991
v -179.9598 413.7084 25.3991
v -181.6669 413.9883 35.3991
v -181.6669 413.9883 25.3991
v -183.3943 413.8946 35.3991
v -183.3943 413.8946 25.3991
v -185.0611 413.4318 35.3991
v -185.0611 413.4318 25.3991
v -186.5895 412.6215 35.3991
v -186.5895 412.6215 25.3991
v -187.9080 411.5016 35.3991
v -187.9080 411.5016 25.3991
v -188.9549 410.1244 35.3991
v -188.9549 410.1244 25.3991
v -189.6812 408.5544 35.3991
v -189.6812 408.5544 25.3991
v -190.0531 406.8650 35.3991
v -190.0531 406.8650 25.3991
v -190.0531 405.1350 35.3991
v -190.0531 405.1350 25.3991
v -189.6812 403.4456 35.3991
v -189.6812 403.4456 25.3991
v -188.9549 401.8756 35.3991
v -188.9549 401.8756 25.3991
v -187.9080 400.4984 35.3991
v -187.9080 400.4984 25.3991
v -186.5895 399.3785 25.3991
v -186.5895 399.3785 35.3991
v -185.0611 398.5682 35.3991
v -185.0611 398.5682 25.3991
v -183.3943 398.1054 35.3991
v -183.3943 398.1054 25.3991
v -181.6669 398.0117 35.3991
v -181.6669 398.0117 25.3991
v -179.9598 398.2916 35.3991
v -179.9598 398.2916 25.3991
v -178.3527 398.9319 25.3991
v -178.3527 398.9319 35.3991
v -176.9209 399.9027 35.3991
v -176.9209 399.9027 25.3991
v -175.7313 401.1586 35.3991
v -175.7313 401.1586 25.3991
v -174.8394 402.6409 35.3991
v -174.8394 402.6409 25.3991
v -174.2870 404.2802 35.3991
v -174.2870 404.2802 25.3991
v -193.2870 407.7198 35.3991
v -193.1000 406.0000 35.3991
v -193.1000 406.0000 25.3991
v -193.2870 407.7198 25.3991
v -193.8394 409.3591 35.3991
v -193.8394 409.3591 25.3991
v -194.7313 410.8414 35.3991
v -194.7313 410.8414 25.3991
v -195.9209 412.0973 35.3991
v -195.9209 412.0973 25.3991
v -197.3527 413.0681 35.3991
v -197.3527 413.0681 25.3991
v -198.9598 413.7084 35.3991
v -198.9598 413.7084 25.3991
v -200.6669 413.9883 35.3991
v -200.6669 413.9883 25.3991
v -202.3943 413.8946 35.3991
v -202.3943 413.8946 25.3991
v -204.0611 413.4318 35.3991
v -204.0611 413.4318 25.3991
v -205.5895 412.6215 35.3991
v -205.5895 412.6215 25.3991
v -206.9080 411.5016 35.3991
v -206.9080 411.5016 25.3991
v -207.9549 410.1244 35.3991
v -207.9549 410.1244 25.3991
v -208.6812 408.5544 35.3991
v -208.6812 408.5544 25.3991
v -209.0531 406.8650 35.3991
v -209.0531 406.8650 25.3991
v -209.0531 405.1350 35.3991
v -209.0531 405.1350 25.3991
v -208.6812 403.4456 35.3991
v -208.6812 403.4456 25.3991
v -207.9549 401.8756 35.3991
v -207.9549 401.8756 25.3991
v -206.9080 400.4984 35.3991
v -206.9080 400.4984 25.3991
v -205.5895 399.3785 25.3991
v -205.5895 399.3785 35.3991
v -204.0611 398.5682 35.3991
v -204.0611 398.5682 25.3991
v -202.3943 398.1054 35.3991
v -202.3943 398.1054 25.3991
v -200.6669 398.0117 35.3991
v -200.6669 398.0117 25.3991
v -198.9598 398.2916 35.3991
v -198.9598 398.2916 25.3991
v -197.3527 398.9319 25.3991
v -197.3527 398.9319 35.3991
v -195.9209 399.9027 35.3991
v -195.9209 399.9027 25.3991
v -194.7313 401.1586 35.3991
v -194.7313 401.1586 25.3991
v -193.8394 402.6409 35.3991
v -193.8394 402.6409 25.3991
v -193.2870 404.2802 35.3991
v -193.2870 404.2802 25.3991
v -212.2870 407.7198 35.3991
v -212.1000 406.0000 35.3991
v -212.1000 406.0000 25.3991
v -212.2870 407.7198 25.3991
v -212.8394 409.3591 35.3991
v -212.8394 409.3591 25.3991
v -213.7313 410.8414 35.3991
v -213.7313 410.8414 25.3991
v -214.9209 412.0973 35.3991
v -214.9209 412.0973 25.3991
v -216.3527 413.0681 35.3991
v -216.3527 413.0681 25.3991
v -217.9598 413.7084 35.3991
v -217.9598 413.7084 25.3991
v -219.6669 413.9883 35.3991
v -219.6669 413.9883 25.3991
v -221.3943 413.8946 35.3991
v -221.3943 413.8946 25.3991
v -223.0611 413.4318 35.3991
v -223.0611 413.4318 25.3991
v -224.5895 412.6215 35.3991
v -224.5895 412.6215 25.3991
v -225.9080 411.5016 35.3991
v -225.9080 411.5016 25.3991
v -226.9549 410.1244 35.3991
v -226.9549 410.1244 25.3991
v -227.6812 408.5544 35.3991
v -227.6812 408.5544 25.3991
v -228.0531 406.8650 35.3991
v -228.0531 406.8650 25.3991
v -228.0531 405.1350 35.3991
v -228.0531 405.1350 25.3991
v -227.6812 403.4456 35.3991
v -227.6812 403.4456 25.3991
v -226.9549 401.8756 35.3991
v -226.9549 401.8756 25.3991
v -225.9080 400.4984 35.3991
v -225.9080 400.4984 25.3991
v -224.5895 399.3785 25.3991
v -224.5895 399.3785 35.3991
v -223.0611 398.5682 35.3991
v -223.0611 398.5682 25.3991
v -221.3943 398.1054 35.3991
v -221.3943 398.1054 25.3991
v -219.6669 398.0117 35.3991
v -219.6669 398.0117 25.3991
v -217.9598 398.2916 35.3991
v -217.9598 398.2916 25.3991
v -216.3527 398.9319 25.3991
v -216.3527 398.9319 35.3991
v -214.9209 399.9027 35.3991
v -214.9209 399.9027 25.3991
v -213.7313 401.1586 35.3991
v -213.7313 401.1586 25.3991
v -212.8394 402.6409 35.3991
v -212.8394 402.6409 25.3991
v -212.2870 404.2802 35.3991
v -212.2870 404.2802 25.3991
f 6395 6396 6397
f 6395 6397 6398
f 6395 6398 6399
f 6400 6395 6399
f 6401 6399 6402
f 6401 6400 6399
f 6403 6402 6404
f 6403 6401 6402
f 6405 6404 6406
f 6405 6403 6404
f 6407 6406 6408
f 6407 6405 6406
f 6409 6408 6410
f 6409 6407 6408
f 6411 6410 6412
f 6411 6412 6413
f 6411 6409 6410
f 6414 6411 6413
f 6414 6413 6415
f 6416 6414 6415
f 6417 6416 6415
f 6417 6415 6418
f 6419 6417 6418
f 6419 6418 6420
f 6421 6419 6420
f 6421 6420 6422
f 6423 6421 6422
f 6423 6422 6424
f 6425 6423 6424
f 6425 6424 6426
f 6427 6425 6426
f 6427 6426 6428
f 6429 6427 6428
f 6429 6428 6430
f 6431 6429 6430
f 6431 6430 6432
f 6431 6432 6433
f 6434 6431 6433
f 6435 6434 6433
f 6435 6433 6436
f 6435 6436 6437
f 6438 6435 6437
f 6439 6438 6437
f 6439 6437 6440
f 6441 6439 6440
f 6441 6440 6442
f 6443 6442 6444
f 6443 6441 6442
f 6445 6444 6446
f 6445 6443 6444
f 6447 6446 6448
f 6447 6448 6449
f 6447 6445 6446
f 6450 6447 6449
f 6451 6449 6452
f 6451 6450 6449
f 6396 6452 6397
f 6396 6451 6452
f 6421 6423 6425
f 6421 6425 6427
f 6419 6427 6429
f 6419 6421 6427
f 6417 6429 6431
f 6417 6431 6434
f 6417 6419 6429
f 6414 6416 6417
f 6414 6434 6435
f 6414 6435 6438
f 6414 6417 6434
f 6396 6447 6450
f 6396 6450 6451
f 6409 6411 6414
f 6409 6438 6439
f 6409 6414 6438
f 6407 6439 6441
f 6407 6409 6439
f 6400 6396 6395
f 6400 6445 6447
f 6400 6447 6396
f 6405 6441 6443
f 6405 6407 6441
f 6401 6443 6445
f 6401 6445 6400
f 6403 6405 6443
f 6403 6443 6401
f 6424 6422 6426
f 6426 6422 6428
f 6428 6420 6430
f 6422 6420 6428
f 6430 6418 6432
f 6432 6418 6433
f 6420 6418 6430
f 6415 6413 6418
f 6433 6413 6436
f 6436 6413 6437
f 6418 6413 6433
f 6448 6397 6449
f 6449 6397 6452
f 6412 6410 6413
f 6437 6410 6440
f 6413 6410 6437
f 6440 6408 6442
f 6410 6408 6440
f 6397 6399 6398
f 6446 6399 6448
f 6448 6399 6397
f 6442 6406 6444
f 6408 6406 6442
f 6444 6402 6446
f 6446 6402 6399
f 6406 6404 6444
f 6444 6404 6402
f 6453 6454 6455
f 6453 6455 6456
f 6453 6456 6457
f 6458 6453 6457
f 6459 6457 6460
f 6459 6458 6457
f 6461 6460 6462
f 6461 6459 6460
f 6463 6462 6464
f 6463 6461 6462
f 6465 6464 6466
f 6465 6463 6464
f 6467 6466 6468
f 6467 6465 6466
f 6469 6468 6470
f 6469 6470 6471
f 6469 6467 6468
f 6472 6469 6471
f 6472 6471 6473
f 6474 6472 6473
f 6475 6474 6473
f 6475 6473 6476
f 6477 6475 6476
f 6477 6476 6478
f 6479 6477 6478
f 6479 6478 6480
f 6481 6479 6480
f 6481 6480 6482
f 6483 6481 6482
f 6483 6482 6484
f 6485 6483 6484
f 6485 6484 6486
f 6487 6485 6486
f 6487 6486 6488
f 6489 6487 6488
f 6489 6488 6490
f 6489 6490 6491
f 6492 6489 6491
f 6493 6492 6491
f 6493 6491 6494
f 6493 6494 6495
f 6496 6493 6495
f 6497 6496 6495
f 6497 6495 6498
f 6499 6497 6498
f 6499 6498 6500
f 6501 6500 6502
f 6501 6499 6500
f 6503 6502 6504
f 6503 6501 6502
f 6505 6504 6506
f 6505 6506 6507
f 6505 6503 6504
f 6508 6505 6507
f 6509 6507 6510
f 6509 6508 6507
f 6454 6510 6455
f 6454 6509 6510
f 6479 6481 6483
f 6479 6483 6485
f 6477 6485 6487
f 6477 6479 6485
f 6475 6487 6489
f 6475 6489 6492
f 6475 6477 6487
f 6474 6492 6493
f 6474 6475 6492
f 6454 6503 6505
f 6454 6505 6508
f 6454 6508 6509
f 6467 6469 6472
f 6467 6472 6474
f 6467 6493 6496
f 6467 6496 6497
f 6467 6474 6493
f 6458 6454 6453
f 6458 6503 6454
f 6463 6465 6467
f 6463 6497 6499
f 6463 6499 6501
f 6463 6501 6503
f 6463 6467 6497
f 6461 6458 6459
f 6461 6463 6503
f 6461 6503 6458
f 6482 6480 6484
f 6484 6480 6486
f 6486 6478 6488
f 6480 6478 6486
f 6488 6476 6490
f 6490 6476 6491
f 6478 6476 6488
f 6491 6473 6494
f 6476 6473 6491
f 6504 6455 6506
f 6506 6455 6507
f 6507 6455 6510
f 6470 6468 6471
f 6471 6468 6473
f 6494 6468 6495
f 6495 6468 6498
f 6473 6468 6494
f 6455 6457 6456
f 6504 6457 6455
f 6466 6464 6468
f 6498 6464 6500
f 6500 6464 6502
f 6502 6464 6504
f 6468 6464 6498
f 6457 6462 6460
f 6464 6462 6504
f 6504 6462 6457
f 6511 6512 6513
f 6511 6513 6514
f 6511 6514 6515
f 6516 6511 6515
f 6517 6515 6518
f 6517 6516 6515
f 6519 6518 6520
f 6519 6517 6518
f 6521 6520 6522
f 6521 6519 6520
f 6523 6522 6524
f 6523 6521 6522
f 6525 6524 6526
f 6525 6523 6524
f 6527 6526 6528
f 6527 6528 6529
f 6527 6525 6526
f 6530 6527 6529
f 6530 6529 6531
f 6532 6530 6531
f 6533 6532 6531
f 6533 6531 6534
f 6535 6533 6534
f 6535 6534 6536
f 6537 6535 6536
f 6537 6536 6538
f 6539 6537 6538
f 6539 6538 6540
f 6541 6539 6540
f 6541 6540 6542
f 6543 6541 6542
f 6543 6542 6544
f 6545 6543 6544
f 6545 6544 6546
f 6547 6545 6546
f 6547 6546 6548
f 6547 6548 6549
f 6550 6547 6549
f 6551 6550 6549
f 6551 6549 6552
f 6551 6552 6553
f 6554 6551 6553
f 6555 6554 6553
f 6555 6553 6556
f 6557 6555 6556
f 6557 6556 6558
f 6559 6558 6560
f 6559 6557 6558
f 6561 6560 6562
f 6561 6559 6560
f 6563 6562 6564
f 6563 6564 6565
f 6563 6561 6562
f 6566 6563 6565
f 6567 6565 6568
f 6567 6566 6565
f 6512 6568 6513
f 6512 6567 6568
f 6537 6539 6541
f 6537 6541 6543
f 6535 6543 6545
f 6535 6537 6543
f 6533 6545 6547
f 6533 6547 6550
f 6533 6535 6545
f 6532 6550 6551
f 6532 6533 6550
f 6512 6561 6563
f 6512 6563 6566
f 6512 6566 6567
f 6525 6527 6530
f 6525 6530 6532
f 6525 6551 6554
f 6525 6554 6555
f 6525 6532 6551
f 6516 6512 6511
f 6516 6561 6512
f 6521 6523 6525
f 6521 6555 6557
f 6521 6557 6559
f 6521 6559 6561
f 6521 6525 6555
f 6519 6516 6517
f 6519 6521 6561
f 6519 6561 6516
f 6540 6538 6542
f 6542 6538 6544
f 6544 6536 6546
f 6538 6536 6544
f 6546 6534 6548
f 6548 6534 6549
f 6536 6534 6546
f 6549 6531 6552
f 6534 6531 6549
f 6562 6513 6564
f 6564 6513 6565
f 6565 6513 6568
f 6528 6526 6529
f 6529 6526 6531
f 6552 6526 6553
f 6553 6526 6556
f 6531 6526 6552
f 6513 6515 6514
f 6562 6515 6513
f 6524 6522 6526
f 6556 6522 6558
f 6558 6522 6560
f 6560 6522 6562
f 6526 6522 6556
f 6515 6520 6518
f 6522 6520 6562
f 6562 6520 6515
f 6569 6570 6571
f 6569 6571 6572
f 6569 6572 6573
f 6574 6569 6573
f 6575 6573 6576
f 6575 6574 6573
f 6577 6576 6578
f 6577 6575 6576
f 6579 6578 6580
f 6579 6577 6578
f 6581 6580 6582
f 6581 6579 6580
f 6583 6582 6584
f 6583 6581 6582
f 6585 6584 6586
f 6585 6586 6587
f 6585 6583 6584
f 6588 6585 6587
f 6588 6587 6589
f 6590 6588 6589
f 6591 6590 6589
f 6591 6589 6592
f 6593 6591 6592
f 6593 6592 6594
f 6595 6593 6594
f 6595 6594 6596
f 6597 6595 6596
f 6597 6596 6598
f 6599 6597 6598
f 6599 6598 6600
f 6601 6599 6600
f 6601 6600 6602
f 6603 6601 6602
f 6603 6602 6604
f 6605 6603 6604
f 6605 6604 6606
f 6605 6606 6607
f 6608 6605 6607
f 6609 6608 6607
f 6609 6607 6610
f 6609 6610 6611
f 6612 6609 6611
f 6613 6612 6611
f 6613 6611 6614
f 6615 6613 6614
f 6615 6614 6616
f 6617 6616 6618
f 6617 6615 6616
f 6619 6618 6620
f 6619 6617 6618
f 6621 6620 6622
f 6621 6622 6623
f 6621 6619 6620
f 6624 6621 6623
f 6625 6623 6626
f 6625 6624 6623
f 6570 6626 6571
f 6570 6625 6626
f 6595 6597 6599
f 6595 6599 6601
f 6619 6615 6617
f 6591 6593 6595
f 6591 6601 6603
f 6591 6603 6605
f 6591 6605 6608
f 6591 6595 6601
f 6588 6590 6591
f 6588 6591 6608
f 6570 6624 6625
f 6583 6585 6588
f 6583 6608 6609
f 6583 6609 6612
f 6583 6612 6613
f 6583 6588 6608
f 6581 6613 6615
f 6581 6583 6613
f 6574 6570 6569
f 6574 6624 6570
f 6579 6615 6619
f 6579 6581 6615
f 6575 6621 6624
f 6575 6624 6574
f 6577 6619 6621
f 6577 6621 6575
f 6577 6579 6619
f 6598 6596 6600
f 6600 6596 6602
f 6616 6620 6618
f 6594 6592 6596
f 6602 6592 6604
f 6604 6592 6606
f 6606 6592 6607
f 6596 6592 6602
f 6589 6587 6592
f 6592 6587 6607
f 6623 6571 6626
f 6586 6584 6587
f 6607 6584 6610
f 6610 6584 6611
f 6611 6584 6614
f 6587 6584 6607
f 6614 6582 6616
f 6584 6582 6614
f 6571 6573 6572
f 6623 6573 6571
f 6616 6580 6620
f 6582 6580 6616
f 6622 6576 6623
f 6623 6576 6573
f 6620 6578 6622
f 6622 6578 6576
f 6580 6578 6620
f 6627 6628 6629
f 6627 6629 6630
f 6627 6630 6631
f 6632 6627 6631
f 6633 6631 6634
f 6633 6632 6631
f 6635 6634 6636
f 6635 6633 6634
f 6637 6636 6638
f 6637 6635 6636
f 6639 6638 6640
f 6639 6637 6638
f 6641 6640 6642
f 6641 6639 6640
f 6643 6642 6644
f 6643 6644 6645
f 6643 6641 6642
f 6646 6643 6645
f 6646 6645 6647
f 6648 6646 6647
f 6649 6648 6647
f 6649 6647 6650
f 6651 6649 6650
f 6651 6650 6652
f 6653 6651 6652
f 6653 6652 6654
f 6655 6653 6654
f 6655 6654 6656
f 6657 6655 6656
f 6657 6656 6658
f 6659 6657 6658
f 6659 6658 6660
f 6661 6659 6660
f 6661 6660 6662
f 6663 6661 6662
f 6663 6662 6664
f 6663 6664 6665
f 6666 6663 6665
f 6667 6666 6665
f 6667 6665 6668
f 6667 6668 6669
f 6670 6667 6669
f 6671 6670 6669
f 6671 6669 6672
f 6673 6671 6672
f 6673 6672 6674
f 6675 6674 6676
f 6675 6673 6674
f 6677 6676 6678
f 6677 6675 6676
f 6679 6678 6680
f 6679 6680 6681
f 6679 6677 6678
f 6682 6679 6681
f 6683 6681 6684
f 6683 6682 6681
f 6628 6684 6629
f 6628 6683 6684
f 6653 6655 6657
f 6653 6657 6659
f 6653 6659 6661
f 6651 6661 6663
f 6651 6653 6661
f 6648 6649 6651
f 6648 6663 6666
f 6648 6651 6663
f 6682 6677 6679
f 6646 6648 6666
f 6643 6646 6666
f 6628 6682 6683
f 6641 6666 6667
f 6641 6667 6670
f 6641 6670 6671
f 6641 6643 6666
f 6639 6671 6673
f 6639 6641 6671
f 6637 6639 6673
f 6633 6628 6627
f 6633 6627 6632
f 6633 6673 6675
f 6633 6675 6677
f 6633 6682 6628
f 6633 6677 6682
f 6635 6673 6633
f 6635 6637 6673
f 6656 6654 6658
f 6658 6654 6660
f 6660 6654 6662
f 6662 6652 6664
f 6654 6652 6662
f 6650 6647 6652
f 6664 6647 6665
f 6652 6647 6664
f 6678 6681 6680
f 6647 6645 6665
f 6645 6644 6665
f 6681 6629 6684
f 6665 6642 6668
f 6668 6642 6669
f 6669 6642 6672
f 6644 6642 6665
f 6672 6640 6674
f 6642 6640 6672
f 6640 6638 6674
f 6629 6634 6630
f 6630 6634 6631
f 6674 6634 6676
f 6676 6634 6678
f 6681 6634 6629
f 6678 6634 6681
f 6674 6636 6634
f 6638 6636 6674
f 6685 6686 6687
f 6685 6687 6688
f 6685 6688 6689
f 6690 6685 6689
f 6691 6689 6692
f 6691 6690 6689
f 6693 6692 6694
f 6693 6691 6692
f 6695 6694 6696
f 6695 6693 6694
f 6697 6696 6698
f 6697 6695 6696
f 6699 6698 6700
f 6699 6697 6698
f 6701 6700 6702
f 6701 6702 6703
f 6701 6699 6700
f 6704 6701 6703
f 6704 6703 6705
f 6706 6704 6705
f 6707 6706 6705
f 6707 6705 6708
f 6709 6707 6708
f 6709 6708 6710
f 6711 6709 6710
f 6711 6710 6712
f 6713 6711 6712
f 6713 6712 6714
f 6715 6713 6714
f 6715 6714 6716
f 6717 6715 6716
f 6717 6716 6718
f 6719 6717 6718
f 6719 6718 6720
f 6721 6719 6720
f 6721 6720 6722
f 6721 6722 6723
f 6724 6721 6723
f 6725 6724 6723
f 6725 6723 6726
f 6725 6726 6727
f 6728 6725 6727
f 6729 6728 6727
f 6729 6727 6730
f 6731 6729 6730
f 6731 6730 6732
f 6733 6732 6734
f 6733 6731 6732
f 6735 6734 6736
f 6735 6733 6734
f 6737 6736 6738
f 6737 6738 6739
f 6737 6735 6736
f 6740 6737 6739
f 6741 6739 6742
f 6741 6740 6739
f 6686 6742 6687
f 6686 6741 6742
f 6711 6713 6715
f 6711 6715 6717
f 6735 6731 6733
f 6707 6709 6711
f 6707 6717 6719
f 6707 6719 6721
f 6707 6721 6724
f 6707 6711 6717
f 6704 6706 6707
f 6704 6707 6724
f 6686 6740 6741
f 6699 6701 6704
f 6699 6724 6725
f 6699 6725 6728
f 6699 6728 6729
f 6699 6704 6724
f 6697 6729 6731
f 6697 6699 6729
f 6690 6686 6685
f 6690 6740 6686
f 6695 6731 6735
f 6695 6697 6731
f 6691 6737 6740
f 6691 6740 6690
f 6693 6735 6737
f 6693 6737 6691
f 6693 6695 6735
f 6714 6712 6716
f 6716 6712 6718
f 6732 6736 6734
f 6710 6708 6712
f 6718 6708 6720
f 6720 6708 6722
f 6722 6708 6723
f 6712 6708 6718
f 6705 6703 6708
f 6708 6703 6723
f 6739 6687 6742
f 6702 6700 6703
f 6723 6700 6726
f 6726 6700 6727
f 6727 6700 6730
f 6703 6700 6723
f 6730 6698 6732
f 6700 6698 6730
f 6687 6689 6688
f 6739 6689 6687
f 6732 6696 6736
f 6698 6696 6732
f 6738 6692 6739
f 6739 6692 6689
f 6736 6694 6738
f 6738 6694 6692
f 6696 6694 6736
f 6743 6744 6745
f 6743 6745 6746
f 6747 6746 6748
f 6747 6743 6746
f 6749 6748 6750
f 6749 6747 6748
f 6751 6750 6752
f 6751 6749 6750
f 6753 6752 6754
f 6753 6751 6752
f 6755 6754 6756
f 6755 6753 6754
f 6757 6756 6758
f 6757 6755 6756
f 6759 6758 6760
f 6759 6757 6758
f 6761 6760 6762
f 6761 6759 6760
f 6763 6761 6762
f 6763 6762 6764
f 6765 6763 6764
f 6765 6764 6766
f 6767 6765 6766
f 6767 6766 6768
f 6769 6767 6768
f 6769 6768 6770
f 6771 6769 6770
f 6771 6770 6772
f 6773 6771 6772
f 6773 6772 6774
f 6775 6773 6774
f 6775 6774 6776
f 6777 6775 6776
f 6777 6776 6778
f 6779 6777 6778
f 6779 6778 6780
f 6779 6780 6781
f 6782 6779 6781
f 6783 6782 6781
f 6783 6781 6784
f 6785 6783 6784
f 6785 6784 6786
f 6787 6785 6786
f 6787 6786 6788
f 6789 6787 6788
f 6789 6788 6790
f 6789 6790 6791
f 6792 6789 6791
f 6793 6791 6794
f 6793 6792 6791
f 6795 6794 6796
f 6795 6793 6794
f 6797 6796 6798
f 6797 6795 6796
f 6799 6798 6800
f 6799 6797 6798
f 6744 6800 6745
f 6744 6799 6800
f 6769 6771 6773
f 6769 6773 6775
f 6793 6789 6792
f 6765 6767 6769
f 6765 6775 6777
f 6765 6777 6779
f 6765 6779 6782
f 6765 6769 6775
f 6761 6763 6765
f 6761 6765 6782
f 6744 6797 6799
f 6757 6759 6761
f 6757 6782 6783
f 6757 6783 6785
f 6757 6785 6787
f 6757 6761 6782
f 6755 6787 6789
f 6755 6757 6787
f 6747 6744 6743
f 6747 6797 6744
f 6753 6789 6793
f 6753 6755 6789
f 6749 6795 6797
f 6749 6797 6747
f 6751 6793 6795
f 6751 6795 6749
f 6751 6753 6793
f 6772 6770 6774
f 6774 6770 6776
f 6790 6794 6791
f 6768 6766 6770
f 6776 6766 6778
f 6778 6766 6780
f 6780 6766 6781
f 6770 6766 6776
f 6764 6762 6766
f 6766 6762 6781
f 6798 6745 6800
f 6760 6758 6762
f 6781 6758 6784
f 6784 6758 6786
f 6786 6758 6788
f 6762 6758 6781
f 6788 6756 6790
f 6758 6756 6788
f 6745 6748 6746
f 6798 6748 6745
f 6790 6754 6794
f 6756 6754 6790
f 6796 6750 6798
f 6798 6750 6748
f 6794 6752 6796
f 6796 6752 6750
f 6754 6752 6794
f 6801 6802 6803
f 6801 6803 6804
f 6805 6804 6806
f 6805 6801 6804
f 6807 6806 6808
f 6807 6805 6806
f 6809 6808 6810
f 6809 6807 6808
f 6811 6810 6812
f 6811 6809 6810
f 6813 6812 6814
f 6813 6811 6812
f 6815 6814 6816
f 6815 6813 6814
f 6817 6816 6818
f 6817 6815 6816
f 6819 6818 6820
f 6819 6817 6818
f 6821 6819 6820
f 6821 6820 6822
f 6823 6821 6822
f 6823 6822 6824
f 6825 6823 6824
f 6825 6824 6826
f 6827 6825 6826
f 6827 6826 6828
f 6829 6827 6828
f 6829 6828 6830
f 6831 6829 6830
f 6831 6830 6832
f 6833 6831 6832
f 6833 6832 6834
f 6835 6833 6834
f 6835 6834 6836
f 6837 6835 6836
f 6837 6836 6838
f 6837 6838 6839
f 6840 6837 6839
f 6841 6840 6839
f 6841 6839 6842
f 6843 6841 6842
f 6843 6842 6844
f 6845 6843 6844
f 6845 6844 6846
f 6847 6845 6846
f 6847 6846 6848
f 6847 6848 6849
f 6850 6847 6849
f 6851 6849 6852
f 6851 6850 6849
f 6853 6852 6854
f 6853 6851 6852
f 6855 6854 6856
f 6855 6853 6854
f 6857 6856 6858
f 6857 6855 6856
f 6802 6858 6803
f 6802 6857 6858
f 6827 6829 6831
f 6827 6831 6833
f 6825 6833 6835
f 6825 6827 6833
f 6823 6835 6837
f 6823 6837 6840
f 6823 6825 6835
f 6821 6840 6841
f 6821 6823 6840
f 6802 6851 6853
f 6802 6853 6855
f 6802 6855 6857
f 6815 6817 6819
f 6815 6819 6821
f 6815 6841 6843
f 6815 6843 6845
f 6815 6821 6841
f 6805 6802 6801
f 6805 6851 6802
f 6811 6813 6815
f 6811 6845 6847
f 6811 6847 6850
f 6811 6850 6851
f 6811 6815 6845
f 6809 6805 6807
f 6809 6811 6851
f 6809 6851 6805
f 6830 6828 6832
f 6832 6828 6834
f 6834 6826 6836
f 6828 6826 6834
f 6836 6824 6838
f 6838 6824 6839
f 6826 6824 6836
f 6839 6822 6842
f 6824 6822 6839
f 6852 6803 6854
f 6854 6803 6856
f 6856 6803 6858
f 6818 6816 6820
f 6820 6816 6822
f 6842 6816 6844
f 6844 6816 6846
f 6822 6816 6842
f 6803 6806 6804
f 6852 6806 6803
f 6814 6812 6816
f 6846 6812 6848
f 6848 6812 6849
f 6849 6812 6852
f 6816 6812 6846
f 6806 6810 6808
f 6812 6810 6852
f 6852 6810 6806
f 6859 6860 6861
f 6859 6861 6862
f 6859 6862 6863
f 6864 6859 6863
f 6865 6863 6866
f 6865 6864 6863
f 6867 6866 6868
f 6867 6865 6866
f 6869 6868 6870
f 6869 6867 6868
f 6871 6870 6872
f 6871 6869 6870
f 6873 6872 6874
f 6873 6871 6872
f 6875 6874 6876
f 6875 6876 6877
f 6875 6873 6874
f 6878 6875 6877
f 6878 6877 6879
f 6880 6878 6879
f 6881 6880 6879
f 6881 6879 6882
f 6883 6881 6882
f 6883 6882 6884
f 6885 6883 6884
f 6885 6884 6886
f 6887 6885 6886
f 6887 6886 6888
f 6889 6887 6888
f 6889 6888 6890
f 6891 6889 6890
f 6891 6890 6892
f 6893 6891 6892
f 6893 6892 6894
f 6895 6893 6894
f 6895 6894 6896
f 6895 6896 6897
f 6898 6895 6897
f 6899 6898 6897
f 6899 6897 6900
f 6899 6900 6901
f 6902 6899 6901
f 6903 6902 6901
f 6903 6901 6904
f 6905 6903 6904
f 6905 6904 6906
f 6907 6906 6908
f 6907 6905 6906
f 6909 6908 6910
f 6909 6907 6908
f 6911 6910 6912
f 6911 6912 6913
f 6911 6909 6910
f 6914 6911 6913
f 6915 6913 6916
f 6915 6914 6913
f 6860 6916 6861
f 6860 6915 6916
f 6885 6887 6889
f 6885 6889 6891
f 6883 6891 6893
f 6883 6885 6891
f 6881 6893 6895
f 6881 6895 6898
f 6881 6883 6893
f 6878 6880 6881
f 6878 6898 6899
f 6878 6899 6902
f 6878 6881 6898
f 6860 6911 6914
f 6860 6914 6915
f 6873 6875 6878
f 6873 6902 6903
f 6873 6878 6902
f 6871 6903 6905
f 6871 6873 6903
f 6864 6860 6859
f 6864 6909 6911
f 6864 6911 6860
f 6869 6905 6907
f 6869 6871 6905
f 6865 6907 6909
f 6865 6909 6864
f 6867 6869 6907
f 6867 6907 6865
f 6888 6886 6890
f 6890 6886 6892
f 6892 6884 6894
f 6886 6884 6892
f 6894 6882 6896
f 6896 6882 6897
f 6884 6882 6894
f 6879 6877 6882
f 6897 6877 6900
f 6900 6877 6901
f 6882 6877 6897
f 6912 6861 6913
f 6913 6861 6916
f 6876 6874 6877
f 6901 6874 6904
f 6877 6874 6901
f 6904 6872 6906
f 6874 6872 6904
f 6861 6863 6862
f 6910 6863 6912
f 6912 6863 6861
f 6906 6870 6908
f 6872 6870 6906
f 6908 6866 6910
f 6910 6866 6863
f 6870 6868 6908
f 6908 6868 6866
f 6917 6918 6919
f 6919 6918 6920
f 6918 6921 6920
f 6920 6921 6922
f 6922 6921 6923
f 6921 6924 6923
f 6923 6925 6926
f 6924 6925 6923
f 6926 6927 6928
f 6925 6927 6926
f 6928 6929 6930
f 6930 6929 6931
f 6927 6929 6928
f 6929 6932 6931
f 6931 6933 6934
f 6934 6933 6935
f 6932 6933 6931
f 6933 6936 6935
f 6935 6937 6938
f 6938 6937 6939
f 6936 6937 6935
f 6937 6940 6939
f 6939 6941 6942
f 6942 6941 6943
f 6940 6941 6939
f 6941 6944 6943
f 6943 6945 6946
f 6944 6945 6943
f 6946 6947 6948
f 6945 6947 6946
f 6948 6949 6950
f 6947 6949 6948
f 6949 6951 6950
f 6950 6951 6952
f 6951 6953 6952
f 6952 6953 6954
f 6954 6953 6955
f 6953 6956 6955
f 6955 6957 6958
f 6956 6957 6955
f 6958 6959 6960
f 6957 6959 6958
f 6960 6961 6962
f 6962 6961 6963
f 6959 6961 6960
f 6961 6964 6963
f 6963 6965 6966
f 6966 6965 6967
f 6964 6965 6963
f 6965 6968 6967
f 6967 6969 6970
f 6970 6969 6971
f 6968 6969 6967
f 6969 6972 6971
f 6971 6973 6974
f 6974 6973 6975
f 6972 6973 6971
f 6973 6976 6975
f 6975 6977 6978
f 6976 6977 6975
f 6978 6979 6980
f 6977 6979 6978
f 6980 6917 6919
f 6979 6917 6980
f 6973 6977 6976
f 6969 6968 6972
f 6972 6968 6973
f 6973 6968 6977
f 6977 6917 6979
f 6961 6959 6964
f 6964 6959 6965
f 6965 6959 6968
f 6957 6956 6959
f 6959 6956 6968
f 6918 6924 6921
f 6917 6951 6918
f 6953 6951 6956
f 6968 6951 6977
f 6977 6951 6917
f 6956 6951 6968
f 6924 6929 6925
f 6925 6929 6927
f 6929 6933 6932
f 6951 6949 6918
f 6947 6945 6949
f 6918 6945 6924
f 6924 6945 6929
f 6949 6945 6918
f 6933 6940 6936
f 6936 6940 6937
f 6929 6940 6933
f 6944 6941 6945
f 6945 6941 6929
f 6929 6941 6940
f 6978 6974 6975
f 6967 6970 6971
f 6967 6971 6974
f 6967 6974 6978
f 6919 6978 6980
f 6960 6962 6963
f 6960 6963 6966
f 6960 6966 6967
f 6955 6958 6960
f 6955 6960 6967
f 6923 6920 6922
f 6952 6919 6920
f 6952 6954 6955
f 6952 6967 6978
f 6952 6978 6919
f 6952 6955 6967
f 6930 6923 6926
f 6930 6926 6928
f 6934 6930 6931
f 6950 6952 6920
f 6946 6948 6950
f 6946 6920 6923
f 6946 6923 6930
f 6946 6950 6920
f 6939 6934 6935
f 6939 6935 6938
f 6939 6930 6934
f 6942 6943 6946
f 6942 6946 6930
f 6942 6930 6939
f 6981 6982 6983
f 6981 6983 6984
f 6981 6984 6985
f 6986 6981 6985
f 6987 6985 6988
f 6987 6986 6985
f 6989 6988 6990
f 6989 6987 6988
f 6991 6990 6992
f 6991 6989 6990
f 6993 6992 6994
f 6993 6991 6992
f 6995 6994 6996
f 6995 6993 6994
f 6997 6996 6998
f 6997 6998 6999
f 6997 6995 6996
f 7000 6997 6999
f 7000 6999 7001
f 7002 7000 7001
f 7003 7002 7001
f 7003 7001 7004
f 7005 7003 7004
f 7005 7004 7006
f 7007 7005 7006
f 7007 7006 7008
f 7009 7007 7008
f 7009 7008 7010
f 7011 7009 7010
f 7011 7010 7012
f 7013 7011 7012
f 7013 7012 7014
f 7015 7013 7014
f 7015 7014 7016
f 7017 7015 7016
f 7017 7016 7018
f 7017 7018 7019
f 7020 7017 7019
f 7021 7020 7019
f 7021 7019 7022
f 7021 7022 7023
f 7024 7021 7023
f 7025 7024 7023
f 7025 7023 7026
f 7027 7025 7026
f 7027 7026 7028
f 7029 7028 7030
f 7029 7027 7028
f 7031 7030 7032
f 7031 7029 7030
f 7033 7032 7034
f 7033 7034 7035
f 7033 7031 7032
f 7036 7033 7035
f 7037 7035 7038
f 7037 7036 7035
f 6982 7038 6983
f 6982 7037 7038
f 7007 7009 7011
f 7007 7011 7013
f 7005 7013 7015
f 7005 7007 7013
f 7003 7015 7017
f 7003 7017 7020
f 7003 7005 7015
f 7000 7002 7003
f 7000 7020 7021
f 7000 7021 7024
f 7000 7003 7020
f 6982 7033 7036
f 6982 7036 7037
f 6995 6997 7000
f 6995 7024 7025
f 6995 7000 7024
f 6993 7025 7027
f 6993 6995 7025
f 6986 6982 6981
f 6986 7031 7033
f 6986 7033 6982
f 6991 7027 7029
f 6991 6993 7027
f 6987 7029 7031
f 6987 7031 6986
f 6989 6991 7029
f 6989 7029 6987
f 7010 7008 7012
f 7012 7008 7014
f 7014 7006 7016
f 7008 7006 7014
f 7016 7004 7018
f 7018 7004 7019
f 7006 7004 7016
f 7001 6999 7004
f 7019 6999 7022
f 7022 6999 7023
f 7004 6999 7019
f 7034 6983 7035
f 7035 6983 7038
f 6998 6996 6999
f 7023 6996 7026
f 6999 6996 7023
f 7026 6994 7028
f 6996 6994 7026
f 6983 6985 6984
f 7032 6985 7034
f 7034 6985 6983
f 7028 6992 7030
f 6994 6992 7028
f 7030 6988 7032
f 7032 6988 6985
f 6992 6990 7030
f 7030 6990 6988
f 7039 7040 7041
f 7039 7041 7042
f 7039 7042 7043
f 7044 7039 7043
f 7045 7043 7046
f 7045 7044 7043
f 7047 7046 7048
f 7047 7045 7046
f 7049 7048 7050
f 7049 7047 7048
f 7051 7050 7052
f 7051 7049 7050
f 7053 7052 7054
f 7053 7051 7052
f 7055 7054 7056
f 7055 7056 7057
f 7055 7053 7054
f 7058 7055 7057
f 7058 7057 7059
f 7060 7058 7059
f 7061 7060 7059
f 7061 7059 7062
f 7063 7061 7062
f 7063 7062 7064
f 7065 7063 7064
f 7065 7064 7066
f 7067 7065 7066
f 7067 7066 7068
f 7069 7067 7068
f 7069 7068 7070
f 7071 7069 7070
f 7071 7070 7072
f 7073 7071 7072
f 7073 7072 7074
f 7075 7073 7074
f 7075 7074 7076
f 7075 7076 7077
f 7078 7075 7077
f 7079 7078 7077
f 7079 7077 7080
f 7079 7080 7081
f 7082 7079 7081
f 7083 7082 7081
f 7083 7081 7084
f 7085 7083 7084
f 7085 7084 7086
f 7087 7086 7088
f 7087 7085 7086
f 7089 7088 7090
f 7089 7087 7088
f 7091 7090 7092
f 7091 7092 7093
f 7091 7089 7090
f 7094 7091 7093
f 7095 7093 7096
f 7095 7094 7093
f 7040 7096 7041
f 7040 7095 7096
f 7065 7067 7069
f 7065 7069 7071
f 7063 7071 7073
f 7063 7065 7071
f 7061 7073 7075
f 7061 7075 7078
f 7061 7063 7073
f 7060 7078 7079
f 7060 7061 7078
f 7040 7089 7091
f 7040 7091 7094
f 7040 7094 7095
f 7053 7055 7058
f 7053 7058 7060
f 7053 7079 7082
f 7053 7082 7083
f 7053 7060 7079
f 7044 7040 7039
f 7044 7089 7040
f 7049 7051 7053
f 7049 7083 7085
f 7049 7085 7087
f 7049 7087 7089
f 7049 7053 7083
f 7047 7044 7045
f 7047 7049 7089
f 7047 7089 7044
f 7068 7066 7070
f 7070 7066 7072
f 7072 7064 7074
f 7066 7064 7072
f 7074 7062 7076
f 7076 7062 7077
f 7064 7062 7074
f 7077 7059 7080
f 7062 7059 7077
f 7090 7041 7092
f 7092 7041 7093
f 7093 7041 7096
f 7056 7054 7057
f 7057 7054 7059
f 7080 7054 7081
f 7081 7054 7084
f 7059 7054 7080
f 7041 7043 7042
f 7090 7043 7041
f 7052 7050 7054
f 7084 7050 7086
f 7086 7050 7088
f 7088 7050 7090
f 7054 7050 7084
f 7043 7048 7046
f 7050 7048 7090
f 7090 7048 7043
f 7097 7098 7099
f 7097 7099 7100
f 7097 7100 7101
f 7102 7097 7101
f 7103 7101 7104
f 7103 7102 7101
f 7105 7104 7106
f 7105 7103 7104
f 7107 7106 7108
f 7107 7105 7106
f 7109 7108 7110
f 7109 7107 7108
f 7111 7110 7112
f 7111 7109 7110
f 7113 7112 7114
f 7113 7114 7115
f 7113 7111 7112
f 7116 7113 7115
f 7116 7115 7117
f 7118 7116 7117
f 7119 7118 7117
f 7119 7117 7120
f 7121 7119 7120
f 7121 7120 7122
f 7123 7121 7122
f 7123 7122 7124
f 7125 7123 7124
f 7125 7124 7126
f 7127 7125 7126
f 7127 7126 7128
f 7129 7127 7128
f 7129 7128 7130
f 7131 7129 7130
f 7131 7130 7132
f 7133 7131 7132
f 7133 7132 7134
f 7133 7134 7135
f 7136 7133 7135
f 7137 7136 7135
f 7137 7135 7138
f 7137 7138 7139
f 7140 7137 7139
f 7141 7140 7139
f 7141 7139 7142
f 7143 7141 7142
f 7143 7142 7144
f 7145 7144 7146
f 7145 7143 7144
f 7147 7146 7148
f 7147 7145 7146
f 7149 7148 7150
f 7149 7150 7151
f 7149 7147 7148
f 7152 7149 7151
f 7153 7151 7154
f 7153 7152 7151
f 7098 7154 7099
f 7098 7153 7154
f 7123 7125 7127
f 7123 7127 7129
f 7121 7129 7131
f 7121 7123 7129
f 7119 7131 7133
f 7119 7133 7136
f 7119 7121 7131
f 7118 7136 7137
f 7118 7119 7136
f 7098 7147 7149
f 7098 7149 7152
f 7098 7152 7153
f 7111 7113 7116
f 7111 7116 7118
f 7111 7137 7140
f 7111 7140 7141
f 7111 7118 7137
f 7102 7098 7097
f 7102 7147 7098
f 7107 7109 7111
f 7107 7141 7143
f 7107 7143 7145
f 7107 7145 7147
f 7107 7111 7141
f 7105 7102 7103
f 7105 7107 7147
f 7105 7147 7102
f 7126 7124 7128
f 7128 7124 7130
f 7130 7122 7132
f 7124 7122 7130
f 7132 7120 7134
f 7134 7120 7135
f 7122 7120 7132
f 7135 7117 7138
f 7120 7117 7135
f 7148 7099 7150
f 7150 7099 7151
f 7151 7099 7154
f 7114 7112 7115
f 7115 7112 7117
f 7138 7112 7139
f 7139 7112 7142
f 7117 7112 7138
f 7099 7101 7100
f 7148 7101 7099
f 7110 7108 7112
f 7142 7108 7144
f 7144 7108 7146
f 7146 7108 7148
f 7112 7108 7142
f 7101 7106 7104
f 7108 7106 7148
f 7148 7106 7101
f 7155 7156 7157
f 7155 7157 7158
f 7155 7158 7159
f 7160 7155 7159
f 7161 7159 7162
f 7161 7160 7159
f 7163 7162 7164
f 7163 7161 7162
f 7165 7164 7166
f 7165 7163 7164
f 7167 7166 7168
f 7167 7165 7166
f 7169 7168 7170
f 7169 7167 7168
f 7171 7170 7172
f 7171 7172 7173
f 7171 7169 7170
f 7174 7171 7173
f 7174 7173 7175
f 7176 7174 7175
f 7177 7176 7175
f 7177 7175 7178
f 7179 7177 7178
f 7179 7178 7180
f 7181 7179 7180
f 7181 7180 7182
f 7183 7181 7182
f 7183 7182 7184
f 7185 7183 7184
f 7185 7184 7186
f 7187 7185 7186
f 7187 7186 7188
f 7189 7187 7188
f 7189 7188 7190
f 7191 7189 7190
f 7191 7190 7192
f 7191 7192 7193
f 7194 7191 7193
f 7195 7194 7193
f 7195 7193 7196
f 7195 7196 7197
f 7198 7195 7197
f 7199 7198 7197
f 7199 7197 7200
f 7201 7199 7200
f 7201 7200 7202
f 7203 7202 7204
f 7203 7201 7202
f 7205 7204 7206
f 7205 7203 7204
f 7207 7206 7208
f 7207 7208 7209
f 7207 7205 7206
f 7210 7207 7209
f 7211 7209 7212
f 7211 7210 7209
f 7156 7212 7157
f 7156 7211 7212
f 7181 7183 7185
f 7181 7185 7187
f 7179 7187 7189
f 7179 7181 7187
f 7177 7189 7191
f 7177 7191 7194
f 7177 7179 7189
f 7176 7194 7195
f 7176 7177 7194
f 7156 7205 7207
f 7156 7207 7210
f 7156 7210 7211
f 7169 7171 7174
f 7169 7174 7176
f 7169 7195 7198
f 7169 7198 7199
f 7169 7176 7195
f 7160 7156 7155
f 7160 7205 7156
f 7165 7167 7169
f 7165 7199 7201
f 7165 7201 7203
f 7165 7203 7205
f 7165 7169 7199
f 7163 7160 7161
f 7163 7165 7205
f 7163 7205 7160
f 7184 7182 7186
f 7186 7182 7188
f 7188 7180 7190
f 7182 7180 7188
f 7190 7178 7192
f 7192 7178 7193
f 7180 7178 7190
f 7193 7175 7196
f 7178 7175 7193
f 7206 7157 7208
f 7208 7157 7209
f 7209 7157 7212
f 7172 7170 7173
f 7173 7170 7175
f 7196 7170 7197
f 7197 7170 7200
f 7175 7170 7196
f 7157 7159 7158
f 7206 7159 7157
f 7168 7166 7170
f 7200 7166 7202
f 7202 7166 7204
f 7204 7166 7206
f 7170 7166 7200
f 7159 7164 7162
f 7166 7164 7206
f 7206 7164 7159
f 7213 7214 7215
f 7213 7215 7216
f 7213 7216 7217
f 7218 7213 7217
f 7219 7217 7220
f 7219 7218 7217
f 7221 7220 7222
f 7221 7219 7220
f 7223 7222 7224
f 7223 7221 7222
f 7225 7224 7226
f 7225 7223 7224
f 7227 7226 7228
f 7227 7225 7226
f 7229 7228 7230
f 7229 7230 7231
f 7229 7227 7228
f 7232 7229 7231
f 7232 7231 7233
f 7234 7232 7233
f 7235 7234 7233
f 7235 7233 7236
f 7237 7235 7236
f 7237 7236 7238
f 7239 7237 7238
f 7239 7238 7240
f 7241 7239 7240
f 7241 7240 7242
f 7243 7241 7242
f 7243 7242 7244
f 7245 7243 7244
f 7245 7244 7246
f 7247 7245 7246
f 7247 7246 7248
f 7249 7247 7248
f 7249 7248 7250
f 7249 7250 7251
f 7252 7249 7251
f 7253 7252 7251
f 7253 7251 7254
f 7253 7254 7255
f 7256 7253 7255
f 7257 7256 7255
f 7257 7255 7258
f 7259 7257 7258
f 7259 7258 7260
f 7261 7260 7262
f 7261 7259 7260
f 7263 7262 7264
f 7263 7261 7262
f 7265 7264 7266
f 7265 7266 7267
f 7265 7263 7264
f 7268 7265 7267
f 7269 7267 7270
f 7269 7268 7267
f 7214 7270 7215
f 7214 7269 7270
f 7239 7241 7243
f 7239 7243 7245
f 7237 7245 7247
f 7237 7239 7245
f 7235 7247 7249
f 7235 7249 7252
f 7235 7237 7247
f 7232 7234 7235
f 7232 7252 7253
f 7232 7253 7256
f 7232 7235 7252
f 7214 7265 7268
f 7214 7268 7269
f 7227 7229 7232
f 7227 7256 7257
f 7227 7232 7256
f 7225 7257 7259
f 7225 7227 7257
f 7218 7214 7213
f 7218 7263 7265
f 7218 7265 7214
f 7223 7259 7261
f 7223 7225 7259
f 7219 7261 7263
f 7219 7263 7218
f 7221 7223 7261
f 7221 7261 7219
f 7242 7240 7244
f 7244 7240 7246
f 7246 7238 7248
f 7240 7238 7246
f 7248 7236 7250
f 7250 7236 7251
f 7238 7236 7248
f 7233 7231 7236
f 7251 7231 7254
f 7254 7231 7255
f 7236 7231 7251
f 7266 7215 7267
f 7267 7215 7270
f 7230 7228 7231
f 7255 7228 7258
f 7231 7228 7255
f 7258 7226 7260
f 7228 7226 7258
f 7215 7217 7216
f 7264 7217 7266
f 7266 7217 7215
f 7260 7224 7262
f 7226 7224 7260
f 7262 7220 7264
f 7264 7220 7217
f 7224 7222 7262
f 7262 7222 7220
f 7271 7272 7273
f 7271 7273 7274
f 7271 7274 7275
f 7276 7271 7275
f 7277 7275 7278
f 7277 7276 7275
f 7279 7278 7280
f 7279 7277 7278
f 7281 7280 7282
f 7281 7279 7280
f 7283 7282 7284
f 7283 7281 7282
f 7285 7284 7286
f 7285 7283 7284
f 7287 7286 7288
f 7287 7288 7289
f 7287 7285 7286
f 7290 7287 7289
f 7290 7289 7291
f 7292 7290 7291
f 7293 7292 7291
f 7293 7291 7294
f 7295 7293 7294
f 7295 7294 7296
f 7297 7295 7296
f 7297 7296 7298
f 7299 7297 7298
f 7299 7298 7300
f 7301 7299 7300
f 7301 7300 7302
f 7303 7301 7302
f 7303 7302 7304
f 7305 7303 7304
f 7305 7304 7306
f 7307 7305 7306
f 7307 7306 7308
f 7307 7308 7309
f 7310 7307 7309
f 7311 7310 7309
f 7311 7309 7312
f 7311 7312 7313
f 7314 7311 7313
f 7315 7314 7313
f 7315 7313 7316
f 7317 7315 7316
f 7317 7316 7318
f 7319 7318 7320
f 7319 7317 7318
f 7321 7320 7322
f 7321 7319 7320
f 7323 7322 7324
f 7323 7324 7325
f 7323 7321 7322
f 7326 7323 7325
f 7327 7325 7328
f 7327 7326 7325
f 7272 7328 7273
f 7272 7327 7328
f 7297 7299 7301
f 7297 7301 7303
f 7295 7303 7305
f 7295 7297 7303
f 7293 7305 7307
f 7293 7307 7310
f 7293 7295 7305
f 7292 7310 7311
f 7292 7293 7310
f 7272 7321 7323
f 7272 7323 7326
f 7272 7326 7327
f 7285 7287 7290
f 7285 7290 7292
f 7285 7311 7314
f 7285 7314 7315
f 7285 7292 7311
f 7276 7272 7271
f 7276 7321 7272
f 7281 7283 7285
f 7281 7315 7317
f 7281 7317 7319
f 7281 7319 7321
f 7281 7285 7315
f 7279 7276 7277
f 7279 7281 7321
f 7279 7321 7276
f 7300 7298 7302
f 7302 7298 7304
f 7304 7296 7306
f 7298 7296 7304
f 7306 7294 7308
f 7308 7294 7309
f 7296 7294 7306
f 7309 7291 7312
f 7294 7291 7309
f 7322 7273 7324
f 7324 7273 7325
f 7325 7273 7328
f 7288 7286 7289
f 7289 7286 7291
f 7312 7286 7313
f 7313 7286 7316
f 7291 7286 7312
f 7273 7275 7274
f 7322 7275 7273
f 7284 7282 7286
f 7316 7282 7318
f 7318 7282 7320
f 7320 7282 7322
f 7286 7282 7316
f 7275 7280 7278
f 7282 7280 7322
f 7322 7280 7275
f 7329 7330 7331
f 7329 7331 7332
f 7329 7332 7333
f 7334 7329 7333
f 7335 7333 7336
f 7335 7334 7333
f 7337 7336 7338
f 7337 7335 7336
f 7339 7338 7340
f 7339 7337 7338
f 7341 7340 7342
f 7341 7339 7340
f 7343 7342 7344
f 7343 7341 7342
f 7345 7344 7346
f 7345 7346 7347
f 7345 7343 7344
f 7348 7345 7347
f 7348 7347 7349
f 7350 7348 7349
f 7351 7350 7349
f 7351 7349 7352
f 7353 7351 7352
f 7353 7352 7354
f 7355 7353 7354
f 7355 7354 7356
f 7357 7355 7356
f 7357 7356 7358
f 7359 7357 7358
f 7359 7358 7360
f 7361 7359 7360
f 7361 7360 7362
f 7363 7361 7362
f 7363 7362 7364
f 7365 7363 7364
f 7365 7364 7366
f 7365 7366 7367
f 7368 7365 7367
f 7369 7368 7367
f 7369 7367 7370
f 7369 7370 7371
f 7372 7369 7371
f 7373 7372 7371
f 7373 7371 7374
f 7375 7373 7374
f 7375 7374 7376
f 7377 7376 7378
f 7377 7375 7376
f 7379 7378 7380
f 7379 7377 7378
f 7381 7380 7382
f 7381 7382 7383
f 7381 7379 7380
f 7384 7381 7383
f 7385 7383 7386
f 7385 7384 7383
f 7330 7386 7331
f 7330 7385 7386
f 7355 7357 7359
f 7355 7359 7361
f 7353 7361 7363
f 7353 7355 7361
f 7351 7363 7365
f 7351 7365 7368
f 7351 7353 7363
f 7350 7368 7369
f 7350 7351 7368
f 7330 7379 7381
f 7330 7381 7384
f 7330 7384 7385
f 7343 7345 7348
f 7343 7348 7350
f 7343 7369 7372
f 7343 7372 7373
f 7343 7350 7369
f 7334 7330 7329
f 7334 7379 7330
f 7339 7341 7343
f 7339 7373 7375
f 7339 7375 7377
f 7339 7377 7379
f 7339 7343 7373
f 7337 7334 7335
f 7337 7339 7379
f 7337 7379 7334
f 7358 7356 7360
f 7360 7356 7362
f 7362 7354 7364
f 7356 7354 7362
f 7364 7352 7366
f 7366 7352 7367
f 7354 7352 7364
f 7367 7349 7370
f 7352 7349 7367
f 7380 7331 7382
f 7382 7331 7383
f 7383 7331 7386
f 7346 7344 7347
f 7347 7344 7349
f 7370 7344 7371
f 7371 7344 7374
f 7349 7344 7370
f 7331 7333 7332
f 7380 7333 7331
f 7342 7340 7344
f 7374 7340 7376
f 7376 7340 7378
f 7378 7340 7380
f 7344 7340 7374
f 7333 7338 7336
f 7340 7338 7380
f 7380 7338 7333
f 7387 7388 7389
f 7387 7389 7390
f 7387 7390 7391
f 7392 7387 7391
f 7393 7391 7394
f 7393 7392 7391
f 7395 7394 7396
f 7395 7393 7394
f 7397 7396 7398
f 7397 7395 7396
f 7399 7398 7400
f 7399 7397 7398
f 7401 7400 7402
f 7401 7399 7400
f 7403 7402 7404
f 7403 7404 7405
f 7403 7401 7402
f 7406 7403 7405
f 7406 7405 7407
f 7408 7406 7407
f 7409 7408 7407
f 7409 7407 7410
f 7411 7409 7410
f 7411 7410 7412
f 7413 7411 7412
f 7413 7412 7414
f 7415 7413 7414
f 7415 7414 7416
f 7417 7415 7416
f 7417 7416 7418
f 7419 7417 7418
f 7419 7418 7420
f 7421 7419 7420
f 7421 7420 7422
f 7423 7421 7422
f 7423 7422 7424
f 7423 7424 7425
f 7426 7423 7425
f 7427 7426 7425
f 7427 7425 7428
f 7427 7428 7429
f 7430 7427 7429
f 7431 7430 7429
f 7431 7429 7432
f 7433 7431 7432
f 7433 7432 7434
f 7435 7434 7436
f 7435 7433 7434
f 7437 7436 7438
f 7437 7435 7436
f 7439 7438 7440
f 7439 7440 7441
f 7439 7437 7438
f 7442 7439 7441
f 7443 7441 7444
f 7443 7442 7441
f 7388 7444 7389
f 7388 7443 7444
f 7413 7415 7417
f 7413 7417 7419
f 7411 7419 7421
f 7411 7413 7419
f 7409 7421 7423
f 7409 7423 7426
f 7409 7411 7421
f 7406 7408 7409
f 7406 7426 7427
f 7406 7427 7430
f 7406 7409 7426
f 7388 7439 7442
f 7388 7442 7443
f 7401 7403 7406
f 7401 7430 7431
f 7401 7406 7430
f 7399 7431 7433
f 7399 7401 7431
f 7392 7388 7387
f 7392 7437 7439
f 7392 7439 7388
f 7397 7433 7435
f 7397 7399 7433
f 7393 7435 7437
f 7393 7437 7392
f 7395 7397 7435
f 7395 7435 7393
f 7416 7414 7418
f 7418 7414 7420
f 7420 7412 7422
f 7414 7412 7420
f 7422 7410 7424
f 7424 7410 7425
f 7412 7410 7422
f 7407 7405 7410
f 7425 7405 7428
f 7428 7405 7429
f 7410 7405 7425
f 7440 7389 7441
f 7441 7389 7444
f 7404 7402 7405
f 7429 7402 7432
f 7405 7402 7429
f 7432 7400 7434
f 7402 7400 7432
f 7389 7391 7390
f 7438 7391 7440
f 7440 7391 7389
f 7434 7398 7436
f 7400 7398 7434
f 7436 7394 7438
f 7438 7394 7391
f 7398 7396 7436
f 7436 7396 7394
f 7445 7446 7447
f 7445 7447 7448
f 7449 7448 7450
f 7449 7445 7448
f 7451 7450 7452
f 7451 7449 7450
f 7453 7452 7454
f 7453 7451 7452
f 7455 7454 7456
f 7455 7453 7454
f 7457 7456 7458
f 7457 7455 7456
f 7459 7458 7460
f 7459 7457 7458
f 7461 7460 7462
f 7461 7459 7460
f 7463 7462 7464
f 7463 7461 7462
f 7465 7463 7464
f 7465 7464 7466
f 7467 7465 7466
f 7467 7466 7468
f 7469 7467 7468
f 7469 7468 7470
f 7471 7469 7470
f 7471 7470 7472
f 7473 7471 7472
f 7473 7472 7474
f 7475 7473 7474
f 7475 7474 7476
f 7477 7475 7476
f 7477 7476 7478
f 7479 7477 7478
f 7479 7478 7480
f 7481 7479 7480
f 7481 7480 7482
f 7481 7482 7483
f 7484 7481 7483
f 7485 7484 7483
f 7485 7483 7486
f 7487 7485 7486
f 7487 7486 7488
f 7489 7487 7488
f 7489 7488 7490
f 7491 7489 7490
f 7491 7490 7492
f 7491 7492 7493
f 7494 7491 7493
f 7495 7493 7496
f 7495 7494 7493
f 7497 7496 7498
f 7497 7495 7496
f 7499 7498 7500
f 7499 7497 7498
f 7501 7500 7502
f 7501 7499 7500
f 7446 7502 7447
f 7446 7501 7502
f 7471 7473 7475
f 7471 7475 7477
f 7469 7477 7479
f 7469 7471 7477
f 7467 7479 7481
f 7467 7481 7484
f 7467 7469 7479
f 7465 7484 7485
f 7465 7467 7484
f 7446 7495 7497
f 7446 7497 7499
f 7446 7499 7501
f 7459 7461 7463
f 7459 7463 7465
f 7459 7485 7487
f 7459 7487 7489
f 7459 7465 7485
f 7449 7446 7445
f 7449 7495 7446
f 7455 7457 7459
f 7455 7489 7491
f 7455 7491 7494
f 7455 7494 7495
f 7455 7459 7489
f 7453 7449 7451
f 7453 7455 7495
f 7453 7495 7449
f 7474 7472 7476
f 7476 7472 7478
f 7478 7470 7480
f 7472 7470 7478
f 7480 7468 7482
f 7482 7468 7483
f 7470 7468 7480
f 7483 7466 7486
f 7468 7466 7483
f 7496 7447 7498
f 7498 7447 7500
f 7500 7447 7502
f 7462 7460 7464
f 7464 7460 7466
f 7486 7460 7488
f 7488 7460 7490
f 7466 7460 7486
f 7447 7450 7448
f 7496 7450 7447
f 7458 7456 7460
f 7490 7456 7492
f 7492 7456 7493
f 7493 7456 7496
f 7460 7456 7490
f 7450 7454 7452
f 7456 7454 7496
f 7496 7454 7450
f 7503 7504 7505
f 7503 7505 7506
f 7507 7506 7508
f 7507 7503 7506
f 7509 7508 7510
f 7509 7507 7508
f 7511 7510 7512
f 7511 7509 7510
f 7513 7512 7514
f 7513 7511 7512
f 7515 7514 7516
f 7515 7513 7514
f 7517 7516 7518
f 7517 7515 7516
f 7519 7518 7520
f 7519 7517 7518
f 7521 7520 7522
f 7521 7519 7520
f 7523 7521 7522
f 7523 7522 7524
f 7525 7523 7524
f 7525 7524 7526
f 7527 7525 7526
f 7527 7526 7528
f 7529 7527 7528
f 7529 7528 7530
f 7531 7529 7530
f 7531 7530 7532
f 7533 7531 7532
f 7533 7532 7534
f 7535 7533 7534
f 7535 7534 7536
f 7537 7535 7536
f 7537 7536 7538
f 7539 7537 7538
f 7539 7538 7540
f 7539 7540 7541
f 7542 7539 7541
f 7543 7542 7541
f 7543 7541 7544
f 7545 7543 7544
f 7545 7544 7546
f 7547 7545 7546
f 7547 7546 7548
f 7549 7547 7548
f 7549 7548 7550
f 7549 7550 7551
f 7552 7549 7551
f 7553 7551 7554
f 7553 7552 7551
f 7555 7554 7556
f 7555 7553 7554
f 7557 7556 7558
f 7557 7555 7556
f 7559 7558 7560
f 7559 7557 7558
f 7504 7560 7505
f 7504 7559 7560
f 7529 7531 7533
f 7529 7533 7535
f 7527 7535 7537
f 7527 7529 7535
f 7525 7537 7539
f 7525 7539 7542
f 7525 7527 7537
f 7523 7542 7543
f 7523 7525 7542
f 7504 7553 7555
f 7504 7555 7557
f 7504 7557 7559
f 7517 7519 7521
f 7517 7521 7523
f 7517 7543 7545
f 7517 7545 7547
f 7517 7523 7543
f 7507 7504 7503
f 7507 7553 7504
f 7513 7515 7517
f 7513 7547 7549
f 7513 7549 7552
f 7513 7552 7553
f 7513 7517 7547
f 7511 7507 7509
f 7511 7513 7553
f 7511 7553 7507
f 7532 7530 7534
f 7534 7530 7536
f 7536 7528 7538
f 7530 7528 7536
f 7538 7526 7540
f 7540 7526 7541
f 7528 7526 7538
f 7541 7524 7544
f 7526 7524 7541
f 7554 7505 7556
f 7556 7505 7558
f 7558 7505 7560
f 7520 7518 7522
f 7522 7518 7524
f 7544 7518 7546
f 7546 7518 7548
f 7524 7518 7544
f 7505 7508 7506
f 7554 7508 7505
f 7516 7514 7518
f 7548 7514 7550
f 7550 7514 7551
f 7551 7514 7554
f 7518 7514 7548
f 7508 7512 7510
f 7514 7512 7554
f 7554 7512 7508
f 7561 7562 7563
f 7561 7563 7564
f 7565 7564 7566
f 7565 7561 7564
f 7567 7566 7568
f 7567 7565 7566
f 7569 7568 7570
f 7569 7567 7568
f 7571 7570 7572
f 7571 7569 7570
f 7573 7572 7574
f 7573 7571 7572
f 7575 7574 7576
f 7575 7573 7574
f 7577 7576 7578
f 7577 7575 7576
f 7579 7578 7580
f 7579 7577 7578
f 7581 7579 7580
f 7581 7580 7582
f 7583 7581 7582
f 7583 7582 7584
f 7585 7583 7584
f 7585 7584 7586
f 7587 7585 7586
f 7587 7586 7588
f 7589 7587 7588
f 7589 7588 7590
f 7591 7589 7590
f 7591 7590 7592
f 7593 7591 7592
f 7593 7592 7594
f 7595 7593 7594
f 7595 7594 7596
f 7597 7595 7596
f 7597 7596 7598
f 7597 7598 7599
f 7600 7597 7599
f 7601 7600 7599
f 7601 7599 7602
f 7603 7601 7602
f 7603 7602 7604
f 7605 7603 7604
f 7605 7604 7606
f 7607 7605 7606
f 7607 7606 7608
f 7607 7608 7609
f 7610 7607 7609
f 7611 7609 7612
f 7611 7610 7609
f 7613 7612 7614
f 7613 7611 7612
f 7615 7614 7616
f 7615 7613 7614
f 7617 7616 7618
f 7617 7615 7616
f 7562 7618 7563
f 7562 7617 7618
f 7587 7589 7591
f 7587 7591 7593
f 7585 7593 7595
f 7585 7587 7593
f 7583 7595 7597
f 7583 7597 7600
f 7583 7585 7595
f 7579 7581 7583
f 7579 7600 7601
f 7579 7601 7603
f 7579 7583 7600
f 7562 7613 7615
f 7562 7615 7617
f 7575 7577 7579
f 7575 7603 7605
f 7575 7579 7603
f 7573 7605 7607
f 7573 7575 7605
f 7565 7562 7561
f 7565 7611 7613
f 7565 7613 7562
f 7571 7607 7610
f 7571 7573 7607
f 7567 7610 7611
f 7567 7611 7565
f 7569 7571 7610
f 7569 7610 7567
f 7590 7588 7592
f 7592 7588 7594
f 7594 7586 7596
f 7588 7586 7594
f 7596 7584 7598
f 7598 7584 7599
f 7586 7584 7596
f 7582 7580 7584
f 7599 7580 7602
f 7602 7580 7604
f 7584 7580 7599
f 7614 7563 7616
f 7616 7563 7618
f 7578 7576 7580
f 7604 7576 7606
f 7580 7576 7604
f 7606 7574 7608
f 7576 7574 7606
f 7563 7566 7564
f 7612 7566 7614
f 7614 7566 7563
f 7608 7572 7609
f 7574 7572 7608
f 7609 7568 7612
f 7612 7568 7566
f 7572 7570 7609
f 7609 7570 7568
f 7619 7620 7621
f 7619 7621 7622
f 7619 7622 7623
f 7624 7619 7623
f 7625 7623 7626
f 7625 7624 7623
f 7627 7626 7628
f 7627 7625 7626
f 7629 7628 7630
f 7629 7627 7628
f 7631 7630 7632
f 7631 7629 7630
f 7633 7632 7634
f 7633 7631 7632
f 7635 7634 7636
f 7635 7636 7637
f 7635 7633 7634
f 7638 7635 7637
f 7638 7637 7639
f 7640 7638 7639
f 7641 7640 7639
f 7641 7639 7642
f 7643 7641 7642
f 7643 7642 7644
f 7645 7643 7644
f 7645 7644 7646
f 7647 7645 7646
f 7647 7646 7648
f 7649 7647 7648
f 7649 7648 7650
f 7651 7649 7650
f 7651 7650 7652
f 7653 7651 7652
f 7653 7652 7654
f 7655 7653 7654
f 7655 7654 7656
f 7655 7656 7657
f 7658 7655 7657
f 7659 7658 7657
f 7659 7657 7660
f 7659 7660 7661
f 7662 7659 7661
f 7663 7662 7661
f 7663 7661 7664
f 7665 7663 7664
f 7665 7664 7666
f 7667 7666 7668
f 7667 7665 7666
f 7669 7668 7670
f 7669 7667 7668
f 7671 7670 7672
f 7671 7672 7673
f 7671 7669 7670
f 7674 7671 7673
f 7675 7673 7676
f 7675 7674 7673
f 7620 7676 7621
f 7620 7675 7676
f 7645 7647 7649
f 7645 7649 7651
f 7643 7651 7653
f 7643 7645 7651
f 7641 7653 7655
f 7641 7655 7658
f 7641 7643 7653
f 7640 7658 7659
f 7640 7641 7658
f 7620 7669 7671
f 7620 7671 7674
f 7620 7674 7675
f 7633 7635 7638
f 7633 7638 7640
f 7633 7659 7662
f 7633 7662 7663
f 7633 7640 7659
f 7624 7620 7619
f 7624 7669 7620
f 7629 7631 7633
f 7629 7663 7665
f 7629 7665 7667
f 7629 7667 7669
f 7629 7633 7663
f 7627 7624 7625
f 7627 7629 7669
f 7627 7669 7624
f 7648 7646 7650
f 7650 7646 7652
f 7652 7644 7654
f 7646 7644 7652
f 7654 7642 7656
f 7656 7642 7657
f 7644 7642 7654
f 7657 7639 7660
f 7642 7639 7657
f 7670 7621 7672
f 7672 7621 7673
f 7673 7621 7676
f 7636 7634 7637
f 7637 7634 7639
f 7660 7634 7661
f 7661 7634 7664
f 7639 7634 7660
f 7621 7623 7622
f 7670 7623 7621
f 7632 7630 7634
f 7664 7630 7666
f 7666 7630 7668
f 7668 7630 7670
f 7634 7630 7664
f 7623 7628 7626
f 7630 7628 7670
f 7670 7628 7623
f 7677 7678 7679
f 7677 7679 7680
f 7677 7680 7681
f 7682 7677 7681
f 7683 7681 7684
f 7683 7682 7681
f 7685 7684 7686
f 7685 7683 7684
f 7687 7686 7688
f 7687 7685 7686
f 7689 7688 7690
f 7689 7687 7688
f 7691 7690 7692
f 7691 7689 7690
f 7693 7692 7694
f 7693 7694 7695
f 7693 7691 7692
f 7696 7693 7695
f 7696 7695 7697
f 7698 7696 7697
f 7699 7698 7697
f 7699 7697 7700
f 7701 7699 7700
f 7701 7700 7702
f 7703 7701 7702
f 7703 7702 7704
f 7705 7703 7704
f 7705 7704 7706
f 7707 7705 7706
f 7707 7706 7708
f 7709 7707 7708
f 7709 7708 7710
f 7711 7709 7710
f 7711 7710 7712
f 7713 7711 7712
f 7713 7712 7714
f 7713 7714 7715
f 7716 7713 7715
f 7717 7716 7715
f 7717 7715 7718
f 7717 7718 7719
f 7720 7717 7719
f 7721 7720 7719
f 7721 7719 7722
f 7723 7721 7722
f 7723 7722 7724
f 7725 7724 7726
f 7725 7723 7724
f 7727 7726 7728
f 7727 7725 7726
f 7729 7728 7730
f 7729 7730 7731
f 7729 7727 7728
f 7732 7729 7731
f 7733 7731 7734
f 7733 7732 7731
f 7678 7734 7679
f 7678 7733 7734
f 7703 7705 7707
f 7703 7707 7709
f 7701 7709 7711
f 7701 7703 7709
f 7699 7711 7713
f 7699 7713 7716
f 7699 7701 7711
f 7696 7698 7699
f 7696 7716 7717
f 7696 7717 7720
f 7696 7699 7716
f 7678 7729 7732
f 7678 7732 7733
f 7691 7693 7696
f 7691 7720 7721
f 7691 7696 7720
f 7689 7721 7723
f 7689 7691 7721
f 7682 7678 7677
f 7682 7727 7729
f 7682 7729 7678
f 7687 7723 7725
f 7687 7689 7723
f 7683 7725 7727
f 7683 7727 7682
f 7685 7687 7725
f 7685 7725 7683
f 7706 7704 7708
f 7708 7704 7710
f 7710 7702 7712
f 7704 7702 7710
f 7712 7700 7714
f 7714 7700 7715
f 7702 7700 7712
f 7697 7695 7700
f 7715 7695 7718
f 7718 7695 7719
f 7700 7695 7715
f 7730 7679 7731
f 7731 7679 7734
f 7694 7692 7695
f 7719 7692 7722
f 7695 7692 7719
f 7722 7690 7724
f 7692 7690 7722
f 7679 7681 7680
f 7728 7681 7730
f 7730 7681 7679
f 7724 7688 7726
f 7690 7688 7724
f 7726 7684 7728
f 7728 7684 7681
f 7688 7686 7726
f 7726 7686 7684
f 7735 7736 7737
f 7735 7737 7738
f 7735 7738 7739
f 7740 7735 7739
f 7741 7739 7742
f 7741 7740 7739
f 7743 7742 7744
f 7743 7741 7742
f 7745 7744 7746
f 7745 7743 7744
f 7747 7746 7748
f 7747 7745 7746
f 7749 7748 7750
f 7749 7747 7748
f 7751 7750 7752
f 7751 7752 7753
f 7751 7749 7750
f 7754 7751 7753
f 7754 7753 7755
f 7756 7754 7755
f 7757 7756 7755
f 7757 7755 7758
f 7759 7757 7758
f 7759 7758 7760
f 7761 7759 7760
f 7761 7760 7762
f 7763 7761 7762
f 7763 7762 7764
f 7765 7763 7764
f 7765 7764 7766
f 7767 7765 7766
f 7767 7766 7768
f 7769 7767 7768
f 7769 7768 7770
f 7771 7769 7770
f 7771 7770 7772
f 7771 7772 7773
f 7774 7771 7773
f 7775 7774 7773
f 7775 7773 7776
f 7775 7776 7777
f 7778 7775 7777
f 7779 7778 7777
f 7779 7777 7780
f 7781 7779 7780
f 7781 7780 7782
f 7783 7782 7784
f 7783 7781 7782
f 7785 7784 7786
f 7785 7783 7784
f 7787 7786 7788
f 7787 7788 7789
f 7787 7785 7786
f 7790 7787 7789
f 7791 7789 7792
f 7791 7790 7789
f 7736 7792 7737
f 7736 7791 7792
f 7761 7763 7765
f 7761 7765 7767
f 7759 7767 7769
f 7759 7761 7767
f 7757 7769 7771
f 7757 7771 7774
f 7757 7759 7769
f 7754 7756 7757
f 7754 7774 7775
f 7754 7775 7778
f 7754 7757 7774
f 7736 7787 7790
f 7736 7790 7791
f 7749 7751 7754
f 7749 7778 7779
f 7749 7754 7778
f 7747 7779 7781
f 7747 7749 7779
f 7740 7736 7735
f 7740 7785 7787
f 7740 7787 7736
f 7745 7781 7783
f 7745 7747 7781
f 7741 7783 7785
f 7741 7785 7740
f 7743 7745 7783
f 7743 7783 7741
f 7764 7762 7766
f 7766 7762 7768
f 7768 7760 7770
f 7762 7760 7768
f 7770 7758 7772
f 7772 7758 7773
f 7760 7758 7770
f 7755 7753 7758
f 7773 7753 7776
f 7776 7753 7777
f 7758 7753 7773
f 7788 7737 7789
f 7789 7737 7792
f 7752 7750 7753
f 7777 7750 7780
f 7753 7750 7777
f 7780 7748 7782
f 7750 7748 7780
f 7737 7739 7738
f 7786 7739 7788
f 7788 7739 7737
f 7782 7746 7784
f 7748 7746 7782
f 7784 7742 7786
f 7786 7742 7739
f 7746 7744 7784
f 7784 7744 7742
f 7793 7794 7795
f 7793 7795 7796
f 7793 7796 7797
f 7798 7793 7797
f 7799 7797 7800
f 7799 7798 7797
f 7801 7800 7802
f 7801 7799 7800
f 7803 7802 7804
f 7803 7801 7802
f 7805 7804 7806
f 7805 7803 7804
f 7807 7806 7808
f 7807 7805 7806
f 7809 7808 7810
f 7809 7810 7811
f 7809 7807 7808
f 7812 7809 7811
f 7812 7811 7813
f 7814 7812 7813
f 7815 7814 7813
f 7815 7813 7816
f 7817 7815 7816
f 7817 7816 7818
f 7819 7817 7818
f 7819 7818 7820
f 7821 7819 7820
f 7821 7820 7822
f 7823 7821 7822
f 7823 7822 7824
f 7825 7823 7824
f 7825 7824 7826
f 7827 7825 7826
f 7827 7826 7828
f 7829 7827 7828
f 7829 7828 7830
f 7829 7830 7831
f 7832 7829 7831
f 7833 7832 7831
f 7833 7831 7834
f 7833 7834 7835
f 7836 7833 7835
f 7837 7836 7835
f 7837 7835 7838
f 7839 7837 7838
f 7839 7838 7840
f 7841 7840 7842
f 7841 7839 7840
f 7843 7842 7844
f 7843 7841 7842
f 7845 7844 7846
f 7845 7846 7847
f 7845 7843 7844
f 7848 7845 7847
f 7849 7847 7850
f 7849 7848 7847
f 7794 7850 7795
f 7794 7849 7850
f 7819 7821 7823
f 7819 7823 7825
f 7817 7825 7827
f 7817 7819 7825
f 7815 7827 7829
f 7815 7829 7832
f 7815 7817 7827
f 7812 7814 7815
f 7812 7832 7833
f 7812 7833 7836
f 7812 7815 7832
f 7794 7845 7848
f 7794 7848 7849
f 7807 7809 7812
f 7807 7836 7837
f 7807 7812 7836
f 7805 7837 7839
f 7805 7807 7837
f 7798 7794 7793
f 7798 7843 7845
f 7798 7845 7794
f 7803 7839 7841
f 7803 7805 7839
f 7799 7841 7843
f 7799 7843 7798
f 7801 7803 7841
f 7801 7841 7799
f 7822 7820 7824
f 7824 7820 7826
f 7826 7818 7828
f 7820 7818 7826
f 7828 7816 7830
f 7830 7816 7831
f 7818 7816 7828
f 7813 7811 7816
f 7831 7811 7834
f 7834 7811 7835
f 7816 7811 7831
f 7846 7795 7847
f 7847 7795 7850
f 7810 7808 7811
f 7835 7808 7838
f 7811 7808 7835
f 7838 7806 7840
f 7808 7806 7838
f 7795 7797 7796
f 7844 7797 7846
f 7846 7797 7795
f 7840 7804 7842
f 7806 7804 7840
f 7842 7800 7844
f 7844 7800 7797
f 7804 7802 7842
f 7842 7802 7800
f 7851 7852 7853
f 7851 7853 7854
f 7851 7854 7855
f 7856 7851 7855
f 7857 7855 7858
f 7857 7856 7855
f 7859 7858 7860
f 7859 7857 7858
f 7861 7860 7862
f 7861 7859 7860
f 7863 7862 7864
f 7863 7861 7862
f 7865 7864 7866
f 7865 7863 7864
f 7867 7866 7868
f 7867 7868 7869
f 7867 7865 7866
f 7870 7867 7869
f 7870 7869 7871
f 7872 7870 7871
f 7873 7872 7871
f 7873 7871 7874
f 7875 7873 7874
f 7875 7874 7876
f 7877 7875 7876
f 7877 7876 7878
f 7879 7877 7878
f 7879 7878 7880
f 7881 7879 7880
f 7881 7880 7882
f 7883 7881 7882
f 7883 7882 7884
f 7885 7883 7884
f 7885 7884 7886
f 7887 7885 7886
f 7887 7886 7888
f 7887 7888 7889
f 7890 7887 7889
f 7891 7890 7889
f 7891 7889 7892
f 7891 7892 7893
f 7894 7891 7893
f 7895 7894 7893
f 7895 7893 7896
f 7897 7895 7896
f 7897 7896 7898
f 7899 7898 7900
f 7899 7897 7898
f 7901 7900 7902
f 7901 7899 7900
f 7903 7902 7904
f 7903 7904 7905
f 7903 7901 7902
f 7906 7903 7905
f 7907 7905 7908
f 7907 7906 7905
f 7852 7908 7853
f 7852 7907 7908
f 7877 7879 7881
f 7877 7881 7883
f 7875 7883 7885
f 7875 7877 7883
f 7873 7885 7887
f 7873 7887 7890
f 7873 7875 7885
f 7870 7872 7873
f 7870 7890 7891
f 7870 7891 7894
f 7870 7873 7890
f 7852 7903 7906
f 7852 7906 7907
f 7865 7867 7870
f 7865 7894 7895
f 7865 7870 7894
f 7863 7895 7897
f 7863 7865 7895
f 7856 7852 7851
f 7856 7901 7903
f 7856 7903 7852
f 7861 7897 7899
f 7861 7863 7897
f 7857 7899 7901
f 7857 7901 7856
f 7859 7861 7899
f 7859 7899 7857
f 7880 7878 7882
f 7882 7878 7884
f 7884 7876 7886
f 7878 7876 7884
f 7886 7874 7888
f 7888 7874 7889
f 7876 7874 7886
f 7871 7869 7874
f 7889 7869 7892
f 7892 7869 7893
f 7874 7869 7889
f 7904 7853 7905
f 7905 7853 7908
f 7868 7866 7869
f 7893 7866 7896
f 7869 7866 7893
f 7896 7864 7898
f 7866 7864 7896
f 7853 7855 7854
f 7902 7855 7904
f 7904 7855 7853
f 7898 7862 7900
f 7864 7862 7898
f 7900 7858 7902
f 7902 7858 7855
f 7862 7860 7900
f 7900 7860 7858
f 7909 7910 7911
f 7909 7911 7912
f 7909 7912 7913
f 7914 7909 7913
f 7915 7913 7916
f 7915 7914 7913
f 7917 7916 7918
f 7917 7915 7916
f 7919 7918 7920
f 7919 7917 7918
f 7921 7920 7922
f 7921 7919 7920
f 7923 7922 7924
f 7923 7921 7922
f 7925 7924 7926
f 7925 7926 7927
f 7925 7923 7924
f 7928 7925 7927
f 7928 7927 7929
f 7930 7928 7929
f 7931 7930 7929
f 7931 7929 7932
f 7933 7931 7932
f 7933 7932 7934
f 7935 7933 7934
f 7935 7934 7936
f 7937 7935 7936
f 7937 7936 7938
f 7939 7937 7938
f 7939 7938 7940
f 7941 7939 7940
f 7941 7940 7942
f 7943 7941 7942
f 7943 7942 7944
f 7945 7943 7944
f 7945 7944 7946
f 7945 7946 7947
f 7948 7945 7947
f 7949 7948 7947
f 7949 7947 7950
f 7949 7950 7951
f 7952 7949 7951
f 7953 7952 7951
f 7953 7951 7954
f 7955 7953 7954
f 7955 7954 7956
f 7957 7956 7958
f 7957 7955 7956
f 7959 7958 7960
f 7959 7957 7958
f 7961 7960 7962
f 7961 7962 7963
f 7961 7959 7960
f 7964 7961 7963
f 7965 7963 7966
f 7965 7964 7963
f 7910 7966 7911
f 7910 7965 7966
f 7935 7937 7939
f 7935 7939 7941
f 7933 7941 7943
f 7933 7935 7941
f 7931 7943 7945
f 7931 7945 7948
f 7931 7933 7943
f 7928 7930 7931
f 7928 7948 7949
f 7928 7949 7952
f 7928 7931 7948
f 7910 7961 7964
f 7910 7964 7965
f 7923 7925 7928
f 7923 7952 7953
f 7923 7928 7952
f 7921 7953 7955
f 7921 7923 7953
f 7914 7910 7909
f 7914 7959 7961
f 7914 7961 7910
f 7919 7955 7957
f 7919 7921 7955
f 7915 7957 7959
f 7915 7959 7914
f 7917 7919 7957
f 7917 7957 7915
f 7938 7936 7940
f 7940 7936 7942
f 7942 7934 7944
f 7936 7934 7942
f 7944 7932 7946
f 7946 7932 7947
f 7934 7932 7944
f 7929 7927 7932
f 7947 7927 7950
f 7950 7927 7951
f 7932 7927 7947
f 7962 7911 7963
f 7963 7911 7966
f 7926 7924 7927
f 7951 7924 7954
f 7927 7924 7951
f 7954 7922 7956
f 7924 7922 7954
f 7911 7913 7912
f 7960 7913 7962
f 7962 7913 7911
f 7956 7920 7958
f 7922 7920 7956
f 7958 7916 7960
f 7960 7916 7913
f 7920 7918 7958
f 7958 7918 7916
f 7967 7968 7969
f 7967 7969 7970
f 7967 7970 7971
f 7972 7967 7971
f 7973 7971 7974
f 7973 7972 7971
f 7975 7974 7976
f 7975 7973 7974
f 7977 7976 7978
f 7977 7975 7976
f 7979 7978 7980
f 7979 7977 7978
f 7981 7980 7982
f 7981 7979 7980
f 7983 7982 7984
f 7983 7984 7985
f 7983 7981 7982
f 7986 7983 7985
f 7986 7985 7987
f 7988 7986 7987
f 7989 7988 7987
f 7989 7987 7990
f 7991 7989 7990
f 7991 7990 7992
f 7993 7991 7992
f 7993 7992 7994
f 7995 7993 7994
f 7995 7994 7996
f 7997 7995 7996
f 7997 7996 7998
f 7999 7997 7998
f 7999 7998 8000
f 8001 7999 8000
f 8001 8000 8002
f 8003 8001 8002
f 8003 8002 8004
f 8003 8004 8005
f 8006 8003 8005
f 8007 8006 8005
f 8007 8005 8008
f 8007 8008 8009
f 8010 8007 8009
f 8011 8010 8009
f 8011 8009 8012
f 8013 8011 8012
f 8013 8012 8014
f 8015 8014 8016
f 8015 8013 8014
f 8017 8016 8018
f 8017 8015 8016
f 8019 8018 8020
f 8019 8020 8021
f 8019 8017 8018
f 8022 8019 8021
f 8023 8021 8024
f 8023 8022 8021
f 7968 8024 7969
f 7968 8023 8024
f 7993 7995 7997
f 7993 7997 7999
f 7991 7999 8001
f 7991 7993 7999
f 7989 8001 8003
f 7989 8003 8006
f 7989 7991 8001
f 7986 7988 7989
f 7986 8006 8007
f 7986 8007 8010
f 7986 7989 8006
f 7968 8019 8022
f 7968 8022 8023
f 7981 7983 7986
f 7981 8010 8011
f 7981 7986 8010
f 7979 8011 8013
f 7979 7981 8011
f 7972 7968 7967
f 7972 8017 8019
f 7972 8019 7968
f 7977 8013 8015
f 7977 7979 8013
f 7973 8015 8017
f 7973 8017 7972
f 7975 7977 8015
f 7975 8015 7973
f 7996 7994 7998
f 7998 7994 8000
f 8000 7992 8002
f 7994 7992 8000
f 8002 7990 8004
f 8004 7990 8005
f 7992 7990 8002
f 7987 7985 7990
f 8005 7985 8008
f 8008 7985 8009
f 7990 7985 8005
f 8020 7969 8021
f 8021 7969 8024
f 7984 7982 7985
f 8009 7982 8012
f 7985 7982 8009
f 8012 7980 8014
f 7982 7980 8012
f 7969 7971 7970
f 8018 7971 8020
f 8020 7971 7969
f 8014 7978 8016
f 7980 7978 8014
f 8016 7974 8018
f 8018 7974 7971
f 7978 7976 8016
f 8016 7976 7974
f 8025 8026 8027
f 8025 8027 8028
f 8025 8028 8029
f 8030 8025 8029
f 8031 8029 8032
f 8031 8030 8029
f 8033 8032 8034
f 8033 8031 8032
f 8035 8034 8036
f 8035 8033 8034
f 8037 8036 8038
f 8037 8035 8036
f 8039 8038 8040
f 8039 8037 8038
f 8041 8040 8042
f 8041 8042 8043
f 8041 8039 8040
f 8044 8041 8043
f 8044 8043 8045
f 8046 8044 8045
f 8047 8046 8045
f 8047 8045 8048
f 8049 8047 8048
f 8049 8048 8050
f 8051 8049 8050
f 8051 8050 8052
f 8053 8051 8052
f 8053 8052 8054
f 8055 8053 8054
f 8055 8054 8056
f 8057 8055 8056
f 8057 8056 8058
f 8059 8057 8058
f 8059 8058 8060
f 8061 8059 8060
f 8061 8060 8062
f 8061 8062 8063
f 8064 8061 8063
f 8065 8064 8063
f 8065 8063 8066
f 8065 8066 8067
f 8068 8065 8067
f 8069 8068 8067
f 8069 8067 8070
f 8071 8069 8070
f 8071 8070 8072
f 8073 8072 8074
f 8073 8071 8072
f 8075 8074 8076
f 8075 8073 8074
f 8077 8076 8078
f 8077 8078 8079
f 8077 8075 8076
f 8080 8077 8079
f 8081 8079 8082
f 8081 8080 8079
f 8026 8082 8027
f 8026 8081 8082
f 8051 8053 8055
f 8051 8055 8057
f 8049 8057 8059
f 8049 8051 8057
f 8047 8059 8061
f 8047 8061 8064
f 8047 8049 8059
f 8044 8046 8047
f 8044 8064 8065
f 8044 8065 8068
f 8044 8047 8064
f 8026 8077 8080
f 8026 8080 8081
f 8039 8041 8044
f 8039 8068 8069
f 8039 8044 8068
f 8037 8069 8071
f 8037 8039 8069
f 8030 8026 8025
f 8030 8075 8077
f 8030 8077 8026
f 8035 8071 8073
f 8035 8037 8071
f 8031 8073 8075
f 8031 8075 8030
f 8033 8035 8073
f 8033 8073 8031
f 8054 8052 8056
f 8056 8052 8058
f 8058 8050 8060
f 8052 8050 8058
f 8060 8048 8062
f 8062 8048 8063
f 8050 8048 8060
f 8045 8043 8048
f 8063 8043 8066
f 8066 8043 8067
f 8048 8043 8063
f 8078 8027 8079
f 8079 8027 8082
f 8042 8040 8043
f 8067 8040 8070
f 8043 8040 8067
f 8070 8038 8072
f 8040 8038 8070
f 8027 8029 8028
f 8076 8029 8078
f 8078 8029 8027
f 8072 8036 8074
f 8038 8036 8072
f 8074 8032 8076
f 8076 8032 8029
f 8036 8034 8074
f 8074 8034 8032
f 8083 8084 8085
f 8083 8085 8086
f 8083 8086 8087
f 8088 8083 8087
f 8089 8087 8090
f 8089 8088 8087
f 8091 8090 8092
f 8091 8089 8090
f 8093 8092 8094
f 8093 8091 8092
f 8095 8094 8096
f 8095 8093 8094
f 8097 8096 8098
f 8097 8095 8096
f 8099 8098 8100
f 8099 8100 8101
f 8099 8097 8098
f 8102 8099 8101
f 8102 8101 8103
f 8104 8102 8103
f 8105 8104 8103
f 8105 8103 8106
f 8107 8105 8106
f 8107 8106 8108
f 8109 8107 8108
f 8109 8108 8110
f 8111 8109 8110
f 8111 8110 8112
f 8113 8111 8112
f 8113 8112 8114
f 8115 8113 8114
f 8115 8114 8116
f 8117 8115 8116
f 8117 8116 8118
f 8119 8117 8118
f 8119 8118 8120
f 8119 8120 8121
f 8122 8119 8121
f 8123 8122 8121
f 8123 8121 8124
f 8123 8124 8125
f 8126 8123 8125
f 8127 8126 8125
f 8127 8125 8128
f 8129 8127 8128
f 8129 8128 8130
f 8131 8130 8132
f 8131 8129 8130
f 8133 8132 8134
f 8133 8131 8132
f 8135 8134 8136
f 8135 8136 8137
f 8135 8133 8134
f 8138 8135 8137
f 8139 8137 8140
f 8139 8138 8137
f 8084 8140 8085
f 8084 8139 8140
f 8109 8111 8113
f 8109 8113 8115
f 8107 8115 8117
f 8107 8109 8115
f 8105 8117 8119
f 8105 8119 8122
f 8105 8107 8117
f 8102 8104 8105
f 8102 8122 8123
f 8102 8123 8126
f 8102 8105 8122
f 8084 8135 8138
f 8084 8138 8139
f 8097 8099 8102
f 8097 8126 8127
f 8097 8102 8126
f 8095 8127 8129
f 8095 8097 8127
f 8088 8084 8083
f 8088 8133 8135
f 8088 8135 8084
f 8093 8129 8131
f 8093 8095 8129
f 8089 8131 8133
f 8089 8133 8088
f 8091 8093 8131
f 8091 8131 8089
f 8112 8110 8114
f 8114 8110 8116
f 8116 8108 8118
f 8110 8108 8116
f 8118 8106 8120
f 8120 8106 8121
f 8108 8106 8118
f 8103 8101 8106
f 8121 8101 8124
f 8124 8101 8125
f 8106 8101 8121
f 8136 8085 8137
f 8137 8085 8140
f 8100 8098 8101
f 8125 8098 8128
f 8101 8098 8125
f 8128 8096 8130
f 8098 8096 8128
f 8085 8087 8086
f 8134 8087 8136
f 8136 8087 8085
f 8130 8094 8132
f 8096 8094 8130
f 8132 8090 8134
f 8134 8090 8087
f 8094 8092 8132
f 8132 8092 8090
f 8141 8142 8143
f 8141 8143 8144
f 8145 8144 8146
f 8145 8141 8144
f 8147 8146 8148
f 8147 8145 8146
f 8149 8148 8150
f 8149 8147 8148
f 8151 8150 8152
f 8151 8149 8150
f 8153 8152 8154
f 8153 8151 8152
f 8155 8154 8156
f 8155 8153 8154
f 8157 8156 8158
f 8157 8155 8156
f 8159 8158 8160
f 8159 8157 8158
f 8161 8159 8160
f 8161 8160 8162
f 8163 8161 8162
f 8163 8162 8164
f 8165 8163 8164
f 8165 8164 8166
f 8167 8165 8166
f 8167 8166 8168
f 8169 8167 8168
f 8169 8168 8170
f 8171 8169 8170
f 8171 8170 8172
f 8173 8171 8172
f 8173 8172 8174
f 8175 8173 8174
f 8175 8174 8176
f 8177 8175 8176
f 8177 8176 8178
f 8177 8178 8179
f 8180 8177 8179
f 8181 8180 8179
f 8181 8179 8182
f 8183 8181 8182
f 8183 8182 8184
f 8185 8183 8184
f 8185 8184 8186
f 8187 8185 8186
f 8187 8186 8188
f 8187 8188 8189
f 8190 8187 8189
f 8191 8189 8192
f 8191 8190 8189
f 8193 8192 8194
f 8193 8191 8192
f 8195 8194 8196
f 8195 8193 8194
f 8197 8196 8198
f 8197 8195 8196
f 8142 8198 8143
f 8142 8197 8198
f 8167 8169 8171
f 8167 8171 8173
f 8165 8173 8175
f 8165 8167 8173
f 8163 8175 8177
f 8163 8177 8180
f 8163 8165 8175
f 8159 8161 8163
f 8159 8180 8181
f 8159 8181 8183
f 8159 8163 8180
f 8142 8193 8195
f 8142 8195 8197
f 8155 8157 8159
f 8155 8183 8185
f 8155 8159 8183
f 8153 8185 8187
f 8153 8155 8185
f 8145 8142 8141
f 8145 8191 8193
f 8145 8193 8142
f 8151 8187 8190
f 8151 8153 8187
f 8147 8190 8191
f 8147 8191 8145
f 8149 8151 8190
f 8149 8190 8147
f 8170 8168 8172
f 8172 8168 8174
f 8174 8166 8176
f 8168 8166 8174
f 8176 8164 8178
f 8178 8164 8179
f 8166 8164 8176
f 8162 8160 8164
f 8179 8160 8182
f 8182 8160 8184
f 8164 8160 8179
f 8194 8143 8196
f 8196 8143 8198
f 8158 8156 8160
f 8184 8156 8186
f 8160 8156 8184
f 8186 8154 8188
f 8156 8154 8186
f 8143 8146 8144
f 8192 8146 8194
f 8194 8146 8143
f 8188 8152 8189
f 8154 8152 8188
f 8189 8148 8192
f 8192 8148 8146
f 8152 8150 8189
f 8189 8150 8148
f 8199 8200 8201
f 8199 8201 8202
f 8203 8202 8204
f 8203 8199 8202
f 8205 8204 8206
f 8205 8203 8204
f 8207 8206 8208
f 8207 8205 8206
f 8209 8208 8210
f 8209 8207 8208
f 8211 8210 8212
f 8211 8209 8210
f 8213 8212 8214
f 8213 8211 8212
f 8215 8214 8216
f 8215 8213 8214
f 8217 8216 8218
f 8217 8215 8216
f 8219 8217 8218
f 8219 8218 8220
f 8221 8219 8220
f 8221 8220 8222
f 8223 8221 8222
f 8223 8222 8224
f 8225 8223 8224
f 8225 8224 8226
f 8227 8225 8226
f 8227 8226 8228
f 8229 8227 8228
f 8229 8228 8230
f 8231 8229 8230
f 8231 8230 8232
f 8233 8231 8232
f 8233 8232 8234
f 8235 8233 8234
f 8235 8234 8236
f 8235 8236 8237
f 8238 8235 8237
f 8239 8238 8237
f 8239 8237 8240
f 8241 8239 8240
f 8241 8240 8242
f 8243 8241 8242
f 8243 8242 8244
f 8245 8243 8244
f 8245 8244 8246
f 8245 8246 8247
f 8248 8245 8247
f 8249 8247 8250
f 8249 8248 8247
f 8251 8250 8252
f 8251 8249 8250
f 8253 8252 8254
f 8253 8251 8252
f 8255 8254 8256
f 8255 8253 8254
f 8200 8256 8201
f 8200 8255 8256
f 8225 8227 8229
f 8225 8229 8231
f 8223 8231 8233
f 8223 8225 8231
f 8221 8233 8235
f 8221 8235 8238
f 8221 8223 8233
f 8217 8219 8221
f 8217 8238 8239
f 8217 8239 8241
f 8217 8221 8238
f 8200 8251 8253
f 8200 8253 8255
f 8213 8215 8217
f 8213 8241 8243
f 8213 8217 8241
f 8211 8243 8245
f 8211 8213 8243
f 8203 8200 8199
f 8203 8249 8251
f 8203 8251 8200
f 8209 8245 8248
f 8209 8211 8245
f 8205 8248 8249
f 8205 8249 8203
f 8207 8209 8248
f 8207 8248 8205
f 8228 8226 8230
f 8230 8226 8232
f 8232 8224 8234
f 8226 8224 8232
f 8234 8222 8236
f 8236 8222 8237
f 8224 8222 8234
f 8220 8218 8222
f 8237 8218 8240
f 8240 8218 8242
f 8222 8218 8237
f 8252 8201 8254
f 8254 8201 8256
f 8216 8214 8218
f 8242 8214 8244
f 8218 8214 8242
f 8244 8212 8246
f 8214 8212 8244
f 8201 8204 8202
f 8250 8204 8252
f 8252 8204 8201
f 8246 8210 8247
f 8212 8210 8246
f 8247 8206 8250
f 8250 8206 8204
f 8210 8208 8247
f 8247 8208 8206
f 8257 8258 8259
f 8257 8259 8260
f 8261 8260 8262
f 8261 8257 8260
f 8263 8262 8264
f 8263 8261 8262
f 8265 8264 8266
f 8265 8263 8264
f 8267 8266 8268
f 8267 8265 8266
f 8269 8268 8270
f 8269 8267 8268
f 8271 8270 8272
f 8271 8269 8270
f 8273 8272 8274
f 8273 8271 8272
f 8275 8274 8276
f 8275 8273 8274
f 8277 8275 8276
f 8277 8276 8278
f 8279 8277 8278
f 8279 8278 8280
f 8281 8279 8280
f 8281 8280 8282
f 8283 8281 8282
f 8283 8282 8284
f 8285 8283 8284
f 8285 8284 8286
f 8287 8285 8286
f 8287 8286 8288
f 8289 8287 8288
f 8289 8288 8290
f 8291 8289 8290
f 8291 8290 8292
f 8293 8291 8292
f 8293 8292 8294
f 8293 8294 8295
f 8296 8293 8295
f 8297 8296 8295
f 8297 8295 8298
f 8299 8297 8298
f 8299 8298 8300
f 8301 8299 8300
f 8301 8300 8302
f 8303 8301 8302
f 8303 8302 8304
f 8303 8304 8305
f 8306 8303 8305
f 8307 8305 8308
f 8307 8306 8305
f 8309 8308 8310
f 8309 8307 8308
f 8311 8310 8312
f 8311 8309 8310
f 8313 8312 8314
f 8313 8311 8312
f 8258 8314 8259
f 8258 8313 8314
f 8283 8285 8287
f 8283 8287 8289
f 8281 8289 8291
f 8281 8283 8289
f 8279 8291 8293
f 8279 8293 8296
f 8279 8281 8291
f 8275 8277 8279
f 8275 8296 8297
f 8275 8297 8299
f 8275 8279 8296
f 8258 8309 8311
f 8258 8311 8313
f 8271 8273 8275
f 8271 8299 8301
f 8271 8275 8299
f 8269 8301 8303
f 8269 8271 8301
f 8261 8258 8257
f 8261 8307 8309
f 8261 8309 8258
f 8267 8303 8306
f 8267 8269 8303
f 8263 8306 8307
f 8263 8307 8261
f 8265 8267 8306
f 8265 8306 8263
f 8286 8284 8288
f 8288 8284 8290
f 8290 8282 8292
f 8284 8282 8290
f 8292 8280 8294
f 8294 8280 8295
f 8282 8280 8292
f 8278 8276 8280
f 8295 8276 8298
f 8298 8276 8300
f 8280 8276 8295
f 8310 8259 8312
f 8312 8259 8314
f 8274 8272 8276
f 8300 8272 8302
f 8276 8272 8300
f 8302 8270 8304
f 8272 8270 8302
f 8259 8262 8260
f 8308 8262 8310
f 8310 8262 8259
f 8304 8268 8305
f 8270 8268 8304
f 8305 8264 8308
f 8308 8264 8262
f 8268 8266 8305
f 8305 8266 8264
f 8315 8316 8317
f 8315 8317 8318
f 8319 8318 8320
f 8319 8315 8318
f 8321 8320 8322
f 8321 8319 8320
f 8323 8322 8324
f 8323 8321 8322
f 8325 8324 8326
f 8325 8323 8324
f 8327 8326 8328
f 8327 8325 8326
f 8329 8328 8330
f 8329 8327 8328
f 8331 8330 8332
f 8331 8329 8330
f 8333 8332 8334
f 8333 8331 8332
f 8335 8333 8334
f 8335 8334 8336
f 8337 8335 8336
f 8337 8336 8338
f 8339 8337 8338
f 8339 8338 8340
f 8341 8339 8340
f 8341 8340 8342
f 8343 8341 8342
f 8343 8342 8344
f 8345 8343 8344
f 8345 8344 8346
f 8347 8345 8346
f 8347 8346 8348
f 8349 8347 8348
f 8349 8348 8350
f 8351 8349 8350
f 8351 8350 8352
f 8351 8352 8353
f 8354 8351 8353
f 8355 8354 8353
f 8355 8353 8356
f 8357 8355 8356
f 8357 8356 8358
f 8359 8357 8358
f 8359 8358 8360
f 8361 8359 8360
f 8361 8360 8362
f 8361 8362 8363
f 8364 8361 8363
f 8365 8363 8366
f 8365 8364 8363
f 8367 8366 8368
f 8367 8365 8366
f 8369 8368 8370
f 8369 8367 8368
f 8371 8370 8372
f 8371 8369 8370
f 8316 8372 8317
f 8316 8371 8372
f 8341 8343 8345
f 8341 8345 8347
f 8339 8347 8349
f 8339 8341 8347
f 8337 8349 8351
f 8337 8351 8354
f 8337 8339 8349
f 8333 8335 8337
f 8333 8354 8355
f 8333 8355 8357
f 8333 8337 8354
f 8316 8367 8369
f 8316 8369 8371
f 8329 8331 8333
f 8329 8357 8359
f 8329 8333 8357
f 8327 8359 8361
f 8327 8329 8359
f 8319 8316 8315
f 8319 8365 8367
f 8319 8367 8316
f 8325 8361 8364
f 8325 8327 8361
f 8321 8364 8365
f 8321 8365 8319
f 8323 8325 8364
f 8323 8364 8321
f 8344 8342 8346
f 8346 8342 8348
f 8348 8340 8350
f 8342 8340 8348
f 8350 8338 8352
f 8352 8338 8353
f 8340 8338 8350
f 8336 8334 8338
f 8353 8334 8356
f 8356 8334 8358
f 8338 8334 8353
f 8368 8317 8370
f 8370 8317 8372
f 8332 8330 8334
f 8358 8330 8360
f 8334 8330 8358
f 8360 8328 8362
f 8330 8328 8360
f 8317 8320 8318
f 8366 8320 8368
f 8368 8320 8317
f 8362 8326 8363
f 8328 8326 8362
f 8363 8322 8366
f 8366 8322 8320
f 8326 8324 8363
f 8363 8324 8322
o KeysTan
usemtl mat_KeysTan
v 208.9130 369.7198 39.3929
v 209.1000 368.0000 39.3929
v 209.1000 368.0000 29.3929
v 208.9130 369.7198 29.3929
v 208.3606 371.3591 29.3929
v 208.3606 371.3591 39.3929
v 207.4688 372.8414 39.3929
v 207.4688 372.8414 29.3929
v 206.2791 374.0973 39.3929
v 206.2791 374.0973 29.3929
v 204.8473 375.0681 39.3929
v 204.8473 375.0681 29.3929
v 203.2402 375.7084 39.3929
v 203.2402 375.7084 29.3929
v 201.5331 375.9883 39.3929
v 201.5331 375.9883 29.3929
v 199.8057 375.8946 39.3929
v 199.8057 375.8946 29.3929
v 198.1389 375.4318 29.3929
v 198.1389 375.4318 39.3929
v 196.6105 374.6215 29.3929
v 196.6105 374.6215 39.3929
v 195.2920 373.5016 39.3929
v 195.2920 373.5016 29.3929
v 194.2451 372.1244 39.3929
v 194.2451 372.1244 29.3929
v 193.5188 370.5544 39.3929
v 193.5188 370.5544 29.3929
v 193.1469 368.8650 39.3929
v 193.1469 368.8650 29.3929
v 193.1469 367.1350 39.3929
v 193.1469 367.1350 29.3929
v 193.5188 365.4456 39.3929
v 193.5188 365.4456 29.3929
v 194.2451 363.8756 39.3929
v 194.2451 363.8756 29.3929
v 195.2920 362.4984 39.3929
v 195.2920 362.4984 29.3929
v 196.6105 361.3785 29.3929
v 196.6105 361.3785 39.3929
v 198.1389 360.5682 39.3929
v 198.1389 360.5682 29.3929
v 199.8057 360.1054 29.3929
v 199.8057 360.1054 39.3929
v 201.5331 360.0117 39.3929
v 201.5331 360.0117 29.3929
v 203.2402 360.2916 39.3929
v 203.2402 360.2916 29.3929
v 204.8473 360.9319 39.3929
v 204.8473 360.9319 29.3929
v 206.2791 361.9027 39.3929
v 206.2791 361.9027 29.3929
v 207.4688 363.1586 39.3929
v 207.4688 363.1586 29.3929
v 208.3606 364.6409 29.3929
v 208.3606 364.6409 39.3929
v 208.9130 366.2802 39.3929
v 208.9130 366.2802 29.3929
v 189.9130 369.7198 39.3929
v 190.1000 368.0000 39.3929
v 190.1000 368.0000 29.3929
v 189.9130 369.7198 29.3929
v 189.3606 371.3591 29.3929
v 189.3606 371.3591 39.3929
v 188.4688 372.8414 39.3929
v 188.4688 372.8414 29.3929
v 187.2791 374.0973 39.3929
v 187.2791 374.0973 29.3929
v 185.8473 375.0681 39.3929
v 185.8473 375.0681 29.3929
v 184.2402 375.7084 39.3929
v 184.2402 375.7084 29.3929
v 182.5331 375.9883 39.3929
v 182.5331 375.9883 29.3929
v 180.8057 375.8946 39.3929
v 180.8057 375.8946 29.3929
v 179.1389 375.4318 29.3929
v 179.1389 375.4318 39.3929
v 177.6105 374.6215 29.3929
v 177.6105 374.6215 39.3929
v 176.2920 373.5016 39.3929
v 176.2920 373.5016 29.3929
v 175.2451 372.1244 39.3929
v 175.2451 372.1244 29.3929
v 174.5188 370.5544 39.3929
v 174.5188 370.5544 29.3929
v 174.1469 368.8650 39.3929
v 174.1469 368.8650 29.3929
v 174.1469 367.1350 39.3929
v 174.1469 367.1350 29.3929
v 174.5188 365.4456 39.3929
v 174.5188 365.4456 29.3929
v 175.2451 363.8756 39.3929
v 175.2451 363.8756 29.3929
v 176.2920 362.4984 39.3929
v 176.2920 362.4984 29.3929
v 177.6105 361.3785 29.3929
v 177.6105 361.3785 39.3929
v 179.1389 360.5682 39.3929
v 179.1389 360.5682 29.3929
v 180.8057 360.1054 29.3929
v 180.8057 360.1054 39.3929
v 182.5331 360.0117 39.3929
v 182.5331 360.0117 29.3929
v 184.2402 360.2916 39.3929
v 184.2402 360.2916 29.3929
v 185.8473 360.9319 39.3929
v 185.8473 360.9319 29.3929
v 187.2791 361.9027 39.3929
v 187.2791 361.9027 29.3929
v 188.4688 363.1586 39.3929
v 188.4688 363.1586 29.3929
v 189.3606 364.6409 29.3929
v 189.3606 364.6409 39.3929
v 189.9130 366.2802 39.3929
v 189.9130 366.2802 29.3929
v 170.9130 369.7198 39.3929
v 171.1000 368.0000 39.3929
v 171.1000 368.0000 29.3929
v 170.9130 369.7198 29.3929
v 170.3606 371.3591 29.3929
v 170.3606 371.3591 39.3929
v 169.4688 372.8414 39.3929
v 169.4688 372.8414 29.3929
v 168.2791 374.0973 39.3929
v 168.2791 374.0973 29.3929
v 166.8473 375.0681 39.3929
v 166.8473 375.0681 29.3929
v 165.2402 375.7084 39.3929
v 165.2402 375.7084 29.3929
v 163.5331 375.9883 39.3929
v 163.5331 375.9883 29.3929
v 161.8057 375.8946 39.3929
v 161.8057 375.8946 29.3929
v 160.1389 375.4318 29.3929
v 160.1389 375.4318 39.3929
v 158.6105 374.6215 29.3929
v 158.6105 374.6215 39.3929
v 157.2920 373.5016 39.3929
v 157.2920 373.5016 29.3929
v 156.2451 372.1244 39.3929
v 156.2451 372.1244 29.3929
v 155.5188 370.5544 39.3929
v 155.5188 370.5544 29.3929
v 155.1469 368.8650 39.3929
v 155.1469 368.8650 29.3929
v 155.1469 367.1350 39.3929
v 155.1469 367.1350 29.3929
v 155.5188 365.4456 39.3929
v 155.5188 365.4456 29.3929
v 156.2451 363.8756 39.3929
v 156.2451 363.8756 29.3929
v 157.2920 362.4984 39.3929
v 157.2920 362.4984 29.3929
v 158.6105 361.3785 29.3929
v 158.6105 361.3785 39.3929
v 160.1389 360.5682 39.3929
v 160.1389 360.5682 29.3929
v 161.8057 360.1054 29.3929
v 161.8057 360.1054 39.3929
v 163.5331 360.0117 39.3929
v 163.5331 360.0117 29.3929
v 165.2402 360.2916 39.3929
v 165.2402 360.2916 29.3929
v 166.8473 360.9319 39.3929
v 166.8473 360.9319 29.3929
v 168.2791 361.9027 39.3929
v 168.2791 361.9027 29.3929
v 169.4688 363.1586 39.3929
v 169.4688 363.1586 29.3929
v 170.3606 364.6409 29.3929
v 170.3606 364.6409 39.3929
v 170.9130 366.2802 39.3929
v 170.9130 366.2802 29.3929
v 151.9130 369.7198 39.3929
v 152.1000 368.0000 39.3929
v 152.1000 368.0000 29.3929
v 151.9130 369.7198 29.3929
v 151.3606 371.3591 29.3929
v 151.3606 371.3591 39.3929
v 150.4688 372.8414 39.3929
v 150.4688 372.8414 29.3929
v 149.2791 374.0973 39.3929
v 149.2791 374.0973 29.3929
v 147.8473 375.0681 39.3929
v 147.8473 375.0681 29.3929
v 146.2402 375.7084 39.3929
v 146.2402 375.7084 29.3929
v 144.5331 375.9883 39.3929
v 144.5331 375.9883 29.3929
v 142.8057 375.8946 39.3929
v 142.8057 375.8946 29.3929
v 141.1389 375.4318 29.3929
v 141.1389 375.4318 39.3929
v 139.6105 374.6215 29.3929
v 139.6105 374.6215 39.3929
v 138.2920 373.5016 39.3929
v 138.2920 373.5016 29.3929
v 137.2451 372.1244 39.3929
v 137.2451 372.1244 29.3929
v 136.5188 370.5544 39.3929
v 136.5188 370.5544 29.3929
v 136.1469 368.8650 39.3929
v 136.1469 368.8650 29.3929
v 136.1469 367.1350 39.3929
v 136.1469 367.1350 29.3929
v 136.5188 365.4456 39.3929
v 136.5188 365.4456 29.3929
v 137.2451 363.8756 39.3929
v 137.2451 363.8756 29.3929
v 138.2920 362.4984 39.3929
v 138.2920 362.4984 29.3929
v 139.6105 361.3785 29.3929
v 139.6105 361.3785 39.3929
v 141.1389 360.5682 39.3929
v 141.1389 360.5682 29.3929
v 142.8057 360.1054 29.3929
v 142.8057 360.1054 39.3929
v 144.5331 360.0117 39.3929
v 144.5331 360.0117 29.3929
v 146.2402 360.2916 39.3929
v 146.2402 360.2916 29.3929
v 147.8473 360.9319 39.3929
v 147.8473 360.9319 29.3929
v 149.2791 361.9027 39.3929
v 149.2791 361.9027 29.3929
v 150.4688 363.1586 39.3929
v 150.4688 363.1586 29.3929
v 151.3606 364.6409 29.3929
v 151.3606 364.6409 39.3929
v 151.9130 366.2802 39.3929
v 151.9130 366.2802 29.3929
v 132.9130 369.7198 39.3929
v 133.1000 368.0000 39.3929
v 133.1000 368.0000 29.3929
v 132.9130 369.7198 29.3929
v 132.3606 371.3591 29.3929
v 132.3606 371.3591 39.3929
v 131.4688 372.8414 39.3929
v 131.4688 372.8414 29.3929
v 130.2791 374.0973 39.3929
v 130.2791 374.0973 29.3929
v 128.8473 375.0681 39.3929
v 128.8473 375.0681 29.3929
v 127.2402 375.7084 39.3929
v 127.2402 375.7084 29.3929
v 125.5331 375.9883 39.3929
v 125.5331 375.9883 29.3929
v 123.8057 375.8946 39.3929
v 123.8057 375.8946 29.3929
v 122.1389 375.4318 29.3929
v 122.1389 375.4318 39.3929
v 120.6105 374.6215 29.3929
v 120.6105 374.6215 39.3929
v 119.2920 373.5016 39.3929
v 119.2920 373.5016 29.3929
v 118.2451 372.1244 39.3929
v 118.2451 372.1244 29.3929
v 117.5188 370.5544 39.3929
v 117.5188 370.5544 29.3929
v 117.1469 368.8650 39.3929
v 117.1469 368.8650 29.3929
v 117.1469 367.1350 39.3929
v 117.1469 367.1350 29.3929
v 117.5188 365.4456 39.3929
v 117.5188 365.4456 29.3929
v 118.2451 363.8756 39.3929
v 118.2451 363.8756 29.3929
v 119.2920 362.4984 39.3929
v 119.2920 362.4984 29.3929
v 120.6105 361.3785 29.3929
v 120.6105 361.3785 39.3929
v 122.1389 360.5682 39.3929
v 122.1389 360.5682 29.3929
v 123.8057 360.1054 29.3929
v 123.8057 360.1054 39.3929
v 125.5331 360.0117 39.3929
v 125.5331 360.0117 29.3929
v 127.2402 360.2916 39.3929
v 127.2402 360.2916 29.3929
v 128.8473 360.9319 39.3929
v 128.8473 360.9319 29.3929
v 130.2791 361.9027 39.3929
v 130.2791 361.9027 29.3929
v 131.4688 363.1586 39.3929
v 131.4688 363.1586 29.3929
v 132.3606 364.6409 29.3929
v 132.3606 364.6409 39.3929
v 132.9130 366.2802 39.3929
v 132.9130 366.2802 29.3929
v 113.9130 369.7198 39.3929
v 114.1000 368.0000 39.3929
v 114.1000 368.0000 29.3929
v 113.9130 369.7198 29.3929
v 113.3606 371.3591 29.3929
v 113.3606 371.3591 39.3929
v 112.4687 372.8414 39.3929
v 112.4687 372.8414 29.3929
v 111.2791 374.0973 39.3929
v 111.2791 374.0973 29.3929
v 109.8473 375.0681 39.3929
v 109.8473 375.0681 29.3929
v 108.2402 375.7084 39.3929
v 108.2402 375.7084 29.3929
v 106.5331 375.9883 39.3929
v 106.5331 375.9883 29.3929
v 104.8057 375.8946 39.3929
v 104.8057 375.8946 29.3929
v 103.1389 375.4318 29.3929
v 103.1389 375.4318 39.3929
v 101.6105 374.6215 29.3929
v 101.6105 374.6215 39.3929
v 100.2920 373.5016 39.3929
v 100.2920 373.5016 29.3929
v 99.2451 372.1244 39.3929
v 99.2451 372.1244 29.3929
v 98.5188 370.5544 39.3929
v 98.5188 370.5544 29.3929
v 98.1469 368.8650 39.3929
v 98.1469 368.8650 29.3929
v 98.1469 367.1350 39.3929
v 98.1469 367.1350 29.3929
v 98.5188 365.4456 39.3929
v 98.5188 365.4456 29.3929
v 99.2451 363.8756 39.3929
v 99.2451 363.8756 29.3929
v 100.2920 362.4984 39.3929
v 100.2920 362.4984 29.3929
v 101.6105 361.3785 29.3929
v 101.6105 361.3785 39.3929
v 103.1389 360.5682 39.3929
v 103.1389 360.5682 29.3929
v 104.8057 360.1054 29.3929
v 104.8057 360.1054 39.3929
v 106.5331 360.0117 39.3929
v 106.5331 360.0117 29.3929
v 108.2402 360.2916 39.3929
v 108.2402 360.2916 29.3929
v 109.8473 360.9319 39.3929
v 109.8473 360.9319 29.3929
v 111.2791 361.9027 39.3929
v 111.2791 361.9027 29.3929
v 112.4687 363.1586 39.3929
v 112.4687 363.1586 29.3929
v 113.3606 364.6409 29.3929
v 113.3606 364.6409 39.3929
v 113.9130 366.2802 39.3929
v 113.9130 366.2802 29.3929
v 94.9130 369.7198 39.3929
v 95.1000 368.0000 39.3929
v 95.1000 368.0000 29.3929
v 94.9130 369.7198 29.3929
v 94.3606 371.3591 29.3929
v 94.3606 371.3591 39.3929
v 93.4687 372.8414 39.3929
v 93.4687 372.8414 29.3929
v 92.2791 374.0973 39.3929
v 92.2791 374.0973 29.3929
v 90.8473 375.0681 39.3929
v 90.8473 375.0681 29.3929
v 89.2402 375.7084 39.3929
v 89.2402 375.7084 29.3929
v 87.5331 375.9883 39.3929
v 87.5331 375.9883 29.3929
v 85.8057 375.8946 39.3929
v 85.8057 375.8946 29.3929
v 84.1389 375.4318 29.3929
v 84.1389 375.4318 39.3929
v 82.6105 374.6215 29.3929
v 82.6105 374.6215 39.3929
v 81.2920 373.5016 39.3929
v 81.2920 373.5016 29.3929
v 80.2451 372.1244 39.3929
v 80.2451 372.1244 29.3929
v 79.5188 370.5544 39.3929
v 79.5188 370.5544 29.3929
v 79.1469 368.8650 39.3929
v 79.1469 368.8650 29.3929
v 79.1469 367.1350 39.3929
v 79.1469 367.1350 29.3929
v 79.5188 365.4456 39.3929
v 79.5188 365.4456 29.3929
v 80.2451 363.8756 39.3929
v 80.2451 363.8756 29.3929
v 81.2920 362.4984 39.3929
v 81.2920 362.4984 29.3929
v 82.6105 361.3785 29.3929
v 82.6105 361.3785 39.3929
v 84.1389 360.5682 39.3929
v 84.1389 360.5682 29.3929
v 85.8057 360.1054 29.3929
v 85.8057 360.1054 39.3929
v 87.5331 360.0117 39.3929
v 87.5331 360.0117 29.3929
v 89.2402 360.2916 39.3929
v 89.2402 360.2916 29.3929
v 90.8473 360.9319 39.3929
v 90.8473 360.9319 29.3929
v 92.2791 361.9027 39.3929
v 92.2791 361.9027 29.3929
v 93.4687 363.1586 39.3929
v 93.4687 363.1586 29.3929
v 94.3606 364.6409 29.3929
v 94.3606 364.6409 39.3929
v 94.9130 366.2802 39.3929
v 94.9130 366.2802 29.3929
v 75.9130 369.7198 39.3929
v 76.1000 368.0000 39.3929
v 76.1000 368.0000 29.3929
v 75.9130 369.7198 29.3929
v 75.3606 371.3591 29.3929
v 75.3606 371.3591 39.3929
v 74.4687 372.8414 39.3929
v 74.4687 372.8414 29.3929
v 73.2791 374.0973 39.3929
v 73.2791 374.0973 29.3929
v 71.8473 375.0681 39.3929
v 71.8473 375.0681 29.3929
v 70.2402 375.7084 39.3929
v 70.2402 375.7084 29.3929
v 68.5331 375.9883 39.3929
v 68.5331 375.9883 29.3929
v 66.8057 375.8946 39.3929
v 66.8057 375.8946 29.3929
v 65.1389 375.4318 29.3929
v 65.1389 375.4318 39.3929
v 63.6105 374.6215 29.3929
v 63.6105 374.6215 39.3929
v 62.2920 373.5016 39.3929
v 62.2920 373.5016 29.3929
v 61.2451 372.1244 39.3929
v 61.2451 372.1244 29.3929
v 60.5188 370.5544 39.3929
v 60.5188 370.5544 29.3929
v 60.1469 368.8650 39.3929
v 60.1469 368.8650 29.3929
v 60.1469 367.1350 39.3929
v 60.1469 367.1350 29.3929
v 60.5188 365.4456 39.3929
v 60.5188 365.4456 29.3929
v 61.2451 363.8756 39.3929
v 61.2451 363.8756 29.3929
v 62.2920 362.4984 39.3929
v 62.2920 362.4984 29.3929
v 63.6105 361.3785 29.3929
v 63.6105 361.3785 39.3929
v 65.1389 360.5682 39.3929
v 65.1389 360.5682 29.3929
v 66.8057 360.1054 29.3929
v 66.8057 360.1054 39.3929
v 68.5331 360.0117 39.3929
v 68.5331 360.0117 29.3929
v 70.2402 360.2916 39.3929
v 70.2402 360.2916 29.3929
v 71.8473 360.9319 39.3929
v 71.8473 360.9319 29.3929
v 73.2791 361.9027 39.3929
v 73.2791 361.9027 29.3929
v 74.4687 363.1586 39.3929
v 74.4687 363.1586 29.3929
v 75.3606 364.6409 29.3929
v 75.3606 364.6409 39.3929
v 75.9130 366.2802 39.3929
v 75.9130 366.2802 29.3929
v -54.6020 360.0000 29.3929
v -45.9000 360.0000 29.3929
v -54.6020 360.0000 39.3929
v -45.9000 360.0000 39.3929
v -44.2367 360.1748 29.3929
v -44.2367 360.1748 39.3929
v -42.6461 360.6917 39.3929
v -42.6461 360.6917 29.3929
v -41.1977 361.5279 29.3929
v -41.1977 361.5279 39.3929
v -39.9548 362.6469 29.3929
v -39.9548 362.6469 39.3929
v -38.9718 364.0000 29.3929
v -38.9718 364.0000 39.3929
v -38.2915 365.5279 39.3929
v -38.2915 365.5279 29.3929
v -37.9438 367.1638 29.3929
v -37.9438 367.1638 39.3929
v -37.9438 368.8362 39.3929
v -37.9438 368.8362 29.3929
v -38.2915 370.4721 29.3929
v -38.2915 370.4721 39.3929
v -38.9718 372.0000 39.3929
v -38.9718 372.0000 29.3929
v -39.9548 373.3531 29.3929
v -39.9548 373.3531 39.3929
v -41.1977 374.4721 39.3929
v -41.1977 374.4721 29.3929
v -42.6461 375.3083 29.3929
v -42.6461 375.3083 39.3929
v -44.2367 375.8252 29.3929
v -44.2367 375.8252 39.3929
v -45.9000 376.0000 29.3929
v -45.9000 376.0000 39.3929
v -54.6020 376.0000 29.3929
v -54.6020 376.0000 39.3929
v -56.2653 375.8252 29.3929
v -56.2653 375.8252 39.3929
v -57.8559 375.3083 39.3929
v -57.8559 375.3083 29.3929
v -59.3043 374.4721 29.3929
v -59.3043 374.4721 39.3929
v -60.5472 373.3531 29.3929
v -60.5472 373.3531 39.3929
v -61.5302 372.0000 29.3929
v -61.5302 372.0000 39.3929
v -62.2105 370.4721 39.3929
v -62.2105 370.4721 29.3929
v -62.5582 368.8362 29.3929
v -62.5582 368.8362 39.3929
v -62.5582 367.1638 39.3929
v -62.5582 367.1638 29.3929
v -62.2105 365.5279 29.3929
v -62.2105 365.5279 39.3929
v -61.5302 364.0000 39.3929
v -61.5302 364.0000 29.3929
v -60.5472 362.6469 29.3929
v -60.5472 362.6469 39.3929
v -59.3043 361.5279 39.3929
v -59.3043 361.5279 29.3929
v -57.8559 360.6917 29.3929
v -57.8559 360.6917 39.3929
v -56.2653 360.1748 29.3929
v -56.2653 360.1748 39.3929
v -77.5870 426.7198 33.4022
v -77.4000 425.0000 33.4022
v -77.4000 425.0000 23.4022
v -77.5870 426.7198 23.4022
v -78.1394 428.3591 23.4022
v -78.1394 428.3591 33.4022
v -79.0313 429.8414 33.4022
v -79.0313 429.8414 23.4022
v -80.2209 431.0973 33.4022
v -80.2209 431.0973 23.4022
v -81.6527 432.0681 33.4022
v -81.6527 432.0681 23.4022
v -83.2598 432.7084 33.4022
v -83.2598 432.7084 23.4022
v -84.9669 432.9883 33.4022
v -84.9669 432.9883 23.4022
v -86.6943 432.8946 33.4022
v -86.6943 432.8946 23.4022
v -88.3611 432.4318 23.4022
v -88.3611 432.4318 33.4022
v -89.8895 431.6215 23.4022
v -89.8895 431.6215 33.4022
v -91.2080 430.5016 33.4022
v -91.2080 430.5016 23.4022
v -92.2549 429.1244 33.4022
v -92.2549 429.1244 23.4022
v -92.9812 427.5544 33.4022
v -92.9812 427.5544 23.4022
v -93.3531 425.8650 33.4022
v -93.3531 425.8650 23.4022
v -93.3531 424.1350 33.4022
v -93.3531 424.1350 23.4022
v -92.9812 422.4456 33.4022
v -92.9812 422.4456 23.4022
v -92.2549 420.8756 33.4022
v -92.2549 420.8756 23.4022
v -91.2080 419.4984 33.4022
v -91.2080 419.4984 23.4022
v -89.8895 418.3785 23.4022
v -89.8895 418.3785 33.4022
v -88.3611 417.5682 33.4022
v -88.3611 417.5682 23.4022
v -86.6943 417.1054 23.4022
v -86.6943 417.1054 33.4022
v -84.9669 417.0117 33.4022
v -84.9669 417.0117 23.4022
v -83.2598 417.2916 33.4022
v -83.2598 417.2916 23.4022
v -81.6527 417.9319 33.4022
v -81.6527 417.9319 23.4022
v -80.2209 418.9027 33.4022
v -80.2209 418.9027 23.4022
v -79.0313 420.1586 33.4022
v -79.0313 420.1586 23.4022
v -78.1394 421.6409 23.4022
v -78.1394 421.6409 33.4022
v -77.5870 423.2802 33.4022
v -77.5870 423.2802 23.4022
v -115.5870 426.7198 33.4022
v -115.4000 425.0000 33.4022
v -115.4000 425.0000 23.4022
v -115.5870 426.7198 23.4022
v -116.1394 428.3591 23.4022
v -116.1394 428.3591 33.4022
v -117.0313 429.8414 33.4022
v -117.0313 429.8414 23.4022
v -118.2209 431.0973 33.4022
v -118.2209 431.0973 23.4022
v -119.6527 432.0681 33.4022
v -119.6527 432.0681 23.4022
v -121.2598 432.7084 33.4022
v -121.2598 432.7084 23.4022
v -122.9669 432.9883 33.4022
v -122.9669 432.9883 23.4022
v -124.6943 432.8946 33.4022
v -124.6943 432.8946 23.4022
v -126.3611 432.4318 23.4022
v -126.3611 432.4318 33.4022
v -127.8895 431.6215 23.4022
v -127.8895 431.6215 33.4022
v -129.2080 430.5016 33.4022
v -129.2080 430.5016 23.4022
v -130.2549 429.1244 33.4022
v -130.2549 429.1244 23.4022
v -130.9812 427.5544 33.4022
v -130.9812 427.5544 23.4022
v -131.3531 425.8650 33.4022
v -131.3531 425.8650 23.4022
v -131.3531 424.1350 33.4022
v -131.3531 424.1350 23.4022
v -130.9812 422.4456 33.4022
v -130.9812 422.4456 23.4022
v -130.2549 420.8756 33.4022
v -130.2549 420.8756 23.4022
v -129.2080 419.4984 33.4022
v -129.2080 419.4984 23.4022
v -127.8895 418.3785 23.4022
v -127.8895 418.3785 33.4022
v -126.3611 417.5682 33.4022
v -126.3611 417.5682 23.4022
v -124.6943 417.1054 23.4022
v -124.6943 417.1054 33.4022
v -122.9669 417.0117 33.4022
v -122.9669 417.0117 23.4022
v -121.2598 417.2916 33.4022
v -121.2598 417.2916 23.4022
v -119.6527 417.9319 33.4022
v -119.6527 417.9319 23.4022
v -118.2209 418.9027 33.4022
v -118.2209 418.9027 23.4022
v -117.0313 420.1586 33.4022
v -117.0313 420.1586 23.4022
v -116.1394 421.6409 23.4022
v -116.1394 421.6409 33.4022
v -115.5870 423.2802 33.4022
v -115.5870 423.2802 23.4022
v -77.5870 445.7198 31.4053
v -77.4000 444.0000 31.4053
v -77.4000 444.0000 21.4053
v -77.5870 445.7198 21.4053
v -78.1394 447.3591 21.4053
v -78.1394 447.3591 31.4053
v -79.0313 448.8414 31.4053
v -79.0313 448.8414 21.4053
v -80.2209 450.0973 31.4053
v -80.2209 450.0973 21.4053
v -81.6527 451.0681 31.4053
v -81.6527 451.0681 21.4053
v -83.2598 451.7084 31.4053
v -83.2598 451.7084 21.4053
v -84.9669 451.9883 31.4053
v -84.9669 451.9883 21.4053
v -86.6943 451.8946 31.4053
v -86.6943 451.8946 21.4053
v -88.3611 451.4318 21.4053
v -88.3611 451.4318 31.4053
v -89.8895 450.6215 21.4053
v -89.8895 450.6215 31.4053
v -91.2080 449.5016 31.4053
v -91.2080 449.5016 21.4053
v -92.2549 448.1244 31.4053
v -92.2549 448.1244 21.4053
v -92.9812 446.5544 31.4053
v -92.9812 446.5544 21.4053
v -93.3531 444.8650 31.4053
v -93.3531 444.8650 21.4053
v -93.3531 443.1350 31.4053
v -93.3531 443.1350 21.4053
v -92.9812 441.4456 31.4053
v -92.9812 441.4456 21.4053
v -92.2549 439.8756 31.4053
v -92.2549 439.8756 21.4053
v -91.2080 438.4984 31.4053
v -91.2080 438.4984 21.4053
v -89.8895 437.3785 21.4053
v -89.8895 437.3785 31.4053
v -88.3611 436.5682 31.4053
v -88.3611 436.5682 21.4053
v -86.6943 436.1054 21.4053
v -86.6943 436.1054 31.4053
v -84.9669 436.0117 31.4053
v -84.9669 436.0117 21.4053
v -83.2598 436.2916 31.4053
v -83.2598 436.2916 21.4053
v -81.6527 436.9319 31.4053
v -81.6527 436.9319 21.4053
v -80.2209 437.9027 31.4053
v -80.2209 437.9027 21.4053
v -79.0313 439.1586 31.4053
v -79.0313 439.1586 21.4053
v -78.1394 440.6409 21.4053
v -78.1394 440.6409 31.4053
v -77.5870 442.2802 31.4053
v -77.5870 442.2802 21.4053
v -96.5870 445.7198 31.4053
v -96.4000 444.0000 31.4053
v -96.4000 444.0000 21.4053
v -96.5870 445.7198 21.4053
v -97.1394 447.3591 21.4053
v -97.1394 447.3591 31.4053
v -98.0313 448.8414 31.4053
v -98.0313 448.8414 21.4053
v -99.2209 450.0973 31.4053
v -99.2209 450.0973 21.4053
v -100.6527 451.0681 31.4053
v -100.6527 451.0681 21.4053
v -102.2598 451.7084 31.4053
v -102.2598 451.7084 21.4053
v -103.9669 451.9883 31.4053
v -103.9669 451.9883 21.4053
v -105.6943 451.8946 31.4053
v -105.6943 451.8946 21.4053
v -107.3611 451.4318 21.4053
v -107.3611 451.4318 31.4053
v -108.8895 450.6215 21.4053
v -108.8895 450.6215 31.4053
v -110.2080 449.5016 31.4053
v -110.2080 449.5016 21.4053
v -111.2549 448.1244 31.4053
v -111.2549 448.1244 21.4053
v -111.9812 446.5544 31.4053
v -111.9812 446.5544 21.4053
v -112.3531 444.8650 31.4053
v -112.3531 444.8650 21.4053
v -112.3531 443.1350 31.4053
v -112.3531 443.1350 21.4053
v -111.9812 441.4456 31.4053
v -111.9812 441.4456 21.4053
v -111.2549 439.8756 31.4053
v -111.2549 439.8756 21.4053
v -110.2080 438.4984 31.4053
v -110.2080 438.4984 21.4053
v -108.8895 437.3785 21.4053
v -108.8895 437.3785 31.4053
v -107.3611 436.5682 31.4053
v -107.3611 436.5682 21.4053
v -105.6943 436.1054 21.4053
v -105.6943 436.1054 31.4053
v -103.9669 436.0117 31.4053
v -103.9669 436.0117 21.4053
v -102.2598 436.2916 31.4053
v -102.2598 436.2916 21.4053
v -100.6527 436.9319 31.4053
v -100.6527 436.9319 21.4053
v -99.2209 437.9027 31.4053
v -99.2209 437.9027 21.4053
v -98.0313 439.1586 31.4053
v -98.0313 439.1586 21.4053
v -97.1394 440.6409 21.4053
v -97.1394 440.6409 31.4053
v -96.5870 442.2802 31.4053
v -96.5870 442.2802 21.4053
v -115.5870 445.7198 31.4053
v -115.4000 444.0000 31.4053
v -115.4000 444.0000 21.4053
v -115.5870 445.7198 21.4053
v -116.1394 447.3591 21.4053
v -116.1394 447.3591 31.4053
v -117.0313 448.8414 31.4053
v -117.0313 448.8414 21.4053
v -118.2209 450.0973 31.4053
v -118.2209 450.0973 21.4053
v -119.6527 451.0681 31.4053
v -119.6527 451.0681 21.4053
v -121.2598 451.7084 31.4053
v -121.2598 451.7084 21.4053
v -122.9669 451.9883 31.4053
v -122.9669 451.9883 21.4053
v -124.6943 451.8946 31.4053
v -124.6943 451.8946 21.4053
v -126.3611 451.4318 21.4053
v -126.3611 451.4318 31.4053
v -127.8895 450.6215 21.4053
v -127.8895 450.6215 31.4053
v -129.2080 449.5016 31.4053
v -129.2080 449.5016 21.4053
v -130.2549 448.1244 31.4053
v -130.2549 448.1244 21.4053
v -130.9812 446.5544 31.4053
v -130.9812 446.5544 21.4053
v -131.3531 444.8650 31.4053
v -131.3531 444.8650 21.4053
v -131.3531 443.1350 31.4053
v -131.3531 443.1350 21.4053
v -130.9812 441.4456 31.4053
v -130.9812 441.4456 21.4053
v -130.2549 439.8756 31.4053
v -130.2549 439.8756 21.4053
v -129.2080 438.4984 31.4053
v -129.2080 438.4984 21.4053
v -127.8895 437.3785 21.4053
v -127.8895 437.3785 31.4053
v -126.3611 436.5682 31.4053
v -126.3611 436.5682 21.4053
v -124.6943 436.1054 21.4053
v -124.6943 436.1054 31.4053
v -122.9669 436.0117 31.4053
v -122.9669 436.0117 21.4053
v -121.2598 436.2916 31.4053
v -121.2598 436.2916 21.4053
v -119.6527 436.9319 31.4053
v -119.6527 436.9319 21.4053
v -118.2209 437.9027 31.4053
v -118.2209 437.9027 21.4053
v -117.0313 439.1586 31.4053
v -117.0313 439.1586 21.4053
v -116.1394 440.6409 21.4053
v -116.1394 440.6409 31.4053
v -115.5870 442.2802 31.4053
v -115.5870 442.2802 21.4053
v -77.5870 464.7198 29.4084
v -77.4000 463.0000 29.4084
v -77.4000 463.0000 19.4084
v -77.5870 464.7198 19.4084
v -78.1394 466.3591 19.4084
v -78.1394 466.3591 29.4084
v -79.0313 467.8414 29.4084
v -79.0313 467.8414 19.4084
v -80.2209 469.0973 29.4084
v -80.2209 469.0973 19.4084
v -81.6527 470.0681 29.4084
v -81.6527 470.0681 19.4084
v -83.2598 470.7084 29.4084
v -83.2598 470.7084 19.4084
v -84.9669 470.9883 29.4084
v -84.9669 470.9883 19.4084
v -86.6943 470.8946 29.4084
v -86.6943 470.8946 19.4084
v -88.3611 470.4318 19.4084
v -88.3611 470.4318 29.4084
v -89.8895 469.6215 19.4084
v -89.8895 469.6215 29.4084
v -91.2080 468.5016 29.4084
v -91.2080 468.5016 19.4084
v -92.2549 467.1244 29.4084
v -92.2549 467.1244 19.4084
v -92.9812 465.5544 29.4084
v -92.9812 465.5544 19.4084
v -93.3531 463.8650 29.4084
v -93.3531 463.8650 19.4084
v -93.3531 462.1350 29.4084
v -93.3531 462.1350 19.4084
v -92.9812 460.4456 29.4084
v -92.9812 460.4456 19.4084
v -92.2549 458.8756 29.4084
v -92.2549 458.8756 19.4084
v -91.2080 457.4984 29.4084
v -91.2080 457.4984 19.4084
v -89.8895 456.3785 19.4084
v -89.8895 456.3785 29.4084
v -88.3611 455.5682 29.4084
v -88.3611 455.5682 19.4084
v -86.6943 455.1054 19.4084
v -86.6943 455.1054 29.4084
v -84.9669 455.0117 29.4084
v -84.9669 455.0117 19.4084
v -83.2598 455.2916 29.4084
v -83.2598 455.2916 19.4084
v -81.6527 455.9319 29.4084
v -81.6527 455.9319 19.4084
v -80.2209 456.9027 29.4084
v -80.2209 456.9027 19.4084
v -79.0313 458.1586 29.4084
v -79.0313 458.1586 19.4084
v -78.1394 459.6409 19.4084
v -78.1394 459.6409 29.4084
v -77.5870 461.2802 29.4084
v -77.5870 461.2802 19.4084
v -96.5870 464.7198 29.4084
v -96.4000 463.0000 29.4084
v -96.4000 463.0000 19.4084
v -96.5870 464.7198 19.4084
v -97.1394 466.3591 19.4084
v -97.1394 466.3591 29.4084
v -98.0313 467.8414 29.4084
v -98.0313 467.8414 19.4084
v -99.2209 469.0973 29.4084
v -99.2209 469.0973 19.4084
v -100.6527 470.0681 29.4084
v -100.6527 470.0681 19.4084
v -102.2598 470.7084 29.4084
v -102.2598 470.7084 19.4084
v -103.9669 470.9883 29.4084
v -103.9669 470.9883 19.4084
v -105.6943 470.8946 29.4084
v -105.6943 470.8946 19.4084
v -107.3611 470.4318 19.4084
v -107.3611 470.4318 29.4084
v -108.8895 469.6215 19.4084
v -108.8895 469.6215 29.4084
v -110.2080 468.5016 29.4084
v -110.2080 468.5016 19.4084
v -111.2549 467.1244 29.4084
v -111.2549 467.1244 19.4084
v -111.9812 465.5544 29.4084
v -111.9812 465.5544 19.4084
v -112.3531 463.8650 29.4084
v -112.3531 463.8650 19.4084
v -112.3531 462.1350 29.4084
v -112.3531 462.1350 19.4084
v -111.9812 460.4456 29.4084
v -111.9812 460.4456 19.4084
v -111.2549 458.8756 29.4084
v -111.2549 458.8756 19.4084
v -110.2080 457.4984 29.4084
v -110.2080 457.4984 19.4084
v -108.8895 456.3785 19.4084
v -108.8895 456.3785 29.4084
v -107.3611 455.5682 29.4084
v -107.3611 455.5682 19.4084
v -105.6943 455.1054 19.4084
v -105.6943 455.1054 29.4084
v -103.9669 455.0117 29.4084
v -103.9669 455.0117 19.4084
v -102.2598 455.2916 29.4084
v -102.2598 455.2916 19.4084
v -100.6527 455.9319 29.4084
v -100.6527 455.9319 19.4084
v -99.2209 456.9027 29.4084
v -99.2209 456.9027 19.4084
v -98.0313 458.1586 29.4084
v -98.0313 458.1586 19.4084
v -97.1394 459.6409 19.4084
v -97.1394 459.6409 29.4084
v -96.5870 461.2802 29.4084
v -96.5870 461.2802 19.4084
v -115.5870 464.7198 29.4084
v -115.4000 463.0000 29.4084
v -115.4000 463.0000 19.4084
v -115.5870 464.7198 19.4084
v -116.1394 466.3591 19.4084
v -116.1394 466.3591 29.4084
v -117.0313 467.8414 29.4084
v -117.0313 467.8414 19.4084
v -118.2209 469.0973 29.4084
v -118.2209 469.0973 19.4084
v -119.6527 470.0681 29.4084
v -119.6527 470.0681 19.4084
v -121.2598 470.7084 29.4084
v -121.2598 470.7084 19.4084
v -122.9669 470.9883 29.4084
v -122.9669 470.9883 19.4084
v -124.6943 470.8946 29.4084
v -124.6943 470.8946 19.4084
v -126.3611 470.4318 19.4084
v -126.3611 470.4318 29.4084
v -127.8895 469.6215 19.4084
v -127.8895 469.6215 29.4084
v -129.2080 468.5016 29.4084
v -129.2080 468.5016 19.4084
v -130.2549 467.1244 29.4084
v -130.2549 467.1244 19.4084
v -130.9812 465.5544 29.4084
v -130.9812 465.5544 19.4084
v -131.3531 463.8650 29.4084
v -131.3531 463.8650 19.4084
v -131.3531 462.1350 29.4084
v -131.3531 462.1350 19.4084
v -130.9812 460.4456 29.4084
v -130.9812 460.4456 19.4084
v -130.2549 458.8756 29.4084
v -130.2549 458.8756 19.4084
v -129.2080 457.4984 29.4084
v -129.2080 457.4984 19.4084
v -127.8895 456.3785 19.4084
v -127.8895 456.3785 29.4084
v -126.3611 455.5682 29.4084
v -126.3611 455.5682 19.4084
v -124.6943 455.1054 19.4084
v -124.6943 455.1054 29.4084
v -122.9669 455.0117 29.4084
v -122.9669 455.0117 19.4084
v -121.2598 455.2916 29.4084
v -121.2598 455.2916 19.4084
v -119.6527 455.9319 29.4084
v -119.6527 455.9319 19.4084
v -118.2209 456.9027 29.4084
v -118.2209 456.9027 19.4084
v -117.0313 458.1586 29.4084
v -117.0313 458.1586 19.4084
v -116.1394 459.6409 19.4084
v -116.1394 459.6409 29.4084
v -115.5870 461.2802 29.4084
v -115.5870 461.2802 19.4084
v -77.5870 483.7198 27.4115
v -77.4000 482.0000 27.4115
v -77.4000 482.0000 17.4115
v -77.5870 483.7198 17.4115
v -78.1394 485.3591 17.4115
v -78.1394 485.3591 27.4115
v -79.0313 486.8414 27.4115
v -79.0313 486.8414 17.4115
v -80.2209 488.0973 27.4115
v -80.2209 488.0973 17.4115
v -81.6527 489.0681 27.4115
v -81.6527 489.0681 17.4115
v -83.2598 489.7084 27.4115
v -83.2598 489.7084 17.4115
v -84.9669 489.9883 27.4115
v -84.9669 489.9883 17.4115
v -86.6943 489.8946 27.4115
v -86.6943 489.8946 17.4115
v -88.3611 489.4318 17.4115
v -88.3611 489.4318 27.4115
v -89.8895 488.6215 17.4115
v -89.8895 488.6215 27.4115
v -91.2080 487.5016 27.4115
v -91.2080 487.5016 17.4115
v -92.2549 486.1244 27.4115
v -92.2549 486.1244 17.4115
v -92.9812 484.5544 27.4115
v -92.9812 484.5544 17.4115
v -93.3531 482.8650 27.4115
v -93.3531 482.8650 17.4115
v -93.3531 481.1350 27.4115
v -93.3531 481.1350 17.4115
v -92.9812 479.4456 27.4115
v -92.9812 479.4456 17.4115
v -92.2549 477.8756 27.4115
v -92.2549 477.8756 17.4115
v -91.2080 476.4984 27.4115
v -91.2080 476.4984 17.4115
v -89.8895 475.3785 17.4115
v -89.8895 475.3785 27.4115
v -88.3611 474.5682 27.4115
v -88.3611 474.5682 17.4115
v -86.6943 474.1054 17.4115
v -86.6943 474.1054 27.4115
v -84.9669 474.0117 27.4115
v -84.9669 474.0117 17.4115
v -83.2598 474.2916 27.4115
v -83.2598 474.2916 17.4115
v -81.6527 474.9319 27.4115
v -81.6527 474.9319 17.4115
v -80.2209 475.9027 27.4115
v -80.2209 475.9027 17.4115
v -79.0313 477.1586 27.4115
v -79.0313 477.1586 17.4115
v -78.1394 478.6409 17.4115
v -78.1394 478.6409 27.4115
v -77.5870 480.2802 27.4115
v -77.5870 480.2802 17.4115
v -96.5870 483.7198 27.4115
v -96.4000 482.0000 27.4115
v -96.4000 482.0000 17.4115
v -96.5870 483.7198 17.4115
v -97.1394 485.3591 17.4115
v -97.1394 485.3591 27.4115
v -98.0313 486.8414 27.4115
v -98.0313 486.8414 17.4115
v -99.2209 488.0973 27.4115
v -99.2209 488.0973 17.4115
v -100.6527 489.0681 27.4115
v -100.6527 489.0681 17.4115
v -102.2598 489.7084 27.4115
v -102.2598 489.7084 17.4115
v -103.9669 489.9883 27.4115
v -103.9669 489.9883 17.4115
v -105.6943 489.8946 27.4115
v -105.6943 489.8946 17.4115
v -107.3611 489.4318 17.4115
v -107.3611 489.4318 27.4115
v -108.8895 488.6215 17.4115
v -108.8895 488.6215 27.4115
v -110.2080 487.5016 27.4115
v -110.2080 487.5016 17.4115
v -111.2549 486.1244 27.4115
v -111.2549 486.1244 17.4115
v -111.9812 484.5544 27.4115
v -111.9812 484.5544 17.4115
v -112.3531 482.8650 27.4115
v -112.3531 482.8650 17.4115
v -112.3531 481.1350 27.4115
v -112.3531 481.1350 17.4115
v -111.9812 479.4456 27.4115
v -111.9812 479.4456 17.4115
v -111.2549 477.8756 27.4115
v -111.2549 477.8756 17.4115
v -110.2080 476.4984 27.4115
v -110.2080 476.4984 17.4115
v -108.8895 475.3785 17.4115
v -108.8895 475.3785 27.4115
v -107.3611 474.5682 27.4115
v -107.3611 474.5682 17.4115
v -105.6943 474.1054 17.4115
v -105.6943 474.1054 27.4115
v -103.9669 474.0117 27.4115
v -103.9669 474.0117 17.4115
v -102.2598 474.2916 27.4115
v -102.2598 474.2916 17.4115
v -100.6527 474.9319 27.4115
v -100.6527 474.9319 17.4115
v -99.2209 475.9027 27.4115
v -99.2209 475.9027 17.4115
v -98.0313 477.1586 27.4115
v -98.0313 477.1586 17.4115
v -97.1394 478.6409 17.4115
v -97.1394 478.6409 27.4115
v -96.5870 480.2802 27.4115
v -96.5870 480.2802 17.4115
v -115.5870 483.7198 27.4115
v -115.4000 482.0000 27.4115
v -115.4000 482.0000 17.4115
v -115.5870 483.7198 17.4115
v -116.1394 485.3591 17.4115
v -116.1394 485.3591 27.4115
v -117.0313 486.8414 27.4115
v -117.0313 486.8414 17.4115
v -118.2209 488.0973 27.4115
v -118.2209 488.0973 17.4115
v -119.6527 489.0681 27.4115
v -119.6527 489.0681 17.4115
v -121.2598 489.7084 27.4115
v -121.2598 489.7084 17.4115
v -122.9669 489.9883 27.4115
v -122.9669 489.9883 17.4115
v -124.6943 489.8946 27.4115
v -124.6943 489.8946 17.4115
v -126.3611 489.4318 17.4115
v -126.3611 489.4318 27.4115
v -127.8895 488.6215 17.4115
v -127.8895 488.6215 27.4115
v -129.2080 487.5016 27.4115
v -129.2080 487.5016 17.4115
v -130.2549 486.1244 27.4115
v -130.2549 486.1244 17.4115
v -130.9812 484.5544 27.4115
v -130.9812 484.5544 17.4115
v -131.3531 482.8650 27.4115
v -131.3531 482.8650 17.4115
v -131.3531 481.1350 27.4115
v -131.3531 481.1350 17.4115
v -130.9812 479.4456 27.4115
v -130.9812 479.4456 17.4115
v -130.2549 477.8756 27.4115
v -130.2549 477.8756 17.4115
v -129.2080 476.4984 27.4115
v -129.2080 476.4984 17.4115
v -127.8895 475.3785 17.4115
v -127.8895 475.3785 27.4115
v -126.3611 474.5682 27.4115
v -126.3611 474.5682 17.4115
v -124.6943 474.1054 17.4115
v -124.6943 474.1054 27.4115
v -122.9669 474.0117 27.4115
v -122.9669 474.0117 17.4115
v -121.2598 474.2916 27.4115
v -121.2598 474.2916 17.4115
v -119.6527 474.9319 27.4115
v -119.6527 474.9319 17.4115
v -118.2209 475.9027 27.4115
v -118.2209 475.9027 17.4115
v -117.0313 477.1586 27.4115
v -117.0313 477.1586 17.4115
v -116.1394 478.6409 17.4115
v -116.1394 478.6409 27.4115
v -115.5870 480.2802 27.4115
v -115.5870 480.2802 17.4115
f 8373 8374 8375
f 8373 8375 8376
f 8373 8376 8377
f 8378 8373 8377
f 8379 8377 8380
f 8379 8378 8377
f 8381 8380 8382
f 8381 8379 8380
f 8383 8382 8384
f 8383 8381 8382
f 8385 8384 8386
f 8385 8383 8384
f 8387 8386 8388
f 8387 8385 8386
f 8389 8388 8390
f 8389 8390 8391
f 8389 8387 8388
f 8392 8389 8391
f 8392 8391 8393
f 8394 8392 8393
f 8395 8394 8393
f 8395 8393 8396
f 8397 8395 8396
f 8397 8396 8398
f 8399 8397 8398
f 8399 8398 8400
f 8401 8399 8400
f 8401 8400 8402
f 8403 8401 8402
f 8403 8402 8404
f 8405 8403 8404
f 8405 8404 8406
f 8407 8405 8406
f 8407 8406 8408
f 8409 8407 8408
f 8409 8408 8410
f 8409 8410 8411
f 8412 8409 8411
f 8413 8412 8411
f 8413 8411 8414
f 8413 8414 8415
f 8416 8413 8415
f 8417 8416 8415
f 8417 8415 8418
f 8419 8417 8418
f 8419 8418 8420
f 8421 8420 8422
f 8421 8419 8420
f 8423 8422 8424
f 8423 8421 8422
f 8425 8424 8426
f 8425 8426 8427
f 8425 8423 8424
f 8428 8425 8427
f 8429 8427 8430
f 8429 8428 8427
f 8374 8430 8375
f 8374 8429 8430
f 8399 8401 8403
f 8399 8403 8405
f 8397 8405 8407
f 8397 8399 8405
f 8395 8407 8409
f 8395 8409 8412
f 8395 8397 8407
f 8392 8394 8395
f 8392 8412 8413
f 8392 8413 8416
f 8392 8395 8412
f 8374 8425 8428
f 8374 8428 8429
f 8387 8389 8392
f 8387 8416 8417
f 8387 8392 8416
f 8385 8417 8419
f 8385 8387 8417
f 8378 8374 8373
f 8378 8423 8425
f 8378 8425 8374
f 8383 8419 8421
f 8383 8385 8419
f 8379 8421 8423
f 8379 8423 8378
f 8381 8383 8421
f 8381 8421 8379
f 8402 8400 8404
f 8404 8400 8406
f 8406 8398 8408
f 8400 8398 8406
f 8408 8396 8410
f 8410 8396 8411
f 8398 8396 8408
f 8393 8391 8396
f 8411 8391 8414
f 8414 8391 8415
f 8396 8391 8411
f 8426 8375 8427
f 8427 8375 8430
f 8390 8388 8391
f 8415 8388 8418
f 8391 8388 8415
f 8418 8386 8420
f 8388 8386 8418
f 8375 8377 8376
f 8424 8377 8426
f 8426 8377 8375
f 8420 8384 8422
f 8386 8384 8420
f 8422 8380 8424
f 8424 8380 8377
f 8384 8382 8422
f 8422 8382 8380
f 8431 8432 8433
f 8431 8433 8434
f 8431 8434 8435
f 8436 8431 8435
f 8437 8435 8438
f 8437 8436 8435
f 8439 8438 8440
f 8439 8437 8438
f 8441 8440 8442
f 8441 8439 8440
f 8443 8442 8444
f 8443 8441 8442
f 8445 8444 8446
f 8445 8443 8444
f 8447 8446 8448
f 8447 8448 8449
f 8447 8445 8446
f 8450 8447 8449
f 8450 8449 8451
f 8452 8450 8451
f 8453 8452 8451
f 8453 8451 8454
f 8455 8453 8454
f 8455 8454 8456
f 8457 8455 8456
f 8457 8456 8458
f 8459 8457 8458
f 8459 8458 8460
f 8461 8459 8460
f 8461 8460 8462
f 8463 8461 8462
f 8463 8462 8464
f 8465 8463 8464
f 8465 8464 8466
f 8467 8465 8466
f 8467 8466 8468
f 8467 8468 8469
f 8470 8467 8469
f 8471 8470 8469
f 8471 8469 8472
f 8471 8472 8473
f 8474 8471 8473
f 8475 8474 8473
f 8475 8473 8476
f 8477 8475 8476
f 8477 8476 8478
f 8479 8478 8480
f 8479 8477 8478
f 8481 8480 8482
f 8481 8479 8480
f 8483 8482 8484
f 8483 8484 8485
f 8483 8481 8482
f 8486 8483 8485
f 8487 8485 8488
f 8487 8486 8485
f 8432 8488 8433
f 8432 8487 8488
f 8457 8459 8461
f 8457 8461 8463
f 8455 8463 8465
f 8455 8457 8463
f 8453 8465 8467
f 8453 8467 8470
f 8453 8455 8465
f 8450 8452 8453
f 8450 8470 8471
f 8450 8471 8474
f 8450 8453 8470
f 8432 8483 8486
f 8432 8486 8487
f 8445 8447 8450
f 8445 8474 8475
f 8445 8450 8474
f 8443 8475 8477
f 8443 8445 8475
f 8436 8432 8431
f 8436 8481 8483
f 8436 8483 8432
f 8441 8477 8479
f 8441 8443 8477
f 8437 8479 8481
f 8437 8481 8436
f 8439 8441 8479
f 8439 8479 8437
f 8460 8458 8462
f 8462 8458 8464
f 8464 8456 8466
f 8458 8456 8464
f 8466 8454 8468
f 8468 8454 8469
f 8456 8454 8466
f 8451 8449 8454
f 8469 8449 8472
f 8472 8449 8473
f 8454 8449 8469
f 8484 8433 8485
f 8485 8433 8488
f 8448 8446 8449
f 8473 8446 8476
f 8449 8446 8473
f 8476 8444 8478
f 8446 8444 8476
f 8433 8435 8434
f 8482 8435 8484
f 8484 8435 8433
f 8478 8442 8480
f 8444 8442 8478
f 8480 8438 8482
f 8482 8438 8435
f 8442 8440 8480
f 8480 8440 8438
f 8489 8490 8491
f 8489 8491 8492
f 8489 8492 8493
f 8494 8489 8493
f 8495 8493 8496
f 8495 8494 8493
f 8497 8496 8498
f 8497 8495 8496
f 8499 8498 8500
f 8499 8497 8498
f 8501 8500 8502
f 8501 8499 8500
f 8503 8502 8504
f 8503 8501 8502
f 8505 8504 8506
f 8505 8506 8507
f 8505 8503 8504
f 8508 8505 8507
f 8508 8507 8509
f 8510 8508 8509
f 8511 8510 8509
f 8511 8509 8512
f 8513 8511 8512
f 8513 8512 8514
f 8515 8513 8514
f 8515 8514 8516
f 8517 8515 8516
f 8517 8516 8518
f 8519 8517 8518
f 8519 8518 8520
f 8521 8519 8520
f 8521 8520 8522
f 8523 8521 8522
f 8523 8522 8524
f 8525 8523 8524
f 8525 8524 8526
f 8525 8526 8527
f 8528 8525 8527
f 8529 8528 8527
f 8529 8527 8530
f 8529 8530 8531
f 8532 8529 8531
f 8533 8532 8531
f 8533 8531 8534
f 8535 8533 8534
f 8535 8534 8536
f 8537 8536 8538
f 8537 8535 8536
f 8539 8538 8540
f 8539 8537 8538
f 8541 8540 8542
f 8541 8542 8543
f 8541 8539 8540
f 8544 8541 8543
f 8545 8543 8546
f 8545 8544 8543
f 8490 8546 8491
f 8490 8545 8546
f 8515 8517 8519
f 8515 8519 8521
f 8513 8521 8523
f 8513 8515 8521
f 8511 8523 8525
f 8511 8525 8528
f 8511 8513 8523
f 8508 8510 8511
f 8508 8528 8529
f 8508 8529 8532
f 8508 8511 8528
f 8490 8541 8544
f 8490 8544 8545
f 8503 8505 8508
f 8503 8532 8533
f 8503 8508 8532
f 8501 8533 8535
f 8501 8503 8533
f 8494 8490 8489
f 8494 8539 8541
f 8494 8541 8490
f 8499 8535 8537
f 8499 8501 8535
f 8495 8537 8539
f 8495 8539 8494
f 8497 8499 8537
f 8497 8537 8495
f 8518 8516 8520
f 8520 8516 8522
f 8522 8514 8524
f 8516 8514 8522
f 8524 8512 8526
f 8526 8512 8527
f 8514 8512 8524
f 8509 8507 8512
f 8527 8507 8530
f 8530 8507 8531
f 8512 8507 8527
f 8542 8491 8543
f 8543 8491 8546
f 8506 8504 8507
f 8531 8504 8534
f 8507 8504 8531
f 8534 8502 8536
f 8504 8502 8534
f 8491 8493 8492
f 8540 8493 8542
f 8542 8493 8491
f 8536 8500 8538
f 8502 8500 8536
f 8538 8496 8540
f 8540 8496 8493
f 8500 8498 8538
f 8538 8498 8496
f 8547 8548 8549
f 8547 8549 8550
f 8547 8550 8551
f 8552 8547 8551
f 8553 8551 8554
f 8553 8552 8551
f 8555 8554 8556
f 8555 8553 8554
f 8557 8556 8558
f 8557 8555 8556
f 8559 8558 8560
f 8559 8557 8558
f 8561 8560 8562
f 8561 8559 8560
f 8563 8562 8564
f 8563 8564 8565
f 8563 8561 8562
f 8566 8563 8565
f 8566 8565 8567
f 8568 8566 8567
f 8569 8568 8567
f 8569 8567 8570
f 8571 8569 8570
f 8571 8570 8572
f 8573 8571 8572
f 8573 8572 8574
f 8575 8573 8574
f 8575 8574 8576
f 8577 8575 8576
f 8577 8576 8578
f 8579 8577 8578
f 8579 8578 8580
f 8581 8579 8580
f 8581 8580 8582
f 8583 8581 8582
f 8583 8582 8584
f 8583 8584 8585
f 8586 8583 8585
f 8587 8586 8585
f 8587 8585 8588
f 8587 8588 8589
f 8590 8587 8589
f 8591 8590 8589
f 8591 8589 8592
f 8593 8591 8592
f 8593 8592 8594
f 8595 8594 8596
f 8595 8593 8594
f 8597 8596 8598
f 8597 8595 8596
f 8599 8598 8600
f 8599 8600 8601
f 8599 8597 8598
f 8602 8599 8601
f 8603 8601 8604
f 8603 8602 8601
f 8548 8604 8549
f 8548 8603 8604
f 8573 8575 8577
f 8573 8577 8579
f 8571 8579 8581
f 8571 8573 8579
f 8569 8581 8583
f 8569 8583 8586
f 8569 8571 8581
f 8566 8568 8569
f 8566 8586 8587
f 8566 8587 8590
f 8566 8569 8586
f 8548 8599 8602
f 8548 8602 8603
f 8561 8563 8566
f 8561 8590 8591
f 8561 8566 8590
f 8559 8591 8593
f 8559 8561 8591
f 8552 8548 8547
f 8552 8597 8599
f 8552 8599 8548
f 8557 8593 8595
f 8557 8559 8593
f 8553 8595 8597
f 8553 8597 8552
f 8555 8557 8595
f 8555 8595 8553
f 8576 8574 8578
f 8578 8574 8580
f 8580 8572 8582
f 8574 8572 8580
f 8582 8570 8584
f 8584 8570 8585
f 8572 8570 8582
f 8567 8565 8570
f 8585 8565 8588
f 8588 8565 8589
f 8570 8565 8585
f 8600 8549 8601
f 8601 8549 8604
f 8564 8562 8565
f 8589 8562 8592
f 8565 8562 8589
f 8592 8560 8594
f 8562 8560 8592
f 8549 8551 8550
f 8598 8551 8600
f 8600 8551 8549
f 8594 8558 8596
f 8560 8558 8594
f 8596 8554 8598
f 8598 8554 8551
f 8558 8556 8596
f 8596 8556 8554
f 8605 8606 8607
f 8605 8607 8608
f 8605 8608 8609
f 8610 8605 8609
f 8611 8609 8612
f 8611 8610 8609
f 8613 8612 8614
f 8613 8611 8612
f 8615 8614 8616
f 8615 8613 8614
f 8617 8616 8618
f 8617 8615 8616
f 8619 8618 8620
f 8619 8617 8618
f 8621 8620 8622
f 8621 8622 8623
f 8621 8619 8620
f 8624 8621 8623
f 8624 8623 8625
f 8626 8624 8625
f 8627 8626 8625
f 8627 8625 8628
f 8629 8627 8628
f 8629 8628 8630
f 8631 8629 8630
f 8631 8630 8632
f 8633 8631 8632
f 8633 8632 8634
f 8635 8633 8634
f 8635 8634 8636
f 8637 8635 8636
f 8637 8636 8638
f 8639 8637 8638
f 8639 8638 8640
f 8641 8639 8640
f 8641 8640 8642
f 8641 8642 8643
f 8644 8641 8643
f 8645 8644 8643
f 8645 8643 8646
f 8645 8646 8647
f 8648 8645 8647
f 8649 8648 8647
f 8649 8647 8650
f 8651 8649 8650
f 8651 8650 8652
f 8653 8652 8654
f 8653 8651 8652
f 8655 8654 8656
f 8655 8653 8654
f 8657 8656 8658
f 8657 8658 8659
f 8657 8655 8656
f 8660 8657 8659
f 8661 8659 8662
f 8661 8660 8659
f 8606 8662 8607
f 8606 8661 8662
f 8631 8633 8635
f 8631 8635 8637
f 8629 8637 8639
f 8629 8631 8637
f 8627 8639 8641
f 8627 8641 8644
f 8627 8629 8639
f 8626 8644 8645
f 8626 8627 8644
f 8606 8655 8657
f 8606 8657 8660
f 8606 8660 8661
f 8619 8621 8624
f 8619 8624 8626
f 8619 8645 8648
f 8619 8648 8649
f 8619 8626 8645
f 8610 8606 8605
f 8610 8655 8606
f 8615 8617 8619
f 8615 8649 8651
f 8615 8651 8653
f 8615 8653 8655
f 8615 8619 8649
f 8613 8610 8611
f 8613 8615 8655
f 8613 8655 8610
f 8634 8632 8636
f 8636 8632 8638
f 8638 8630 8640
f 8632 8630 8638
f 8640 8628 8642
f 8642 8628 8643
f 8630 8628 8640
f 8643 8625 8646
f 8628 8625 8643
f 8656 8607 8658
f 8658 8607 8659
f 8659 8607 8662
f 8622 8620 8623
f 8623 8620 8625
f 8646 8620 8647
f 8647 8620 8650
f 8625 8620 8646
f 8607 8609 8608
f 8656 8609 8607
f 8618 8616 8620
f 8650 8616 8652
f 8652 8616 8654
f 8654 8616 8656
f 8620 8616 8650
f 8609 8614 8612
f 8616 8614 8656
f 8656 8614 8609
f 8663 8664 8665
f 8663 8665 8666
f 8663 8666 8667
f 8668 8663 8667
f 8669 8667 8670
f 8669 8668 8667
f 8671 8670 8672
f 8671 8669 8670
f 8673 8672 8674
f 8673 8671 8672
f 8675 8674 8676
f 8675 8673 8674
f 8677 8676 8678
f 8677 8675 8676
f 8679 8678 8680
f 8679 8680 8681
f 8679 8677 8678
f 8682 8679 8681
f 8682 8681 8683
f 8684 8682 8683
f 8685 8684 8683
f 8685 8683 8686
f 8687 8685 8686
f 8687 8686 8688
f 8689 8687 8688
f 8689 8688 8690
f 8691 8689 8690
f 8691 8690 8692
f 8693 8691 8692
f 8693 8692 8694
f 8695 8693 8694
f 8695 8694 8696
f 8697 8695 8696
f 8697 8696 8698
f 8699 8697 8698
f 8699 8698 8700
f 8699 8700 8701
f 8702 8699 8701
f 8703 8702 8701
f 8703 8701 8704
f 8703 8704 8705
f 8706 8703 8705
f 8707 8706 8705
f 8707 8705 8708
f 8709 8707 8708
f 8709 8708 8710
f 8711 8710 8712
f 8711 8709 8710
f 8713 8712 8714
f 8713 8711 8712
f 8715 8714 8716
f 8715 8716 8717
f 8715 8713 8714
f 8718 8715 8717
f 8719 8717 8720
f 8719 8718 8717
f 8664 8720 8665
f 8664 8719 8720
f 8689 8691 8693
f 8689 8693 8695
f 8687 8695 8697
f 8687 8689 8695
f 8685 8697 8699
f 8685 8699 8702
f 8685 8687 8697
f 8684 8702 8703
f 8684 8685 8702
f 8664 8713 8715
f 8664 8715 8718
f 8664 8718 8719
f 8677 8679 8682
f 8677 8682 8684
f 8677 8703 8706
f 8677 8706 8707
f 8677 8684 8703
f 8668 8664 8663
f 8668 8713 8664
f 8673 8675 8677
f 8673 8707 8709
f 8673 8709 8711
f 8673 8711 8713
f 8673 8677 8707
f 8671 8668 8669
f 8671 8673 8713
f 8671 8713 8668
f 8692 8690 8694
f 8694 8690 8696
f 8696 8688 8698
f 8690 8688 8696
f 8698 8686 8700
f 8700 8686 8701
f 8688 8686 8698
f 8701 8683 8704
f 8686 8683 8701
f 8714 8665 8716
f 8716 8665 8717
f 8717 8665 8720
f 8680 8678 8681
f 8681 8678 8683
f 8704 8678 8705
f 8705 8678 8708
f 8683 8678 8704
f 8665 8667 8666
f 8714 8667 8665
f 8676 8674 8678
f 8708 8674 8710
f 8710 8674 8712
f 8712 8674 8714
f 8678 8674 8708
f 8667 8672 8670
f 8674 8672 8714
f 8714 8672 8667
f 8721 8722 8723
f 8721 8723 8724
f 8721 8724 8725
f 8726 8721 8725
f 8727 8725 8728
f 8727 8726 8725
f 8729 8728 8730
f 8729 8727 8728
f 8731 8730 8732
f 8731 8729 8730
f 8733 8732 8734
f 8733 8731 8732
f 8735 8734 8736
f 8735 8733 8734
f 8737 8736 8738
f 8737 8738 8739
f 8737 8735 8736
f 8740 8737 8739
f 8740 8739 8741
f 8742 8740 8741
f 8743 8742 8741
f 8743 8741 8744
f 8745 8743 8744
f 8745 8744 8746
f 8747 8745 8746
f 8747 8746 8748
f 8749 8747 8748
f 8749 8748 8750
f 8751 8749 8750
f 8751 8750 8752
f 8753 8751 8752
f 8753 8752 8754
f 8755 8753 8754
f 8755 8754 8756
f 8757 8755 8756
f 8757 8756 8758
f 8757 8758 8759
f 8760 8757 8759
f 8761 8760 8759
f 8761 8759 8762
f 8761 8762 8763
f 8764 8761 8763
f 8765 8764 8763
f 8765 8763 8766
f 8767 8765 8766
f 8767 8766 8768
f 8769 8768 8770
f 8769 8767 8768
f 8771 8770 8772
f 8771 8769 8770
f 8773 8772 8774
f 8773 8774 8775
f 8773 8771 8772
f 8776 8773 8775
f 8777 8775 8778
f 8777 8776 8775
f 8722 8778 8723
f 8722 8777 8778
f 8747 8749 8751
f 8747 8751 8753
f 8745 8753 8755
f 8745 8747 8753
f 8743 8755 8757
f 8743 8757 8760
f 8743 8745 8755
f 8742 8760 8761
f 8742 8743 8760
f 8722 8771 8773
f 8722 8773 8776
f 8722 8776 8777
f 8735 8737 8740
f 8735 8740 8742
f 8735 8761 8764
f 8735 8764 8765
f 8735 8742 8761
f 8726 8722 8721
f 8726 8771 8722
f 8731 8733 8735
f 8731 8765 8767
f 8731 8767 8769
f 8731 8769 8771
f 8731 8735 8765
f 8729 8726 8727
f 8729 8731 8771
f 8729 8771 8726
f 8750 8748 8752
f 8752 8748 8754
f 8754 8746 8756
f 8748 8746 8754
f 8756 8744 8758
f 8758 8744 8759
f 8746 8744 8756
f 8759 8741 8762
f 8744 8741 8759
f 8772 8723 8774
f 8774 8723 8775
f 8775 8723 8778
f 8738 8736 8739
f 8739 8736 8741
f 8762 8736 8763
f 8763 8736 8766
f 8741 8736 8762
f 8723 8725 8724
f 8772 8725 8723
f 8734 8732 8736
f 8766 8732 8768
f 8768 8732 8770
f 8770 8732 8772
f 8736 8732 8766
f 8725 8730 8728
f 8732 8730 8772
f 8772 8730 8725
f 8779 8780 8781
f 8779 8781 8782
f 8779 8782 8783
f 8784 8779 8783
f 8785 8783 8786
f 8785 8784 8783
f 8787 8786 8788
f 8787 8785 8786
f 8789 8788 8790
f 8789 8787 8788
f 8791 8790 8792
f 8791 8789 8790
f 8793 8792 8794
f 8793 8791 8792
f 8795 8794 8796
f 8795 8796 8797
f 8795 8793 8794
f 8798 8795 8797
f 8798 8797 8799
f 8800 8798 8799
f 8801 8800 8799
f 8801 8799 8802
f 8803 8801 8802
f 8803 8802 8804
f 8805 8803 8804
f 8805 8804 8806
f 8807 8805 8806
f 8807 8806 8808
f 8809 8807 8808
f 8809 8808 8810
f 8811 8809 8810
f 8811 8810 8812
f 8813 8811 8812
f 8813 8812 8814
f 8815 8813 8814
f 8815 8814 8816
f 8815 8816 8817
f 8818 8815 8817
f 8819 8818 8817
f 8819 8817 8820
f 8819 8820 8821
f 8822 8819 8821
f 8823 8822 8821
f 8823 8821 8824
f 8825 8823 8824
f 8825 8824 8826
f 8827 8826 8828
f 8827 8825 8826
f 8829 8828 8830
f 8829 8827 8828
f 8831 8830 8832
f 8831 8832 8833
f 8831 8829 8830
f 8834 8831 8833
f 8835 8833 8836
f 8835 8834 8833
f 8780 8836 8781
f 8780 8835 8836
f 8805 8807 8809
f 8805 8809 8811
f 8803 8811 8813
f 8803 8805 8811
f 8801 8813 8815
f 8801 8815 8818
f 8801 8803 8813
f 8800 8818 8819
f 8800 8801 8818
f 8780 8829 8831
f 8780 8831 8834
f 8780 8834 8835
f 8793 8795 8798
f 8793 8798 8800
f 8793 8819 8822
f 8793 8822 8823
f 8793 8800 8819
f 8784 8780 8779
f 8784 8829 8780
f 8789 8791 8793
f 8789 8823 8825
f 8789 8825 8827
f 8789 8827 8829
f 8789 8793 8823
f 8787 8784 8785
f 8787 8789 8829
f 8787 8829 8784
f 8808 8806 8810
f 8810 8806 8812
f 8812 8804 8814
f 8806 8804 8812
f 8814 8802 8816
f 8816 8802 8817
f 8804 8802 8814
f 8817 8799 8820
f 8802 8799 8817
f 8830 8781 8832
f 8832 8781 8833
f 8833 8781 8836
f 8796 8794 8797
f 8797 8794 8799
f 8820 8794 8821
f 8821 8794 8824
f 8799 8794 8820
f 8781 8783 8782
f 8830 8783 8781
f 8792 8790 8794
f 8824 8790 8826
f 8826 8790 8828
f 8828 8790 8830
f 8794 8790 8824
f 8783 8788 8786
f 8790 8788 8830
f 8830 8788 8783
f 8837 8838 8839
f 8839 8838 8840
f 8838 8841 8840
f 8840 8841 8842
f 8842 8841 8843
f 8841 8844 8843
f 8843 8845 8846
f 8844 8845 8843
f 8846 8847 8848
f 8845 8847 8846
f 8848 8849 8850
f 8850 8849 8851
f 8847 8849 8848
f 8849 8852 8851
f 8851 8853 8854
f 8854 8853 8855
f 8852 8853 8851
f 8853 8856 8855
f 8855 8857 8858
f 8858 8857 8859
f 8856 8857 8855
f 8857 8860 8859
f 8859 8861 8862
f 8862 8861 8863
f 8860 8861 8859
f 8861 8864 8863
f 8863 8865 8866
f 8864 8865 8863
f 8866 8867 8868
f 8865 8867 8866
f 8868 8869 8870
f 8867 8869 8868
f 8869 8871 8870
f 8870 8871 8872
f 8871 8873 8872
f 8872 8873 8874
f 8874 8873 8875
f 8873 8876 8875
f 8875 8877 8878
f 8876 8877 8875
f 8878 8879 8880
f 8877 8879 8878
f 8880 8881 8882
f 8882 8881 8883
f 8879 8881 8880
f 8881 8884 8883
f 8883 8885 8886
f 8886 8885 8887
f 8884 8885 8883
f 8885 8888 8887
f 8887 8889 8890
f 8890 8889 8891
f 8888 8889 8887
f 8889 8892 8891
f 8891 8893 8894
f 8894 8893 8895
f 8892 8893 8891
f 8893 8896 8895
f 8895 8897 8898
f 8896 8897 8895
f 8898 8899 8900
f 8897 8899 8898
f 8900 8837 8839
f 8899 8837 8900
f 8893 8897 8896
f 8889 8888 8892
f 8892 8888 8893
f 8893 8888 8897
f 8897 8837 8899
f 8881 8879 8884
f 8884 8879 8885
f 8885 8879 8888
f 8877 8876 8879
f 8879 8876 8888
f 8838 8844 8841
f 8837 8871 8838
f 8873 8871 8876
f 8888 8871 8897
f 8897 8871 8837
f 8876 8871 8888
f 8844 8849 8845
f 8845 8849 8847
f 8849 8853 8852
f 8871 8869 8838
f 8867 8865 8869
f 8838 8865 8844
f 8844 8865 8849
f 8869 8865 8838
f 8853 8860 8856
f 8856 8860 8857
f 8849 8860 8853
f 8864 8861 8865
f 8865 8861 8849
f 8849 8861 8860
f 8898 8894 8895
f 8887 8890 8891
f 8887 8891 8894
f 8887 8894 8898
f 8839 8898 8900
f 8880 8882 8883
f 8880 8883 8886
f 8880 8886 8887
f 8875 8878 8880
f 8875 8880 8887
f 8843 8840 8842
f 8872 8839 8840
f 8872 8874 8875
f 8872 8887 8898
f 8872 8898 8839
f 8872 8875 8887
f 8850 8843 8846
f 8850 8846 8848
f 8854 8850 8851
f 8870 8872 8840
f 8866 8868 8870
f 8866 8840 8843
f 8866 8843 8850
f 8866 8870 8840
f 8859 8854 8855
f 8859 8855 8858
f 8859 8850 8854
f 8862 8863 8866
f 8862 8866 8850
f 8862 8850 8859
f 8901 8902 8903
f 8901 8903 8904
f 8901 8904 8905
f 8906 8901 8905
f 8907 8905 8908
f 8907 8906 8905
f 8909 8908 8910
f 8909 8907 8908
f 8911 8910 8912
f 8911 8909 8910
f 8913 8912 8914
f 8913 8911 8912
f 8915 8914 8916
f 8915 8913 8914
f 8917 8916 8918
f 8917 8918 8919
f 8917 8915 8916
f 8920 8917 8919
f 8920 8919 8921
f 8922 8920 8921
f 8923 8922 8921
f 8923 8921 8924
f 8925 8923 8924
f 8925 8924 8926
f 8927 8925 8926
f 8927 8926 8928
f 8929 8927 8928
f 8929 8928 8930
f 8931 8929 8930
f 8931 8930 8932
f 8933 8931 8932
f 8933 8932 8934
f 8935 8933 8934
f 8935 8934 8936
f 8937 8935 8936
f 8937 8936 8938
f 8937 8938 8939
f 8940 8937 8939
f 8941 8940 8939
f 8941 8939 8942
f 8941 8942 8943
f 8944 8941 8943
f 8945 8944 8943
f 8945 8943 8946
f 8947 8945 8946
f 8947 8946 8948
f 8949 8948 8950
f 8949 8947 8948
f 8951 8950 8952
f 8951 8949 8950
f 8953 8952 8954
f 8953 8954 8955
f 8953 8951 8952
f 8956 8953 8955
f 8957 8955 8958
f 8957 8956 8955
f 8902 8958 8903
f 8902 8957 8958
f 8927 8929 8931
f 8927 8931 8933
f 8925 8933 8935
f 8925 8927 8933
f 8923 8935 8937
f 8923 8937 8940
f 8923 8925 8935
f 8922 8940 8941
f 8922 8923 8940
f 8902 8951 8953
f 8902 8953 8956
f 8902 8956 8957
f 8915 8917 8920
f 8915 8920 8922
f 8915 8941 8944
f 8915 8944 8945
f 8915 8922 8941
f 8906 8902 8901
f 8906 8951 8902
f 8911 8913 8915
f 8911 8945 8947
f 8911 8947 8949
f 8911 8949 8951
f 8911 8915 8945
f 8909 8906 8907
f 8909 8911 8951
f 8909 8951 8906
f 8930 8928 8932
f 8932 8928 8934
f 8934 8926 8936
f 8928 8926 8934
f 8936 8924 8938
f 8938 8924 8939
f 8926 8924 8936
f 8939 8921 8942
f 8924 8921 8939
f 8952 8903 8954
f 8954 8903 8955
f 8955 8903 8958
f 8918 8916 8919
f 8919 8916 8921
f 8942 8916 8943
f 8943 8916 8946
f 8921 8916 8942
f 8903 8905 8904
f 8952 8905 8903
f 8914 8912 8916
f 8946 8912 8948
f 8948 8912 8950
f 8950 8912 8952
f 8916 8912 8946
f 8905 8910 8908
f 8912 8910 8952
f 8952 8910 8905
f 8959 8960 8961
f 8959 8961 8962
f 8959 8962 8963
f 8964 8959 8963
f 8965 8963 8966
f 8965 8964 8963
f 8967 8966 8968
f 8967 8965 8966
f 8969 8968 8970
f 8969 8967 8968
f 8971 8970 8972
f 8971 8969 8970
f 8973 8972 8974
f 8973 8971 8972
f 8975 8974 8976
f 8975 8976 8977
f 8975 8973 8974
f 8978 8975 8977
f 8978 8977 8979
f 8980 8978 8979
f 8981 8980 8979
f 8981 8979 8982
f 8983 8981 8982
f 8983 8982 8984
f 8985 8983 8984
f 8985 8984 8986
f 8987 8985 8986
f 8987 8986 8988
f 8989 8987 8988
f 8989 8988 8990
f 8991 8989 8990
f 8991 8990 8992
f 8993 8991 8992
f 8993 8992 8994
f 8995 8993 8994
f 8995 8994 8996
f 8995 8996 8997
f 8998 8995 8997
f 8999 8998 8997
f 8999 8997 9000
f 8999 9000 9001
f 9002 8999 9001
f 9003 9002 9001
f 9003 9001 9004
f 9005 9003 9004
f 9005 9004 9006
f 9007 9006 9008
f 9007 9005 9006
f 9009 9008 9010
f 9009 9007 9008
f 9011 9010 9012
f 9011 9012 9013
f 9011 9009 9010
f 9014 9011 9013
f 9015 9013 9016
f 9015 9014 9013
f 8960 9016 8961
f 8960 9015 9016
f 8985 8987 8989
f 8985 8989 8991
f 8983 8991 8993
f 8983 8985 8991
f 8981 8993 8995
f 8981 8995 8998
f 8981 8983 8993
f 8978 8980 8981
f 8978 8998 8999
f 8978 8999 9002
f 8978 8981 8998
f 8960 9011 9014
f 8960 9014 9015
f 8973 8975 8978
f 8973 9002 9003
f 8973 8978 9002
f 8971 9003 9005
f 8971 8973 9003
f 8964 8960 8959
f 8964 9009 9011
f 8964 9011 8960
f 8969 9005 9007
f 8969 8971 9005
f 8965 9007 9009
f 8965 9009 8964
f 8967 8969 9007
f 8967 9007 8965
f 8988 8986 8990
f 8990 8986 8992
f 8992 8984 8994
f 8986 8984 8992
f 8994 8982 8996
f 8996 8982 8997
f 8984 8982 8994
f 8979 8977 8982
f 8997 8977 9000
f 9000 8977 9001
f 8982 8977 8997
f 9012 8961 9013
f 9013 8961 9016
f 8976 8974 8977
f 9001 8974 9004
f 8977 8974 9001
f 9004 8972 9006
f 8974 8972 9004
f 8961 8963 8962
f 9010 8963 9012
f 9012 8963 8961
f 9006 8970 9008
f 8972 8970 9006
f 9008 8966 9010
f 9010 8966 8963
f 8970 8968 9008
f 9008 8968 8966
f 9017 9018 9019
f 9017 9019 9020
f 9017 9020 9021
f 9022 9017 9021
f 9023 9021 9024
f 9023 9022 9021
f 9025 9024 9026
f 9025 9023 9024
f 9027 9026 9028
f 9027 9025 9026
f 9029 9028 9030
f 9029 9027 9028
f 9031 9030 9032
f 9031 9029 9030
f 9033 9032 9034
f 9033 9034 9035
f 9033 9031 9032
f 9036 9033 9035
f 9036 9035 9037
f 9038 9036 9037
f 9039 9038 9037
f 9039 9037 9040
f 9041 9039 9040
f 9041 9040 9042
f 9043 9041 9042
f 9043 9042 9044
f 9045 9043 9044
f 9045 9044 9046
f 9047 9045 9046
f 9047 9046 9048
f 9049 9047 9048
f 9049 9048 9050
f 9051 9049 9050
f 9051 9050 9052
f 9053 9051 9052
f 9053 9052 9054
f 9053 9054 9055
f 9056 9053 9055
f 9057 9056 9055
f 9057 9055 9058
f 9057 9058 9059
f 9060 9057 9059
f 9061 9060 9059
f 9061 9059 9062
f 9063 9061 9062
f 9063 9062 9064
f 9065 9064 9066
f 9065 9063 9064
f 9067 9066 9068
f 9067 9065 9066
f 9069 9068 9070
f 9069 9070 9071
f 9069 9067 9068
f 9072 9069 9071
f 9073 9071 9074
f 9073 9072 9071
f 9018 9074 9019
f 9018 9073 9074
f 9043 9045 9047
f 9043 9047 9049
f 9041 9049 9051
f 9041 9043 9049
f 9039 9051 9053
f 9039 9053 9056
f 9039 9041 9051
f 9038 9056 9057
f 9038 9039 9056
f 9018 9067 9069
f 9018 9069 9072
f 9018 9072 9073
f 9031 9033 9036
f 9031 9036 9038
f 9031 9057 9060
f 9031 9060 9061
f 9031 9038 9057
f 9022 9018 9017
f 9022 9067 9018
f 9027 9029 9031
f 9027 9061 9063
f 9027 9063 9065
f 9027 9065 9067
f 9027 9031 9061
f 9025 9022 9023
f 9025 9027 9067
f 9025 9067 9022
f 9046 9044 9048
f 9048 9044 9050
f 9050 9042 9052
f 9044 9042 9050
f 9052 9040 9054
f 9054 9040 9055
f 9042 9040 9052
f 9055 9037 9058
f 9040 9037 9055
f 9068 9019 9070
f 9070 9019 9071
f 9071 9019 9074
f 9034 9032 9035
f 9035 9032 9037
f 9058 9032 9059
f 9059 9032 9062
f 9037 9032 9058
f 9019 9021 9020
f 9068 9021 9019
f 9030 9028 9032
f 9062 9028 9064
f 9064 9028 9066
f 9066 9028 9068
f 9032 9028 9062
f 9021 9026 9024
f 9028 9026 9068
f 9068 9026 9021
f 9075 9076 9077
f 9075 9077 9078
f 9075 9078 9079
f 9080 9075 9079
f 9081 9079 9082
f 9081 9080 9079
f 9083 9082 9084
f 9083 9081 9082
f 9085 9084 9086
f 9085 9083 9084
f 9087 9086 9088
f 9087 9085 9086
f 9089 9088 9090
f 9089 9087 9088
f 9091 9090 9092
f 9091 9092 9093
f 9091 9089 9090
f 9094 9091 9093
f 9094 9093 9095
f 9096 9094 9095
f 9097 9096 9095
f 9097 9095 9098
f 9099 9097 9098
f 9099 9098 9100
f 9101 9099 9100
f 9101 9100 9102
f 9103 9101 9102
f 9103 9102 9104
f 9105 9103 9104
f 9105 9104 9106
f 9107 9105 9106
f 9107 9106 9108
f 9109 9107 9108
f 9109 9108 9110
f 9111 9109 9110
f 9111 9110 9112
f 9111 9112 9113
f 9114 9111 9113
f 9115 9114 9113
f 9115 9113 9116
f 9115 9116 9117
f 9118 9115 9117
f 9119 9118 9117
f 9119 9117 9120
f 9121 9119 9120
f 9121 9120 9122
f 9123 9122 9124
f 9123 9121 9122
f 9125 9124 9126
f 9125 9123 9124
f 9127 9126 9128
f 9127 9128 9129
f 9127 9125 9126
f 9130 9127 9129
f 9131 9129 9132
f 9131 9130 9129
f 9076 9132 9077
f 9076 9131 9132
f 9101 9103 9105
f 9101 9105 9107
f 9099 9107 9109
f 9099 9101 9107
f 9097 9109 9111
f 9097 9111 9114
f 9097 9099 9109
f 9096 9114 9115
f 9096 9097 9114
f 9076 9125 9127
f 9076 9127 9130
f 9076 9130 9131
f 9089 9091 9094
f 9089 9094 9096
f 9089 9115 9118
f 9089 9118 9119
f 9089 9096 9115
f 9080 9076 9075
f 9080 9125 9076
f 9085 9087 9089
f 9085 9119 9121
f 9085 9121 9123
f 9085 9123 9125
f 9085 9089 9119
f 9083 9080 9081
f 9083 9085 9125
f 9083 9125 9080
f 9104 9102 9106
f 9106 9102 9108
f 9108 9100 9110
f 9102 9100 9108
f 9110 9098 9112
f 9112 9098 9113
f 9100 9098 9110
f 9113 9095 9116
f 9098 9095 9113
f 9126 9077 9128
f 9128 9077 9129
f 9129 9077 9132
f 9092 9090 9093
f 9093 9090 9095
f 9116 9090 9117
f 9117 9090 9120
f 9095 9090 9116
f 9077 9079 9078
f 9126 9079 9077
f 9088 9086 9090
f 9120 9086 9122
f 9122 9086 9124
f 9124 9086 9126
f 9090 9086 9120
f 9079 9084 9082
f 9086 9084 9126
f 9126 9084 9079
f 9133 9134 9135
f 9133 9135 9136
f 9133 9136 9137
f 9138 9133 9137
f 9139 9137 9140
f 9139 9138 9137
f 9141 9140 9142
f 9141 9139 9140
f 9143 9142 9144
f 9143 9141 9142
f 9145 9144 9146
f 9145 9143 9144
f 9147 9146 9148
f 9147 9145 9146
f 9149 9148 9150
f 9149 9150 9151
f 9149 9147 9148
f 9152 9149 9151
f 9152 9151 9153
f 9154 9152 9153
f 9155 9154 9153
f 9155 9153 9156
f 9157 9155 9156
f 9157 9156 9158
f 9159 9157 9158
f 9159 9158 9160
f 9161 9159 9160
f 9161 9160 9162
f 9163 9161 9162
f 9163 9162 9164
f 9165 9163 9164
f 9165 9164 9166
f 9167 9165 9166
f 9167 9166 9168
f 9169 9167 9168
f 9169 9168 9170
f 9169 9170 9171
f 9172 9169 9171
f 9173 9172 9171
f 9173 9171 9174
f 9173 9174 9175
f 9176 9173 9175
f 9177 9176 9175
f 9177 9175 9178
f 9179 9177 9178
f 9179 9178 9180
f 9181 9180 9182
f 9181 9179 9180
f 9183 9182 9184
f 9183 9181 9182
f 9185 9184 9186
f 9185 9186 9187
f 9185 9183 9184
f 9188 9185 9187
f 9189 9187 9190
f 9189 9188 9187
f 9134 9190 9135
f 9134 9189 9190
f 9159 9161 9163
f 9159 9163 9165
f 9157 9165 9167
f 9157 9159 9165
f 9155 9167 9169
f 9155 9169 9172
f 9155 9157 9167
f 9152 9154 9155
f 9152 9172 9173
f 9152 9173 9176
f 9152 9155 9172
f 9134 9185 9188
f 9134 9188 9189
f 9147 9149 9152
f 9147 9176 9177
f 9147 9152 9176
f 9145 9177 9179
f 9145 9147 9177
f 9138 9134 9133
f 9138 9183 9185
f 9138 9185 9134
f 9143 9179 9181
f 9143 9145 9179
f 9139 9181 9183
f 9139 9183 9138
f 9141 9143 9181
f 9141 9181 9139
f 9162 9160 9164
f 9164 9160 9166
f 9166 9158 9168
f 9160 9158 9166
f 9168 9156 9170
f 9170 9156 9171
f 9158 9156 9168
f 9153 9151 9156
f 9171 9151 9174
f 9174 9151 9175
f 9156 9151 9171
f 9186 9135 9187
f 9187 9135 9190
f 9150 9148 9151
f 9175 9148 9178
f 9151 9148 9175
f 9178 9146 9180
f 9148 9146 9178
f 9135 9137 9136
f 9184 9137 9186
f 9186 9137 9135
f 9180 9144 9182
f 9146 9144 9180
f 9182 9140 9184
f 9184 9140 9137
f 9144 9142 9182
f 9182 9142 9140
f 9191 9192 9193
f 9191 9193 9194
f 9191 9194 9195
f 9196 9191 9195
f 9197 9195 9198
f 9197 9196 9195
f 9199 9198 9200
f 9199 9197 9198
f 9201 9200 9202
f 9201 9199 9200
f 9203 9202 9204
f 9203 9201 9202
f 9205 9204 9206
f 9205 9203 9204
f 9207 9206 9208
f 9207 9208 9209
f 9207 9205 9206
f 9210 9207 9209
f 9210 9209 9211
f 9212 9210 9211
f 9213 9212 9211
f 9213 9211 9214
f 9215 9213 9214
f 9215 9214 9216
f 9217 9215 9216
f 9217 9216 9218
f 9219 9217 9218
f 9219 9218 9220
f 9221 9219 9220
f 9221 9220 9222
f 9223 9221 9222
f 9223 9222 9224
f 9225 9223 9224
f 9225 9224 9226
f 9227 9225 9226
f 9227 9226 9228
f 9227 9228 9229
f 9230 9227 9229
f 9231 9230 9229
f 9231 9229 9232
f 9231 9232 9233
f 9234 9231 9233
f 9235 9234 9233
f 9235 9233 9236
f 9237 9235 9236
f 9237 9236 9238
f 9239 9238 9240
f 9239 9237 9238
f 9241 9240 9242
f 9241 9239 9240
f 9243 9242 9244
f 9243 9244 9245
f 9243 9241 9242
f 9246 9243 9245
f 9247 9245 9248
f 9247 9246 9245
f 9192 9248 9193
f 9192 9247 9248
f 9217 9219 9221
f 9217 9221 9223
f 9215 9223 9225
f 9215 9217 9223
f 9213 9225 9227
f 9213 9227 9230
f 9213 9215 9225
f 9212 9230 9231
f 9212 9213 9230
f 9192 9241 9243
f 9192 9243 9246
f 9192 9246 9247
f 9205 9207 9210
f 9205 9210 9212
f 9205 9231 9234
f 9205 9234 9235
f 9205 9212 9231
f 9196 9192 9191
f 9196 9241 9192
f 9201 9203 9205
f 9201 9235 9237
f 9201 9237 9239
f 9201 9239 9241
f 9201 9205 9235
f 9199 9196 9197
f 9199 9201 9241
f 9199 9241 9196
f 9220 9218 9222
f 9222 9218 9224
f 9224 9216 9226
f 9218 9216 9224
f 9226 9214 9228
f 9228 9214 9229
f 9216 9214 9226
f 9229 9211 9232
f 9214 9211 9229
f 9242 9193 9244
f 9244 9193 9245
f 9245 9193 9248
f 9208 9206 9209
f 9209 9206 9211
f 9232 9206 9233
f 9233 9206 9236
f 9211 9206 9232
f 9193 9195 9194
f 9242 9195 9193
f 9204 9202 9206
f 9236 9202 9238
f 9238 9202 9240
f 9240 9202 9242
f 9206 9202 9236
f 9195 9200 9198
f 9202 9200 9242
f 9242 9200 9195
f 9249 9250 9251
f 9249 9251 9252
f 9249 9252 9253
f 9254 9249 9253
f 9255 9253 9256
f 9255 9254 9253
f 9257 9256 9258
f 9257 9255 9256
f 9259 9258 9260
f 9259 9257 9258
f 9261 9260 9262
f 9261 9259 9260
f 9263 9262 9264
f 9263 9261 9262
f 9265 9264 9266
f 9265 9266 9267
f 9265 9263 9264
f 9268 9265 9267
f 9268 9267 9269
f 9270 9268 9269
f 9271 9270 9269
f 9271 9269 9272
f 9273 9271 9272
f 9273 9272 9274
f 9275 9273 9274
f 9275 9274 9276
f 9277 9275 9276
f 9277 9276 9278
f 9279 9277 9278
f 9279 9278 9280
f 9281 9279 9280
f 9281 9280 9282
f 9283 9281 9282
f 9283 9282 9284
f 9285 9283 9284
f 9285 9284 9286
f 9285 9286 9287
f 9288 9285 9287
f 9289 9288 9287
f 9289 9287 9290
f 9289 9290 9291
f 9292 9289 9291
f 9293 9292 9291
f 9293 9291 9294
f 9295 9293 9294
f 9295 9294 9296
f 9297 9296 9298
f 9297 9295 9296
f 9299 9298 9300
f 9299 9297 9298
f 9301 9300 9302
f 9301 9302 9303
f 9301 9299 9300
f 9304 9301 9303
f 9305 9303 9306
f 9305 9304 9303
f 9250 9306 9251
f 9250 9305 9306
f 9275 9277 9279
f 9275 9279 9281
f 9273 9281 9283
f 9273 9275 9281
f 9271 9283 9285
f 9271 9285 9288
f 9271 9273 9283
f 9270 9288 9289
f 9270 9271 9288
f 9250 9299 9301
f 9250 9301 9304
f 9250 9304 9305
f 9263 9265 9268
f 9263 9268 9270
f 9263 9289 9292
f 9263 9292 9293
f 9263 9270 9289
f 9254 9250 9249
f 9254 9299 9250
f 9259 9261 9263
f 9259 9293 9295
f 9259 9295 9297
f 9259 9297 9299
f 9259 9263 9293
f 9257 9254 9255
f 9257 9259 9299
f 9257 9299 9254
f 9278 9276 9280
f 9280 9276 9282
f 9282 9274 9284
f 9276 9274 9282
f 9284 9272 9286
f 9286 9272 9287
f 9274 9272 9284
f 9287 9269 9290
f 9272 9269 9287
f 9300 9251 9302
f 9302 9251 9303
f 9303 9251 9306
f 9266 9264 9267
f 9267 9264 9269
f 9290 9264 9291
f 9291 9264 9294
f 9269 9264 9290
f 9251 9253 9252
f 9300 9253 9251
f 9262 9260 9264
f 9294 9260 9296
f 9296 9260 9298
f 9298 9260 9300
f 9264 9260 9294
f 9253 9258 9256
f 9260 9258 9300
f 9300 9258 9253
f 9307 9308 9309
f 9307 9309 9310
f 9307 9310 9311
f 9312 9307 9311
f 9313 9311 9314
f 9313 9312 9311
f 9315 9314 9316
f 9315 9313 9314
f 9317 9316 9318
f 9317 9315 9316
f 9319 9318 9320
f 9319 9317 9318
f 9321 9320 9322
f 9321 9319 9320
f 9323 9322 9324
f 9323 9324 9325
f 9323 9321 9322
f 9326 9323 9325
f 9326 9325 9327
f 9328 9326 9327
f 9329 9328 9327
f 9329 9327 9330
f 9331 9329 9330
f 9331 9330 9332
f 9333 9331 9332
f 9333 9332 9334
f 9335 9333 9334
f 9335 9334 9336
f 9337 9335 9336
f 9337 9336 9338
f 9339 9337 9338
f 9339 9338 9340
f 9341 9339 9340
f 9341 9340 9342
f 9343 9341 9342
f 9343 9342 9344
f 9343 9344 9345
f 9346 9343 9345
f 9347 9346 9345
f 9347 9345 9348
f 9347 9348 9349
f 9350 9347 9349
f 9351 9350 9349
f 9351 9349 9352
f 9353 9351 9352
f 9353 9352 9354
f 9355 9354 9356
f 9355 9353 9354
f 9357 9356 9358
f 9357 9355 9356
f 9359 9358 9360
f 9359 9360 9361
f 9359 9357 9358
f 9362 9359 9361
f 9363 9361 9364
f 9363 9362 9361
f 9308 9364 9309
f 9308 9363 9364
f 9333 9335 9337
f 9333 9337 9339
f 9331 9339 9341
f 9331 9333 9339
f 9329 9341 9343
f 9329 9343 9346
f 9329 9331 9341
f 9326 9328 9329
f 9326 9346 9347
f 9326 9347 9350
f 9326 9329 9346
f 9308 9359 9362
f 9308 9362 9363
f 9321 9323 9326
f 9321 9350 9351
f 9321 9326 9350
f 9319 9351 9353
f 9319 9321 9351
f 9312 9308 9307
f 9312 9357 9359
f 9312 9359 9308
f 9317 9353 9355
f 9317 9319 9353
f 9313 9355 9357
f 9313 9357 9312
f 9315 9317 9355
f 9315 9355 9313
f 9336 9334 9338
f 9338 9334 9340
f 9340 9332 9342
f 9334 9332 9340
f 9342 9330 9344
f 9344 9330 9345
f 9332 9330 9342
f 9327 9325 9330
f 9345 9325 9348
f 9348 9325 9349
f 9330 9325 9345
f 9360 9309 9361
f 9361 9309 9364
f 9324 9322 9325
f 9349 9322 9352
f 9325 9322 9349
f 9352 9320 9354
f 9322 9320 9352
f 9309 9311 9310
f 9358 9311 9360
f 9360 9311 9309
f 9354 9318 9356
f 9320 9318 9354
f 9356 9314 9358
f 9358 9314 9311
f 9318 9316 9356
f 9356 9316 9314
f 9365 9366 9367
f 9365 9367 9368
f 9365 9368 9369
f 9370 9365 9369
f 9371 9369 9372
f 9371 9370 9369
f 9373 9372 9374
f 9373 9371 9372
f 9375 9374 9376
f 9375 9373 9374
f 9377 9376 9378
f 9377 9375 9376
f 9379 9378 9380
f 9379 9377 9378
f 9381 9380 9382
f 9381 9382 9383
f 9381 9379 9380
f 9384 9381 9383
f 9384 9383 9385
f 9386 9384 9385
f 9387 9386 9385
f 9387 9385 9388
f 9389 9387 9388
f 9389 9388 9390
f 9391 9389 9390
f 9391 9390 9392
f 9393 9391 9392
f 9393 9392 9394
f 9395 9393 9394
f 9395 9394 9396
f 9397 9395 9396
f 9397 9396 9398
f 9399 9397 9398
f 9399 9398 9400
f 9401 9399 9400
f 9401 9400 9402
f 9401 9402 9403
f 9404 9401 9403
f 9405 9404 9403
f 9405 9403 9406
f 9405 9406 9407
f 9408 9405 9407
f 9409 9408 9407
f 9409 9407 9410
f 9411 9409 9410
f 9411 9410 9412
f 9413 9412 9414
f 9413 9411 9412
f 9415 9414 9416
f 9415 9413 9414
f 9417 9416 9418
f 9417 9418 9419
f 9417 9415 9416
f 9420 9417 9419
f 9421 9419 9422
f 9421 9420 9419
f 9366 9422 9367
f 9366 9421 9422
f 9391 9393 9395
f 9391 9395 9397
f 9389 9397 9399
f 9389 9391 9397
f 9387 9399 9401
f 9387 9401 9404
f 9387 9389 9399
f 9386 9404 9405
f 9386 9387 9404
f 9366 9415 9417
f 9366 9417 9420
f 9366 9420 9421
f 9379 9381 9384
f 9379 9384 9386
f 9379 9405 9408
f 9379 9408 9409
f 9379 9386 9405
f 9370 9366 9365
f 9370 9415 9366
f 9375 9377 9379
f 9375 9409 9411
f 9375 9411 9413
f 9375 9413 9415
f 9375 9379 9409
f 9373 9370 9371
f 9373 9375 9415
f 9373 9415 9370
f 9394 9392 9396
f 9396 9392 9398
f 9398 9390 9400
f 9392 9390 9398
f 9400 9388 9402
f 9402 9388 9403
f 9390 9388 9400
f 9403 9385 9406
f 9388 9385 9403
f 9416 9367 9418
f 9418 9367 9419
f 9419 9367 9422
f 9382 9380 9383
f 9383 9380 9385
f 9406 9380 9407
f 9407 9380 9410
f 9385 9380 9406
f 9367 9369 9368
f 9416 9369 9367
f 9378 9376 9380
f 9410 9376 9412
f 9412 9376 9414
f 9414 9376 9416
f 9380 9376 9410
f 9369 9374 9372
f 9376 9374 9416
f 9416 9374 9369
f 9423 9424 9425
f 9423 9425 9426
f 9423 9426 9427
f 9428 9423 9427
f 9429 9427 9430
f 9429 9428 9427
f 9431 9430 9432
f 9431 9429 9430
f 9433 9432 9434
f 9433 9431 9432
f 9435 9434 9436
f 9435 9433 9434
f 9437 9436 9438
f 9437 9435 9436
f 9439 9438 9440
f 9439 9440 9441
f 9439 9437 9438
f 9442 9439 9441
f 9442 9441 9443
f 9444 9442 9443
f 9445 9444 9443
f 9445 9443 9446
f 9447 9445 9446
f 9447 9446 9448
f 9449 9447 9448
f 9449 9448 9450
f 9451 9449 9450
f 9451 9450 9452
f 9453 9451 9452
f 9453 9452 9454
f 9455 9453 9454
f 9455 9454 9456
f 9457 9455 9456
f 9457 9456 9458
f 9459 9457 9458
f 9459 9458 9460
f 9459 9460 9461
f 9462 9459 9461
f 9463 9462 9461
f 9463 9461 9464
f 9463 9464 9465
f 9466 9463 9465
f 9467 9466 9465
f 9467 9465 9468
f 9469 9467 9468
f 9469 9468 9470
f 9471 9470 9472
f 9471 9469 9470
f 9473 9472 9474
f 9473 9471 9472
f 9475 9474 9476
f 9475 9476 9477
f 9475 9473 9474
f 9478 9475 9477
f 9479 9477 9480
f 9479 9478 9477
f 9424 9480 9425
f 9424 9479 9480
f 9449 9451 9453
f 9449 9453 9455
f 9447 9455 9457
f 9447 9449 9455
f 9445 9457 9459
f 9445 9459 9462
f 9445 9447 9457
f 9444 9462 9463
f 9444 9445 9462
f 9424 9473 9475
f 9424 9475 9478
f 9424 9478 9479
f 9437 9439 9442
f 9437 9442 9444
f 9437 9463 9466
f 9437 9466 9467
f 9437 9444 9463
f 9428 9424 9423
f 9428 9473 9424
f 9433 9435 9437
f 9433 9467 9469
f 9433 9469 9471
f 9433 9471 9473
f 9433 9437 9467
f 9431 9428 9429
f 9431 9433 9473
f 9431 9473 9428
f 9452 9450 9454
f 9454 9450 9456
f 9456 9448 9458
f 9450 9448 9456
f 9458 9446 9460
f 9460 9446 9461
f 9448 9446 9458
f 9461 9443 9464
f 9446 9443 9461
f 9474 9425 9476
f 9476 9425 9477
f 9477 9425 9480
f 9440 9438 9441
f 9441 9438 9443
f 9464 9438 9465
f 9465 9438 9468
f 9443 9438 9464
f 9425 9427 9426
f 9474 9427 9425
f 9436 9434 9438
f 9468 9434 9470
f 9470 9434 9472
f 9472 9434 9474
f 9438 9434 9468
f 9427 9432 9430
f 9434 9432 9474
f 9474 9432 9427
f 9481 9482 9483
f 9481 9483 9484
f 9481 9484 9485
f 9486 9481 9485
f 9487 9485 9488
f 9487 9486 9485
f 9489 9488 9490
f 9489 9487 9488
f 9491 9490 9492
f 9491 9489 9490
f 9493 9492 9494
f 9493 9491 9492
f 9495 9494 9496
f 9495 9493 9494
f 9497 9496 9498
f 9497 9498 9499
f 9497 9495 9496
f 9500 9497 9499
f 9500 9499 9501
f 9502 9500 9501
f 9503 9502 9501
f 9503 9501 9504
f 9505 9503 9504
f 9505 9504 9506
f 9507 9505 9506
f 9507 9506 9508
f 9509 9507 9508
f 9509 9508 9510
f 9511 9509 9510
f 9511 9510 9512
f 9513 9511 9512
f 9513 9512 9514
f 9515 9513 9514
f 9515 9514 9516
f 9517 9515 9516
f 9517 9516 9518
f 9517 9518 9519
f 9520 9517 9519
f 9521 9520 9519
f 9521 9519 9522
f 9521 9522 9523
f 9524 9521 9523
f 9525 9524 9523
f 9525 9523 9526
f 9527 9525 9526
f 9527 9526 9528
f 9529 9528 9530
f 9529 9527 9528
f 9531 9530 9532
f 9531 9529 9530
f 9533 9532 9534
f 9533 9534 9535
f 9533 9531 9532
f 9536 9533 9535
f 9537 9535 9538
f 9537 9536 9535
f 9482 9538 9483
f 9482 9537 9538
f 9507 9509 9511
f 9507 9511 9513
f 9505 9513 9515
f 9505 9507 9513
f 9503 9515 9517
f 9503 9517 9520
f 9503 9505 9515
f 9500 9502 9503
f 9500 9520 9521
f 9500 9521 9524
f 9500 9503 9520
f 9482 9533 9536
f 9482 9536 9537
f 9495 9497 9500
f 9495 9524 9525
f 9495 9500 9524
f 9493 9525 9527
f 9493 9495 9525
f 9486 9482 9481
f 9486 9531 9533
f 9486 9533 9482
f 9491 9527 9529
f 9491 9493 9527
f 9487 9529 9531
f 9487 9531 9486
f 9489 9491 9529
f 9489 9529 9487
f 9510 9508 9512
f 9512 9508 9514
f 9514 9506 9516
f 9508 9506 9514
f 9516 9504 9518
f 9518 9504 9519
f 9506 9504 9516
f 9501 9499 9504
f 9519 9499 9522
f 9522 9499 9523
f 9504 9499 9519
f 9534 9483 9535
f 9535 9483 9538
f 9498 9496 9499
f 9523 9496 9526
f 9499 9496 9523
f 9526 9494 9528
f 9496 9494 9526
f 9483 9485 9484
f 9532 9485 9534
f 9534 9485 9483
f 9528 9492 9530
f 9494 9492 9528
f 9530 9488 9532
f 9532 9488 9485
f 9492 9490 9530
f 9530 9490 9488
o BadgeText
usemtl mat_BadgeText
v 44.9294 178.0000 218.0000
v 44.9294 178.0000 208.0000
v 44.9294 179.0000 208.0000
v 44.9294 179.0000 218.0000
v 43.0557 178.0000 208.0000
v 43.0557 179.0000 208.0000
v 43.0557 178.0000 214.6093
v 43.0557 179.0000 214.6093
v 39.0291 178.0000 208.0000
v 39.0291 179.0000 208.0000
v 37.0056 178.0000 208.0000
v 37.0056 179.0000 208.0000
v 37.0056 178.0000 218.0000
v 37.0056 179.0000 218.0000
v 38.8792 178.0000 218.0000
v 38.8792 179.0000 218.0000
v 38.8792 178.0000 211.2903
v 38.8792 179.0000 211.2903
v 42.9672 178.0000 218.0000
v 42.9672 179.0000 218.0000
v 34.8149 178.0000 215.5054
v 35.0333 179.0000 214.8910
v 34.8149 179.0000 215.5054
v 35.0333 178.0000 214.8910
v 35.1573 178.5000 214.3448
v 35.2714 178.0000 212.9387
v 35.2714 179.0000 212.9387
v 35.1812 179.0000 214.2007
v 35.1812 178.0000 214.2007
v 34.5707 178.0000 209.9978
v 33.9564 178.0000 209.1873
v 33.9564 179.0000 209.1873
v 34.5707 179.0000 209.9978
v 35.2018 179.0000 211.8940
v 35.2018 178.0000 211.8940
v 34.9427 178.5000 210.8063
v 34.9931 179.0000 210.9579
v 34.9931 178.0000 210.9579
v 31.7974 178.0000 207.9769
v 30.4136 178.0000 207.8256
v 30.4136 179.0000 207.8256
v 31.7974 179.0000 207.9769
v 32.7696 178.0000 208.3213
v 32.7696 179.0000 208.3213
v 33.3989 179.0000 208.7007
v 33.3989 178.0000 208.7007
v 32.4132 178.5000 208.1660
v 27.6726 178.0000 208.5549
v 26.8979 178.0000 209.1941
v 26.8979 179.0000 209.1941
v 27.6726 179.0000 208.5549
v 29.4481 179.0000 207.8980
v 29.4481 178.0000 207.8980
v 28.4343 178.5000 208.1677
v 28.5764 179.0000 208.1152
v 28.5764 178.0000 208.1152
v 25.7291 178.0000 211.4880
v 25.5830 178.0000 212.9864
v 25.5830 179.0000 212.9864
v 25.7291 179.0000 211.4880
v 26.4600 178.0000 209.7315
v 26.1104 179.0000 210.3398
v 26.4600 179.0000 209.7315
v 26.1104 178.0000 210.3398
v 25.9117 178.5000 210.8267
v 26.2893 178.0000 215.9831
v 26.9084 178.0000 216.8022
v 26.9084 179.0000 216.8022
v 26.2893 179.0000 215.9831
v 25.6531 179.0000 214.0538
v 25.6531 178.0000 214.0538
v 25.9143 178.5000 215.1622
v 25.8634 179.0000 215.0078
v 25.8634 178.0000 215.0078
v 29.0672 178.0000 218.0220
v 30.4408 178.0000 218.1744
v 30.4408 179.0000 218.1744
v 29.0672 179.0000 218.0220
v 27.4687 178.0000 217.2926
v 28.0984 179.0000 217.6749
v 27.4687 179.0000 217.2926
v 28.0984 178.0000 217.6749
v 28.4540 178.5000 217.8314
v 31.9397 178.0000 217.9984
v 32.5938 178.0000 217.7783
v 32.5938 179.0000 217.7783
v 31.9397 179.0000 217.9984
v 31.2221 179.0000 218.1304
v 31.2221 178.0000 218.1304
v 31.5888 178.5000 218.0754
v 32.9750 179.0000 217.5911
v 32.9750 178.0000 217.5911
v 33.2675 178.5000 217.4063
v 33.8851 178.0000 216.8772
v 33.8851 179.0000 216.8772
v 33.3389 179.0000 217.3553
v 33.3389 178.0000 217.3553
v 34.1932 179.0000 216.5277
v 34.1932 178.0000 216.5277
v 34.4121 178.5000 216.2306
v 34.4630 179.0000 216.1539
v 34.4630 178.0000 216.1539
v 33.1063 178.0000 211.9615
v 33.1934 178.0000 213.0068
v 33.1934 179.0000 213.0068
v 33.1063 179.0000 211.9615
v 32.6492 178.0000 210.7373
v 32.8451 179.0000 211.0995
v 32.6492 179.0000 210.7373
v 32.8451 178.0000 211.0995
v 32.4098 178.0000 210.4210
v 32.4098 179.0000 210.4210
v 32.9975 178.5000 211.5076
v 32.7561 178.0000 215.1302
v 32.4303 178.0000 215.5995
v 32.4303 179.0000 215.5995
v 32.7561 179.0000 215.1302
v 33.1430 179.0000 213.8400
v 33.1430 178.0000 213.8400
v 33.0026 178.5000 214.5216
v 32.9918 179.0000 214.5577
v 32.9918 178.0000 214.5577
v 31.1249 178.0000 216.3819
v 30.4204 178.0000 216.4593
v 30.4204 179.0000 216.4593
v 31.1249 179.0000 216.3819
v 32.0798 179.0000 215.9295
v 32.0798 178.0000 215.9295
v 31.5463 178.5000 216.2443
v 31.6846 179.0000 216.1799
v 31.6846 178.0000 216.1799
v 28.8634 178.0000 216.0067
v 28.4209 178.0000 215.6099
v 28.4209 179.0000 215.6099
v 28.8634 179.0000 216.0067
v 29.8730 179.0000 216.4144
v 29.8730 178.0000 216.4144
v 29.2971 178.5000 216.2470
v 29.3779 179.0000 216.2796
v 29.3779 178.0000 216.2796
v 27.7515 178.0000 214.0876
v 27.6678 178.0000 213.0341
v 27.6678 179.0000 213.0341
v 27.7515 179.0000 214.0876
v 28.1908 178.0000 215.3024
v 28.0025 179.0000 214.9462
v 28.1908 179.0000 215.3024
v 28.0025 178.0000 214.9462
v 27.8561 178.5000 214.5413
v 28.1111 178.0000 210.8902
v 28.4414 178.0000 210.4142
v 28.4414 179.0000 210.4142
v 28.1111 179.0000 210.8902
v 27.7189 179.0000 212.1940
v 27.7189 178.0000 212.1940
v 27.8612 178.5000 211.5059
v 27.8722 179.0000 211.4693
v 27.8722 178.0000 211.4693
v 29.7358 178.0000 209.6193
v 30.4204 178.0000 209.5407
v 30.4204 179.0000 209.5407
v 29.7358 179.0000 209.6193
v 28.7938 179.0000 210.0789
v 28.7938 178.0000 210.0789
v 29.3227 178.5000 209.7591
v 29.1862 179.0000 209.8245
v 29.1862 178.0000 209.8245
v 31.9017 178.0000 209.9720
v 31.9017 179.0000 209.9720
v 30.9194 179.0000 209.5814
v 30.9194 178.0000 209.5814
v 31.5207 178.5000 209.7608
v 31.3794 179.0000 209.7035
v 31.3794 178.0000 209.7035
v 24.0128 178.0000 218.0000
v 24.0128 178.0000 208.0000
v 24.0128 179.0000 208.0000
v 24.0128 179.0000 218.0000
v 21.9960 178.0000 208.0000
v 21.9960 179.0000 208.0000
v 21.9960 178.0000 212.1861
v 21.9960 179.0000 212.1861
v 21.5873 178.0000 212.1861
v 21.5873 179.0000 212.1861
v 20.9860 178.5000 212.1579
v 20.5721 178.0000 212.0734
v 20.5721 179.0000 212.0734
v 20.9860 179.0000 212.1579
v 20.9860 178.0000 212.1579
v 20.2604 178.5000 211.9129
v 19.9657 178.0000 211.6569
v 19.9657 179.0000 211.6569
v 20.2268 179.0000 211.8892
v 20.3968 179.0000 211.9961
v 20.2268 178.0000 211.8892
v 20.3968 178.0000 211.9961
v 19.5569 178.5000 211.1376
v 18.9028 178.0000 210.1866
v 18.9028 179.0000 210.1866
v 17.4448 178.0000 208.0000
v 17.4448 179.0000 208.0000
v 15.0329 178.0000 208.0000
v 15.0329 179.0000 208.0000
v 16.2525 178.0000 209.9559
v 16.2525 179.0000 209.9559
v 16.9007 178.5000 210.9476
v 17.4008 178.0000 211.5838
v 17.4008 179.0000 211.5838
v 17.8835 178.5000 212.0232
v 18.4804 178.0000 212.4250
v 18.4804 179.0000 212.4250
v 17.8835 179.0000 212.0232
v 17.8835 178.0000 212.0232
v 16.9091 178.0000 212.9918
v 16.5046 178.0000 213.3475
v 16.5046 179.0000 213.3475
v 16.9091 179.0000 212.9918
v 17.9101 179.0000 212.5413
v 17.9101 178.0000 212.5413
v 17.3290 178.5000 212.7510
v 17.4091 179.0000 212.7149
v 17.4091 178.0000 212.7149
v 15.9171 178.0000 214.4971
v 15.8437 178.0000 215.2025
v 15.8437 179.0000 215.2025
v 15.9171 179.0000 214.4971
v 16.2845 179.0000 213.6289
v 16.2845 178.0000 213.6289
v 16.0089 178.5000 214.1771
v 16.1088 179.0000 213.9367
v 16.1088 178.0000 213.9367
v 15.9527 178.5000 216.0379
v 16.2798 178.0000 216.7745
v 16.2798 179.0000 216.7745
v 16.0375 179.0000 216.2944
v 15.8922 179.0000 215.7704
v 16.0375 178.0000 216.2944
v 15.8922 178.0000 215.7704
v 16.7882 178.5000 217.3575
v 17.4416 178.0000 217.7311
v 17.4416 179.0000 217.7311
v 16.9899 179.0000 217.5053
v 16.6026 179.0000 217.1864
v 16.9899 178.0000 217.5053
v 16.6026 178.0000 217.1864
v 18.3859 178.5000 217.9328
v 19.7681 178.0000 218.0000
v 19.7681 179.0000 218.0000
v 18.3859 179.0000 217.9328
v 18.3859 178.0000 217.9328
v 20.5040 178.0000 213.7849
v 21.9960 178.0000 213.7849
v 21.9960 179.0000 213.7849
v 20.5040 179.0000 213.7849
v 21.9960 178.0000 216.3139
v 21.9960 179.0000 216.3139
v 20.4222 178.0000 216.3139
v 20.4222 179.0000 216.3139
v 19.4411 178.5000 216.3054
v 18.9505 178.0000 216.2799
v 18.9505 179.0000 216.2799
v 18.5154 178.5000 216.1415
v 18.1911 178.0000 215.8888
v 18.1911 179.0000 215.8888
v 18.3724 179.0000 216.0541
v 18.5936 179.0000 216.1783
v 18.7632 179.0000 216.2382
v 18.3724 178.0000 216.0541
v 18.5936 178.0000 216.1783
v 18.7632 178.0000 216.2382
v 17.9891 178.5000 215.5311
v 17.9217 178.0000 215.0767
v 17.9217 179.0000 215.0767
v 17.9517 179.0000 215.3904
v 18.0415 179.0000 215.6611
v 18.1088 179.0000 215.7803
v 17.9517 178.0000 215.3904
v 18.0415 178.0000 215.6611
v 18.1088 178.0000 215.7803
v 17.9728 178.5000 214.6653
v 18.1261 178.0000 214.3286
v 18.1261 179.0000 214.3286
v 18.0126 179.0000 214.5447
v 17.9445 179.0000 214.7941
v 18.0126 178.0000 214.5447
v 17.9445 178.0000 214.7941
v 18.3697 178.5000 214.0738
v 18.6916 178.0000 213.9071
v 18.6916 179.0000 213.9071
v 18.4683 179.0000 214.0084
v 18.2798 179.0000 214.1489
v 18.4683 178.0000 214.0084
v 18.2798 178.0000 214.1489
v 19.3253 178.5000 213.8154
v 19.3253 179.0000 213.8154
v 19.3253 178.0000 213.8154
v 12.4811 178.0000 211.4302
v 14.4434 178.0000 211.2267
v 14.4434 179.0000 211.2267
v 12.4811 179.0000 211.4302
v 13.7192 178.0000 209.2216
v 13.2306 178.0000 208.6945
v 13.2306 179.0000 208.6945
v 13.7192 179.0000 209.2216
v 14.3092 179.0000 210.5036
v 14.3092 178.0000 210.5036
v 14.0414 178.5000 209.7620
v 14.0886 179.0000 209.8646
v 14.0886 178.0000 209.8646
v 11.4864 178.0000 207.9221
v 10.3214 178.0000 207.8256
v 10.3214 179.0000 207.8256
v 11.4864 179.0000 207.9221
v 12.8678 178.0000 208.4290
v 12.4562 179.0000 208.2118
v 12.8678 179.0000 208.4290
v 12.4562 178.0000 208.2118
v 11.9957 178.5000 208.0428
v 8.7770 178.0000 207.9877
v 8.1479 178.0000 208.1903
v 8.1479 179.0000 208.1903
v 8.7770 179.0000 207.9877
v 9.5015 179.0000 207.8661
v 9.5015 178.0000 207.8661
v 9.1273 178.5000 207.9168
v 7.1608 178.0000 208.8484
v 6.7989 178.0000 209.3059
v 6.7989 179.0000 209.3059
v 7.1608 179.0000 208.8484
v 7.6104 179.0000 208.4766
v 7.6104 178.0000 208.4766
v 7.3746 178.5000 208.6518
v 6.4412 178.5000 210.0835
v 6.3220 178.0000 210.9156
v 6.3220 179.0000 210.9156
v 6.3750 179.0000 210.3548
v 6.5340 179.0000 209.8182
v 6.3750 178.0000 210.3548
v 6.5340 178.0000 209.8182
v 6.4217 178.5000 211.7877
v 6.7208 178.0000 212.5081
v 6.7208 179.0000 212.5081
v 6.4992 179.0000 212.0447
v 6.3663 179.0000 211.5139
v 6.4992 178.0000 212.0447
v 6.3663 178.0000 211.5139
v 7.1959 178.5000 213.0844
v 7.8245 178.0000 213.5242
v 7.8245 179.0000 213.5242
v 7.3884 179.0000 213.2461
v 7.0205 179.0000 212.9074
v 7.3884 178.0000 213.2461
v 7.0205 178.0000 212.9074
v 8.7212 178.5000 213.8907
v 10.0011 178.0000 214.2464
v 10.0011 179.0000 214.2464
v 11.5688 178.0000 214.7433
v 11.8543 178.0000 214.9195
v 11.8543 179.0000 214.9195
v 11.5688 179.0000 214.7433
v 10.9302 179.0000 214.4986
v 10.9302 178.0000 214.4986
v 11.2003 178.5000 214.5900
v 12.0792 178.5000 215.1989
v 12.1541 178.0000 215.5300
v 12.1541 179.0000 215.5300
v 12.1323 179.0000 215.3447
v 12.0752 179.0000 215.1909
v 11.9936 179.0000 215.0630
v 11.9294 179.0000 214.9894
v 12.1323 178.0000 215.3447
v 12.0752 178.0000 215.1909
v 11.9936 178.0000 215.0630
v 11.9294 178.0000 214.9894
v 12.0741 178.5000 215.8813
v 11.8339 178.0000 216.1541
v 11.8339 179.0000 216.1541
v 11.9835 179.0000 216.0165
v 12.0782 179.0000 215.8732
v 12.1311 179.0000 215.7283
v 12.1484 179.0000 215.6320
v 11.9835 178.0000 216.0165
v 12.0782 178.0000 215.8732
v 12.1311 178.0000 215.7283
v 12.1484 178.0000 215.6320
v 11.6575 179.0000 216.2651
v 11.6575 178.0000 216.2651
v 11.2411 178.5000 216.4266
v 10.4576 178.0000 216.5174
v 10.4576 179.0000 216.5174
v 11.0012 179.0000 216.4771
v 11.4599 179.0000 216.3559
v 11.0012 178.0000 216.4771
v 11.4599 178.0000 216.3559
v 9.7125 178.5000 216.4326
v 9.1804 178.0000 216.1781
v 9.1804 179.0000 216.1781
v 9.4413 179.0000 216.3366
v 9.7643 179.0000 216.4456
v 10.0884 179.0000 216.4995
v 9.4413 178.0000 216.3366
v 9.7643 178.0000 216.4456
v 10.0884 178.0000 216.4995
v 9.0466 179.0000 216.0529
v 9.0466 178.0000 216.0529
v 8.8285 178.5000 215.7299
v 8.6249 178.0000 215.0639
v 8.6249 179.0000 215.0639
v 8.7441 179.0000 215.5322
v 8.9293 179.0000 215.9035
v 8.7441 178.0000 215.5322
v 8.9293 178.0000 215.9035
v 6.6081 178.0000 215.1512
v 6.6081 179.0000 215.1512
v 7.1590 178.0000 216.8653
v 7.6065 178.0000 217.3505
v 7.6065 179.0000 217.3505
v 7.1590 179.0000 216.8653
v 6.6779 179.0000 215.7547
v 6.6779 178.0000 215.7547
v 6.8816 178.5000 216.3887
v 6.8431 179.0000 216.2998
v 6.8431 178.0000 216.2998
v 9.2869 178.0000 218.0829
v 10.4372 178.0000 218.1744
v 10.4372 179.0000 218.1744
v 9.2869 179.0000 218.0829
v 7.9491 178.0000 217.6022
v 8.3434 179.0000 217.8082
v 7.9491 179.0000 217.6022
v 8.3434 178.0000 217.8082
v 8.7893 178.5000 217.9684
v 11.8226 178.0000 218.0196
v 12.4030 178.0000 217.8260
v 12.4030 179.0000 217.8260
v 11.8226 179.0000 218.0196
v 11.1674 179.0000 218.1357
v 11.1674 178.0000 218.1357
v 11.5044 178.5000 218.0873
v 13.1217 178.5000 217.3982
v 13.6498 178.0000 216.8113
v 13.6498 179.0000 216.8113
v 13.3189 179.0000 217.2202
v 12.9033 179.0000 217.5585
v 13.3189 178.0000 217.2202
v 12.9033 178.0000 217.5585
v 13.9742 178.5000 216.1202
v 14.0823 178.0000 215.3796
v 14.0823 179.0000 215.3796
v 14.0342 179.0000 215.8789
v 13.8901 179.0000 216.3561
v 14.0342 178.0000 215.8789
v 13.8901 178.0000 216.3561
v 13.6316 178.0000 213.8929
v 13.1625 178.0000 213.3643
v 13.1625 179.0000 213.3643
v 13.6316 179.0000 213.8929
v 14.0397 179.0000 214.8852
v 14.0397 178.0000 214.8852
v 13.8523 178.5000 214.2814
v 13.9122 179.0000 214.4243
v 13.9122 178.0000 214.4243
v 12.7244 179.0000 213.0518
v 12.7244 178.0000 213.0518
v 12.2665 178.5000 212.8222
v 10.8869 178.0000 212.3714
v 10.8869 179.0000 212.3714
v 12.1371 179.0000 212.7676
v 12.1371 178.0000 212.7676
v 9.8529 178.5000 212.1034
v 9.2721 178.0000 211.9317
v 9.2721 179.0000 211.9317
v 8.8319 178.5000 211.7334
v 8.5467 178.0000 211.5029
v 8.5467 179.0000 211.5029
v 8.7196 179.0000 211.6602
v 8.9614 179.0000 211.8031
v 8.7196 178.0000 211.6602
v 8.9614 178.0000 211.8031
v 8.3907 178.5000 211.2301
v 8.3387 178.0000 210.9052
v 8.3387 179.0000 210.9052
v 8.3618 179.0000 211.1276
v 8.4312 179.0000 211.3269
v 8.3618 178.0000 211.1276
v 8.4312 178.0000 211.3269
v 8.4623 178.5000 210.3925
v 8.8329 178.0000 209.9490
v 8.8329 179.0000 209.9490
v 8.5809 179.0000 210.2068
v 8.4301 179.0000 210.4601
v 8.3616 179.0000 210.6762
v 8.5809 178.0000 210.2068
v 8.4301 178.0000 210.4601
v 8.3616 178.0000 210.6762
v 9.0108 179.0000 209.8243
v 9.0108 178.0000 209.8243
v 9.4468 178.5000 209.6428
v 10.3009 178.0000 209.5407
v 10.3009 179.0000 209.5407
v 9.7048 179.0000 209.5861
v 9.2154 179.0000 209.7222
v 9.7048 178.0000 209.5861
v 9.2154 178.0000 209.7222
v 10.6537 179.0000 209.5590
v 10.6537 178.0000 209.5590
v 11.1262 178.5000 209.6549
v 11.7626 178.0000 209.9976
v 11.7626 179.0000 209.9976
v 11.4034 179.0000 209.7646
v 10.9763 179.0000 209.6138
v 11.4034 178.0000 209.7646
v 10.9763 178.0000 209.6138
v 11.9329 179.0000 210.1645
v 11.9329 178.0000 210.1645
v 12.2129 178.5000 210.5845
v 12.3226 179.0000 210.8376
v 12.0831 179.0000 210.3601
v 12.3226 178.0000 210.8376
v 12.0831 178.0000 210.3601
v 4.6028 178.0000 218.0000
v 4.6028 178.0000 208.0000
v 4.6028 179.0000 208.0000
v 4.6028 179.0000 218.0000
v 2.5861 178.0000 208.0000
v 2.5861 179.0000 208.0000
v 2.5861 178.0000 211.0287
v 2.5861 179.0000 211.0287
v 0.9509 178.0000 212.7011
v 0.9509 179.0000 212.7011
v -1.7948 178.0000 208.0000
v -1.7948 179.0000 208.0000
v -4.4043 178.0000 208.0000
v -4.4043 179.0000 208.0000
v -0.4390 178.0000 214.1292
v -0.4390 179.0000 214.1292
v -4.1999 178.0000 218.0000
v -4.1999 179.0000 218.0000
v -1.4882 178.0000 218.0000
v -1.4882 179.0000 218.0000
v 2.5861 178.0000 213.5646
v 2.5861 179.0000 213.5646
v 2.5861 178.0000 218.0000
v 2.5861 179.0000 218.0000
v -13.0026 178.0000 218.0000
v -9.3166 178.0000 218.0000
v -9.3166 179.0000 218.0000
v -13.0026 179.0000 218.0000
v -9.3166 178.0000 208.0000
v -9.3166 179.0000 208.0000
v -13.1116 178.0000 208.0000
v -13.1116 179.0000 208.0000
v -14.1166 178.5000 208.0529
v -14.8967 178.0000 208.2117
v -14.8967 179.0000 208.2117
v -14.1166 179.0000 208.0529
v -14.1166 178.0000 208.0529
v -15.6972 178.5000 208.5543
v -16.3138 178.0000 209.0097
v -16.3138 179.0000 209.0097
v -15.9232 179.0000 208.6935
v -15.4508 179.0000 208.4275
v -15.9232 178.0000 208.6935
v -15.4508 178.0000 208.4275
v -16.6752 179.0000 209.4168
v -16.6752 178.0000 209.4168
v -16.9287 178.5000 209.7888
v -17.3835 178.0000 210.7762
v -17.3835 179.0000 210.7762
v -16.9871 179.0000 209.8882
v -16.9871 178.0000 209.8882
v -17.6134 178.5000 211.7552
v -17.6901 178.0000 212.9046
v -17.6901 179.0000 212.9046
v -17.6134 179.0000 211.7552
v -17.6134 178.0000 211.7552
v -17.6083 178.5000 214.1979
v -17.3631 178.0000 215.2679
v -17.3631 179.0000 215.2679
v -17.6083 179.0000 214.1979
v -17.6083 178.0000 214.1979
v -16.7938 178.0000 216.4139
v -16.4092 178.0000 216.8881
v -16.4092 179.0000 216.8881
v -16.7938 179.0000 216.4139
v -17.1117 179.0000 215.8739
v -17.1117 178.0000 215.8739
v -16.9611 178.5000 216.1521
v -15.4614 178.0000 217.5914
v -14.9035 178.0000 217.8088
v -14.9035 179.0000 217.8088
v -15.4614 179.0000 217.5914
v -15.9633 179.0000 217.2845
v -15.9633 178.0000 217.2845
v -15.7194 178.5000 217.4492
v -14.1012 178.5000 217.9522
v -14.1012 179.0000 217.9522
v -14.1012 178.0000 217.9522
v -11.3333 178.0000 209.6861
v -11.3333 178.0000 216.3139
v -11.3333 179.0000 216.3139
v -11.3333 179.0000 209.6861
v -12.2395 178.0000 216.3139
v -12.2395 179.0000 216.3139
v -13.2700 178.5000 216.2901
v -13.8951 178.0000 216.2186
v -13.8951 179.0000 216.2186
v -13.2700 179.0000 216.2901
v -13.2700 178.0000 216.2901
v -14.4112 178.5000 216.0392
v -14.8285 178.0000 215.7471
v -14.8285 179.0000 215.7471
v -14.5613 179.0000 215.9543
v -14.2502 179.0000 216.1115
v -14.5613 178.0000 215.9543
v -14.2502 178.0000 216.1115
v -15.1556 178.5000 215.3308
v -15.4008 178.0000 214.7778
v -15.4008 179.0000 214.7778
v -15.1869 179.0000 215.2761
v -15.0203 179.0000 215.5327
v -15.1869 178.0000 215.2761
v -15.0203 178.0000 215.5327
v -15.5541 178.5000 214.0220
v -15.6052 178.0000 212.9964
v -15.6052 179.0000 212.9964
v -15.5541 179.0000 214.0220
v -15.5541 178.0000 214.0220
v -15.5541 178.5000 211.9581
v -15.4008 178.0000 211.1636
v -15.4008 179.0000 211.1636
v -15.5541 179.0000 211.9581
v -15.5541 178.0000 211.9581
v -15.1666 178.5000 210.5861
v -14.8726 178.0000 210.1980
v -14.8726 179.0000 210.1980
v -15.0752 179.0000 210.4357
v -15.2513 179.0000 210.7575
v -15.0752 178.0000 210.4357
v -15.2513 178.0000 210.7575
v -14.5074 178.5000 209.9471
v -14.0586 178.0000 209.7814
v -14.0586 179.0000 209.7814
v -14.3671 179.0000 209.8824
v -14.6384 179.0000 210.0213
v -14.3671 178.0000 209.8824
v -14.6384 178.0000 210.0213
v -13.5664 178.5000 209.7099
v -12.8391 178.0000 209.6861
v -12.8391 179.0000 209.6861
v -26.2239 178.0000 208.0000
v -28.4177 178.0000 208.0000
v -28.4177 179.0000 208.0000
v -26.2239 179.0000 208.0000
v -24.4184 178.0000 218.0000
v -24.4184 179.0000 218.0000
v -22.2858 178.0000 218.0000
v -22.2858 179.0000 218.0000
v -18.3955 178.0000 208.0000
v -18.3955 179.0000 208.0000
v -20.5348 178.0000 208.0000
v -20.5348 179.0000 208.0000
v -21.3592 178.0000 210.2674
v -21.3592 179.0000 210.2674
v -25.3518 178.0000 210.2674
v -25.3518 179.0000 210.2674
v -23.3283 178.0000 215.6744
v -24.7045 178.0000 211.9535
v -24.7045 179.0000 211.9535
v -23.3283 179.0000 215.6744
v -21.9792 178.0000 211.9535
v -21.9792 179.0000 211.9535
v -30.6997 178.0000 216.3139
v -30.6997 178.0000 208.0000
v -30.6997 179.0000 208.0000
v -30.6997 179.0000 216.3139
v -32.7164 178.0000 208.0000
v -32.7164 179.0000 208.0000
v -32.7164 178.0000 216.3139
v -32.7164 179.0000 216.3139
v -35.6734 178.0000 216.3139
v -35.6734 179.0000 216.3139
v -35.6734 178.0000 218.0000
v -35.6734 179.0000 218.0000
v -27.7360 178.0000 218.0000
v -27.7360 179.0000 218.0000
v -27.7360 178.0000 216.3139
v -27.7360 179.0000 216.3139
v -42.7355 178.0000 208.0000
v -44.9294 178.0000 208.0000
v -44.9294 179.0000 208.0000
v -42.7355 179.0000 208.0000
v -40.9300 178.0000 218.0000
v -40.9300 179.0000 218.0000
v -38.7975 178.0000 218.0000
v -38.7975 179.0000 218.0000
v -34.9071 178.0000 208.0000
v -34.9071 179.0000 208.0000
v -37.0465 178.0000 208.0000
v -37.0465 179.0000 208.0000
v -37.8709 178.0000 210.2674
v -37.8709 179.0000 210.2674
v -41.8634 178.0000 210.2674
v -41.8634 179.0000 210.2674
v -39.8399 178.0000 215.6744
v -41.2162 178.0000 211.9535
v -41.2162 179.0000 211.9535
v -39.8399 179.0000 215.6744
v -38.4909 178.0000 211.9535
v -38.4909 179.0000 211.9535
f 9539 9540 9541
f 9539 9541 9542
f 9540 9543 9544
f 9540 9544 9541
f 9543 9545 9546
f 9543 9546 9544
f 9545 9547 9548
f 9545 9548 9546
f 9547 9549 9550
f 9547 9550 9548
f 9549 9551 9552
f 9549 9552 9550
f 9551 9553 9554
f 9551 9554 9552
f 9553 9555 9556
f 9553 9556 9554
f 9555 9557 9558
f 9555 9558 9556
f 9557 9539 9542
f 9557 9542 9558
f 9540 9545 9543
f 9547 9555 9549
f 9540 9539 9545
f 9539 9557 9545
f 9553 9551 9555
f 9555 9551 9549
f 9547 9545 9557
f 9547 9557 9555
f 9546 9541 9544
f 9556 9548 9550
f 9542 9541 9546
f 9558 9542 9546
f 9552 9554 9556
f 9552 9556 9550
f 9546 9548 9558
f 9558 9548 9556
f 9559 9560 9561
f 9559 9562 9560
f 9563 9564 9565
f 9563 9565 9566
f 9563 9566 9560
f 9563 9567 9564
f 9563 9562 9567
f 9563 9560 9562
f 9568 9569 9570
f 9568 9570 9571
f 9564 9572 9565
f 9564 9573 9572
f 9574 9571 9575
f 9574 9575 9572
f 9574 9576 9568
f 9574 9573 9576
f 9574 9568 9571
f 9574 9572 9573
f 9577 9578 9579
f 9577 9579 9580
f 9581 9582 9583
f 9584 9581 9583
f 9569 9583 9570
f 9569 9584 9583
f 9585 9580 9582
f 9585 9581 9577
f 9585 9577 9580
f 9585 9582 9581
f 9586 9587 9588
f 9586 9588 9589
f 9578 9590 9579
f 9578 9591 9590
f 9592 9589 9593
f 9592 9593 9590
f 9592 9594 9586
f 9592 9591 9594
f 9592 9586 9589
f 9592 9590 9591
f 9595 9596 9597
f 9595 9597 9598
f 9599 9600 9601
f 9599 9602 9600
f 9587 9601 9588
f 9587 9599 9601
f 9603 9598 9600
f 9603 9602 9595
f 9603 9595 9598
f 9603 9600 9602
f 9604 9605 9606
f 9604 9606 9607
f 9596 9608 9597
f 9596 9609 9608
f 9610 9607 9611
f 9610 9611 9608
f 9610 9612 9604
f 9610 9609 9612
f 9610 9604 9607
f 9610 9608 9609
f 9613 9614 9615
f 9613 9615 9616
f 9617 9618 9619
f 9617 9620 9618
f 9605 9619 9606
f 9605 9617 9619
f 9621 9616 9618
f 9621 9620 9613
f 9621 9613 9616
f 9621 9618 9620
f 9622 9623 9624
f 9622 9624 9625
f 9614 9626 9615
f 9614 9627 9626
f 9628 9625 9626
f 9628 9627 9622
f 9628 9622 9625
f 9628 9626 9627
f 9623 9629 9624
f 9623 9630 9629
f 9631 9632 9633
f 9631 9633 9634
f 9631 9634 9629
f 9631 9635 9632
f 9631 9630 9635
f 9631 9629 9630
f 9632 9636 9633
f 9632 9637 9636
f 9638 9559 9561
f 9638 9561 9639
f 9638 9639 9636
f 9638 9640 9559
f 9638 9637 9640
f 9638 9636 9637
f 9641 9642 9643
f 9641 9643 9644
f 9645 9646 9647
f 9645 9648 9646
f 9649 9647 9650
f 9649 9645 9647
f 9651 9644 9646
f 9651 9648 9641
f 9651 9641 9644
f 9651 9646 9648
f 9652 9653 9654
f 9652 9654 9655
f 9642 9656 9643
f 9642 9657 9656
f 9658 9655 9659
f 9658 9659 9656
f 9658 9660 9652
f 9658 9657 9660
f 9658 9652 9655
f 9658 9656 9657
f 9661 9662 9663
f 9661 9663 9664
f 9653 9665 9654
f 9653 9666 9665
f 9667 9664 9668
f 9667 9668 9665
f 9667 9669 9661
f 9667 9666 9669
f 9667 9661 9664
f 9667 9665 9666
f 9670 9671 9672
f 9670 9672 9673
f 9662 9674 9663
f 9662 9675 9674
f 9676 9673 9677
f 9676 9677 9674
f 9676 9678 9670
f 9676 9675 9678
f 9676 9670 9673
f 9676 9674 9675
f 9679 9680 9681
f 9679 9681 9682
f 9683 9684 9685
f 9683 9686 9684
f 9671 9685 9672
f 9671 9683 9685
f 9687 9682 9684
f 9687 9686 9679
f 9687 9679 9682
f 9687 9684 9686
f 9688 9689 9690
f 9688 9690 9691
f 9680 9692 9681
f 9680 9693 9692
f 9694 9691 9695
f 9694 9695 9692
f 9694 9696 9688
f 9694 9693 9696
f 9694 9688 9691
f 9694 9692 9693
f 9697 9698 9699
f 9697 9699 9700
f 9689 9701 9690
f 9689 9702 9701
f 9703 9700 9704
f 9703 9704 9701
f 9703 9705 9697
f 9703 9702 9705
f 9703 9697 9700
f 9703 9701 9702
f 9706 9649 9650
f 9706 9650 9707
f 9698 9708 9699
f 9698 9709 9708
f 9710 9707 9711
f 9710 9711 9708
f 9710 9712 9706
f 9710 9709 9712
f 9710 9706 9707
f 9710 9708 9709
f 9569 9649 9584
f 9584 9706 9581
f 9649 9706 9584
f 9568 9645 9569
f 9569 9645 9649
f 9576 9648 9568
f 9568 9648 9645
f 9581 9712 9577
f 9706 9712 9581
f 9577 9709 9578
f 9712 9709 9577
f 9573 9641 9576
f 9576 9641 9648
f 9709 9698 9578
f 9578 9698 9591
f 9564 9642 9573
f 9573 9642 9641
f 9591 9697 9594
f 9698 9697 9591
f 9697 9705 9594
f 9567 9657 9564
f 9562 9657 9567
f 9564 9657 9642
f 9705 9586 9594
f 9705 9702 9586
f 9559 9660 9562
f 9562 9660 9657
f 9702 9689 9586
f 9689 9587 9586
f 9559 9652 9660
f 9640 9652 9559
f 9637 9652 9640
f 9689 9688 9587
f 9632 9653 9637
f 9637 9653 9652
f 9688 9599 9587
f 9632 9635 9653
f 9653 9635 9666
f 9688 9602 9599
f 9696 9602 9688
f 9666 9630 9669
f 9635 9630 9666
f 9630 9623 9669
f 9696 9595 9602
f 9693 9595 9696
f 9669 9622 9661
f 9623 9622 9669
f 9661 9627 9662
f 9622 9627 9661
f 9693 9596 9595
f 9680 9596 9693
f 9662 9614 9675
f 9627 9614 9662
f 9679 9609 9680
f 9680 9609 9596
f 9675 9613 9678
f 9614 9613 9675
f 9686 9612 9679
f 9679 9612 9609
f 9678 9620 9670
f 9613 9620 9678
f 9683 9604 9686
f 9686 9604 9612
f 9670 9617 9671
f 9620 9617 9670
f 9671 9605 9683
f 9617 9605 9671
f 9683 9605 9604
f 9650 9570 9583
f 9707 9583 9582
f 9707 9650 9583
f 9647 9571 9570
f 9647 9570 9650
f 9646 9575 9571
f 9646 9571 9647
f 9711 9582 9580
f 9711 9707 9582
f 9708 9580 9579
f 9708 9711 9580
f 9644 9572 9575
f 9644 9575 9646
f 9699 9708 9579
f 9699 9579 9590
f 9643 9565 9572
f 9643 9572 9644
f 9700 9590 9593
f 9700 9699 9590
f 9704 9700 9593
f 9656 9566 9565
f 9656 9560 9566
f 9656 9565 9643
f 9589 9704 9593
f 9701 9704 9589
f 9659 9561 9560
f 9659 9560 9656
f 9690 9701 9589
f 9588 9690 9589
f 9655 9561 9659
f 9655 9639 9561
f 9655 9636 9639
f 9691 9690 9588
f 9654 9633 9636
f 9654 9636 9655
f 9601 9691 9588
f 9634 9633 9654
f 9634 9654 9665
f 9600 9691 9601
f 9600 9695 9691
f 9629 9665 9668
f 9629 9634 9665
f 9624 9629 9668
f 9598 9695 9600
f 9598 9692 9695
f 9625 9668 9664
f 9625 9624 9668
f 9626 9664 9663
f 9626 9625 9664
f 9597 9692 9598
f 9597 9681 9692
f 9615 9663 9674
f 9615 9626 9663
f 9608 9682 9681
f 9608 9681 9597
f 9616 9674 9677
f 9616 9615 9674
f 9611 9684 9682
f 9611 9682 9608
f 9618 9677 9673
f 9618 9616 9677
f 9607 9685 9684
f 9607 9684 9611
f 9619 9673 9672
f 9619 9618 9673
f 9606 9672 9685
f 9606 9619 9672
f 9606 9685 9607
f 9713 9714 9715
f 9713 9715 9716
f 9714 9717 9718
f 9714 9718 9715
f 9717 9719 9720
f 9717 9720 9718
f 9719 9721 9722
f 9719 9722 9720
f 9723 9724 9725
f 9723 9725 9726
f 9723 9726 9722
f 9723 9722 9721
f 9723 9727 9724
f 9723 9721 9727
f 9728 9729 9730
f 9728 9730 9731
f 9728 9731 9732
f 9728 9732 9725
f 9728 9725 9724
f 9728 9733 9729
f 9728 9734 9733
f 9728 9724 9734
f 9735 9736 9737
f 9735 9737 9730
f 9735 9730 9729
f 9735 9729 9736
f 9736 9738 9739
f 9736 9739 9737
f 9738 9740 9741
f 9738 9741 9739
f 9740 9742 9743
f 9740 9743 9741
f 9744 9745 9746
f 9744 9746 9743
f 9744 9743 9742
f 9744 9742 9745
f 9747 9748 9749
f 9747 9749 9750
f 9747 9750 9746
f 9747 9746 9745
f 9747 9751 9748
f 9747 9745 9751
f 9752 9753 9754
f 9752 9754 9755
f 9748 9756 9749
f 9748 9757 9756
f 9758 9755 9759
f 9758 9759 9756
f 9758 9760 9752
f 9758 9757 9760
f 9758 9752 9755
f 9758 9756 9757
f 9761 9762 9763
f 9761 9763 9764
f 9753 9765 9754
f 9753 9766 9765
f 9767 9764 9768
f 9767 9768 9765
f 9767 9769 9761
f 9767 9766 9769
f 9767 9765 9766
f 9767 9761 9764
f 9770 9771 9772
f 9770 9772 9773
f 9770 9773 9774
f 9770 9774 9763
f 9770 9763 9762
f 9770 9775 9771
f 9770 9776 9775
f 9770 9762 9776
f 9777 9778 9779
f 9777 9779 9780
f 9777 9780 9781
f 9777 9781 9772
f 9777 9772 9771
f 9777 9782 9778
f 9777 9783 9782
f 9777 9771 9783
f 9784 9785 9786
f 9784 9786 9787
f 9784 9787 9779
f 9784 9779 9778
f 9784 9788 9785
f 9784 9778 9788
f 9785 9713 9716
f 9785 9716 9786
f 9789 9790 9791
f 9789 9791 9792
f 9791 9793 9794
f 9790 9793 9791
f 9793 9795 9796
f 9793 9796 9794
f 9797 9798 9799
f 9797 9799 9796
f 9797 9796 9795
f 9797 9795 9798
f 9800 9801 9802
f 9800 9802 9803
f 9800 9803 9804
f 9800 9804 9805
f 9800 9805 9799
f 9800 9799 9798
f 9800 9806 9801
f 9800 9807 9806
f 9800 9808 9807
f 9800 9798 9808
f 9809 9810 9811
f 9809 9811 9812
f 9809 9812 9813
f 9809 9813 9814
f 9809 9814 9802
f 9809 9802 9801
f 9809 9815 9810
f 9809 9816 9815
f 9809 9817 9816
f 9809 9801 9817
f 9818 9819 9820
f 9818 9820 9821
f 9818 9821 9822
f 9818 9822 9811
f 9818 9811 9810
f 9818 9823 9819
f 9818 9824 9823
f 9818 9810 9824
f 9825 9826 9827
f 9825 9827 9828
f 9825 9828 9829
f 9825 9829 9820
f 9825 9820 9819
f 9825 9830 9826
f 9825 9831 9830
f 9825 9819 9831
f 9832 9789 9792
f 9832 9792 9833
f 9832 9833 9827
f 9832 9827 9826
f 9832 9834 9789
f 9832 9826 9834
f 9714 9719 9717
f 9719 9790 9721
f 9714 9790 9719
f 9727 9789 9724
f 9721 9789 9727
f 9724 9789 9734
f 9790 9789 9721
f 9736 9742 9738
f 9738 9742 9740
f 9733 9748 9729
f 9729 9748 9736
f 9714 9713 9790
f 9748 9751 9736
f 9736 9745 9742
f 9751 9745 9736
f 9713 9793 9790
f 9734 9834 9733
f 9789 9834 9734
f 9733 9834 9748
f 9748 9826 9757
f 9834 9826 9748
f 9826 9830 9757
f 9757 9830 9760
f 9830 9831 9760
f 9831 9752 9760
f 9831 9819 9752
f 9819 9753 9752
f 9823 9753 9819
f 9823 9766 9753
f 9823 9769 9766
f 9824 9769 9823
f 9793 9785 9795
f 9795 9785 9798
f 9713 9785 9793
f 9824 9761 9769
f 9810 9761 9824
f 9810 9762 9761
f 9815 9762 9810
f 9785 9788 9798
f 9808 9788 9807
f 9798 9788 9808
f 9815 9776 9762
f 9815 9775 9776
f 9816 9775 9815
f 9807 9778 9806
f 9788 9778 9807
f 9817 9771 9816
f 9816 9771 9775
f 9778 9782 9806
f 9806 9782 9801
f 9782 9783 9801
f 9801 9783 9817
f 9817 9783 9771
f 9720 9715 9718
f 9791 9720 9722
f 9791 9715 9720
f 9792 9726 9725
f 9792 9722 9726
f 9792 9725 9732
f 9792 9791 9722
f 9743 9737 9739
f 9743 9739 9741
f 9749 9731 9730
f 9749 9730 9737
f 9716 9715 9791
f 9750 9749 9737
f 9746 9737 9743
f 9746 9750 9737
f 9794 9716 9791
f 9833 9732 9731
f 9833 9792 9732
f 9833 9731 9749
f 9827 9749 9756
f 9827 9833 9749
f 9828 9827 9756
f 9828 9756 9759
f 9829 9828 9759
f 9755 9829 9759
f 9820 9829 9755
f 9754 9820 9755
f 9754 9821 9820
f 9765 9821 9754
f 9768 9821 9765
f 9768 9822 9821
f 9786 9794 9796
f 9786 9796 9799
f 9786 9716 9794
f 9764 9822 9768
f 9764 9811 9822
f 9763 9811 9764
f 9763 9812 9811
f 9787 9786 9799
f 9787 9805 9804
f 9787 9799 9805
f 9774 9812 9763
f 9773 9812 9774
f 9773 9813 9812
f 9779 9804 9803
f 9779 9787 9804
f 9772 9814 9813
f 9772 9813 9773
f 9780 9779 9803
f 9780 9803 9802
f 9781 9780 9802
f 9781 9802 9814
f 9781 9814 9772
f 9835 9836 9837
f 9835 9837 9838
f 9839 9840 9841
f 9839 9841 9842
f 9836 9843 9837
f 9836 9844 9843
f 9845 9842 9846
f 9845 9846 9843
f 9845 9847 9839
f 9845 9844 9847
f 9845 9839 9842
f 9845 9843 9844
f 9848 9849 9850
f 9848 9850 9851
f 9852 9853 9854
f 9852 9855 9853
f 9840 9854 9841
f 9840 9852 9854
f 9856 9851 9853
f 9856 9855 9848
f 9856 9848 9851
f 9856 9853 9855
f 9857 9858 9859
f 9857 9859 9860
f 9849 9861 9850
f 9849 9862 9861
f 9863 9860 9861
f 9863 9862 9857
f 9863 9857 9860
f 9863 9861 9862
f 9864 9865 9866
f 9864 9866 9867
f 9858 9868 9859
f 9858 9869 9868
f 9870 9867 9868
f 9870 9869 9864
f 9870 9864 9867
f 9870 9868 9869
f 9871 9872 9873
f 9871 9873 9874
f 9871 9874 9875
f 9871 9875 9866
f 9871 9866 9865
f 9871 9876 9872
f 9871 9877 9876
f 9871 9865 9877
f 9878 9879 9880
f 9878 9880 9881
f 9878 9881 9882
f 9878 9882 9873
f 9878 9873 9872
f 9878 9883 9879
f 9878 9884 9883
f 9878 9872 9884
f 9885 9886 9887
f 9885 9887 9888
f 9885 9888 9889
f 9885 9889 9880
f 9885 9880 9879
f 9885 9890 9886
f 9885 9891 9890
f 9885 9879 9891
f 9892 9893 9894
f 9892 9894 9887
f 9892 9887 9886
f 9892 9886 9893
f 9895 9896 9897
f 9895 9897 9898
f 9893 9899 9894
f 9893 9900 9899
f 9901 9898 9899
f 9901 9900 9895
f 9901 9895 9898
f 9901 9899 9900
f 9902 9903 9904
f 9902 9904 9905
f 9902 9905 9906
f 9902 9906 9907
f 9902 9907 9908
f 9902 9908 9897
f 9902 9897 9896
f 9902 9909 9903
f 9902 9910 9909
f 9902 9911 9910
f 9902 9912 9911
f 9902 9896 9912
f 9913 9914 9915
f 9913 9915 9916
f 9913 9916 9917
f 9913 9917 9918
f 9913 9918 9919
f 9913 9919 9904
f 9913 9904 9903
f 9913 9920 9914
f 9913 9921 9920
f 9913 9922 9921
f 9913 9923 9922
f 9913 9903 9923
f 9914 9924 9915
f 9914 9925 9924
f 9926 9927 9928
f 9926 9928 9929
f 9926 9929 9930
f 9926 9930 9924
f 9926 9931 9927
f 9926 9932 9931
f 9926 9925 9932
f 9926 9924 9925
f 9933 9934 9935
f 9933 9935 9936
f 9933 9936 9937
f 9933 9937 9938
f 9933 9938 9928
f 9933 9928 9927
f 9933 9939 9934
f 9933 9940 9939
f 9933 9941 9940
f 9933 9927 9941
f 9934 9942 9935
f 9934 9943 9942
f 9944 9945 9946
f 9944 9946 9947
f 9944 9947 9948
f 9944 9948 9942
f 9944 9949 9945
f 9944 9950 9949
f 9944 9943 9950
f 9944 9942 9943
f 9945 9951 9952
f 9945 9952 9946
f 9953 9954 9955
f 9953 9955 9956
f 9951 9957 9952
f 9951 9958 9957
f 9959 9956 9960
f 9959 9960 9957
f 9959 9961 9953
f 9959 9958 9961
f 9959 9953 9956
f 9959 9957 9958
f 9962 9963 9964
f 9962 9964 9965
f 9966 9967 9968
f 9966 9969 9967
f 9954 9968 9955
f 9954 9966 9968
f 9970 9965 9967
f 9970 9969 9962
f 9970 9962 9965
f 9970 9967 9969
f 9971 9972 9973
f 9971 9973 9974
f 9963 9975 9964
f 9963 9976 9975
f 9977 9974 9975
f 9977 9976 9971
f 9977 9971 9974
f 9977 9975 9976
f 9978 9979 9980
f 9978 9980 9981
f 9978 9981 9982
f 9978 9982 9973
f 9978 9973 9972
f 9978 9983 9979
f 9978 9984 9983
f 9978 9972 9984
f 9985 9986 9987
f 9985 9987 9988
f 9985 9988 9989
f 9985 9989 9980
f 9985 9980 9979
f 9985 9990 9986
f 9985 9991 9990
f 9985 9979 9991
f 9992 9993 9994
f 9992 9994 9995
f 9986 9996 9987
f 9986 9997 9996
f 9998 9995 9999
f 9998 9999 9996
f 9998 10000 9992
f 9998 9997 10000
f 9998 9992 9995
f 9998 9996 9997
f 9993 10001 9994
f 9993 10002 10001
f 10003 10004 10005
f 10003 10005 10006
f 10003 10006 10001
f 10003 10007 10004
f 10003 10002 10007
f 10003 10001 10002
f 10008 10009 10010
f 10008 10010 10005
f 10008 10005 10004
f 10008 10004 10009
f 10011 10012 10013
f 10011 10013 10014
f 10011 10014 10015
f 10011 10015 10010
f 10011 10010 10009
f 10011 10016 10012
f 10011 10017 10016
f 10011 10009 10017
f 10018 10019 10020
f 10018 10020 10021
f 10018 10021 10022
f 10018 10022 10013
f 10018 10013 10012
f 10018 10023 10019
f 10018 10024 10023
f 10018 10012 10024
f 10025 10026 10027
f 10025 10027 10028
f 10025 10028 10029
f 10025 10029 10030
f 10025 10030 10020
f 10025 10020 10019
f 10025 10031 10026
f 10025 10032 10031
f 10025 10033 10032
f 10025 10019 10033
f 10026 10034 10027
f 10026 10035 10034
f 10036 10037 10038
f 10036 10038 10039
f 10036 10039 10040
f 10036 10040 10034
f 10036 10041 10037
f 10036 10042 10041
f 10036 10035 10042
f 10036 10034 10035
f 10037 10043 10038
f 10037 10044 10043
f 10045 10046 10047
f 10045 10047 10048
f 10045 10048 10049
f 10045 10049 10043
f 10045 10050 10046
f 10045 10051 10050
f 10045 10044 10051
f 10045 10043 10044
f 10046 10052 10047
f 10046 10053 10052
f 10054 9835 9838
f 10054 9838 10055
f 10054 10055 10056
f 10054 10056 10052
f 10054 10057 9835
f 10054 10058 10057
f 10054 10053 10058
f 10054 10052 10053
f 9839 10053 9840
f 10053 10046 9840
f 9852 10046 9855
f 9840 10046 9852
f 9847 10058 9839
f 9839 10058 10053
f 9855 10050 9848
f 10046 10050 9855
f 9844 10057 9847
f 9847 10057 10058
f 10050 10051 9848
f 9848 10044 9849
f 10051 10044 9848
f 9836 9835 9844
f 9844 9835 10057
f 9849 10037 9862
f 10044 10037 9849
f 9862 10041 9857
f 10037 10041 9862
f 9857 10042 9858
f 10041 10042 9857
f 10042 10035 9858
f 9858 10026 9869
f 10035 10026 9858
f 10026 10031 9869
f 10031 9864 9869
f 10031 9865 9864
f 10032 9865 10031
f 9992 9912 9993
f 9993 9896 10002
f 9912 9896 9993
f 9992 9911 9912
f 9992 9910 9911
f 10000 9910 9992
f 9997 9910 10000
f 10002 9895 10007
f 9896 9895 10002
f 9997 9909 9910
f 9986 9909 9997
f 10032 9877 9865
f 10033 9877 10032
f 9986 9903 9909
f 9990 9903 9986
f 9990 9923 9903
f 9895 9900 10007
f 10007 9900 10004
f 9990 9922 9923
f 9991 9922 9990
f 9991 9921 9922
f 9979 9921 9991
f 10033 9876 9877
f 10019 9876 10033
f 9979 9920 9921
f 9983 9920 9979
f 9900 9893 10004
f 10004 9893 10009
f 10019 9872 9876
f 10023 9872 10019
f 9983 9984 9920
f 9920 9984 9914
f 10023 9884 9872
f 9984 9972 9914
f 9925 9972 9932
f 9914 9972 9925
f 10023 9883 9884
f 10024 9883 10023
f 9893 9886 10009
f 10017 9886 10016
f 10009 9886 10017
f 10024 9879 9883
f 10012 9879 10024
f 9886 9890 10016
f 10016 9890 10012
f 10012 9891 9879
f 9890 9891 10012
f 9972 9971 9932
f 9932 9971 9931
f 9931 9976 9927
f 9971 9976 9931
f 9976 9963 9927
f 9927 9963 9941
f 9940 9962 9939
f 9941 9962 9940
f 9963 9962 9941
f 9949 9958 9945
f 9945 9958 9951
f 9949 9961 9958
f 9939 9969 9934
f 9962 9969 9939
f 9934 9966 9943
f 9969 9966 9934
f 9950 9953 9949
f 9949 9953 9961
f 9943 9954 9950
f 9966 9954 9943
f 9950 9954 9953
f 10052 9842 9841
f 10047 10052 9841
f 10047 9854 9853
f 10047 9841 9854
f 10056 9846 9842
f 10056 9842 10052
f 10048 9853 9851
f 10048 10047 9853
f 10055 9843 9846
f 10055 9846 10056
f 10049 10048 9851
f 10043 9851 9850
f 10043 10049 9851
f 9838 9837 9843
f 9838 9843 10055
f 10038 9850 9861
f 10038 10043 9850
f 10039 9861 9860
f 10039 10038 9861
f 10040 9860 9859
f 10040 10039 9860
f 10034 10040 9859
f 10027 9859 9868
f 10027 10034 9859
f 10028 10027 9868
f 9867 10028 9868
f 9866 10028 9867
f 9866 10029 10028
f 9908 9995 9994
f 9897 9994 10001
f 9897 9908 9994
f 9907 9995 9908
f 9906 9995 9907
f 9906 9999 9995
f 9906 9996 9999
f 9898 10001 10006
f 9898 9897 10001
f 9905 9996 9906
f 9905 9987 9996
f 9875 10029 9866
f 9875 10030 10029
f 9904 9987 9905
f 9904 9988 9987
f 9919 9988 9904
f 9899 9898 10006
f 9899 10006 10005
f 9918 9988 9919
f 9918 9989 9988
f 9917 9989 9918
f 9917 9980 9989
f 9874 10030 9875
f 9874 10020 10030
f 9916 9980 9917
f 9916 9981 9980
f 9894 9899 10005
f 9894 10005 10010
f 9873 10020 9874
f 9873 10021 10020
f 9982 9981 9916
f 9982 9916 9915
f 9882 10021 9873
f 9973 9982 9915
f 9973 9924 9930
f 9973 9915 9924
f 9881 10021 9882
f 9881 10022 10021
f 9887 9894 10010
f 9887 10015 10014
f 9887 10010 10015
f 9880 10022 9881
f 9880 10013 10022
f 9888 9887 10014
f 9888 10014 10013
f 9889 10013 9880
f 9889 9888 10013
f 9974 9973 9930
f 9974 9930 9929
f 9975 9929 9928
f 9975 9974 9929
f 9964 9975 9928
f 9964 9928 9938
f 9965 9937 9936
f 9965 9938 9937
f 9965 9964 9938
f 9957 9947 9946
f 9957 9946 9952
f 9960 9947 9957
f 9967 9936 9935
f 9967 9965 9936
f 9968 9935 9942
f 9968 9967 9935
f 9956 9948 9947
f 9956 9947 9960
f 9955 9942 9948
f 9955 9968 9942
f 9955 9948 9956
f 10059 10060 10061
f 10059 10061 10062
f 10060 10063 10064
f 10060 10064 10061
f 10063 10065 10066
f 10063 10066 10064
f 10065 10067 10068
f 10065 10068 10066
f 10067 10069 10070
f 10067 10070 10068
f 10069 10071 10072
f 10069 10072 10070
f 10071 10073 10074
f 10071 10074 10072
f 10073 10075 10076
f 10073 10076 10074
f 10075 10077 10078
f 10075 10078 10076
f 10077 10079 10080
f 10077 10080 10078
f 10079 10081 10082
f 10079 10082 10080
f 10081 10059 10062
f 10081 10062 10082
f 10060 10065 10063
f 10060 10079 10065
f 10079 10067 10065
f 10060 10059 10079
f 10067 10073 10069
f 10069 10073 10071
f 10079 10073 10067
f 10059 10081 10079
f 10077 10075 10073
f 10079 10077 10073
f 10066 10061 10064
f 10080 10061 10066
f 10068 10080 10066
f 10062 10061 10080
f 10074 10068 10070
f 10074 10070 10072
f 10074 10080 10068
f 10082 10062 10080
f 10076 10078 10074
f 10078 10080 10074
f 10083 10084 10085
f 10083 10085 10086
f 10084 10087 10088
f 10084 10088 10085
f 10087 10089 10090
f 10087 10090 10088
f 10091 10092 10093
f 10091 10093 10094
f 10091 10094 10090
f 10091 10090 10089
f 10091 10095 10092
f 10091 10089 10095
f 10096 10097 10098
f 10096 10098 10099
f 10096 10099 10100
f 10096 10100 10093
f 10096 10093 10092
f 10096 10101 10097
f 10096 10102 10101
f 10096 10092 10102
f 10097 10103 10098
f 10097 10104 10103
f 10105 10106 10107
f 10105 10107 10108
f 10105 10108 10103
f 10105 10109 10106
f 10105 10104 10109
f 10105 10103 10104
f 10110 10111 10112
f 10110 10112 10113
f 10110 10113 10107
f 10110 10107 10106
f 10110 10114 10111
f 10110 10106 10114
f 10115 10116 10117
f 10115 10117 10118
f 10115 10118 10112
f 10115 10112 10111
f 10115 10119 10116
f 10115 10111 10119
f 10120 10121 10122
f 10120 10122 10123
f 10116 10124 10117
f 10116 10125 10124
f 10126 10123 10124
f 10126 10125 10120
f 10126 10120 10123
f 10126 10124 10125
f 10127 10128 10129
f 10127 10129 10130
f 10121 10131 10122
f 10121 10132 10131
f 10133 10130 10131
f 10133 10132 10127
f 10133 10127 10130
f 10133 10131 10132
f 10134 10083 10086
f 10134 10086 10135
f 10134 10135 10129
f 10134 10129 10128
f 10134 10136 10083
f 10134 10128 10136
f 10137 10138 10139
f 10137 10139 10140
f 10138 10141 10142
f 10138 10142 10139
f 10143 10144 10145
f 10143 10145 10146
f 10143 10146 10142
f 10143 10142 10141
f 10143 10147 10144
f 10143 10141 10147
f 10148 10149 10150
f 10148 10150 10151
f 10148 10151 10152
f 10148 10152 10145
f 10148 10145 10144
f 10148 10153 10149
f 10148 10154 10153
f 10148 10144 10154
f 10155 10156 10157
f 10155 10157 10158
f 10155 10158 10159
f 10155 10159 10150
f 10155 10150 10149
f 10155 10160 10156
f 10155 10161 10160
f 10155 10149 10161
f 10162 10163 10164
f 10162 10164 10165
f 10162 10165 10157
f 10162 10157 10156
f 10162 10166 10163
f 10162 10156 10166
f 10167 10168 10169
f 10167 10169 10170
f 10167 10170 10164
f 10167 10164 10163
f 10167 10171 10168
f 10167 10163 10171
f 10172 10173 10174
f 10172 10174 10175
f 10172 10175 10176
f 10172 10176 10169
f 10172 10169 10168
f 10172 10177 10173
f 10172 10178 10177
f 10172 10168 10178
f 10179 10180 10181
f 10179 10181 10182
f 10179 10182 10183
f 10179 10183 10174
f 10179 10174 10173
f 10179 10184 10180
f 10179 10185 10184
f 10179 10173 10185
f 10186 10187 10188
f 10186 10188 10181
f 10186 10181 10180
f 10186 10180 10187
f 10187 10137 10140
f 10187 10140 10188
f 10137 10089 10087
f 10137 10187 10089
f 10095 10180 10092
f 10089 10180 10095
f 10187 10180 10089
f 10092 10184 10102
f 10180 10184 10092
f 10102 10185 10101
f 10184 10185 10102
f 10185 10173 10101
f 10173 10097 10101
f 10173 10177 10097
f 10178 10104 10177
f 10177 10104 10097
f 10168 10109 10178
f 10178 10109 10104
f 10084 10138 10087
f 10087 10138 10137
f 10171 10106 10168
f 10168 10106 10109
f 10171 10114 10106
f 10163 10111 10171
f 10171 10111 10114
f 10138 10083 10141
f 10141 10083 10147
f 10084 10083 10138
f 10166 10119 10163
f 10163 10119 10111
f 10147 10136 10144
f 10144 10136 10154
f 10083 10136 10147
f 10166 10116 10119
f 10156 10116 10166
f 10136 10128 10154
f 10154 10128 10153
f 10156 10125 10116
f 10160 10125 10156
f 10128 10127 10153
f 10160 10120 10125
f 10161 10120 10160
f 10127 10132 10153
f 10153 10132 10149
f 10132 10121 10149
f 10149 10121 10161
f 10161 10121 10120
f 10090 10140 10088
f 10188 10140 10090
f 10181 10094 10093
f 10181 10090 10094
f 10181 10188 10090
f 10182 10093 10100
f 10182 10181 10093
f 10183 10100 10099
f 10183 10182 10100
f 10174 10183 10099
f 10098 10174 10099
f 10175 10174 10098
f 10103 10176 10175
f 10103 10175 10098
f 10108 10169 10176
f 10108 10176 10103
f 10139 10085 10088
f 10139 10088 10140
f 10107 10170 10169
f 10107 10169 10108
f 10113 10170 10107
f 10112 10164 10170
f 10112 10170 10113
f 10086 10139 10142
f 10086 10142 10146
f 10086 10085 10139
f 10118 10165 10164
f 10118 10164 10112
f 10135 10146 10145
f 10135 10145 10152
f 10135 10086 10146
f 10117 10165 10118
f 10117 10157 10165
f 10129 10135 10152
f 10129 10152 10151
f 10124 10157 10117
f 10124 10158 10157
f 10130 10129 10151
f 10123 10158 10124
f 10123 10159 10158
f 10131 10130 10151
f 10131 10151 10150
f 10122 10131 10150
f 10122 10150 10159
f 10122 10159 10123
f 10189 10190 10191
f 10189 10191 10192
f 10190 10193 10194
f 10190 10194 10191
f 10193 10195 10196
f 10193 10196 10194
f 10195 10197 10198
f 10195 10198 10196
f 10197 10199 10200
f 10197 10200 10198
f 10199 10201 10202
f 10199 10202 10200
f 10201 10203 10204
f 10201 10204 10202
f 10203 10189 10192
f 10203 10192 10204
f 10205 10206 10207
f 10205 10207 10208
f 10207 10209 10210
f 10206 10209 10207
f 10209 10205 10208
f 10209 10208 10210
f 10197 10201 10199
f 10197 10209 10201
f 10203 10190 10189
f 10201 10206 10203
f 10209 10206 10201
f 10203 10206 10190
f 10209 10195 10205
f 10197 10195 10209
f 10205 10193 10206
f 10195 10193 10205
f 10206 10193 10190
f 10202 10198 10200
f 10210 10198 10202
f 10191 10204 10192
f 10207 10202 10204
f 10207 10210 10202
f 10207 10204 10191
f 10196 10210 10208
f 10196 10198 10210
f 10194 10208 10207
f 10194 10196 10208
f 10194 10207 10191
f 10211 10212 10213
f 10211 10213 10214
f 10212 10215 10216
f 10212 10216 10213
f 10215 10217 10218
f 10215 10218 10216
f 10217 10219 10220
f 10217 10220 10218
f 10219 10221 10222
f 10219 10222 10220
f 10221 10223 10224
f 10221 10224 10222
f 10223 10225 10226
f 10223 10226 10224
f 10225 10211 10214
f 10225 10214 10226
f 10223 10211 10225
f 10211 10217 10212
f 10212 10217 10215
f 10217 10221 10219
f 10223 10221 10211
f 10211 10221 10217
f 10214 10224 10226
f 10218 10214 10213
f 10218 10213 10216
f 10222 10218 10220
f 10222 10224 10214
f 10222 10214 10218
f 10227 10228 10229
f 10227 10229 10230
f 10228 10231 10232
f 10228 10232 10229
f 10231 10233 10234
f 10231 10234 10232
f 10233 10235 10236
f 10233 10236 10234
f 10235 10237 10238
f 10235 10238 10236
f 10237 10239 10240
f 10237 10240 10238
f 10239 10241 10242
f 10239 10242 10240
f 10241 10227 10230
f 10241 10230 10242
f 10243 10244 10245
f 10243 10245 10246
f 10245 10247 10248
f 10244 10247 10245
f 10247 10243 10246
f 10247 10246 10248
f 10235 10239 10237
f 10235 10247 10239
f 10241 10228 10227
f 10239 10244 10241
f 10247 10244 10239
f 10241 10244 10228
f 10247 10233 10243
f 10235 10233 10247
f 10243 10231 10244
f 10233 10231 10243
f 10244 10231 10228
f 10240 10236 10238
f 10248 10236 10240
f 10229 10242 10230
f 10245 10240 10242
f 10245 10248 10240
f 10245 10242 10229
f 10234 10248 10246
f 10234 10236 10248
f 10232 10246 10245
f 10232 10234 10246
f 10232 10245 10229
