; nd100-dis: s3fs_le.bin (raw binary, 27136 words)

026000 FCSTA:    JMP I 65		; -> 026065
026001 VSXGE:    STA ,B 53
026002           LDA 66
026003 INIQ:     JPL I 61		; -> 026064
026004           JMP I 61		; -> 026065
026005           STA ,B 54
026006           JMP 33		; -> 026041
026007 BAK61:    LDA ,B 0
026010           RADD CLD SA DD
026011           LDA 51
026012           LDX 51
026013 SSCGE:    RADD SB DX
026014           SAT 74
026015           JPL I 54		; -> 026071
026016           JMP I 47		; -> 026065
026017           LDA ,B 1
026020           RADD CLD SA DD
026021           LDA 45
026022           JPL I 50		; -> 026072
026023           JMP I 42		; -> 026065
026024           STA ,B 52
026025           LDA ,B 2
026026           RADD CLD SA DD
026027           LDA 40
026030           JPL I 42		; -> 026072
026031 TECHO:    JMP I 34		; -> 026065
026032           STA ,B 53
026033           LDA ,B 3
026034           RADD CLD SA DD
026035 BAK62:    LDA 33
026036           JPL I 34		; -> 026072
026037           JMP I 26		; -> 026065
026040           STA ,B 54
026041           RADD CLD 0 DT
026042           LDA 31
026043           JPL I 31		; -> 026074
026044 RELQ:     JPL I 31		; -> 026075
026045           JMP I 20		; -> 026065
026046           STT ,B 44
026047           STX ,B 51
026050           RADD CLD SD DT
026051           RADD CLD SA DX
026052           LDD ,X 0
026053           STD ,B 45
026054           RADD CLD ST DX
026055           LDD ,X 0
026056 MONED:    STD ,B 47
026057           JMP 17		; -> 026076
026060 EDIT:     ROP NOOP
026061           STZ I ,B ,X -26
026062           MIN I ,B ,X 65
026063 BAK63:    STZ 6
026064           LDA ,B -1
026065           MPY I -174
026066           MIN I ,B ,X 151
026067           MIN I ,B ,X -175
026070           MIN I ,B ,X -143
026071           LDA ,X -147
026072           LDA ,X -145
026073           STA I ,B ,X -6
026074           STF -173
026075           LDX I ,X 173
026076           LDA I 110
026077           LDT ,B 51
026100           SKP IF DA UEQ ST
026101 5TOER:    JMP 12		; -> 026113
026102           LDT ,B 44
026103           LDX ,B 51
026104           LDD ,B 45
026105           JPL I 102		; -> 026207
026106 WLOCQ:    JMP 74		; -> 026202
026107           BSKP ZRO 40 DA
026110           JMP 3		; -> 026113
026111 BAK64:    SAA 70
026112           JMP 70		; -> 026202
026113           LDT ,B 44
026114           JPL I 74		; -> 026210
026115           JMP 65		; -> 026202
026116 LOCQ:     BSKP ONE 30 DA
026117           JMP 3		; -> 026122  [DOHOL]
026120           SAA 70
026121           JMP 61		; -> 026202
026122 DOHOL:    LDD ,B 45
026123           JPL I 66		; -> 026211  [5RELW]
026124           JMP 56		; -> 026202
026125 REAQ:     LDA ,B 52
026126           JAF 3		; -> 026131
026127           LDA ,X 43
026130 WRIQ:     JMP 3		; -> 026133
026131           LDA ,B 52
026132           SHA ZIN 12
026133           AND 57
026134 APPQ:     RADD CLD SA DT
026135           LDA ,B 53
026136 XTAKQ:    JAF 3		; -> 026141
026137 BAK65:    LDA ,X 43
026140           JMP 3		; -> 026143
026141           LDA ,B 53
026142           SHA ZIN 5
026143           AND 50
026144           RADD SA DT
026145           LDA ,B 54
026146 TAKQ:     JAF 3		; -> 026151
026147           LDA ,X 43
026150           JMP 2		; -> 026152
026151           LDA ,B 54
026152           AND 42
026153           RADD SA DT
026154           STT ,X 43
026155           LDT ,B 44
026156 5RESW:    LDD ,B 45
026157           JPL I 36		; -> 026215
026160           JMP 22		; -> 026202
026161           LDA ,B 46
026162           LDT ,B 50
026163           SKP IF DA UEQ ST
026164           JMP 7		; -> 026173
026165 BAK66:    LDT ,B 44
026166           LDD ,B 45
026167           JPL I 27		; -> 026216
026170           JMP 12		; -> 026202
026171           STD ,B 45
026172           JMP -74		; -> 026076
026173           MIN ,B 4
026174           LDT ,B 44
026175           JPL I 22		; -> 026217
026176           LDA ,X 3
026177           JPL I 21		; -> 026220
026200           SAA -55
026201           JMP I 20		; -> 026221
026202           STA ,B 2
026203           JMP -7		; -> 026174
026204           STA ,B 2
026205           JMP -5		; -> 026200
026206           RADD CM1 SX DL
026207           LDX I ,B ,X -7
026210           LDT -55
026211 5RELW:    LDX I ,B 166
026212           ORA ,X 0
026213 BAK67:    STZ I ,B -40
026214           STZ 37
026215           LDX I ,B -30
026216           LDX I ,B ,X 167
026217           STF -153
026220           STT ,B 106
026221           STZ I ,B ,X -2
026222           RSUB 0 DB
026223           STF I ,B 71
026224           STZ 4
026225           LDA ,B 0
026226           LDA ,B 25
026227           SAD ZIN SHR 4
026230           BSET ZRO SSPTM
026231           RADD CLD SA DX
026232           LDT I ,X 14
026233           BSET ONE SSPTM
026234           SHD ZIN SHR 11
026235           SAA 170
026236           RAND SD DA
026237 TTWPU:    ORA 10
026240           EXR SA
026241 BAK68:    BSKP ONE SSK
026242           JMP 3		; -> 026245
026243           LDA 5
026244           EXIT
026245           RADD AD1 CLD SL DP
026246 TTPUT:    MPY I -156
026247           BLDC 0 DT
026250 IN5FU:    STZ -177
026251           RADD CM1 CLD 0 DP
026252           RADD CLD SL DA
026253           STA ,B 34
026254 TRTPU:    LDA ,B 20
026255           LDT 165
026256           SKP IF DA GRE ST
026257           JMP 31		; -> 026310
026260           LDT 163
026261           SKP IF DA LST ST
026262           JMP 26		; -> 026310
026263           LDA ,B 20
026264           SUB 160
026265           STA ,B 20
026266           JPL I 157		; -> 026445  [BAK74]
026267 BAK69:    JAF 2		; -> 026271
026270           RADD CLD SD DA
026271           STA ,B 36
026272           JAF 3		; -> 026275
026273           SAA 174
026274           JMP I 152		; -> 026446  [XMRW]
026275           RADD CLD SA DX
026276           LDA ,X 15
026277 UNLQ:     SAT 100
026300           SKP IF DA GRE ST
026301           JMP 4		; -> 026305
026302 XUNLQ:    SAT 177
026303           SKP IF DT LST SA
026304 TTOMR:    JMP 3		; -> 026307  [DMOUT]
026305           LDA 142
026306           JMP I 140		; -> 026446  [XMRW]
026307 DMOUT:    JMP 153		; -> 026462
026310           LDA ,B 20
026311           STA I 137
026312           JPL I 133		; -> 026445  [BAK74]
026313           JAF 2		; -> 026315  [BAK70]
026314           RADD CLD SD DA
026315 BAK70:    JAZ 5		; -> 026322
026316           RADD CLD SA DX
026317           LDA ,X 3
026320 RLMBP:    BSKP ZRO 120 DA
026321           JMP 3		; -> 026324
026322           SAA 174
026323           JMP I 123		; -> 026446  [XMRW]
026324           BSKP ZRO 70 DA
026325           JMP 3		; -> 026330
026326           BSKP ONE 60 DA
026327           JMP 17		; -> 026346
026330           LDA ,B 25
026331 AMOFI:    SAT 1
026332           SKP IF DA UEQ ST
026333           JMP 12		; -> 026345
026334 BMOFF:    SAT 51
026335           SKP IF DA UEQ ST
026336           JMP 7		; -> 026345
026337           SAT 52
026340           SKP IF DA UEQ ST
026341           JMP 4		; -> 026345
026342           SAT 55
026343 BAK71:    SKP IF DA EQL ST
026344           JMP 2		; -> 026346
026345           RADD CLD SD DX
026346           LDA ,X 1
026347           JAZ 4		; -> 026353
026350           LDT ,B 31
026351 500MT:    SKP IF DA EQL ST
026352           JMP I 77		; -> 026451  [ERR22]
026353           LDA ,X 25
026354 MAGTP:    STA ,B 37
026355           LDA ,X 22
026356           STA ,B 35
026357           JPL I 66		; -> 026445  [BAK74]
026360           JAF 3		; -> 026363
026361           SAA 174
026362           JMP I 64		; -> 026446  [XMRW]
026363           STA ,B 36
026364           RADD CLD SA DX
026365           LDA ,X 3
026366           BSKP ONE 60 DA
026367           JMP 73		; -> 026462
026370           STX ,B 41
026371 BAK72:    LDT ,X -3
026372           SKP IF DT EQL 0
026373           JMP 23		; -> 026416
026374           LDA ,B 24
026375 500RF:    LDT ,B 20
026376           JPL I 54		; -> 026452
026377           JMP I 54		; -> 026453
026400           STT ,B 42
026401 500WF:    RADD CLD SD DA
026402           STA ,B 40
026403           RADD CLD SX DD
026404           LDA ,B 24
026405 XRFIL:    ADD 47
026406           AND 47
026407 XWFIL:    RADD CLD ST DX
026410           STA ,X 6
026411           LDA ,X 7
026412           RADD CLD SD DX
026413           STA ,X -3
026414           STZ ,X 13
026415           JMP 17		; -> 026434
026416           RADD CLD ST DA
026417 BAK73:    JPL I 37		; -> 026456
026420           RADD CLD ST DA
026421           JPL I 24		; -> 026445  [BAK74]
026422           RADD CLD SA DX
026423           STA ,B 42
026424 RELMB:    LDA ,X 11
026425           STA ,B 40
026426           LDA ,B 24
026427           LDT ,X 6
026430           SKP IF DT LST SA
026431           JMP 3		; -> 026434
026432           LDA 25
026433           JMP I 13		; -> 026446  [XMRW]
026434           LDX ,B 41
026435           LDA ,B 40
026436           STA ,B 41
026437           LDA I -166
026440           JPL I 20		; -> 026460
026441           JMP I 20		; -> 026461
026442           STZ I ,X -200
026443           STZ I ,X -100
026444           STZ I ,X 100
026445 BAK74:    STT -2
026446 XMRW:     MPY ,X 64
026447           STZ -177
026450           ROP NOOP
026451 ERR22:    MPY ,X 63
026452           LDF ,B -145
026453           MPY ,X 57
026454           STZ I ,B -1
026455           BANC SSPTM
026456           STT ,B 100
026457           STZ -43
026460           STT ,B 106
026461           MPY ,X 65
026462           LDA ,B 20
026463           JPL I 77		; -> 026562
026464           JAZ 7		; -> 026473  [BAK75]
026465           RADD CLD SA DX
026466           LDA ,X 1
026467           JAZ 4		; -> 026473  [BAK75]
026470           LDT ,B 31
026471           SKP IF DA EQL ST
026472           JMP I 71		; -> 026563
026473 BAK75:    SKP IF DD UEQ 0
026474 CATES:    JMP 7		; -> 026503
026475           RADD CLD SD DX
026476           LDA ,X 1
026477           JAZ 4		; -> 026503
026500           LDT ,B 31
026501           SKP IF DA EQL ST
026502 CHMEM:    JMP I 61		; -> 026563
026503           LDA ,B 35
026504           LDT 60
026505           SKP IF DA GRE ST
026506           JMP 24		; -> 026532
026507           LDT 56
026510           SKP IF DT GRE SA
026511           JMP 21		; -> 026532
026512           LDA ,B 25
026513           SAD ZIN SHR 4
026514           BSET ZRO SSPTM
026515 CARTT:    RADD CLD SA DX
026516           LDT I ,X 50
026517           BSET ONE SSPTM
026520           SHD ZIN SHR 11
026521 BAK76:    SAA 170
026522           RAND SD DA
026523           ORA 44
026524           EXR SA
026525           BSKP ONE SSK
026526           JMP 3		; -> 026531
026527           LDA 41
026530           JMP I 41		; -> 026571  [PHLOG]
026531           JMP 145		; -> 026676
026532           LDX ,B 36
026533           LDA ,X 3
026534           BSKP ZRO 110 DA
026535           JMP 2		; -> 026537
026536           JMP 140		; -> 026676
026537           LDA ,B 25
026540           JAZ 7		; -> 026547  [BAK77]
026541           SAT 1
026542           SKP IF DA UEQ ST
026543           JMP 4		; -> 026547  [BAK77]
026544           SAT 4
026545           SKP IF DA EQL ST
026546           JMP 13		; -> 026561
026547 BAK77:    LDX ,B 31
026550           RADD CLD SX DA
026551           ADD 21
026552           RADD CLD SA DT
026553           LDA ,B 24
026554           RADD CLD SA DD
026555           LDA ,B 22
026556           JPL I 15		; -> 026573
026557           JMP 117		; -> 026676
026560           JMP 15		; -> 026575  [BAK78]
026561           JMP 115		; -> 026676
026562           STT -2
026563           MPY ,X 63
026564           STZ ,X -172
026565           STZ ,X -171
026566           MPY I -156
026567           BLDC 0 DT
026570           STZ -177
026571 PHLOG:    MPY ,X ,B -145
026572 XRPAG:    STZ 14
026573           FAD I -5
026574 XWPAG:    RADD CM1 CLD 0 DP
026575 BAK78:    STD ,B 22
026576 YFGET:    LDA I -2
026577           JPL I 65		; -> 026664
026600 YFPUT:    LDA ,B 37
026601           SHA ZIN 6
026602           ORA ,B 25
026603           STA ,B 25
026604           LDT ,B 35
026605           LDA 60
026606           RADD SB DA
026607           SAX 0
026610           STA ,X ,B 40
026611           AAA -3
026612           SAX 1
026613           STA ,X ,B 40
026614           AAA 15
026615           SAX 2
026616           STA ,X ,B 40
026617           AAA -13
026620           SAX 3
026621           STA ,X ,B 40
026622           LDA 44
026623 BAK79:    RADD SB DA
026624           MON 131		; DataTransfer / ABSTR (131B)
026625           BSKP ONE 40 DA
026626           JMP 5		; -> 026633
026627           LDX ,B 36
026630           JPL I 37		; -> 026667  [VDUBS]
026631           STZ ,B 43
026632           JMP 4		; -> 026636
026633           LDT ,B 24
026634           STT ,B 43
026635           RADD CLD 0 DA
026636           STA ,B 35
026637           LDA ,B 27
026640           BSKP ONE 0 DA
026641           JMP 15		; -> 026656  [GETOU]
026642           LDA ,B 25
026643           AND 25
026644           JAF 12		; -> 026656  [GETOU]
026645           RADD CLD SB DX
026646           JPL I 23		; -> 026671
026647           JPL I 23		; -> 026672
026650           LDA ,B 43
026651 BAK80:    LDX ,B 26
026652           JPL I 21		; -> 026673
026653           STA ,X 0
026654           JPL I 20		; -> 026674
026655 VDUTT:    JPL I 20		; -> 026675
026656 GETOU:    LDX ,B 13
026657           RADD CLD SX DD
026660           LDX ,B 10
026661           LDT ,B 11
026662           LDA ,B 35
026663           JMP I ,B 34		; -> 026717
026664           STT ,B 106
026665           STZ 25
026666           STZ 40
026667 VDUBS:    STA I ,B ,X 170
026670 PUTIN:    STZ 77
026671           STA 141
026672           MPY I ,B ,X 73
026673           STA 177
026674           STA 116
026675           MPY I ,B ,X 110
026676           LDA ,B 25
026677 GETOL:    SAT 5
026700           SKP IF DA GRE ST
026701 PTFRE:    JMP 20		; -> 026721  [TO10Q]
026702           SAT 25
026703           SKP IF DA UEQ ST
026704           JMP 15		; -> 026721  [TO10Q]
026705           SAT 43
026706           SKP IF DA UEQ ST
026707           JMP 12		; -> 026721  [TO10Q]
026710           SAT 44
026711 SRCHO:    SKP IF DA UEQ ST
026712           JMP 7		; -> 026721  [TO10Q]
026713           SAT 52
026714           SKP IF DA UEQ ST
026715           JMP 4		; -> 026721  [TO10Q]
026716           SAT 55
026717           SKP IF DA EQL ST
026720           JMP 3		; -> 026723  [TO11Q]
026721 TO10Q:    LDA ,B 24
026722           JMP 14		; -> 026736  [TABSP]
026723 TO11Q:    SAT 26
026724           SKP IF DA UEQ ST
026725 BAK82:    JMP 4		; -> 026731
026726           SAT 27
026727           SKP IF DA EQL ST
026730           JMP 5		; -> 026735
026731           LDA ,B 24
026732           AAA 1
026733           SHA ZIN SHR 1
026734           JMP 2		; -> 026736  [TABSP]
026735           RADD CLD 0 DA
026736 TABSP:    RADD CLD SA DD
026737           LDX ,B 36
026740           LDA ,X 3
026741           BSKP ONE 70 DA
026742           JMP 46		; -> 027010
026743           LDA ,B 13
026744           JAF 41		; -> 027005
026745           LDT ,B 20
026746           RADD CLD SD DA
026747           JPL I 102		; -> 027051
026750 CRLF:     JMP 107		; -> 027057
026751           RADD CLD SD DA
026752           STA ,B 40
026753 BAK83:    STA ,B 41
026754           STT ,B 42
026755 ST10L:    SAA 1
026756           STA ,B 13
026757 PMCRL:    LDA ,B 20
026760           JPL I 72		; -> 027052
026761           RADD CLD SD DX
026762           LDA ,X 23
026763           JPL I 67		; -> 027052
026764           RADD CLD SA DX
026765           SKP IF DX EQL SB
026766 TCO2:     JMP 7		; -> 026775
026767           LDA ,B 20
026770           JPL I 62		; -> 027052
026771           RADD CLD SA DX
026772           LDA ,X 23
026773           JPL I 57		; -> 027052
026774           RADD CLD SA DX
026775           LDA ,B 41
026776           STA ,X 41
026777 TCO:      STA ,X 40
027000           LDA ,B 42
027001 BAK84:    STA ,X 42
027002 ST11L:    SAA 1
027003           STA ,X 13
027004 INZ50:    JMP 3		; -> 027007
027005           LDA ,B 41
027006           STA ,B 40
027007           JMP 30		; -> 027037
027010           BSKP ONE 110 DA
027011           JMP 16		; -> 027027  [BAK85]
027012           LDA ,B 25
027013           SAT 60
027014           SKP IF DA UEQ ST
027015 PMTCO:    JMP 11		; -> 027026
027016           SAT 61
027017           SKP IF DA UEQ ST
027020           JMP 6		; -> 027026
027021           SAT 50
027022           SKP IF DA UEQ ST
027023           JMP 3		; -> 027026
027024           SAT 51
027025           SKP IF DA UEQ ST
027026           JMP 33		; -> 027061
027027 BAK85:    LDT ,B 20
027030           RADD CLD SD DA
027031           JPL I 20		; -> 027051
027032 TCI:      JMP 25		; -> 027057
027033           RADD CLD SD DA
027034           STA ,B 40
027035           STA ,B 41
027036           STT ,B 42
027037           LDX ,B 36
027040           LDA ,X 7
027041           BSKP ONE 100 DA
027042           JMP 4		; -> 027046
027043           LDA ,X 3
027044           BSKP ZRO 160 DA
027045           JMP 20		; -> 027065
027046           LDA I 6
027047           JPL I 4		; -> 027053
027050           JMP 15		; -> 027065
027051           LDF ,B -135
027052           STT -2
027053           STT ,B 106
027054 DRTRA:    RADD CM1 CLD 0 DP
027055 BAK86:    SAA 153
027056 COMEN:    JMP I 70		; -> 027146
027057           SAA 172
027060           JMP 4		; -> 027064
027061           LDA 66
027062           JMP 2		; -> 027064
027063 WINB:     LDA 65
027064           JMP I 65		; -> 027151
027065           LDX ,B 36
027066           LDA ,X 3
027067           BSKP ONE 100 DA
027070           JMP 31		; -> 027121
027071           LDA ,B 25
027072           AND 60
027073           RADD CLD SA DX
027074           LDA I 57
027075           RADD CLD SA DD
027076           RADD CLD 0 DA
027077           SAD 12
027100           SWAP SD DA
027101           ADD 53
027102           SUB 53
027103 BAK87:    RADD SA DX
027104           RADD CLD SD DT
027105           LDATX
027106           BSKP ONE 140 DA
027107           JMP 12		; -> 027121
027110 DL11T:    LDX ,B 31
027111           LDA ,X 1
027112           BSKP ZRO 0 DA
027113           JMP -32		; -> 027061
027114           LDA ,X 17
027115           AND 41
027116           SAT 2
027117           SKP IF DA GRE ST
027120 DL12T:    JMP -37		; -> 027061
027121           LDA ,B 25
027122           SAT 20
027123           SKP IF DA UEQ ST
027124           JMP 20		; -> 027144
027125           SAT 24
027126           SKP IF DA UEQ ST
027127 ETCI:     JMP 15		; -> 027144
027130           SAT 57
027131 BAK88:    SKP IF DA UEQ ST
027132           JMP 12		; -> 027144
027133           SAT 64
027134 DDRIV:    SKP IF DA UEQ ST
027135           JMP 7		; -> 027144
027136           SAT 65
027137           SKP IF DA UEQ ST
027140           JMP 4		; -> 027144
027141           SAT 70
027142           SKP IF DA EQL ST
027143           JMP 15		; -> 027160
027144           JPL I 13		; -> 027157  [BAK89]
027145           JMP I 1		; -> 027146
027146           MPY ,X ,B -145
027147           STZ -177
027150           STZ -173
027151           MPY ,X ,B -107
027152           STZ 77
027153           STA I 102
027154           LDA ,X ,B 126
027155           STF ,X 0
027156           STZ 3
027157 BAK89:    MPY ,X ,B -66
027160           SAT 42
027161           SKP IF DA UEQ ST
027162           JMP 12		; -> 027174
027163           SAT 46
027164           SKP IF DA UEQ ST
027165           JMP 7		; -> 027174
027166           SAT 56
027167           SKP IF DA UEQ ST
027170 SET10:    JMP 4		; -> 027174
027171           SAT 63
027172           SKP IF DA EQL ST
027173           JMP 24		; -> 027217
027174           LDA ,B 17
027175           RADD CLD SA DD
027176           SAT 1
027177           LDX ,B 31
027200           LDA ,B 26
027201           JPL I 73		; -> 027274
027202           JMP -125		; -> 027055  [BAK86]
027203           JPL I 72		; -> 027275
027204           RADD CLD SB DX
027205 BAK90:    JPL I 71		; -> 027276
027206           JPL I 71		; -> 027277
027207           LDX ,B 42
027210           LDA ,X 12
027211           LDX ,B 26
027212 SET12:    JPL I 66		; -> 027300
027213           STA ,X 0
027214           JPL I 65		; -> 027301
027215           JPL I 65		; -> 027302
027216           JMP I 65		; -> 027303
027217           SAT 4
027220           SKP IF DT LST SA
027221 SRRT1:    JMP 66		; -> 027307  [BAK93]
027222 CREAD:    SAT 43
027223           SKP IF DA UEQ ST
027224 SRRT2:    JMP 63		; -> 027307  [BAK93]
027225           SAT 44
027226           SKP IF DA UEQ ST
027227 OREAD:    JMP 60		; -> 027307  [BAK93]
027230           SAT 25
027231           SKP IF DA UEQ ST
027232           JMP 55		; -> 027307  [BAK93]
027233 BAK91:    SAT 52
027234 RES10:    SKP IF DA UEQ ST
027235 SRRT4:    JMP 52		; -> 027307  [BAK93]
027236           SAT 55
027237 COMMO:    SKP IF DA UEQ ST
027240           JMP 47		; -> 027307  [BAK93]
027241           SAT 26
027242           SKP IF DA UEQ ST
027243           JMP 44		; -> 027307  [BAK93]
027244           SAT 27
027245 CWRIT:    SKP IF DA UEQ ST
027246           JMP 41		; -> 027307  [BAK93]
027247           SAT 36
027250           SKP IF DA UEQ ST
027251           JMP 36		; -> 027307  [BAK93]
027252 OWRIT:    JPL I 23		; -> 027275
027253           LDX ,B 36
027254           LDA ,X 3
027255           BSKP ONE 60 DA
027256           JMP 15		; -> 027273
027257           LDA ,B 25
027260 INZER:    SAT 21
027261 BAK92:    SKP IF DA EQL ST
027262           JMP 11		; -> 027273
027263           LDA ,X -3
027264           JPL I 20		; -> 027304
027265 SETBF:    LDT ,B 20
027266           JPL I 17		; -> 027305
027267           JPL I 17		; -> 027306  [RESCP]
027270           STZ ,X -3
027271           LDX ,X -1
027272           STZ ,X 13
027273           JMP I 10		; -> 027303
027274           STT I ,B 144
027275           MPY ,X ,B -66
027276           STA 141
027277           MPY I ,B ,X 73
027300           STA 177
027301           STA 116
027302           MPY I ,B ,X 110
027303           MPY ,X ,B -163
027304           STT ,B 100
027305           LDF I 102
027306 RESCP:    STZ -163
027307 BAK93:    LDA ,B 25
027310 MNTH1:    SAT 2
027311           SKP IF DA UEQ ST
027312           JMP 7		; -> 027321  [SCAB]
027313           SAT 26
027314 BACK:     SKP IF DA UEQ ST
027315           JMP 4		; -> 027321  [SCAB]
027316           SAT 27
027317           SKP IF DA EQL ST
027320           JMP 5		; -> 027325
027321 SCAB:     LDT ,B 24
027322           AAT 1
027323           SHT ZIN SHR 1
027324           JMP 2		; -> 027326
027325           LDT ,B 24
027326           LDX ,B 31
027327           LDA ,B 17
027330           RADD CLD SA DD
027331           LDA ,B 22
027332           JPL I 134		; -> 027466  [EEDIT]
027333           JMP I 134		; -> 027467
027334           LDA ,B 27
027335 BAK94:    JAZ 5		; -> 027342
027336           SAT 1
027337           LDA ,B 26
027340 RELCP:    JPL I 126		; -> 027466  [EEDIT]
027341           JMP I 126		; -> 027467
027342           LDA ,B 25
027343           JAZ 23		; -> 027366
027344           SAT 2
027345 KALDR:    SKP IF DA UEQ ST
027346 3ENTE:    JMP 20		; -> 027366
027347           SAT 4
027350           SKP IF DA UEQ ST
027351           JMP 15		; -> 027366
027352           SAT 43
027353           SKP IF DA UEQ ST
027354           JMP 12		; -> 027366
027355           SAT 25
027356           SKP IF DA UEQ ST
027357           JMP 7		; -> 027366
027360           SAT 26
027361           SKP IF DA UEQ ST
027362           JMP 4		; -> 027366
027363 BAK95:    SAT 36
027364           SKP IF DA EQL ST
027365           JMP I 103		; -> 027470
027366           LDX ,B 36
027367           LDA ,X 3
027370           BSKP ONE 100 DA
027371 L3EAV:    JMP 3		; -> 027374
027372           LDA ,B 24
027373           STA ,B 43
027374           JPL I 75		; -> 027471
027375 RLHIL:    LDX ,B 36
027376           LDA ,X 3
027377           BSKP ONE 100 DA
027400           JMP 11		; -> 027411  [BAK96]
027401           LDA ,B 35
027402           BSKP ONE 40 DA
027403           JMP 3		; -> 027406
027404 LEAVX:    RADD CLD 0 DA
027405           JMP 2		; -> 027407
027406           LDA ,B 43
027407           STA ,B 24
027410           JMP 41		; -> 027451
027411 BAK96:    BSKP ONE 60 DA
027412           JMP 10		; -> 027422
027413           LDX ,B 42
027414           LDA ,X 11
027415           STA ,B 40
027416           STA ,B 41
027417 LEAV2:    LDA ,X 12
027420           STA ,B 24
027421           JMP 30		; -> 027451
027422           BSKP ONE 70 DA
027423           JMP 23		; -> 027446
027424           LDA ,B 35
027425           BSKP ONE 40 DA
027426           JMP 3		; -> 027431
027427           RADD CLD 0 DA
027430 3LEAV:    JMP 14		; -> 027444
027431           LDX ,B 42
027432           LDX ,X 11
027433           LDT I 37
027434           LDATX
027435           AAA 1
027436           SHA ZIN SHR 1
027437 BAK97:    AAA 2
027440           LDT ,B 24
027441           SKP IF DT LST SA
027442           JMP 2		; -> 027444
027443 DIALO:    RADD CLD ST DA
027444           STA ,B 24
027445           JMP 4		; -> 027451
027446           LDX ,B 42
027447           LDA ,X 12
027450 CFORG:    STA ,B 24
027451           LDA ,B 27
027452           BSKP ONE 0 DA
027453           JMP 12		; -> 027465  [BAK98]
027454           RADD CLD SB DX
027455           JPL I 16		; -> 027473
027456           JPL I 16		; -> 027474
027457           LDX ,B 26
027460           LDT ,B 24
027461           JPL I 14		; -> 027475
027462           STT ,X 0
027463           JPL I 13		; -> 027476
027464           JPL I 13		; -> 027477
027465 BAK98:    JMP 13		; -> 027500
027466 EEDIT:    STT I ,B 144
027467           MPY ,X 55
027470           MPY ,X ,B 151
027471           MPY ,X ,B -66
027472           STA -147
027473           STA 141
027474           MPY I ,B ,X 73
027475           STA 177
027476           STA 116
027477           MPY I ,B ,X 110
027500           LDT ,B 24
027501           SKP IF DT UEQ 0
027502           JMP 37		; -> 027541  [BK100]
027503           LDA I 111
027504           JPL I 36		; -> 027542  [RSCAL]
027505           LDA ,B 25
027506           SAT 26
027507           SKP IF DA EQL ST
027510           JMP 5		; -> 027515
027511 XTUSO:    LDA ,B 24
027512           AAA 1
027513 BAK99:    SHA ZIN SHR 1
027514           STA ,B 24
027515           LDA ,B 17
027516           RADD CLD SA DD
027517           RADD CLD SB DX
027520           JPL I 23		; -> 027543
027521           LDX ,B 41
027522           LDT I 22
027523           LDA ,B 22
027524           JPL I 21		; -> 027545
027525           LDT ,B 24
027526           JPL I 20		; -> 027546  [TDALO]
027527           JPL I 20		; -> 027547
027530 SLRMO:    LDX ,B 36
027531           LDA ,X 7
027532           BSKP ONE 100 DA
027533           JMP 4		; -> 027537
027534           LDA ,X 3
027535           BSKP ZRO 160 DA
027536           JMP 57		; -> 027615  [BK102]
027537           LDA I 55
027540           JPL I 10		; -> 027550  [TDALX]
027541 BK100:    JMP 54		; -> 027615  [BK102]
027542 RSCAL:    STT ,B 100
027543           LDD I ,B ,X 142
027544           STA -147
027545           STT I -142
027546 TDALO:    STZ I -154
027547           LDD I ,B ,X 176
027550 TDALX:    STT ,B 106
027551           LDA I 43
027552           JPL I 124		; -> 027676
027553           LDA ,B 24
027554           RADD CLD SA DD
027555           LDA ,B 25
027556           SAT 27
027557           SKP IF DA EQL ST
027560           JMP 4		; -> 027564
027561           RADD AD1 CLD SD DA
027562           SHA ZIN SHR 1
027563           RADD CLD SA DD
027564           LDT ,B 17
027565           SWAP SD DT
027566           RADD CLD SB DX
027567 BK101:    JPL I 110		; -> 027677
027570           STT ,B 40
027571           LDT I 107
027572           LDX ,B 41
027573           LDA ,B 22
027574           JPL I 105		; -> 027701
027575           LDT ,B 40
027576 SVCAL:    SWAP SX DA
027577           JPL I 103		; -> 027702
027600           JPL I 103		; -> 027703  [GOODR]
027601           LDX ,B 36
027602           LDA ,X 7
027603           BSKP ONE 100 DA
027604           JMP 4		; -> 027610
027605           LDA ,X 3
027606 XFRUS:    BSKP ZRO 160 DA
027607           JMP 3		; -> 027612
027610           LDA I 4
027611           JPL I 73		; -> 027704
027612           JPL I 73		; -> 027705
027613           JMP 2		; -> 027615  [BK102]
027614           RADD CM1 CLD 0 DP
027615 BK102:    LDX ,B 36
027616           LDA ,X 7
027617 FRUSM:    BSKP ONE 100 DA
027620           JMP 4		; -> 027624
027621           LDA ,X 3
027622 GPHPA:    BSKP ZRO 160 DA
027623           JMP 11		; -> 027634  [TOUSM]
027624           LDA ,B 35
027625           BSKP ONE 40 DA
027626           JMP 4		; -> 027632
027627           LDX ,B 36
027630           JPL I 56		; -> 027706
027631           JMP 2		; -> 027633
027632           RADD CLD 0 DA
027633           STA ,B 35
027634 TOUSM:    LDX ,B 36
027635           LDA ,X 3
027636           BSKP ONE 60 DA
027637           JMP 11		; -> 027650
027640           LDA ,B 25
027641 TYDAL:    SAT 21
027642           SKP IF DA UEQ ST
027643 BK103:    JMP 5		; -> 027650
027644           LDX ,B 42
027645           LDA ,X 7
027646           JPL I 36		; -> 027704
027647           JMP 22		; -> 027671  [BK104]
027650           BSKP ZRO 70 DA
027651 STDS0:    JMP 17		; -> 027670
027652 INITF:    LDA I -36
027653           JPL I 23		; -> 027676
027654           LDT ,B 20
027655           JPL I 32		; -> 027707
027656           JPL I 32		; -> 027710
027657           LDX ,B 36
027660           LDA ,X 7
027661           BSKP ONE 100 DA
027662           JMP 4		; -> 027666
027663           LDA ,X 3
027664           BSKP ZRO 160 DA
027665           JMP 3		; -> 027670
027666           LDA I -52
027667           JPL I 15		; -> 027704
027670           LDA ,B 35
027671 BK104:    LDX ,B 13
027672           RADD CLD SX DD
027673           LDX ,B 10
027674           LDT ,B 11
027675           JMP I ,B 34		; -> 027731
027676           STT ,B 100
027677           LDD I ,B ,X 142
027700           STA -147
027701           STT I -142
027702           STZ I -154
027703 GOODR:    LDD I ,B ,X 176
027704           STT ,B 106
027705           MPY ,X ,B -66
027706           STA I ,B ,X 170
027707           LDF I 112
027710           STZ -163
027711           MPY I ,X 142
027712           LDX ,B 36
027713           LDA ,X 7
027714           BSKP ONE 100 DA
027715           JMP 7		; -> 027724
027716           LDA ,X 3
027717 BK105:    BSKP ONE 160 DA
027720           JMP 4		; -> 027724
027721           RADD CLD SB DD
027722 RWDAL:    LDT ,B 42
027723           JMP I -12		; -> 027711
027724           LDA ,B 25
027725           LDX ,B 42
027726 HIMFE:    STA ,X 15
027727           SAT 56
027730           SKP IF DA EQL ST
027731           JMP 3		; -> 027734
027732           STZ ,X 13
027733           JMP 3		; -> 027736
027734           LDA ,B 37
027735           STA ,X 13
027736           LDA ,B 24
027737           STA ,X 12
027740           LDA ,B 35
027741           LDT 171
027742           SKP IF DA GRE ST
027743           JMP 40		; -> 030003  [XIRBA]
027744 NNT40:    LDT 167
027745 BK106:    SKP IF DT GRE SA
027746           JMP 35		; -> 030003  [XIRBA]
027747           LDA ,B 37
027750           SHA ZIN 6
027751           ADD ,B 25
027752 XDLOG:    LDX ,B 42
027753           STA ,X 15
027754           LDA ,B 25
027755           SAT 1
027756           SKP IF DT GRE SA
027757           JMP 13		; -> 027772
027760           LDT 154
027761           LDA ,B 24
027762           RADD CLD SA DD
027763           RADD CLD 0 DA
027764           RDIV ST
027765           SKP IF DD UEQ 0
027766           JMP 2		; -> 027770
027767           AAA 1
027770           STA ,X 12
027771           JMP 11		; -> 030002
027772           SAT 16
027773 BK107:    SKP IF DA UEQ ST
027774           JMP 4		; -> 030000  [NXPIT]
027775           SAT 15
027776           SKP IF DA EQL ST
027777           JMP 3		; -> 030002
030000 NXPIT:    SAA 1
030001           STA ,X 12
030002           JMP 74		; -> 030076  [RELRE]
030003 XIRBA:    LDX ,B 36
030004           LDA ,X 3
030005           BSKP ONE 100 DA
030006 SIMIN:    JMP 56		; -> 030064
030007           LDA ,B 25
030010           SAT 2
030011           SKP IF DA GRE ST
030012           JMP 7		; -> 030021  [BK108]
030013           SAT 43
030014           SKP IF DA UEQ ST
030015           JMP 4		; -> 030021  [BK108]
030016           SAT 44
030017           SKP IF DA EQL ST
030020 SPSRS:    JMP 36		; -> 030056
030021 BK108:    LDA ,B 37
030022           ADD ,B 36
030023           ADD 112
030024           RADD CLD SA DX
030025           LDA ,X 0
030026           ADD ,B 36
030027           ADD 107
030030           RADD CLD SA DX
030031 DYNXI:    LDT ,X 0
030032           LDA ,B 24
030033           RADD CLD SA DD
030034           RADD CLD 0 DA
030035           RDIV ST
030036           SKP IF DD UEQ 0
030037           JMP 2		; -> 030041
030040           AAA 1
030041           LDX ,B 42
030042           STA ,X 12
030043           RADD CLD SA DD
030044           LDA ,B 37
030045           ADD ,B 36
030046           ADD 71
030047 BK109:    RADD CLD SA DX
030050           LDA ,X 0
030051           RADD SD DA
030052           STA ,X 0
030053           RSUB SD DA
030054 SRTER:    LDX ,B 42
030055           STA ,X 13
030056           LDA ,B 37
030057           SHA 6
030060           ADD ,B 25
030061           LDX ,B 42
030062 GETCH:    STA ,X 15
030063           JMP 13		; -> 030076  [RELRE]
030064           BSKP ONE 60 DA
030065           JMP 11		; -> 030076  [RELRE]
030066           LDA ,B 25
030067           AND 51
030070 GTTCH:    SAT 1
030071 CCBRE:    SKP IF DA EQL ST
030072           JMP 4		; -> 030076  [RELRE]
030073           LDA ,B 35
030074           BSET ONE 170 DA
030075 BK110:    STA ,B 35
030076 RELRE:    LDT ,B 35
030077           LDA ,B 42
030100 PUTCH:    ADD 41
030101           MON 131		; DataTransfer / ABSTR (131B)
030102           STA ,B 35
030103           RADD CLD ST DA
030104 COPYS:    LDT 26
030105           SKP IF DA GRE ST
030106           JMP 23		; -> 030131
030107           LDT 24
030110           SKP IF DT GRE SA
030111           JMP 20		; -> 030131
030112           LDT ,B 25
030113           SKP IF DT EQL 0
030114           JMP 15		; -> 030131
030115           LDA ,B 35
030116           BSKP ONE 100 DA
030117           JMP 11		; -> 030130  [CCBRS]
030120           LDA ,X 12
030121           MPY 13
030122           LDT ,B 24
030123 BK111:    SKP IF DA MLST ST
030124           JMP 2		; -> 030126
030125           RADD CLD SA DT
030126           STT ,X 12
030127           JMP 2		; -> 030131
030130 CCBRS:    STZ ,X 12
030131           EXIT
030132           STZ ,X -172
030133           STZ ,X -171
030134           STZ I 0
030135           BORA 60 DP
030136           BORA 100 DT
030137           BORA 120 DT
030140           STZ 77
030141           STZ 16
030142 SMLVR:    STD I 111
030143           RADD CLD SL DA
030144           RADD CLD SB DD
030145           SAB 34
030146           JPL I 106		; -> 030254
030147           STT ,B 6
030150 ACOPY:    RADD CLD ST DX
030151 BK112:    LDD ,X 10
030152           STD ,B 30
030153           LDA I 102
030154           STA ,B 10
030155           STZ ,B 32
030156           LDA 100
030157           STA ,B 33
030160           STZ ,B 27
030161           LDX ,B 3
030162 ALLRE:    LDA ,X 25
030163           STA ,B 24
030164 SETBL:    LDT ,X 24
030165           STT ,B 23
030166           SAT 4
030167           SKP IF DT LST SA
030170           JMP 72		; -> 030262
030171           SAT 43
030172           SKP IF DA UEQ ST
030173 XSRTO:    JMP 67		; -> 030262
030174           SAT 44
030175           SKP IF DA UEQ ST
030176           JMP 64		; -> 030262
030177 BK113:    SAT 25
030200 INTSM:    SKP IF DA UEQ ST
030201           JMP 61		; -> 030262
030202           SAT 52
030203           SKP IF DA UEQ ST
030204 XRRTO:    JMP 56		; -> 030262
030205 CPTYP:    SAT 55
030206           SKP IF DA UEQ ST
030207           JMP 53		; -> 030262
030210           SAT 26
030211           SKP IF DA UEQ ST
030212           JMP 50		; -> 030262
030213 BERR:     SAT 27
030214           SKP IF DA UEQ ST
030215 BPLOC:    JMP 45		; -> 030262
030216           SAA 4
030217           STA ,B 27
030220 PGSSV:    JPL I 37		; -> 030257
030221           JPL I 37		; -> 030260
030222           JMP I 37		; -> 030261
030223           LDA ,B 24
030224           SAT 42
030225 GDIRA:    SKP IF DA UEQ ST
030226           JMP 15		; -> 030243  [LREVI]
030227           SAT 46
030230           SKP IF DA UEQ ST
030231           JMP 12		; -> 030243  [LREVI]
030232           SAT 56
030233 BPUNL:    SKP IF DA UEQ ST
030234           JMP 7		; -> 030243  [LREVI]
030235 GNAMA:    SAT 36
030236           SKP IF DA UEQ ST
030237           JMP 4		; -> 030243  [LREVI]
030240 MTFST:    SAT 63
030241 LMEMO:    SKP IF DA EQL ST
030242 LVERS:    JMP 4		; -> 030246  [CHAMP]
030243 LREVI:    LDA ,B 26
030244 FFORM:    LDX ,B 6
030245 EULOC:    STA ,X 12
030246 CHAMP:    LDA ,B 25
030247           LDX ,B 3
030250           STA ,X 35
030251           STA ,B 2
030252           JMP 150		; -> 030422  [MNBLK]
030253 BK115:    ROP NOOP
030254           STZ I ,B ,X -26
030255           RADD CM1 CLD SL DX
030256 LMSG1:    AAB 0
030257           MPY I ,B ,X 35
030260           STD -104
030261           MPY I ,B ,X 15
030262           SAT 26
030263           SKP IF DA UEQ ST
030264           JMP 4		; -> 030270
030265           SAT 27
030266           SKP IF DA EQL ST
030267 CABST:    JMP 10		; -> 030277
030270           LDA ,B 23
030271           AAA 1
030272           SHA ZIN SHR 1
030273           STA ,B 23
030274           LDA ,B 27
030275           AAA 2
030276 LMSG2:    STA ,B 27
030277           LDA ,B 23
030300           JAN 4		; -> 030304
030301 BK116:    LDT 57
030302           SKP IF DT LST SA
030303           JMP 3		; -> 030306
030304           SAA 172
030305           JMP 110		; -> 030415
030306           LDA ,B 24
030307           JAZ 20		; -> 030327  [BK117]
030310           SAT 2
030311           SKP IF DA UEQ ST
030312           JMP 15		; -> 030327  [BK117]
030313           SAT 43
030314           SKP IF DA UEQ ST
030315           JMP 12		; -> 030327  [BK117]
030316           SAT 25
030317           SKP IF DA UEQ ST
030320 XSUPD:    JMP 7		; -> 030327  [BK117]
030321           SAT 26
030322           SKP IF DA UEQ ST
030323 SUPDW:    JMP 4		; -> 030327  [BK117]
030324           SAT 36
030325 5EMON:    SKP IF DA EQL ST
030326 LMSG3:    JMP 43		; -> 030371
030327 BK117:    JPL I 32		; -> 030361  [FIDU]
030330           JPL I 32		; -> 030362
030331           JMP 64		; -> 030415
030332 5MONI:    LDX I 31
030333           LDA ,X 17
030334           RADD CLD SA DD
030335           LDT ,B 10
030336           JPL I 26		; -> 030364
030337           LDX ,B 31
030340           LDT ,B 30
030341           LDA 24
030342           JPL I 24		; -> 030366
030343           SWAP SA DX
030344 X001P:    LDT ,B 23
030345           JPL I 22		; -> 030367  [X003N]
030346 BABST:    LDX I 15
030347           STZ ,X 14
030350 LMSG4:    LDA ,B 26
030351           LDX ,B 3
030352 X002W:    STA ,X 24
030353           LDA ,B 25
030354 CLINO:    STA ,X 35
030355 BK118:    LDA 13
030356           STA ,B 4
030357           JMP 43		; -> 030422  [MNBLK]
030360           STZ ,X 0
030361 FIDU:     MPY I ,B ,X 35
030362           STD -104
030363           STA 7
030364           STA ,B -43
030365           AAB 0
030366           STT I -142
030367 X003N:    STZ I -154
030370           MPY ,X ,B 51
030371           LDX I 33
030372           LDA ,X 17
030373           RADD CLD SA DD
030374 BUSDV:    LDT ,B 10
030375           JPL I 30		; -> 030425  [0PCOU]
030376           LDX ,B 31
030377           LDT ,B 30
030400           LDA 26
030401 X004N:    JPL I 26		; -> 030427  [PGCOP]
030402           LDT ,B 23
030403 X005M:    JPL I 25		; -> 030430  [STOP]
030404 CLE5S:    LDX I 20
030405 X006E:    STZ ,X 14
030406           LDA ,B 27
030407           AAA 1
030410           STA ,B 27
030411           JPL I 20		; -> 030431  [BK120]
030412           JPL I 20		; -> 030432
030413 X007U:    JMP 2		; -> 030415
030414           LDA ,B 25
030415           STA ,B 2
030416 N500M:    LDX ,B 3
030417           STA ,X 35
030420 CMD:      LDA 13
030421 NSECT:    STA ,B 4
030422 MNBLK:    SAA -34
030423 NOOK:     JMP I 11		; -> 030434
030424 DSKAD:    STA 7
030425 0PCOU:    STA ,B -43
030426 MPAGS:    AAB 0
030427 PGCOP:    STT I -142
030430 STOP:     STZ I -154
030431 BK120:    MPY I ,B ,X 35
030432           STD -104
030433           MPY ,X ,B -145
030434           STZ I ,B ,X -2
030435           LDA ,B 0
030436           LDX I 26
030437           STA ,X 24
030440           LDA 25
030441           RADD SB DA
030442 X008M:    STA ,X 27
030443           LDA 23
030444           RADD SB DA
030445           STA ,X 25
030446           LDA 21
030447           RADD SB DA
030450           STA ,X 30
030451 SECTA:    LDA 17
030452           RADD SB DA
030453 X009M:    STA ,X 31
030454           LDA 15
030455 ITOFI:    RADD SB DA
030456           STA ,X 32
030457 BK121:    LDA 13
030460 X010E:    RADD SB DA
030461           STA ,X 26
030462           SAX 3
030463           EXIT
030464 X011N:    ROP NOOP
030465           STZ 32
030466           STZ 24
030467           STZ 23
030470           STZ 26
030471           STZ 25
030472           STZ 27
030473           LDA ,B 32
030474 X012P:    LDX I 25
030475           STA ,X 21
030476           LDT ,B 44
030477           STT ,X 14
030500 MEMTO:    RADD CLD SL DX
030501           LDA I 21
030502           JAF 4		; -> 030506  [X013W]
030503           LDT ,B 45
030504           JPL I 17		; -> 030523
030505 9LTBP:    JMP 2		; -> 030507
030506 X013W:    JPL I 16		; -> 030524
030507           RADD CLD SX DP
030510           LDX I 11
030511           STZ ,X 14
030512           STZ ,X 21
030513           RADD CLD SL DX
030514           LDA I 6
030515           JAF 3		; -> 030520
030516           SAT 5
030517           JPL I 4		; -> 030523
030520           RADD CLD SX DP
030521           STA 7
030522           STA 4
030523           STA ,B -16
030524           STA ,B -43
030525 X014G:    STD I 73
030526 EEXCC:    RADD CLD SL DA
030527           RADD CLD SB DD
030530           SAB 110
030531           JPL I 70		; -> 030621
030532           LDA 70
030533 BCH02:    LDX 70
030534           RADD SB DX
030535           LDT 67
030536           JPL I 67		; -> 030625
030537           JMP 53		; -> 030612  [X017T]
030540           LDA 66
030541           JPL I 64		; -> 030625
030542           JMP 50		; -> 030612  [X017T]
030543           RADD CLD SA DD
030544           RADD CLD 0 DX
030545 X015S:    SAT 11
030546           SKP IF DT GRE SX
030547           JMP 6		; -> 030555
030550           LDA I ,X 57
030551           SKP IF DA UEQ SD
030552           JMP 5		; -> 030557
030553           AAX 1
030554 MEMTR:    JMP -7		; -> 030545  [X015S]
030555           SAA 104
030556           JMP 34		; -> 030612  [X017T]
030557           LDA I 51
030560           JPL I 51		; -> 030631
030561 BCH03:    RADD CLD SX DT
030562           LDA 50
030563           LDX 40
030564           RADD SB DX
030565           JPL I 46		; -> 030633
030566           JMP 26		; -> 030614
030567           RADD CLD SA DD
030570 MABST:    LDA I 40
030571           JPL I 43		; -> 030634
030572 X016E:    RADD CLD SD DA
030573           JPL I 42		; -> 030635  [BCH05]
030574           MIN I ,X 111
030575 ERFLM:    LDA ,X 105
030576           STD 116
030577           LDT ,X ,B 115
030600           MIN I 105
030601           LDT I 40
030602           LDA ,B 123
030603           STD 47
030604           JPL I 32		; -> 030636
030605           JPL I 30		; -> 030635  [BCH05]
030606           STD ,X 47
030607 BCH04:    MIN ,B 4
030610           SAA -110
030611           JMP I 26		; -> 030637
030612 X017T:    STA ,B 2
030613           JMP -3		; -> 030610
030614           STA ,B 2
030615           LDA I 13
030616           JPL I 16		; -> 030634
030617           JMP -7		; -> 030610
030620           ROP NOOP
030621           STZ I ,B ,X -26
030622           MIN I ,B ,X 65
030623           STZ 6
030624           STZ -175
030625           LDA ,B -1
030626           MIN I ,B ,X -102
030627           STT 60
030630           RADD CM1 CLD 0 DP
030631           STT ,B 100
030632           STA I ,B ,X -6
030633           SUB I ,B ,X 32
030634           STT ,B 106
030635 BCH05:    MIN ,B -50
030636           MIN -42
030637           STZ I ,B ,X -2
030640           STD I 62
030641           RADD CLD SL DA
030642           RADD CLD SB DD
030643           SAB 111
030644           JPL I 57		; -> 030723
030645           LDA 57
030646 X018T:    LDX 57
030647           RADD SB DX
030650           LDT 56
030651           JPL I 56		; -> 030727
030652           JMP 44		; -> 030716
030653           LDA 55
030654           JPL I 53		; -> 030727
030655           JMP 41		; -> 030716
030656 FDABS:    RADD CLD SD DA
030657           STA ,B 110
030660           LDA 51
030661           JPL I 46		; -> 030727
030662           JMP 34		; -> 030716
030663 BCH06:    RADD CLD SA DD
030664           RADD CLD 0 DX
030665           SAT 11
030666           SKP IF DT GRE SX
030667           JMP 6		; -> 030675
030670           LDA I ,X 42
030671           SKP IF DA UEQ SD
030672           JMP 5		; -> 030677
030673           AAX 1
030674           JMP -7		; -> 030665
030675           SAA 104
030676           JMP 20		; -> 030716
030677           LDA I 34
030700 X019T:    JPL I 34		; -> 030734
030701           RADD CLD SX DT
030702           LDA 33
030703           LDX ,B 110
030704           RADD CLD SX DD
030705           LDX 20
030706           RADD SB DX
030707           JPL I 27		; -> 030736
030710           JMP 10		; -> 030720
030711 BCH07:    MIN ,B 4
030712 X020T:    LDA I 21
030713           JPL I 24		; -> 030737  [BCH08]
030714           SAA -111
030715           JMP I 23		; -> 030740
030716           STA ,B 2
030717           JMP -3		; -> 030714
030720           STA ,B 2
030721           JMP -7		; -> 030712  [X020T]
030722           ROP NOOP
030723           STZ I ,B ,X -26
030724           MIN I ,B ,X 65
030725           STZ 6
030726           STZ -175
030727           LDA ,B -1
030730           MIN I ,B ,X -56
030731           MIN I ,B ,X -102
030732           STT 60
030733 SABST:    RADD CM1 CLD 0 DP
030734           STT ,B 100
030735           STA I ,B ,X -6
030736           SUB I ,X 2
030737 BCH08:    STT ,B 106
030740           STZ I ,B ,X -2
030741           STD I 26
030742           RADD CLD SL DA
030743 XERPR:    RADD CLD SB DD
030744 X021N:    SAB 6
030745           JPL I 23		; -> 030770
030746           LDA 23
030747           JPL I 23		; -> 030772
030750 X022N:    JMP 13		; -> 030763
030751           LDA I 22
030752           JPL I 22		; -> 030774
030753           RADD CLD SD DT
030754           JPL I 21		; -> 030775
030755           JMP 10		; -> 030765  [BCH09]
030756           MIN ,B 4
030757           LDA I 14
030760           JPL I 16		; -> 030776
030761 X023U:    SAA -6
030762           JMP I 15		; -> 030777
030763           STA ,B 2
030764           JMP -3		; -> 030761  [X023U]
030765 BCH09:    STA ,B 2
030766           JMP -7		; -> 030757
030767           ROP NOOP
030770           STZ I ,B ,X -26
030771           MIN I ,B ,X -56
030772           LDA ,B -1
030773           RADD CM1 CLD 0 DP
030774           STT ,B 100
030775           SUB I ,B ,X -166
030776           STT ,B 106
030777           STZ I ,B ,X -2
031000 SINBT:    BSET ZRO SSK
031001           JMP 2		; -> 031003
031002           BSET ONE SSK
031003           STD I 31
031004 X024U:    RADD CLD SL DA
031005           RADD CLD SB DD
031006           SAB 162
031007           JPL I 26		; -> 031035
031010           BSKP ONE SSK
031011           JMP 4		; -> 031015
031012           SAA 1
031013 BCH10:    STA ,B 54
031014           JMP 2		; -> 031016
031015           STZ ,B 54
031016           JPL I 20		; -> 031036
031017           JMP I 20		; -> 031037
031020           LDX I 20
031021           LDA ,X 15
031022           STA ,B 155
031023           LDA ,B 54
031024 X026B:    JAZ 3		; -> 031027
031025 WFLOP:    JPL I 14		; -> 031041  [9LBPR]
031026           JMP I 11		; -> 031037
031027           STZ ,B 53
031030 SOUTB:    LDA I 12
031031           AAA -1
031032           STA ,B 156
031033           JMP 10		; -> 031043
031034           ROP NOOP
031035           STZ I ,B ,X -26
031036           STF I ,B ,X 171
031037           JMP -121		; -> 030716
031040           STA 7
031041 9LBPR:    LDT I ,X 114
031042 X027B:    ROP NOOP
031043           LDA ,B 53
031044           LDT ,B 156
031045           SKP IF DT GRE SA
031046           JMP 154		; -> 031222  [BIOAC]
031047           RADD CLD SA DD
031050           LDA ,B 155
031051           STZ ,B 16
031052 DT021:    LDX ,B 54
031053           JXZ 3		; -> 031056
031054 X029J:    SAT 5
031055           JPL I 146		; -> 031223
031056           RADD CLD SA DT
031057           LDA I 145
031060           JPL I 145		; -> 031225
031061           STX I 145
031062           RADD CLD SD DA
031063 DT023:    SHA ZIN 1
031064 SUCPB:    ADD 143
031065           RADD CLD SA DX
031066           LDA ,X 0
031067 USCPB:    JAF 3		; -> 031072  [SUCPS]
031070           LDA ,X 1
031071           JAZ 122		; -> 031213
031072 SUCPS:    RADD CLD SA DX
031073 X030I:    LDA ,X 3
031074 DT045:    BSKP ONE 160 DA
031075 USCPS:    JMP 5		; -> 031102
031076           LDA ,X 7
031077           BSKP ONE 100 DA
031100           JMP 2		; -> 031102
031101           JMP I 127		; -> 031230
031102           LDA ,X 15
031103           SHA ZIN 10
031104 X031B:    RADD CLD SA DD
031105 DT028:    LDA ,X 6
031106           SHA ZIN SHR 14
031107           SAD ZIN SHR 10
031110           LDX ,X 16
031111           LDA I 113
031112           JPL I 117		; -> 031231
031113           JPL I 110		; -> 031223
031114           RADD CLD SD DA
031115           AND 115
031116 DT074:    STA ,B 157
031117           RADD CLD SX DA
031120           SHD ZIN SHR 10
031121           SWAP SD DA
031122           STD ,B 160
031123           LDT ,B 157
031124 X032E:    JPL I 107		; -> 031233
031125           LDA ,X 3
031126           STA ,B 51
031127 DT030:    JPL I 76		; -> 031225
031130           LDA 104
031131           RADD SX DA
031132 X033S:    RADD CLD SA DX
031133           LDA 102
031134           RADD SB DA
031135           SAT 10
031136           JPL I 100		; -> 031236
031137           LDT ,B 157
031140 DT037:    LDA ,B 161
031141           SHA ZIN SHR 10
031142           LDX 75
031143           RADD SB DX
031144           JPL I 74		; -> 031240
031145 X034S:    JMP 117		; -> 031264
031146           LDT ,B 157
031147           LDD ,B 160
031150           JPL I 71		; -> 031241
031151 DT070:    JMP 113		; -> 031264
031152           LDA 65
031153           RADD SX DA
031154           RADD CLD SA DX
031155           LDA 65
031156           RADD SB DA
031157           SAT 10
031160           JPL I 56		; -> 031236
031161           LDA 61
031162 X035S:    SUB 55
031163           RADD SX DA
031164           RADD CLD SA DX
031165           LDA 56
031166           RADD SB DA
031167           SAT 2
031170 ASKCH:    JPL I 46		; -> 031236
031171           JPL I 53		; -> 031244
031172           SAA 1
031173 DT140:    STA ,B 52
031174           LDD ,B 160
031175           RADD CLD SD DX
031176 X036S:    LDT ,B 157
031177           JPL I 46		; -> 031245
031200           JMP 64		; -> 031264
031201           SKP IF DD UEQ SX
031202           JMP 4		; -> 031206  [0CLDE]
031203           RADD CLD SD DX
031204 DT135:    MIN ,B 52
031205           JMP -7		; -> 031176  [X036S]
031206 0CLDE:    LDA ,B 51
031207           JPL I 22		; -> 031231
031210           JPL I 36		; -> 031246
031211           JMP I 36		; -> 031247
031212 X037E:    JMP 4		; -> 031216
031213           LDA I 11
031214           JPL I 15		; -> 031231
031215 DT160:    JPL I 6		; -> 031223
031216           LDA ,B 53
031217           AAA 1
031220           STA ,B 53
031221 0CHME:    JMP -155		; -> 031044
031222 BIOAC:    JMP 26		; -> 031250  [DT300]
031223           STA ,B -16
031224           RADD CM1 CLD 0 DP
031225           STT ,B 100
031226 DT288:    STT -167
031227           ROP NOOP
031230           JMP -6		; -> 031222  [BIOAC]
031231           STT ,B 106
031232           STZ -1
031233           STF -153
031234           STZ 5
031235 X038N:    STZ 17
031236           STZ I -154
031237 DT285:    STZ 27
031240           LDX I 111
031241           LDX I ,B 166
031242           STZ 37
031243           STZ 47
031244           LDX ,X -71
031245           LDX I ,B ,X 127
031246           STF -133
031247           JMP -107		; -> 031140  [DT037]
031250 DT300:    JPL I 11		; -> 031261  [DT450]
031251           STD ,X 44
031252           STD I ,B ,X 0
031253           MIN ,B 4
031254 X039E:    JPL I 6		; -> 031262
031255           SAA -162
031256           JMP I 5		; -> 031263
031257           STA ,B 2
031260           JMP -4		; -> 031254  [X039E]
031261 DT450:    MIN ,B -50
031262           STF I ,B ,X -132
031263           STZ I ,B ,X -2
031264           STA ,B 2
031265           LDA ,B 51
031266           JPL I 2		; -> 031270
031267           JMP -13		; -> 031254  [X039E]
031270           STT ,B 106
031271           JPL I 67		; -> 031360  [DTOD2]
031272 DT460:    STD ,X 106
031273           LDA ,B 114
031274           MIN ,X ,B 40
031275           LDA I ,X 125
031276           LDA ,X ,B 102
031277           MIN ,X ,B 122
031300           STD 47
031301           LDA ,B 53
031302           AAA 100
031303 X040S:    JPL I 56		; -> 031361
031304           LDA ,B 16
031305           JAF 6		; -> 031313
031306           JPL I 52		; -> 031360  [DTOD2]
031307           STD 72
031310           STD 50
031311           STD I ,B ,X 0
031312           JMP 13		; -> 031325  [DT290]
031313           JPL I 45		; -> 031360  [DTOD2]
031314 DT470:    STD 72
031315 X041T:    STD 47
031316           LDX 44
031317           RADD SB DX
031320           SAT 20
031321           JPL I 42		; -> 031363  [X043T]
031322           JPL I 36		; -> 031360  [DTOD2]
031323           LDD I ,X 50
031324           STD I ,B ,X 0
031325 DT290:    LDX 37
031326           RADD SB DX
031327           SAT 20
031330           JPL I 33		; -> 031363  [X043T]
031331           JPL I 27		; -> 031360  [DTOD2]
031332           LDF I 47
031333           LDX 32
031334           RADD SB DX
031335           SAT 20
031336 7LOGG:    JPL I 25		; -> 031363  [X043T]
031337           JPL I 21		; -> 031360  [DTOD2]
031340           LDD ,B 47
031341           LDX 25
031342           RADD SB DX
031343           SAT 20
031344           JPL I 17		; -> 031363  [X043T]
031345           JPL I 13		; -> 031360  [DTOD2]
031346 3UTXT:    LDF I 47
031347 DTOD1:    LDX 20
031350           RADD SB DX
031351           SAT 4
031352           JPL I 11		; -> 031363  [X043T]
031353 X042C:    JPL I 5		; -> 031360  [DTOD2]
031354 EEILP:    LDF I ,B 47
031355           LDA ,B 52
031356           JPL I 12		; -> 031370
031357           JMP I 12		; -> 031371  [DISPE]
031360 DTOD2:    MIN ,B -50
031361           MIN -42
031362           STZ 6
031363 X043T:    MIN I 13
031364           STZ 17
031365           STZ 27
031366           STZ 37
031367           STZ 47
031370           MIN ,B 50
031371 DISPE:    JMP -162		; -> 031207
031372 X044F:    LDA I 63
031373           RADD CLD SA DD
031374           LDA I 62
031375           JAZ 17		; -> 031414
031376           LDA 61
031377 FOCTU:    RADD CLD ST DD
031400           SAT 100
031401           JPL I 57		; -> 031460
031402 X045B:    LDA I 53
031403           RADD CLD SD DT
031404           JPL I 55		; -> 031461  [X050R]
031405           RADD CLD SA DD
031406           LDA 54
031407           RADD SB DA
031410           LDX 47
031411           SAT 100
031412           JPL I 46		; -> 031460
031413           RADD CLD SA DX
031414           RADD CLD SD DA
031415           JPL I 46		; -> 031463
031416 X046Y:    SAA 1
031417           STA ,B 16
031420           RADD CLD SX DA
031421           LDX I 43
031422 X046X:    STA ,X 24
031423 7INBT:    LDA 42
031424           RADD SB DA
031425 X047X:    STA ,X 25
031426           LDA 40
031427           RADD SB DA
031430 X048C:    STA ,X 26
031431           LDA 36
031432           RADD SB DA
031433           STA ,X 27
031434           LDA 34
031435           RADD SB DA
031436           STA ,X 30
031437           LDA 32
031440           RADD SB DA
031441 9BBHD:    STA ,X 31
031442           LDA 30
031443           RADD SB DA
031444 X049S:    STA ,X 32
031445           LDA ,B 54
031446           JAF 3		; -> 031451
031447           SAX 21
031450           JMP 2		; -> 031452  [FDRI2]
031451           SAX 43
031452 FDRI2:    JPL I 21		; -> 031473
031453           JMP I 21		; -> 031474
031454           JMP I 21		; -> 031475
031455           RADD CM1 CLD 0 DP
031456           STT -167
031457           STT 105
031460           STZ I -154
031461 X050R:    STA ,B -16
031462           STZ 55
031463           STT ,B 106
031464           ROP NOOP
031465           STZ 6
031466           STZ 17
031467           STZ 27
031470 X051W:    STZ 37
031471           STZ 47
031472           STZ 52
031473           STD -104
031474           JMP -162		; -> 031312
031475           JMP -107		; -> 031366
031476           STD I 32
031477           RADD CLD SL DA
031500           RADD CLD SB DD
031501           SAB 6
031502           JPL I 27		; -> 031531
031503 X052N:    LDA 27
031504           JPL I 27		; -> 031533
031505           JMP 17		; -> 031524
031506           RADD CLD SD DT
031507           LDA 25
031510           JPL I 23		; -> 031533
031511           JMP 13		; -> 031524
031512 X053N:    LDA I 23
031513           JPL I 23		; -> 031536
031514           RADD CLD SD DA
031515           JPL I 22		; -> 031537
031516           JMP 10		; -> 031526
031517           MIN ,B 4
031520           LDA I 15
031521           JPL I 17		; -> 031540
031522 X054R:    SAA -6
031523           JMP I 16		; -> 031541  [X057X]
031524           STA ,B 2
031525           JMP -3		; -> 031522  [X054R]
031526           STA ,B 2
031527 X176P:    JMP -7		; -> 031520
031530           ROP NOOP
031531           STZ I ,B ,X -26
031532           MIN I ,B ,X -56
031533           LDA ,B -1
031534 X056X:    MIN I ,B ,X -43
031535           RADD CM1 CLD 0 DP
031536           STT ,B 100
031537           AND ,X -27
031540           STT ,B 106
031541 X057X:    STZ I ,B ,X -2
031542 FDRI1:    STD I 20
031543           RADD CLD SL DA
031544           RADD CLD SB DD
031545           SAB 6
031546 X058X:    JPL I 15		; -> 031563  [X061S]
031547           LDA 15
031550 BIGDI:    JPL I 15		; -> 031565
031551           JMP 7		; -> 031560
031552           RADD CLD SD DA
031553 X0597:    JPL I 13		; -> 031566
031554           JMP 4		; -> 031560
031555           MIN ,B 4
031556           SAA -6
031557 X060X:    JMP I 10		; -> 031567
031560           STA ,B 2
031561           JMP -3		; -> 031556
031562           ROP NOOP
031563 X061S:    STZ I ,B ,X -26
031564           MIN I ,B ,X -56
031565           LDA ,B -1
031566           AND ,X ,B 65
031567           STZ I ,B ,X -2
031570           STD I 33
031571           RADD CLD SL DA
031572           RADD CLD SB DD
031573 X062I:    SAB 6
031574           JPL I 30		; -> 031624
031575           LDA 30
031576           JPL I 30		; -> 031626
031577           JMP 20		; -> 031617  [X065U]
031600           RADD CLD SD DT
031601           LDA 26
031602 X063C:    JPL I 24		; -> 031626
031603           JMP 14		; -> 031617  [X065U]
031604           RADD CLD SA DX
031605           LDA I 23
031606           JPL I 23		; -> 031631  [D1DF0]
031607           RADD CLD SX DA
031610           JPL I 22		; -> 031632
031611 X064B:    JMP 10		; -> 031621
031612           MIN ,B 4
031613           LDA I 15
031614           JPL I 17		; -> 031633
031615           SAA -6
031616           JMP I 16		; -> 031634
031617 X065U:    STA ,B 2
031620           JMP -3		; -> 031615
031621           STA ,B 2
031622           JMP -7		; -> 031613
031623           ROP NOOP
031624           STZ I ,B ,X -26
031625           MIN I ,B ,X -56
031626           LDA ,B -1
031627 X066S:    MIN I ,B ,X -30
031630           RADD CM1 CLD 0 DP
031631 D1DF0:    STT ,B 100
031632           AND ,X ,B -156
031633           STT ,B 106
031634           STZ I ,B ,X -2
031635           STD I 32
031636           RADD CLD SL DA
031637           RADD CLD SB DD
031640           SAB 6
031641 X067S:    JPL I 27		; -> 031670
031642           LDA 27
031643           JPL I 27		; -> 031672  [D1DF3]
031644 D1DF1:    JMP 17		; -> 031663
031645           RADD CLD SD DT
031646           LDA 25
031647           JPL I 23		; -> 031672  [D1DF3]
031650           JMP 13		; -> 031663
031651           LDA I 23
031652           JPL I 23		; -> 031675
031653 X068S:    RADD CLD SD DA
031654           JPL I 22		; -> 031676
031655           JMP 6		; -> 031663
031656           MIN ,B 4
031657 D1DF2:    LDA I 15
031660           JPL I 17		; -> 031677
031661           SAA -6
031662           JMP I 16		; -> 031700
031663           STA ,B 2
031664           JMP -3		; -> 031661
031665           STA ,B 2
031666 X069S:    JMP -7		; -> 031657  [D1DF2]
031667           ROP NOOP
031670           STZ I ,B ,X -26
031671           MIN I ,B ,X -56
031672 D1DF3:    LDA ,B -1
031673           MIN I ,B ,X -14
031674           RADD CM1 CLD 0 DP
031675           STT ,B 100
031676           AND ,X 72
031677           STT ,B 106
031700           STZ I ,B ,X -2
031701           STD I 106
031702           RADD CLD SL DA
031703           RADD CLD SB DD
031704           SAB 56
031705 X070P:    JPL I 103		; -> 032010
031706           LDA 103
031707           LDX 103
031710           RADD SB DX
031711           SAT 74
031712           JPL I 101		; -> 032013
031713 X071N:    JMP 70		; -> 032003
031714           SAT -1
031715           LDA 77
031716           JPL I 77		; -> 032015
031717           JMP 64		; -> 032003
031720           STT ,B 44
031721 X072N:    RADD CLD SA DX
031722           LDD ,X 0
031723           STD ,B 45
031724           JPL I 72		; -> 032016
031725           JMP 60		; -> 032005  [WT11]
031726 X073P:    STX ,B 47
031727           LDA ,X 44
031730           BSKP ONE 10 DA
031731           JMP 42		; -> 031773
031732           RADD CLD 0 DD
031733           LDA I 64
031734           JAZ 7		; -> 031743
031735           LDA I 63
031736           AND 63
031737           RADD CLD SA DD
031740           LDA ,X 45
031741           SKP IF DA UEQ SD
031742           JMP 31		; -> 031773
031743           LDA I 57
031744           LDT ,X 46
031745           SKP IF DA EQL ST
031746           JMP 22		; -> 031770  [X075X]
031747 X074P:    LDA ,X 26
031750           AND 53
031751           SKP IF DA EQL SD
031752           JMP 16		; -> 031770  [X075X]
031753           STZ ,X 46
031754           LDA ,X 26
031755           AND 47
031756           STA ,X 26
031757           LDA ,X 45
031760           JAZ 2		; -> 031762
031761           JPL I 44		; -> 032025
031762           LDT ,B 44
031763           LDD ,B 45
031764           JPL I 42		; -> 032026  [X078S]
031765           JMP 20		; -> 032005  [WT11]
031766           MIN ,B 4
031767           JMP 6		; -> 031775  [SRSTA]
031770 X075X:    JPL I 37		; -> 032027
031771           SAA 140
031772           JMP 13		; -> 032005  [WT11]
031773           MIN ,B 4
031774 EMTOF:    JPL I 33		; -> 032027
031775 SRSTA:    LDT ,B 44
031776 PCCS:     JPL I 32		; -> 032030
031777           LDA ,X 3
032000 PITEX:    JPL I 31		; -> 032031  [MFBBC]
032001           SAA -56
032002 ID11:     JMP I 30		; -> 032032
032003           STA ,B 2
032004           JMP -3		; -> 032001
032005 WT11:     STA ,B 2
032006           JMP -11		; -> 031775  [SRSTA]
032007           ROP NOOP
032010           STZ I ,B ,X -26
032011           MIN I ,B ,X 65
032012           STZ 6
032013           LDA ,B -1
032014 X077I:    STT 0
032015           LDX I ,X 173
032016           LDX I ,B 166
032017           STA 4
032020           SWAP SB DD
032021           STA I ,B ,X -1
032022           RADD CM1 SX DL
032023           STZ I ,B ,X -1
032024           SHT 0
032025           STF I ,X -31
032026 X078S:    LDX I ,B -30
032027           LDX ,X -71
032030           STF -153
032031 MFBBC:    STT ,B 106
032032           STZ I ,B ,X -2
032033           STD I 34
032034 PSTUP:    RADD CLD SL DA
032035           RADD CLD SB DD
032036           SAB 71
032037           JPL I 31		; -> 032070
032040 X079P:    LDA 31
032041           LDX 31
032042           RADD SB DX
032043 BBCLB:    SAT 74
032044           JPL I 27		; -> 032073
032045           JMP I 27		; -> 032074  [MRFO]
032046 PRW:      SAT -1
032047           LDA 26
032050           JPL I 26		; -> 032076
032051 X080T:    JMP I 23		; -> 032074  [MRFO]
032052 DF2BB:    STT ,B 54
032053 IRWAI:    RADD CLD SD DT
032054           RADD CLD SA DX
032055           LDD ,X 0
032056 X081T:    STD ,B 55
032057           RADD CLD ST DX
032060           LDD ,X 0
032061 BMENT:    STD ,B 57
032062           LDT ,B 54
032063           JPL I 14		; -> 032077
032064           LDA ,X 3
032065           JPL I 13		; -> 032100
032066           JMP 13		; -> 032101
032067           ROP NOOP
032070           STZ I ,B ,X -26
032071           MIN I ,B ,X 65
032072 MRFI:     STZ 6
032073           LDA ,B -1
032074 MRFO:     JMP I ,B 64		; -> 032160
032075 D2DF0:    STT 0
032076           LDX I ,X 173
032077           STF -153
032100           STT ,B 106
032101           LDD ,B 55
032102 XLX01:    JPL I 106		; -> 032210
032103           JMP I 106		; -> 032211
032104           LDA ,X 45
032105           STA ,B 63
032106           LDA ,X 50
032107           STA ,B 62
032110 D2DF1:    LDA ,X 44
032111           STA ,B 61
032112 X082P:    LDA ,X 26
032113           STA ,B 67
032114           LDA ,X 46
032115           STA ,B 70
032116           LDT ,B 54
032117           LDD ,B 55
032120           JPL I 72		; -> 032212
032121 SLV11:    LDX 72
032122 AOC11:    RADD SB DX
032123 D2DF2:    JPL I 71		; -> 032214  [ILMER]
032124           JMP I 65		; -> 032211
032125           JPL I 70		; -> 032215
032126           STD ,X 47
032127           SAT 74
032130 BRET:     JPL I 66		; -> 032216
032131           JPL I 64		; -> 032215
032132           STD 72
032133           STD 47
032134           LDA ,B 61
032135 X083C:    BSKP ZRO 10 DA
032136 D2DF3:    JMP 3		; -> 032141  [SWAPP]
032137           BSKP ONE 0 DA
032140           JMP 34		; -> 032174
032141 SWAPP:    LDA 56
032142           RADD SB DA
032143           STA ,B 66
032144           STZ ,B 64
032145 XRTCH:    LDA 53
032146           RADD SB DA
032147           STA ,B 65
032150 RTCHE:    LDA 51
032151           RADD SB DA
032152 X084T:    MON 140		; ReservationInfo / WHDEV (140B)
032153           RADD CLD SA DD
032154           SAA 1
032155           STA ,B 64
032156           LDA 43
032157 P2IPI:    RADD SB DA
032160           MON 140		; ReservationInfo / WHDEV (140B)
032161           SAT -1
032162           SKP IF DD EQL ST
032163           JMP 2		; -> 032165
032164           RADD CLD 0 DD
032165           SAT -1
032166           SKP IF DA EQL ST
032167           JMP 2		; -> 032171
032170           RADD CLD 0 DA
032171           JAF 2		; -> 032173
032172           RADD CLD SD DA
032173           JMP 11		; -> 032204
032174           LDA ,B 67
032175           BSKP ZRO 150 DA
032176           JMP 5		; -> 032203
032177           LDA ,B 62
032200           JAF 3		; -> 032203
032201 X085C:    RADD CLD 0 DA
032202           JMP 2		; -> 032204
032203           SAA 1
032204           RADD CLD SA DD
032205           LDA ,B 61
032206 FINBT:    SWAP SD DA
032207           JMP 13		; -> 032222
032210           LDX I ,B 166
032211           JMP I ,B 64		; -> 032275
032212           LDX ,X -71
032213           STZ 6
032214 ILMER:    ADD ,B -200
032215           MIN ,B -50
032216           MIN I 13
032217           STZ 64
032220           STZ 63
032221           STZ 65
032222           JAF 33		; -> 032255
032223           BSKP ONE 20 DD
032224 DIREX:    JMP 21		; -> 032245
032225           LDA ,B 67
032226 MPIOM:    BSKP ONE 140 DA
032227           JMP 16		; -> 032245
032230 XMLGI:    JPL I 117		; -> 032347  [5OUTB]
032231           LDT I ,B 120
032232           LDA I ,B ,X 117
032233           LDA ,X 111
032234 X086C:    LDA I ,X 107
032235           STD 106
032236 M500:     LDA ,B 114
032237           MIN ,X ,B 40
032240 MMLAM:    LDA ,B 116
032241           STD 125
032242 BMFIX:    LDT I ,B 105
032243           STD I ,B ,X 0
032244           JMP 10		; -> 032254
032245           JPL I 102		; -> 032347  [5OUTB]
032246           MIN I ,X 122
032247 BMCAL:    MIN ,X ,B 105
032250 X087E:    STD 124
032251           LDA I ,B ,X 40
032252           LDT ,X ,B 123
032253 BBCAL:    MIN ,X ,B 47
032254           JMP 171		; -> 032445
032255           RADD CLD SA DX
032256           SAT 1
032257           SKP IF DX UEQ ST
032260 DF2BC:    JMP 24		; -> 032304
032261 SBOUT:    LDT ,X 1
032262           BSKP ZRO 0 DT
032263           JMP 21		; -> 032304
032264           JPL I 63		; -> 032347  [5OUTB]
032265 MOCOM:    LDT I 105
032266 FOUTB:    LDT I ,B 105
032267           LDT I 126
032270           MIN ,X ,B 104
032271           STD 102
032272 MT4:      LDX ,B 40
032273           LDT I 124
032274           LDD ,X ,B 120
032275           LDT I 117
032276           MIN I ,B ,X 122
032277           MIN ,B 115
032300           STD 47
032301           JPL I 47		; -> 032350
032302           LDF ,X ,B 75
032303           JMP 142		; -> 032445
032304           BSKP ZRO 10 DD
032305 X088T:    JMP 3		; -> 032310
032306           BSKP ONE 0 DD
032307           JMP 46		; -> 032355  [OUTBT]
032310           LDA ,B 67
032311           AND 40
032312           STA ,B 63
032313           LDA 37
032314           RADD SB DA
032315           STA ,B 66
032316           STZ ,B 64
032317           LDA 34
032320           RADD SB DA
032321           STA ,B 65
032322           LDA 32
032323           RADD SB DA
032324 MOFIA:    MON 140		; ReservationInfo / WHDEV (140B)
032325 X089X:    SKP IF DA UEQ SX
032326 MOFIB:    JMP 27		; -> 032355  [OUTBT]
032327           JPL I 20		; -> 032347  [5OUTB]
032330 MOFI2:    LDT I 105
032331           LDT I ,B 105
032332           LDT I 126
032333           MIN ,X ,B 104
032334           STD 106
032335           LDA I ,B ,X 122
032336           STD 122
032337           LDT ,X 55
032340 5INB:     LDT 122
032341 RRSIO:    LDA I ,B ,X 107
032342           LDT I 101
032343           LDA ,X ,B 40
032344           LDT ,X ,B 123
032345 MOFIL:    MIN ,X ,B 47
032346           JMP 77		; -> 032445
032347 5OUTB:    MIN ,B -50
032350           STX ,X -116
032351           STA I ,B ,X -1
032352           STZ 64
032353 X090T:    STZ 63
032354 D3DF1:    STZ 65
032355 OUTBT:    LDT ,B 70
032356           SHT ZIN SHR 10
032357           LDA ,B 70
032360           AND 114
032361           LDX 114
032362           RADD SB DX
032363           JPL I 113		; -> 032476
032364           JMP 100		; -> 032464
032365           LDA ,B 62
032366           JAF 10		; -> 032376  [MCAL]
032367 D3DF2:    JPL I 110		; -> 032477  [X098T]
032370           LDT I 105
032371           LDT I ,B 105
032372           LDT I 126
032373           MIN ,X ,B 104
032374           STD I ,B ,X 0
032375           JMP 6		; -> 032403
032376 MCAL:     JPL I 101		; -> 032477  [X098T]
032377 X091T:    LDA I ,B ,X 120
032400           MIN ,X ,B 116
032401           MIN ,X ,B 104
032402 D3DF3:    STD I ,B ,X 0
032403           LDA ,B 67
032404           AND 74
032405           JAZ 25		; -> 032432  [MSIBA]
032406 X092T:    JPL I 71		; -> 032477  [X098T]
032407           STD 102
032410           LDX ,B 40
032411           LDT ,X ,B 123
032412           MIN ,X ,B 122
032413           STD 47
032414           LDX 61
032415 X093T:    RADD SB DX
032416           SAT 20
032417           JPL I 62		; -> 032501
032420           JPL I 57		; -> 032477  [X098T]
032421 MFIX:     STD 117
032422           LDA I ,X 40
032423           LDT ,X 105
032424           LDT I 115
032425 PFINO:    LDA ,B 116
032426           MIN ,B 114
032427           STD 47
032430 X094T:    JPL I 52		; -> 032502  [PDINA]
032431           JMP 14		; -> 032445
032432 MSIBA:    JPL I 45		; -> 032477  [X098T]
032433           STD 106
032434 MSIB:     LDA I ,B ,X 122
032435           STD 122
032436           LDT ,X 55
032437           LDT 122
032440 POFIN:    LDA I ,B ,X 107
032441           LDT I 101
032442           LDA ,X ,B 40
032443 X198P:    LDT ,X ,B 123
032444           MIN ,X ,B 47
032445           LDT ,B 54
032446           LDD ,B 55
032447           RADD CLD SD DX
032450           JPL I 33		; -> 032503
032451 X096T:    JMP 13		; -> 032464
032452           STD ,B 55
032453           LDA ,B 60
032454           SKP IF DX EQL SA
032455           JMP I 27		; -> 032504
032456 PFINA:    JPL I 21		; -> 032477  [X098T]
032457           STD ,X 44
032460           STD I ,B ,X 0
032461 X097T:    MIN ,B 4
032462           SAA -71
032463           JMP I 22		; -> 032505
032464           STA ,B 2
032465           JMP -3		; -> 032462
032466           STA ,B 2
032467           LDT ,B 54
032470 PUSNA:    JPL I 16		; -> 032506
032471 INBT:     LDA ,X 3
032472           JPL I 15		; -> 032507  [MORET]
032473           JMP -11		; -> 032462
032474           STZ -1
032475           STZ 44
032476           LDX I 111
032477 X098T:    MIN ,B -50
032500           STZ I ,B ,X -1
032501           MIN I 13
032502 PDINA:    MIN ,B 50
032503           LDX I ,B ,X 167
032504           JMP I 101		; -> 032605  [D4DF0]
032505           STZ I ,B ,X -2
032506           STF -153
032507 MORET:    STT ,B 106
032510           STD I 117
032511 X099T:    RADD CLD SL DA
032512           RADD CLD SB DD
032513           SAB 111
032514           JPL I 114		; -> 032630
032515           JPL I 114		; -> 032631  [X105T]
032516           JMP 100		; -> 032616
032517           LDA 113
032520           LDX 113
032521           RADD SB DX
032522           LDT 112
032523           JPL I 112		; -> 032635
032524 BIGD4:    JMP 72		; -> 032616
032525 X100T:    LDA 111
032526           JPL I 107		; -> 032635
032527           JMP 67		; -> 032616
032530           RADD CLD SA DD
032531           LDA I 106
032532 PPREF:    JPL I 106		; -> 032640  [MSTUS]
032533           LDX I 106
032534           LDA ,X 15
032535           STA I 105
032536           RADD CLD 0 DX
032537           SAT 11
032540           SKP IF DT GRE SX
032541           JMP 6		; -> 032547
032542           LDA I ,X 101
032543           SKP IF DA UEQ SD
032544           JMP 5		; -> 032551
032545 X101T:    AAX 1
032546           JMP -7		; -> 032537
032547           SAA 104
032550           JMP 46		; -> 032616
032551           RADD CLD SX DD
032552 PDRIX:    LDX 61
032553           RADD SB DX
032554 MRETB:    LDA 70
032555           SAT 102
032556           JPL I 67		; -> 032645
032557           SAT 5
032560           JPL I 66		; -> 032646  [D4DF3]
032561           LDA I 66
032562           JPL I 56		; -> 032640  [MSTUS]
032563           LDA I 56
032564           STA I 64
032565 X102T:    JPL I 64		; -> 032651
032566           JMP 32		; -> 032620  [D4DF1]
032567           LDA I 60
032570 PUSIX:    JPL I 62		; -> 032652
032571 WT:       RADD CLD SD DA
032572           LDT I 50
032573           JPL I 53		; -> 032646  [D4DF3]
032574           JPL I 57		; -> 032653  [CHBME]
032575           STD ,X 106
032576           LDA ,B 114
032577           MIN ,X ,B 40
032600 MOINF:    LDA I ,X 125
032601           LDA ,X ,B 102
032602           MIN ,X ,B 122
032603           STD 111
032604 X103T:    LDT I ,B 40
032605 D4DF0:    STD I ,B ,X 0
032606 POBIX:    JPL I 46		; -> 032654
032607           JPL I 44		; -> 032653  [CHBME]
032610           STD ,X 47
032611           MIN ,B 4
032612           LDA I 25
032613           JPL I 37		; -> 032652
032614           SAA -111
032615           JMP I 40		; -> 032655  [PBRTE]
032616           STA ,B 2
032617           JMP -5		; -> 032612
032620 D4DF1:    LDA I 27
032621           JPL I 31		; -> 032652
032622           LDT I 20
032623 X104S:    JPL I 23		; -> 032646  [D4DF3]
032624           RADD CLD SD DA
032625           STA ,B 2
032626           JMP -14		; -> 032612
032627           ROP NOOP
032630           STZ I ,B ,X -26
032631 X105T:    LDT I ,X 114
032632           MIN I ,B ,X 65
032633 D4DF2:    STZ 6
032634           STZ -175
032635           LDA ,B -1
032636           MIN I ,B ,X -102
032637 SSPAL:    MPY 30
032640 MSTUS:    STT ,B 100
032641           STA 7
032642           STT -171
032643 X106T:    STT 60
032644           STT 105
032645           STZ I -154
032646 D4DF3:    STA ,B -16
032647           RADD CM1 CLD 0 DP
032650 RTWT:     RADD CM1 CLD 0 DD
032651           JMP I ,B -122		; -> 032527
032652           STT ,B 106
032653 CHBME:    MIN ,B -50
032654           MIN -42
032655 PBRTE:    STZ I ,B ,X -2
032656 PSBRT:    STD I 23
032657           RADD CLD SL DA
032660           RADD CLD SB DD
032661           SAB 111
032662           JPL I 20		; -> 032702
032663 X107E:    LDX 20
032664           LDA 20
032665           RADD SB DA
032666           SAT 102
032667           JPL I 16		; -> 032705
032670           RADD CLD SA DX
032671           RADD CLD SD DT
032672           LDA 14
032673 PRTEX:    JPL I 14		; -> 032707
032674           JMP 2		; -> 032676
032675           MIN ,B 4
032676           STA ,B 3
032677           SAA -111
032700           JMP I 10		; -> 032710
032701           ROP NOOP
032702           STZ I ,B ,X -26
032703           STT 105
032704           STZ 6
032705           STZ I -154
032706           STA I ,B ,X -6
032707           SUB I ,B ,X 32
032710           STZ I ,B ,X -2
032711           STD I 110
032712           RADD CLD SL DA
032713           RADD CLD SB DD
032714 X108T:    SAB 111
032715           JPL I 105		; -> 033022
032716           JPL I 105		; -> 033023
032717           JMP 70		; -> 033007  [FORPR]
032720           LDA 104
032721           LDX 104
032722           RADD SB DX
032723           LDT 103
032724           JPL I 103		; -> 033027
032725           JMP 62		; -> 033007  [FORPR]
032726           LDA 102
032727           JPL I 100		; -> 033027
032730           JMP 57		; -> 033007  [FORPR]
032731           RADD CLD SD DT
032732 IFTRM:    STT I 77
032733           LDA 77
032734           JPL I 73		; -> 033027
032735           JMP 52		; -> 033007  [FORPR]
032736 X109T:    RADD CLD SA DD
032737           LDA I 74
032740           JPL I 74		; -> 033034
032741 7MCTY:    LDX I 74
032742           LDA ,X 15
032743           STA I 73
032744 PWFAI:    RADD CLD 0 DX
032745           SAT 11
032746           SKP IF DT GRE SX
032747 X110S:    JMP 6		; -> 032755
032750           LDA I ,X 67
032751           SKP IF DA UEQ SD
032752           JMP 5		; -> 032757
032753           AAX 1
032754 X111S:    JMP -7		; -> 032745
032755           SAA 104
032756           JMP 31		; -> 033007  [FORPR]
032757           RADD CLD SX DD
032760           LDX 45
032761           RADD SB DX
032762           LDA 56
032763           SAT 102
032764           JPL I 55		; -> 033041
032765           SAT 5
032766           JPL I 54		; -> 033042
032767           LDA I 54
032770 WIGDI:    JPL I 44		; -> 033034
032771 X112T:    LDA I 44
032772           STA I 52
032773 MNSTA:    LDX I 36
032774           JPL I 51		; -> 033045
032775           JMP 14		; -> 033011  [FORFN]
032776           LDA I 45
032777           JPL I 47		; -> 033046
033000           LDT I 36
033001           JPL I 41		; -> 033042
033002           MIN ,B 4
033003           LDA I 30
033004           JPL I 42		; -> 033046
033005           SAA -111
033006           JMP I 41		; -> 033047
033007 FORPR:    STA ,B 2
033010           JMP -5		; -> 033003
033011 FORFN:    RADD CLD SA DD
033012           LDA I 31
033013 X113N:    JPL I 33		; -> 033046
033014           LDT I 22
033015           JPL I 25		; -> 033042
033016           RADD CLD SD DA
033017           STA ,B 2
033020           JMP -15		; -> 033003
033021           ROP NOOP
033022           STZ I ,B ,X -26
033023           LDT I ,X 114
033024           MIN I ,B ,X 65
033025           STZ 6
033026           STZ -175
033027           LDA ,B -1
033030           MIN I ,B ,X -56
033031           STT -170
033032           MIN I ,B ,X -102
033033           MPY 30
033034           STT ,B 100
033035           STA 7
033036           STT -171
033037           STT 60
033040 X114T:    STT 105
033041           STZ I -154
033042           STA ,B -16
033043           RADD CM1 CLD 0 DP
033044           RADD CM1 CLD 0 DD
033045           JMP ,X 50		; -> 033115
033046           STT ,B 106
033047           STZ I ,B ,X -2
033050           STD I 24
033051 W1DF0:    RADD CLD SL DA
033052           RADD CLD SB DD
033053           SAB 111
033054           JPL I 21		; -> 033075
033055 X115T:    LDX 21
033056           LDA 21
033057           RADD SB DA
033060           SAT 102
033061           JPL I 17		; -> 033100
033062           RADD CLD SA DX
033063           LDA 16
033064 W1DF1:    LDT ,B 0
033065           SWAP SD DT
033066 X116T:    JPL I 14		; -> 033102
033067           JMP 2		; -> 033071
033070           MIN ,B 4
033071           STA ,B 2
033072           SAA -111
033073 ICLK:     JMP I 10		; -> 033103
033074           ROP NOOP
033075           STZ I ,B ,X -26
033076 X117E:    STT 105
033077           STZ 6
033100           STZ I -154
033101           STA I ,B ,X -6
033102           SUB I ,X 2
033103           STZ I ,B ,X -2
033104           STD I 53
033105           RADD CLD SL DA
033106           RADD CLD SB DD
033107           SAB 6
033110           JPL I 50		; -> 033160
033111           JPL I 50		; -> 033161
033112           JMP 33		; -> 033145  [USESC]
033113           LDA 47
033114 X118S:    JPL I 47		; -> 033163
033115           JMP 30		; -> 033145  [USESC]
033116           LDA I 46
033117           JPL I 46		; -> 033165
033120           LDX I 46
033121 X119I:    LDA ,X 15
033122           STA I 45
033123           SAT 5
033124           JPL I 44		; -> 033170
033125           LDA I 44
033126           JPL I 37		; -> 033165
033127           LDA I 37
033130 X120T:    STA I 42
033131           RADD CLD SD DT
033132           JPL I 41		; -> 033173
033133           JMP 14		; -> 033147
033134 LOCAC:    LDA I 35
033135           JPL I 37		; -> 033174
033136           LDT I 31
033137           JPL I 31		; -> 033170
033140           MIN ,B 4
033141           LDA I 23
033142           JPL I 32		; -> 033174
033143           SAA -6
033144           JMP I 31		; -> 033175
033145 USESC:    STA ,B 2
033146           JMP -5		; -> 033141
033147           RADD CLD SA DD
033150           LDA I 21
033151           JPL I 23		; -> 033174
033152           LDT I 15
033153           JPL I 15		; -> 033170
033154           RADD CLD SD DA
033155           STA ,B 2
033156 MESCA:    JMP -15		; -> 033141
033157           ROP NOOP
033160           STZ I ,B ,X -26
033161           LDT I ,X 114
033162           MIN I ,B ,X -56
033163           LDA ,B -1
033164           MPY 30
033165           STT ,B 100
033166           STA 7
033167           STT -171
033170           STA ,B -16
033171 T1P12:    RADD CM1 CLD 0 DP
033172           RADD CM1 CLD 0 DD
033173           SUB I ,B ,X -166
033174           STT ,B 106
033175           STZ I ,B ,X -2
033176           STD I 74
033177           RADD CLD SL DA
033200 X121T:    RADD CLD SB DD
033201           SAB 110
033202           JPL I 71		; -> 033273
033203           LDA 71
033204           LDX 71
033205           RADD SB DX
033206 WIGD2:    LDT 70
033207           JPL I 70		; -> 033277  [X127S]
033210 X122R:    JMP 54		; -> 033264
033211           LDA 67
033212           JPL I 65		; -> 033277  [X127S]
033213           JMP 51		; -> 033264
033214           RADD CLD SA DD
033215           RADD CLD 0 DX
033216           SAT 11
033217           SKP IF DT GRE SX
033220           JMP 6		; -> 033226
033221           LDA I ,X 60
033222           SKP IF DA UEQ SD
033223           JMP 5		; -> 033230
033224           AAX 1
033225 X123I:    JMP -7		; -> 033216
033226           SAA 104
033227           JMP 35		; -> 033264
033230           LDA I 52
033231           JPL I 52		; -> 033303
033232           RADD CLD SX DT
033233           LDA 51
033234           LDX 41
033235 X124I:    RADD SB DX
033236 ADDTP:    JPL I 47		; -> 033305
033237           JMP 27		; -> 033266
033240           RADD CLD SA DD
033241           LDA I 41
033242           JPL I 44		; -> 033306
033243           RADD CLD SD DA
033244           JPL I 43		; -> 033307  [FBRES]
033245           STD ,X 106
033246 X125S:    LDA ,B 114
033247           MIN ,X ,B 40
033250           LDA I ,X 125
033251           LDA ,X ,B 102
033252           MIN ,X ,B 122
033253           STD 111
033254           LDT I ,B 40
033255           STD I ,B ,X 0
033256           JPL I 32		; -> 033310
033257           JPL I 30		; -> 033307  [FBRES]
033260           STD ,X 47
033261           MIN ,B 4
033262 X126S:    SAA -110
033263 WDX:      JMP I 26		; -> 033311  [FBREL]
033264           STA ,B 2
033265           JMP -3		; -> 033262  [X126S]
033266           STA ,B 2
033267 W2DF0:    LDA I 13
033270           JPL I 16		; -> 033306
033271           JMP -7		; -> 033262  [X126S]
033272 SETPT:    ROP NOOP
033273           STZ I ,B ,X -26
033274           MIN I ,B ,X 65
033275           STZ 6
033276           STZ -175
033277 X127S:    LDA ,B -1
033300           MIN I ,B ,X -102
033301           STT 60
033302 W2DF1:    RADD CM1 CLD 0 DP
033303           STT ,B 100
033304           STA I ,B ,X -6
033305           AND ,X 163
033306           STT ,B 106
033307 FBRES:    MIN ,B -50
033310           MIN -42
033311 FBREL:    STZ I ,B ,X -2
033312           STD I 155
033313 X128S:    RADD CLD SL DA
033314           RADD CLD SB DD
033315 9ESTR:    SAB 104
033316           JPL I 152		; -> 033470
033317           LDA 152
033320           STA ,B 6
033321           STA ,B 44
033322           LDA 150
033323 TERWD:    LDX 150
033324           RADD SB DX
033325           SAT 74
033326 X155O:    JPL I 146		; -> 033474
033327           JMP 70		; -> 033417  [EMPTE]
033330           LDA 145
033331           LDX 145
033332 BFQUE:    RADD SB DX
033333           SAT 74
033334           JPL I 140		; -> 033474
033335           JMP 64		; -> 033421
033336 X130S:    LDA I 141
033337           JPL I 141		; -> 033500  [5IORE]
033340           LDX 136
033341           RADD SB DX
033342           SAT 1
033343           JPL I 136		; -> 033501  [FIORE]
033344           JMP 2		; -> 033346  [BBRTW]
033345           SAT 23
033346 BBRTW:    LDA 134
033347 CDATF:    JPL I 134		; -> 033503
033350 X131A:    JMP 66		; -> 033436
033351           STA ,B 103
033352 BRTWT:    LDX 121
033353           RADD SB DX
033354           RADD CLD 0 DT
033355           JPL I 124		; -> 033501  [FIORE]
033356           JMP 2		; -> 033360
033357 YBRTW:    SAT 22
033360           LDA 122
033361           JPL I 122		; -> 033503
033362           JMP 75		; -> 033457
033363 X132G:    STA ,B 102
033364 USRTW:    LDA I 113
033365           JPL I 117		; -> 033504  [RESST]
033366           LDT ,B 102
033367 XBRTW:    LDA 116
033370           JPL I 116		; -> 033506  [EBUTM]
033371           JMP 26		; -> 033417  [EMPTE]
033372           LDT ,B 103
033373           LDA 112
033374 SDATF:    JPL I 112		; -> 033506  [EBUTM]
033375           JMP 24		; -> 033421
033376           LDA ,B 102
033377           LDT ,B 103
033400           JPL I 107		; -> 033507
033401           JMP 42		; -> 033443  [X138T]
033402           LDA I 75
033403           JPL I 75		; -> 033500  [5IORE]
033404           LDT ,B 102
033405 X133D:    JPL I 103		; -> 033510
033406           JMP 51		; -> 033457
033407           LDT ,B 103
033410           JPL I 100		; -> 033510
033411           JMP 25		; -> 033436
033412           LDA I 65
033413 X134S:    JPL I 71		; -> 033504  [RESST]
033414           MIN ,B 4
033415           SAA -104
033416           JMP I 73		; -> 033511
033417 EMPTE:    LDX 54
033420           JMP 2		; -> 033422  [X135S]
033421           LDX 55
033422 X135S:    STA ,B 2
033423           JPL I 67		; -> 033512  [X141D]
033424           STD ,X 42
033425           STD I ,B ,X 0
033426           RADD SB DX
033427           SAT 74
033430           JPL I 63		; -> 033513  [SLV10]
033431           JPL I 61		; -> 033512  [X141D]
033432 X137I:    STD I 47
033433           JMP -16		; -> 033415
033434           STA ,B 2
033435           JMP -20		; -> 033415
033436           RADD CLD SA DD
033437           LDA I 40
033440           JPL I 44		; -> 033504  [RESST]
033441           RADD CLD SD DA
033442           JMP -21		; -> 033421
033443 X138T:    STA ,B 2
033444           LDA I 33
033445 ACTEF:    JPL I 33		; -> 033500  [5IORE]
033446           LDT ,B 102
033447           JPL I 41		; -> 033510
033450           JMP 1		; -> 033451
033451           LDT ,B 103
033452           JPL I 36		; -> 033510
033453           JMP -15		; -> 033436
033454           LDA I 23
033455           JPL I 27		; -> 033504  [RESST]
033456 X139T:    JMP -41		; -> 033415
033457           RADD CLD SA DD
033460           LDT ,B 103
033461           JPL I 27		; -> 033510
033462           JMP -24		; -> 033436
033463           LDA I 14
033464           JPL I 20		; -> 033504  [RESST]
033465           RADD CLD SD DA
033466           JMP -47		; -> 033417  [EMPTE]
033467           ROP NOOP
033470           STZ I ,B ,X -26
033471           STD I ,B ,X 47
033472           LDA 45
033473           STZ 6
033474           LDA ,B -1
033475 X140T:    LDA 35
033476           STZ 44
033477 IORES:    RADD CM1 CLD 0 DP
033500 5IORE:    STT ,B 100
033501 FIORE:    ADD I ,B 51
033502           STA I ,B ,X -6
033503           SUB I ,B ,X 32
033504 RESST:    STT ,B 106
033505           STZ ,X 0
033506 EBUTM:    AND ,X -27
033507           AND I ,X 102
033510           SUB I ,B ,X -166
033511           STZ I ,B ,X -2
033512 X141D:    MIN ,B -50
033513 SLV10:    MIN I 13
033514           STD I 42
033515           RADD CLD SL DA
033516           RADD CLD SB DD
033517           SAB 41
033520           JPL I 37		; -> 033557  [M8OUT]
033521           MIN I 37
033522           STZ ,B 26
033523           JPL I 36		; -> 033561  [B8OUT]
033524           JMP I 36		; -> 033562
033525           LDA 36
033526           JPL I 36		; -> 033564
033527           JMP I 33		; -> 033562
033530           STT ,B 20
033531           STA ,B 31
033532           LDA 33
033533           JPL I 31		; -> 033564
033534           JMP I 26		; -> 033562
033535 X142M:    STT ,B 21
033536           STA ,B 32
033537 ID10:     LDA I 27
033540           JPL I 27		; -> 033567
033541           LDA ,B 32
033542 WT10:     LDT ,B 21
033543           JPL I 25		; -> 033570
033544 CTOWQ:    JMP I 25		; -> 033571  [COLFI]
033545           JMP 2		; -> 033547
033546           JMP 1		; -> 033547
033547           STT ,B 23
033550           LDA ,B 31
033551           LDT ,B 20
033552           JPL I 16		; -> 033570
033553           JMP I 16		; -> 033571  [COLFI]
033554           JMP 16		; -> 033572
033555 X143I:    JMP I 5		; -> 033562
033556           ROP NOOP
033557 M8OUT:    STZ I ,B ,X -26
033560           ROP NOOP
033561 B8OUT:    LDT I ,X 47
033562           JMP I ,X -73		; -> 033467
033563           LDA 60
033564           JPC 60		; -> 033644  [X151L]
033565           LDA 74
033566           MPY 27
033567           STT ,B 100
033570           JAF -46		; -> 033522
033571 COLFI:    JMP I ,X -71		; -> 033500  [5IORE]
033572           LDA ,B 23
033573 X144A:    SKP IF DA EQL ST
033574           JMP 3		; -> 033577
033575           SAA 144
033576           JMP I 171		; -> 033767
033577           STT ,B 22
033600           LDX 170
033601           JPL I 170		; -> 033771
033602           JMP I 165		; -> 033767
033603 X145A:    STA ,B 24
033604           JPL I 166		; -> 033772
033605           LDT ,B 23
033606           LDX 162
033607 X146C:    JPL I 162		; -> 033771
033610           JMP I 163		; -> 033773  [X160N]
033611           STA ,B 25
033612           JPL I 160		; -> 033772
033613 ID12:     LDA I 161
033614           JPL I 161		; -> 033775
033615           LDT ,B 22
033616 WT12:     LDX 160
033617           JPL I 152		; -> 033771
033620           JMP I 157		; -> 033777
033621           STA ,B 26
033622           JAZ 5		; -> 033627
033623           MON 122		; ReserveResource / RESRV (122B)
033624           JAP 3		; -> 033627
033625           SAA 147
033626 X147A:    JMP I 151		; -> 033777
033627           JPL I 151		; -> 034000  [NDPIT]
033630           JMP I 147		; -> 033777
033631 T2P01:    BSKP ONE 120 DA
033632           JMP 10		; -> 033642
033633           RADD CLD 0 DA
033634 T2P02:    RADD CLD 0 DD
033635 X148S:    LDT ,B 22
033636           JPL I 143		; -> 034001
033637           SAA 42
033640           JPL I 142		; -> 034002
033641           JMP I 142		; -> 034003
033642           LDT ,B 22
033643           LDX 141
033644 X151L:    JPL I 125		; -> 033771
033645           JMP I 132		; -> 033777
033646 CLOUT:    BSKP ONE 150 DA
033647           JMP 33		; -> 033702
033650           SAA -1
033651           RADD CLD SA DD
033652           STD ,B 33
033653           SAA 13
033654           SAX -1
033655           JPL I 125		; -> 034002
033656           JMP I 121		; -> 033777
033657 X152N:    LDA 126
033660           JPL I 126		; -> 034006  [DDMUL]
033661           JMP I 116		; -> 033777
033662           RADD CLD SD DA
033663           AAA -1
033664           STA ,B 7
033665           LDA ,B 7
033666 ID13:     SAT 1
033667           SKP IF DA GRE ST
033670           JMP 11		; -> 033701
033671 WT13:     LDT ,B 22
033672 X153E:    SAA 10
033673           JPL I 107		; -> 034002
033674           JMP I 103		; -> 033777
033675           LDA ,B 7
033676 MPYAT:    AAA -1
033677           STA ,B 7
033700           JMP -12		; -> 033666  [ID13]
033701           JMP 6		; -> 033707
033702           JPL I 105		; -> 034007  [CALLM]
033703           JMP I 74		; -> 033777
033704           JPL I 104		; -> 034010
033705           JMP I 72		; -> 033777
033706 X154I:    STD ,B 33
033707           LDT ,B 23
033710           LDX 74
033711           JPL I 60		; -> 033771
033712           JMP I 65		; -> 033777
033713           BSKP ONE 130 DA
033714           JMP 3		; -> 033717
033715           SAA 147
033716 X156B:    JMP I 61		; -> 033777
033717           BSKP ZRO 150 DA
033720           JMP 7		; -> 033727
033721           JPL I 66		; -> 034007  [CALLM]
033722           JMP I 55		; -> 033777
033723           JPL I 65		; -> 034010
033724           JMP I 53		; -> 033777
033725           STD ,B 35
033726           JMP 32		; -> 033760  [X159B]
033727           SAA -1
033730 X157B:    RADD CLD SA DD
033731           STD ,B 35
033732           SAA 13
033733           SAX -1
033734 M8INB:    JPL I 46		; -> 034002
033735           JMP I 42		; -> 033777
033736 B8INB:    LDA 53
033737           JPL I 47		; -> 034006  [DDMUL]
033740 ATMUL:    JMP I 37		; -> 033777
033741           RADD CLD SD DA
033742 T8INP:    AAA -1
033743           STA ,B 7
033744           LDA ,B 7
033745           SAT 1
033746           SKP IF DA GRE ST
033747           JMP 11		; -> 033760  [X159B]
033750 X158B:    LDT ,B 23
033751           SAA 10
033752           JPL I 30		; -> 034002
033753           JMP I 24		; -> 033777
033754           LDA ,B 7
033755           AAA -1
033756           STA ,B 7
033757           JMP -12		; -> 033745
033760 X159B:    LDD ,B 35
033761 DMULT:    SAT -1
033762           SKP IF DA EQL ST
033763           JMP 27		; -> 034012
033764           LDD ,B 33
033765           STD ,B 35
033766           JMP 41		; -> 034027
033767           JMP I ,X -71		; -> 033676  [MPYAT]
033770           STZ 3
033771           LDT 124
033772           STT ,B 100
033773 X160N:    JMP I ,X -75		; -> 033676  [MPYAT]
033774           MPY 27
033775           STT ,B 106
033776           STZ 4
033777           JMP I ,X -112		; -> 033665
034000 NDPIT:    LDT -55
034001           LDF ,B 157
034002           LDF ,X ,B 111
034003           JMP I ,X -73		; -> 033710
034004 X161B:    STZ 0
034005           LDA -137
034006 DDMUL:    LDA ,B -1
034007 CALLM:    LDF I ,X -1
034010           LDF I ,X 101
034011           LDA -111
034012           LDD ,B 33
034013           SAT -1
034014 X162T:    SKP IF DA UEQ ST
034015           JMP 12		; -> 034027
034016           RADD CLD SA DT
034017 T2P03:    RADD CLD SD DX
034020           LDD ,B 35
034021           SKP IF DA EQL ST
034022           JMP 3		; -> 034025
034023           SKP IF DX UEQ SD
034024 T2P04:    JMP 3		; -> 034027
034025           LDA 62
034026 X163T:    JMP I 62		; -> 034110
034027           LDT ,B 22
034030           JPL I 61		; -> 034111
034031 T2P05:    LDT ,B 23
034032 LOCKQ:    JPL I 57		; -> 034111
034033           STZ ,B 37
034034           STZ ,B 40
034035           LDA ,B 37
034036           LDT ,B 35
034037           SKP IF DA EQL ST
034040           JMP 5		; -> 034045
034041 X164T:    LDA ,B 40
034042           LDT ,B 36
034043           SKP IF DA UEQ ST
034044           JMP 113		; -> 034157
034045           LDT ,B 23
034046           LDD ,B 37
034047           JPL I 43		; -> 034112
034050           JMP 151		; -> 034221
034051           LDD ,B 37
034052           LDT ,B 22
034053           JPL I 40		; -> 034113  [WRITQ]
034054           JMP 145		; -> 034221
034055           STA ,B 6
034056           LDA I 36
034057           JPL I 36		; -> 034115
034060           LDA ,B 6
034061 X165N:    STD ,X 5
034062 UNLCQ:    STT ,X 12
034063           LDT ,B 22
034064           STT ,X 4
034065 MTRNS:    LDA I 27
034066 NNC40:    JPL I 30		; -> 034116
034067           LDT ,B 22
034070 X166U:    JPL I 27		; -> 034117  [X168N]
034071           JMP 30		; -> 034121
034072           LDA ,B 24
034073           JPL I 23		; -> 034116
034074           LDA ,B 25
034075           JPL I 21		; -> 034116
034076           JPL I 22		; -> 034120
034077 ELDAT:    LDA ,B 24
034100           JPL I 15		; -> 034115
034101           LDA ,B 25
034102           JPL I 13		; -> 034115
034103 X167B:    MIN ,B 40
034104 APPEQ:    JMP -47		; -> 034035
034105           MIN ,B 37
034106           JMP -51		; -> 034035
034107           STZ -154
034110           JMP I ,X -112		; -> 033776
034111           LDF I -147
034112           LDF I ,B 131
034113 WRITQ:    LDF ,X ,B -162
034114           MPY 31
034115           STT ,B 100
034116           STT ,B 106
034117 X168N:    LDF ,X -157
034120           STF -133
034121           SAX 146
034122           SKP IF DA UEQ SX
034123           JMP 170		; -> 034313
034124           JPL I 144		; -> 034270
034125           STD I ,B 47
034126           JPL I 143		; -> 034271  [M8INT]
034127 X185G:    JPL I 141		; -> 034270
034130           LDA ,B 116
034131 X170B:    STD 104
034132 RETRA:    MIN ,X ,B 123
034133 TAD8R:    LDT ,X 111
034134           LDA I ,X 101
034135           LDT ,X 111
034136           LDA I ,B ,X 116
034137 M8RET:    STD 127
034140 MOURE:    LDT I 111
034141           LDT ,X 105
034142 X171I:    LDD ,X 40
034143           LDT 101
034144           MIN I ,B ,X 105
034145           STD 50
034146           MIN I 114
034147 READQ:    LDA I ,B ,X 103
034150 CCM01:    LDA I ,B 51
034151           LDD 104
034152           MIN ,X ,B 103
034153           LDD ,B 47
034154           LDD ,B 37
034155           JPL I 115		; -> 034272  [X180L]
034156           JMP -64		; -> 034072
034157           LDT ,B 22
034160           LDX 113
034161           JPL I 113		; -> 034274
034162           JMP 104		; -> 034266
034163           BSKP ONE 150 DA
034164           JMP 10		; -> 034174
034165           SAA 12
034166           SAX -1
034167           JPL I 106		; -> 034275
034170           JMP 76		; -> 034266
034171           SAA 13
034172           JPL I 103		; -> 034275
034173           RAND 0 0
034174           LDT ,B 23
034175 X172O:    LDX 76
034176           JPL I 76		; -> 034274
034177 M8OTE:    JMP 67		; -> 034266
034200           BSKP ONE 150 DA
034201 MDECI:    JMP 5		; -> 034206
034202 INITQ:    SAA 13
034203           SAX -1
034204           JPL I 71		; -> 034275
034205           RAND 0 0
034206           MIN ,B 4
034207           LDA ,B 25
034210           JPL I 66		; -> 034276
034211           LDA ,B 24
034212           JPL I 64		; -> 034276
034213           STZ I 64
034214           LDA ,B 26
034215           JAZ 2		; -> 034217
034216           MON 123		; ReleaseResource / RELES (123B)
034217           SAA -41
034220           JMP I 60		; -> 034300  [X181X]
034221           SAX 3
034222           SKP IF DA UEQ SX
034223 FINDQ:    JMP -44		; -> 034157
034224           SAX 146
034225           SKP IF DA UEQ SX
034226           JMP 71		; -> 034317
034227           SAT 141
034230 X173B:    SKP IF DA UEQ ST
034231           JMP 35		; -> 034266
034232           JPL I 36		; -> 034270
034233           STD ,X 47
034234           JPL I 35		; -> 034271  [M8INT]
034235           JPL I 33		; -> 034270
034236           STD 111
034237 X174R:    LDA I ,X 40
034240           LDT I ,B 117
034241 MSTRN:    LDT ,X ,B 122
034242           MIN I ,B 105
034243           STD 122
034244           MIN ,X ,B 101
034245           MIN ,X 54
034246           STD 120
034247           MIN ,B 107
034250           MIN ,X ,B 40
034251 X177I:    LDD 102
034252 ERSTB:    LDA ,X 117
034253           MIN I ,B 113
034254           LDD ,B 50
034255           MIN ,X 105
034256           MIN I ,B 51
034257           STD I ,B ,X 0
034260           LDD ,B 37
034261           JPL I 11		; -> 034272  [X180L]
034262 X178A:    LDT ,B 22
034263           LDD ,B 37
034264           JPL I 15		; -> 034301
034265           JMP I 15		; -> 034302
034266           STA ,B 2
034267 GSPQB:    JMP -60		; -> 034207
034270           MIN ,B -50
034271 M8INT:    LDA ,X 120
034272 X180L:    MIN ,B -162
034273 ERTAB:    STZ 0
034274           LDT 124
034275           LDF ,X ,B 111
034276           STT ,B 106
034277           ROP NOOP
034300 X181X:    STZ I ,B ,X -2
034301           LDF ,B 157
034302           JMP I ,X 67		; -> 034371  [G3NWT]
034303 X182D:    STA ,B 2
034304           JMP -73		; -> 034211
034305 RSPQB:    STA ,B 2
034306           JMP -73		; -> 034213
034307           STA ,B 2
034310           LDA I 63
034311           JPL I 63		; -> 034374
034312           JMP -77		; -> 034213
034313           SAA 12
034314           SAX -1
034315           JPL I 60		; -> 034375
034316           RAND 0 0
034317           LDA I 54
034320           JPL I 54		; -> 034374
034321           SAA 17
034322 DMONI:    SAX -1
034323 GDATE:    JPL I 52		; -> 034375
034324 X183D:    RAND 0 0
034325           LDA ,B 25
034326 LEV1:     JPL I 46		; -> 034374
034327           LDA ,B 24
034330           JPL I 44		; -> 034374
034331 MURES:    JPL I 45		; -> 034376
034332           LDA ,B 25
034333 XINSP:    JPL I 44		; -> 034377
034334           LDA ,B 24
034335           JPL I 42		; -> 034377
034336           JPL I 42		; -> 034400
034337           STD ,X 105
034340           LDA I ,X 104
034341           STD 117
034342           MIN I ,X 40
034343           LDT ,X 101
034344           LDT 105
034345           LDD ,X ,B 40
034346           LDA ,X ,B 117
034347           LDT ,X ,B 116
034350           LDT ,X 40
034351           LDA I ,X 105
034352           LDX 124
034353 X184D:    STD 117
034354           LDA I ,X 105
034355           LDD 101
034356           LDA I ,X 104
034357           STD 120
034360           LDT ,X ,B 123
034361           LDA 40
034362           MIN I ,B 122
034363           LDD ,B 47
034364 PPAGE:    LDX 15
034365           RADD SB DX
034366 P2PAG:    SAA 1
034367           JPL I 13		; -> 034402
034370           JPL I 10		; -> 034400
034371 G3NWT:    STD ,X 47
034372           JMP I 11		; -> 034403  [M8IBT]
034373           MPY 27
034374           STT ,B 106
034375           LDF ,X ,B 111
034376           STF -133
034377           STT ,B 100
034400           MIN ,B -50
034401 XRTEX:    STZ 10
034402           MIN I ,B 11
034403 M8IBT:    JMP I ,X 35		; -> 034440
034404           BSET ZRO SSK
034405           BSET ZRO SSM
034406           JMP 5		; -> 034413
034407           BSET ONE SSK
034410 X187C:    BSET ZRO SSM
034411 XREMP:    JMP 2		; -> 034413
034412           BSET ONE SSM
034413           STD I 147
034414           RADD CLD SL DA
034415           RADD CLD SB DD
034416           SAB 116
034417 X188G:    JPL I 144		; -> 034563
034420           BSKP ONE SSK
034421           JMP 4		; -> 034425
034422           SAA 1
034423           STA ,B 44
034424           JMP 2		; -> 034426
034425           STZ ,B 44
034426           BSKP ONE SSM
034427 X189S:    JMP 3		; -> 034432
034430           SAA 2
034431           STA ,B 44
034432           JPL I 132		; -> 034564
034433           JMP I 132		; -> 034565
034434           LDA 132
034435           LDX 132
034436           RADD SB DX
034437           SAT 20
034440           JPL I 130		; -> 034570
034441           JMP I 124		; -> 034565
034442           JPL I 127		; -> 034571
034443           JMP I 122		; -> 034565
034444 X190S:    STT ,B 40
034445           LDA 125
034446           LDX 121
034447 YINSP:    RADD SB DX
034450           SAT 20
034451 YREMP:    JPL I 117		; -> 034570
034452           JMP I 113		; -> 034565
034453           JPL I 116		; -> 034571
034454           JMP I 111		; -> 034565
034455           STT ,B 41
034456           LDA ,B 40
034457           LDT ,B 41
034460           SKP IF DA EQL ST
034461           JMP 3		; -> 034464
034462           SAA 144
034463           JMP I 102		; -> 034565
034464           LDA I 107
034465           JPL I 107		; -> 034574  [X194P]
034466 CBREL:    LDT ,B 40
034467 INSEG:    JPL I 106		; -> 034575
034470           STX ,B 112
034471           LDA ,X 3
034472           STA ,B 42
034473           JPL I 101		; -> 034574  [X194P]
034474           LDT ,B 41
034475           JPL I 100		; -> 034575
034476 LEV14:    STX ,B 113
034477           LDA ,X 3
034500           STA ,B 43
034501 CBRES:    JPL I 73		; -> 034574  [X194P]
034502           LDA I 71
034503 X191S:    JPL I 73		; -> 034576  [MLBRS]
034504           LDA ,X 0
034505           BSKP ONE 150 DA
034506 LAMAR:    JMP 3		; -> 034511
034507 LNK1S:    SAA 145
034510           JMP I 67		; -> 034577
034511           AND 67
034512           JAZ 3		; -> 034515
034513           SAA 41
034514           JMP I 63		; -> 034577
034515           LDA ,X 0
034516 OUTSE:    BSKP ONE 130 DA
034517           JMP 4		; -> 034523
034520           SAA 147
034521           JMP I 56		; -> 034577
034522           JMP 2		; -> 034524
034523           STA ,X 0
034524           LDT ,B 40
034525           JPL I 54		; -> 034601
034526 X192S:    JMP I 51		; -> 034577
034527           BSKP ONE 30 DA
034530           JMP 3		; -> 034533
034531           LDA 51
034532           JMP I 45		; -> 034577
034533           LDX ,B 112
034534 B8INT:    LDA ,X 0
034535           BSKP ONE 150 DA
034536           JMP 3		; -> 034541
034537           SAA 145
034540           JMP I 37		; -> 034577
034541           AND 37
034542           JAZ 3		; -> 034545
034543           SAA 41
034544           JMP I 33		; -> 034577
034545           LDA ,X 0
034546           BSKP ONE 130 DA
034547           JMP 10		; -> 034557  [GDEVB]
034550           LDX ,B 113
034551 X193S:    LDA ,X 0
034552 MLBLE:    BSET ZRO 130 DA
034553           STA ,X 0
034554 MLRES:    SAA 147
034555 PAGEF:    JMP I 22		; -> 034577
034556           JMP 2		; -> 034560
034557 GDEVB:    STA ,X 0
034560           STZ ,B 47
034561           JMP 22		; -> 034603
034562 MLREL:    ROP NOOP
034563           STZ I ,B ,X -26
034564           LDT I ,X 47
034565           JAP 170		; -> 034755
034566           LDA 20
034567 MLBRE:    STZ 6
034570           LDA ,B -1
034571           LDA I ,B ,X 2
034572           LDA 5
034573           MPY 27
034574 X194P:    STT ,B 100
034575           STF -153
034576 MLBRS:    STT ,B 106
034577           JAP 172		; -> 034771
034600           STZ I ,B -1
034601           LDT -55
034602           STZ I ,X -166
034603           LDA ,B 47
034604           LDT 174
034605 MLLOG:    AAT -1
034606 X195P:    SKP IF DT GRE SA
034607           JMP 170		; -> 034777
034610           LDT ,B 41
034611           LDA ,B 47
034612           JPL I 167		; -> 035001
034613           JMP I 167		; -> 035002
034614           LDA ,X 25
034615           BSKP ONE 170 DA
034616           JMP 154		; -> 034772
034617           LDA ,X 36
034620           STA ,B 57
034621 WREEN:    LDD ,X 43
034622           STD ,B 60
034623           LDA ,X 51
034624           STA ,B 65
034625 X196T:    LDA ,X 54
034626           STA ,B 111
034627           LDA 154
034630           RADD SX DA
034631 MNINI:    RADD CLD SA DX
034632           LDA 152
034633 G3IBU:    RADD SB DA
034634           SAT 20
034635 X197T:    JPL I 150		; -> 035005
034636           JPL I 150		; -> 035006
034637           LDT ,B 40
034640           LDX 144
034641           RADD SB DX
034642           JPL I 145		; -> 035007
034643 G3BUF:    JMP I 145		; -> 035010
034644           SKP IF DA UEQ 0
034645           JMP I 144		; -> 035011
034646           STT ,B 50
034647           LDX ,B 112
034650           LDA ,X 0
034651           BSKP ZRO 150 DA
034652           JMP 44		; -> 034716
034653 XRTAB:    LDT ,B 40
034654           LDA ,B 50
034655 X199T:    JPL I 124		; -> 035001
034656           JMP I 124		; -> 035002
034657           STX ,B 45
034660           LDD ,X 43
034661           RADD CLD SA DL
034662           RADD CLD SD DT
034663           LDD ,B 60
034664           RSUB ST DD
034665           RADD ADC CLD SA DA
034666 X202T:    AAA -1
034667           RSUB SL DA
034670           STD ,B 77
034671           LDX ,B 112
034672           LDD ,X 23
034673           LDT ,B 100
034674           RSUB ST DD
034675           RADD ADC CLD SA DA
034676 X203O:    AAA -1
034677           SUB ,B 77
034700           JAP 6		; -> 034706
034701           SAA 54
034702           JPL I 110		; -> 035012
034703           JPL I 103		; -> 035006
034704 ND5T1:    JMP 67		; -> 034773
034705           JMP 5		; -> 034712
034706           STD ,X 23
034707           LDD ,B 60
034710 X204B:    LDX ,B 45
034711           STD ,X 43
034712           LDT ,B 40
034713           LDA ,B 50
034714           JPL I 77		; -> 035013
034715           JMP I 65		; -> 035002
034716           STZ ,B 51
034717           LDA ,B 111
034720           AND 74
034721 X205P:    STA ,B 111
034722           LDA ,B 51
034723 IPTMA:    LDT ,B 111
034724           SKP IF DT GRE SA
034725           JMP 44		; -> 034771
034726           STZ ,B 52
034727           LDA ,B 51
034730           STA ,B 55
034731           LDA ,B 52
034732           LDT 46
034733 X206T:    AAT -1
034734           SKP IF DT GRE SA
034735           JMP 30		; -> 034765
034736           LDA ,B 47
034737           SHA ZIN 10
034740           ADD ,B 52
034741           STA ,B 56
034742           LDT ,B 41
034743           LDD ,B 55
034744           JPL I 51		; -> 035015
034745           JMP I 35		; -> 035002
034746           STX ,B 46
034747 X207P:    LDA ,X 26
034750           BSKP ONE 170 DA
034751 LIMCH:    JMP 7		; -> 034760
034752 B4INT:    LDA ,X 41
034753           LDT ,B 56
034754           SKP IF DA EQL ST
034755           JMP 3		; -> 034760
034756           JMP I 40		; -> 035016
034757           JMP 2		; -> 034761
034760           JPL I 37		; -> 035017  [X210F]
034761           LDA ,B 52
034762           AAA 1
034763           STA ,B 52
034764           JMP -32		; -> 034732
034765           LDA ,B 51
034766           AAA 1
034767 X208P:    STA ,B 51
034770           JMP -45		; -> 034723  [IPTMA]
034771           JMP 2		; -> 034773
034772           JPL I 14		; -> 035006
034773           LDA ,B 47
034774           AAA 1
034775           STA ,B 47
034776           JMP -172		; -> 034604
034777           JMP 21		; -> 035020
035000           STZ ,B 0
035001           LDT I ,X -132
035002           JAP 166		; -> 035170
035003           STZ 26
035004 X209F:    STZ 16
035005           STF 104
035006           LDT I ,B ,X -57
035007           LDT I ,B ,X -40
035010           JAN -27		; -> 034761
035011           JAN -21		; -> 034770
035012           LDA ,X 120
035013           LDT I ,B ,X 10
035014           STZ 17
035015           LDX I ,B 166
035016           JAP -144		; -> 034652
035017 X210F:    LDX ,X -71
035020           STZ ,B 47
035021           LDA ,B 47
035022           LDT 156
035023           AAT -1
035024           SKP IF DT GRE SA
035025 SINCH:    JMP 111		; -> 035136
035026           LDT ,B 41
035027           LDA ,B 47
035030           JPL I 151		; -> 035201
035031 X211C:    JMP I 151		; -> 035202
035032           LDA ,X 25
035033           BSKP ONE 170 DA
035034 FINDS:    JMP 75		; -> 035131
035035           LDA 146
035036           RADD SX DA
035037           RADD CLD SA DX
035040 X212F:    LDA 144
035041           RADD SB DA
035042           SAT 10
035043           JPL I 142		; -> 035205
035044           JPL I 142		; -> 035206
035045           STZ ,B 76
035046           LDA ,B 76
035047           SAT 7
035050           SKP IF DT GRE SA
035051           JMP 27		; -> 035100
035052 X213F:    LDX ,B 76
035053           LDA ,X ,B 66
035054           BSKP ONE 170 DA
035055           JMP 17		; -> 035074
035056 LNKSE:    LDT ,B 41
035057           AND 130
035060           LDX 130
035061           RADD SB DX
035062           JPL I 127		; -> 035211
035063 X214A:    JMP I 127		; -> 035212
035064           LDT ,B 40
035065           JPL I 126		; -> 035213  [M8OIN]
035066           JMP I 126		; -> 035214
035067           LDX ,B 76
035070           LDA ,X ,B 66
035071 LNKXS:    AND 124
035072           RADD ST DA
035073           STA ,X ,B 66
035074           LDA ,B 76
035075           AAA 1
035076 X215P:    STA ,B 76
035077 1CLAM:    JMP -30		; -> 035047
035100           LDT ,B 41
035101           LDA ,B 47
035102 R3IBU:    LDX 106
035103 SLAMU:    RADD SB DX
035104           JPL I 105		; -> 035211
035105 CLAMU:    JMP I 111		; -> 035216  [MRLCL]
035106           LDT ,B 40
035107           JPL I 104		; -> 035213  [M8OIN]
035110           JMP I 107		; -> 035217
035111           STT ,B 50
035112 R3BUF:    LDA ,B 50
035113           LDT ,B 40
035114 X217N:    JPL I 65		; -> 035201
035115           JMP I 103		; -> 035220
035116           LDA 65
035117           RADD SX DA
035120           LDX 64
035121           RADD SB DX
035122           SAT 10
035123           JPL I 62		; -> 035205
035124           LDT ,B 40
035125           LDA ,B 50
035126           JPL I 73		; -> 035221
035127           JMP I 73		; -> 035222
035130           JMP 2		; -> 035132
035131           JPL I 55		; -> 035206
035132           LDA ,B 47
035133           AAA 1
035134 X218T:    STA ,B 47
035135           JMP -113		; -> 035022
035136           LDT ,B 40
035137           JPL I 64		; -> 035223  [X222C]
035140           JMP 30		; -> 035170
035141           MIN ,B 4
035142           LDA ,B 43
035143           JPL I 61		; -> 035224
035144           LDX ,B 113
035145           LDT ,X 0
035146           BSET ZRO 130 DT
035147           STT ,X 0
035150           JPL I 55		; -> 035225
035151 X219S:    LDA ,B 42
035152           JPL I 52		; -> 035224
035153           LDX ,B 112
035154           LDT ,X 0
035155           BSET ZRO 130 DT
035156           STT ,X 0
035157           JPL I 46		; -> 035225
035160           SAA -116
035161           JMP I 45		; -> 035226
035162           RADD CLD SA DD
035163           LDA I 44
035164           JPL I 41		; -> 035225
035165 X220S:    RADD CLD SD DA
035166           STA ,B 2
035167           JMP -25		; -> 035142
035170           STA ,B 2
035171           JMP -11		; -> 035160
035172           STA ,B 2
035173           LDA ,B 43
035174           JPL I 31		; -> 035225
035175           LDA ,B 42
035176           JPL I 27		; -> 035225
035177           JMP -17		; -> 035160
035200           STZ ,B 0
035201           LDT I ,X -132
035202           JAP 166		; -> 035370
035203           STZ 55
035204 X221G:    STZ 66
035205           STZ I -154
035206           LDT I ,B ,X -57
035207           STZ -1
035210           STZ 26
035211           LDX I 111
035212           JAP 166		; -> 035400
035213 M8OIN:    LDT I ,B ,X -40
035214           JAP 166		; -> 035402
035215           BORC SSPTM
035216 MRLCL:    JAP 166		; -> 035404  [TRAPT]
035217           JAP 166		; -> 035405
035220           JAP 170		; -> 035410
035221           LDT I ,B ,X 10
035222           JAP 170		; -> 035412
035223 X222C:    LDA I ,B ,X -62
035224           STT ,B 100
035225           STT ,B 106
035226           STZ I ,B ,X -2
035227           MPY 27
035230 B8OIN:    LDT ,B 41
035231 CLADV:    LDD ,B 55
035232 X223T:    JPL I 114		; -> 035346
035233 S13ER:    JMP I 114		; -> 035347
035234           LDA ,B 44
035235 XERCR:    SAT 1
035236           SKP IF DA EQL ST
035237 S14ER:    JMP 6		; -> 035245
035240 CL1DB:    LDA ,X 26
035241           BSKP ZRO 140 DA
035242           JMP 3		; -> 035245
035243 S16ER:    JPL I 105		; -> 035350
035244           JMP I 105		; -> 035351  [ABLOO]
035245           STX ,B 46
035246           LDA ,X 26
035247           BSET ZRO 140 DA
035250 CLRDB:    STA ,X 26
035251 DISKE:    LDA 101
035252           RADD SX DA
035253 X224T:    RADD CLD SA DX
035254 CLSEG:    LDA 77
035255           RADD SB DA
035256           SAT 20
035257           JPL I 75		; -> 035354
035260           LDA 75
035261           ADD ,B 46
035262           RADD CLD SA DX
035263 XERSG:    LDA 73
035264           RADD SB DA
035265           SAT 4
035266           JPL I 66		; -> 035354
035267           LDX ,B 46
035270           LDA ,X 43
035271 XLX02:    STA ,B 62
035272           LDA ,X 44
035273 SP02J:    STA ,B 63
035274           LDA ,X 45
035275           STA ,B 64
035276           LDD ,X 60
035277           STD ,B 77
035300 X225T:    LDD ,X 64
035301           STD ,B 101
035302           LDT ,B 41
035303           LDD ,B 55
035304 XERLC:    JPL I 53		; -> 035357
035305           JMP I 42		; -> 035347
035306           LDA 50
035307           RADD SB DA
035310           RADD CLD SA DD
035311           LDX 42
035312           RADD SB DX
035313 M88IW:    LDT ,B 40
035314 CRSEG:    LDA ,B 50
035315           JPL I 43		; -> 035360
035316           JMP I 43		; -> 035361
035317           SKP IF DT UEQ 0
035320           JMP I 42		; -> 035362
035321           STD ,B 53
035322           LDX ,B 112
035323 BLEVS:    LDA ,X 0
035324           BSKP ZRO 150 DA
035325           JMP I 36		; -> 035363  [XLX04]
035326           LDT ,B 40
035327           LDD ,B 53
035330           JPL I 16		; -> 035346
035331           JMP -143		; -> 035166
035332 XLX03:    LDA ,B 62
035333           STA ,X 43
035334 SP10J:    LDA ,B 63
035335           AND 27
035336 X226C:    ORA ,X 44
035337           STA ,X 44
035340 X227X:    LDA ,B 64
035341           STA ,X 45
035342           LDD ,B 53
035343           JPL I 14		; -> 035357
035344 COMAB:    JMP I 3		; -> 035347
035345           JMP 20		; -> 035365  [CLRDP]
035346           LDX I ,B 166
035347           JAP 166		; -> 035535
035350           LDX ,X -71
035351 ABLOO:    JAN -161		; -> 035170
035352 STRSE:    STZ 27
035353           STZ 26
035354           STF 104
035355           STZ 37
035356 XMG48:    STZ 36
035357           LDX I ,B -30
035360           LDX ,X -52
035361           JAZ 107		; -> 035470
035362           JAZ 115		; -> 035477
035363 XLX04:    JAN -61		; -> 035302
035364           STZ ,B -101
035365 CLRDP:    LDA ,B 63
035366           BSKP ZRO 40 DA
035367           JMP 4		; -> 035373
035370           BSKP ZRO 50 DA
035371           JMP 2		; -> 035373
035372           JMP I 107		; -> 035501
035373           JPL I 107		; -> 035502
035374           JMP I 107		; -> 035503
035375           STD ,B 107
035376 LOCOS:    LDT ,B 40
035377           LDX ,B 50
035400           LDD ,B 77
035401           JPL I 103		; -> 035504
035402           JMP I 101		; -> 035503
035403           LDA ,B 77
035404 TRAPT:    JAF 4		; -> 035410
035405           LDA ,B 100
035406           SKP IF DA UEQ 0
035407           JMP I 72		; -> 035501
035410           LDA ,B 63
035411           BSKP ONE 40 DA
035412           JMP 11		; -> 035423
035413           LDA ,B 110
035414           SUB ,B 100
035415           STA ,B 102
035416 STSEG:    LDA ,B 107
035417           RADD ADC CLD SA DA
035420           AAA -1
035421           SUB ,B 77
035422           STA ,B 101
035423           LDA ,B 101
035424           JAP 3		; -> 035427
035425           SAA 67
035426           JMP I 57		; -> 035505
035427           LDD ,B 101
035430 B8IWO:    STD ,B 105
035431           LDA ,B 102
035432           ADD ,B 100
035433 XLX05:    STA ,B 104
035434           LDA ,B 101
035435 SP04J:    RADD ADC CLD SA DA
035436 OCOTI:    ADD ,B 77
035437 AOC12:    STA ,B 103
035440           LDT ,B 40
035441           LDD ,B 105
035442           JPL I 44		; -> 035506
035443           JMP I 42		; -> 035505
035444           JAF 16		; -> 035462
035445           LDD ,B 105
035446           RADD AD1 0 DD
035447           RADD ADC CLD SA DA
035450           STD ,B 105
035451 RELRT:    LDA ,B 105
035452           LDT ,B 103
035453           SKP IF DA EQL ST
035454           JMP 4		; -> 035460
035455           LDA ,B 106
035456 OCTOT:    LDT ,B 104
035457 ABL1:     SKP IF DA EQL ST
035460           JMP -20		; -> 035440
035461 CLPAG:    JMP 15		; -> 035476  [RELBU]
035462           LDA ,B 63
035463           BSKP ONE 40 DA
035464           JMP 10		; -> 035474
035465           LDD ,B 101
035466           RADD CM1 0 DD
035467           RADD ADC CLD SA DA
035470           AAA -1
035471           STD ,B 101
035472 AOC10:    JMP -47		; -> 035423
035473           JMP 3		; -> 035476  [RELBU]
035474           SAA 72
035475 STPAG:    JMP I 10		; -> 035505
035476 RELBU:    LDD ,B 101
035477           STD ,B 105
035500           JMP 7		; -> 035507
035501           JAN 150		; -> 035651
035502           LDF I ,X 101
035503           JAZ 134		; -> 035637
035504           LDX I -172
035505           JAZ 136		; -> 035643  [SETRT]
035506           LDT I 25
035507           LDT ,B 40
035510           LDD ,B 105
035511           JPL I 32		; -> 035543
035512           JMP I 32		; -> 035544
035513           LDD ,B 105
035514           RADD AD1 0 DD
035515           RADD ADC CLD SA DA
035516           STD ,B 105
035517           LDA ,B 105
035520           LDT ,B 103
035521           SKP IF DA EQL ST
035522 XCLSE:    JMP 4		; -> 035526
035523           LDA ,B 106
035524 B8IIN:    LDT ,B 104
035525           SKP IF DA EQL ST
035526           JMP -17		; -> 035507
035527           LDT ,B 40
035530           LDD ,B 53
035531 RBLOC:    JPL I 14		; -> 035545
035532 SP05J:    JMP I 14		; -> 035546  [SOCTO]
035533           LDD ,B 77
035534           STD ,X 60
035535           LDD ,B 101
035536           STD ,X 64
035537           LDD ,B 53
035540           JPL I 7		; -> 035547
035541           JMP I 5		; -> 035546  [SOCTO]
035542           JMP 6		; -> 035550
035543           LDT ,B -151
035544           JAZ 136		; -> 035702
035545           LDX I ,B 166
035546 SOCTO:    JAP 166		; -> 035734
035547           LDX I ,B -30
035550           LDA ,B 63
035551 IOCTO:    BSKP ZRO 0 DA
035552           JMP 45		; -> 035617
035553 OCTOI:    BSKP ZRO 10 DA
035554           JMP 43		; -> 035617
035555           JAZ 42		; -> 035617
035556 NDIXT:    RADD CLD 0 DA
035557           BSET ONE 10 DA
035560           BSET ONE 20 DA
035561           SHA ZIN 13
035562           AAA 2
035563 SP11J:    RADD CLD SA DD
035564           LDA 63
035565           RADD SB DA
035566           LDT ,B 40
035567 GCOM:     JPL I 61		; -> 035650
035570           JMP I 61		; -> 035651
035571           STT ,B 114
035572           RADD CLD 0 DA
035573           BSET ONE 0 DA
035574           SHA ZIN 13
035575           AAA 3
035576           RADD CLD SA DD
035577           LDA 53
035600           RADD SB DA
035601           LDT ,B 41
035602           JPL I 46		; -> 035650
035603           JMP 122		; -> 035725
035604           STT ,B 115
035605           LDA ,B 114
035606           LDT ,B 115
035607           JPL I 44		; -> 035653
035610           JMP 122		; -> 035732
035611 CLERT:    LDT ,B 114
035612           JPL I 42		; -> 035654
035613           JMP 121		; -> 035734
035614           LDT ,B 115
035615           JPL I 37		; -> 035654
035616           JMP 120		; -> 035736  [TMICP]
035617           LDA ,B 44
035620           SAT 2
035621           SKP IF DA UEQ ST
035622           JMP I 33		; -> 035655
035623           LDT ,B 41
035624           LDD ,B 55
035625           JPL I 31		; -> 035656  [T5ERR]
035626           JMP I 23		; -> 035651
035627           LDT ,B 56
035630           SKP IF DD UEQ ST
035631           JMP I 24		; -> 035655
035632           STD ,B 55
035633           LDT ,B 41
035634           JPL I 23		; -> 035657
035635           JMP I 14		; -> 035651
035636           LDA ,B 44
035637           SAT 1
035640           SKP IF DA EQL ST
035641           JMP 20		; -> 035661
035642           LDA ,X 26
035643 SETRT:    BSKP ZRO 140 DA
035644           JMP 15		; -> 035661
035645           JPL I 13		; -> 035660
035646           JMP -27		; -> 035617
035647           STZ 53
035650           SUB ,X ,B -43
035651           JAP 166		; -> 036037  [5SGAL]
035652           STZ 55
035653           AND I ,X 102
035654           SUB I ,B ,X -166
035655           JMP I ,B ,X -17		; -> 035636
035656 T5ERR:    LDX I ,B ,X 127
035657           LDX I ,B 166
035660           LDX ,X -71
035661           LDA ,X 26
035662           BSET ZRO 140 DA
035663           STA ,X 26
035664           LDA ,X 43
035665           STA ,B 62
035666           LDA ,X 44
035667           STA ,B 63
035670           LDA ,X 45
035671           STA ,B 64
035672 T5TRP:    LDD ,X 60
035673 SAGPA:    STD ,B 77
035674           LDD ,X 64
035675           STD ,B 101
035676           LDT ,B 41
035677 SEGCH:    LDD ,B 55
035700 SGPAR:    JPL I 40		; -> 035740  [NSWPA]
035701           JMP I 40		; -> 035741
035702           LDX ,B 112
035703           LDA ,X 0
035704           BSKP ZRO 150 DA
035705 AGPAR:    JMP 12		; -> 035717
035706 TOCTM:    LDT ,B 40
035707           LDD ,B 53
035710           JPL I 32		; -> 035742
035711           JMP I 30		; -> 035741
035712           LDT ,B 54
035713 XGPAR:    SKP IF DD UEQ ST
035714           JMP 3		; -> 035717
035715           STD ,B 53
035716           JMP 6		; -> 035724
035717           LDD ,B 53
035720 GPAR:     LDT ,B 40
035721           JPL I 22		; -> 035743
035722 TACCP:    JMP I 22		; -> 035744  [5OKRE]
035723           STD ,B 53
035724           JMP I 21		; -> 035745
035725           JPL I 21		; -> 035746
035726           LDT ,B 114
035727           JPL I 20		; -> 035747
035730           JMP I 20		; -> 035750
035731           JMP I 17		; -> 035750
035732           JPL I 14		; -> 035746
035733           JMP -122		; -> 035611  [CLERT]
035734           JPL I 12		; -> 035746
035735           JMP -121		; -> 035614
035736 TMICP:    JPL I 10		; -> 035746
035737           JMP -120		; -> 035617
035740 NSWPA:    LDX I ,B -30
035741           JAP 166		; -> 036127  [MMPIO]
035742           LDX I ,B ,X 127
035743           ADD I ,X -65
035744 5OKRE:    JAZ 134		; -> 036100
035745           JAP -52		; -> 035673  [SAGPA]
035746           LDA ,X 120
035747           SUB I ,B ,X -166
035750           JAN -161		; -> 035567  [GCOM]
035751           SAT 45
035752 T5TMO:    SKP IF DA UEQ ST
035753           JMP 4		; -> 035757
035754           SAT 46
035755           SKP IF DA EQL ST
035756           JMP I 107		; -> 036065
035757           STZ ,B 50
035760           LDA ,B 50
035761           LDT 105
035762           AAT -1
035763           SKP IF DT GRE SA
035764           JMP 101		; -> 036065
035765           LDT ,B 40
035766 RCBLO:    LDA ,B 50
035767           JPL I 100		; -> 036067
035770           JMP I 75		; -> 036065
035771           LDA ,X 25
035772           BSKP ONE 170 DA
035773           JMP 3		; -> 035776
035774           JPL I 74		; -> 036070
035775           JMP 64		; -> 036061
035776           RADD CLD 0 DA
035777           BSET ONE 100 DA
036000           BSET ONE 170 DA
036001           STA ,X 25
036002           STX ,B 45
036003 CLNRE:    LDA 66
036004 SP06J:    RADD SX DA
036005           RADD CLD SA DX
036006           SAT 37
036007           RADD CLD 0 DA
036010           JPL I 62		; -> 036072
036011 NINIT:    LDA 60
036012           ADD ,B 45
036013           LDX 60
036014           RADD SB DX
036015           SAT 20
036016           JPL I 56		; -> 036074
036017           LDA ,B 57
036020           LDX ,B 45
036021           STA ,X 36
036022           LDA ,B 65
036023           STA ,X 51
036024           JPL I 51		; -> 036075
036025           STD ,X 37
036026           LDA ,B 50
036027           STA ,X 47
036030           LDA ,B 111
036031           AND 45
036032           STA ,X 54
036033           LDT ,B 40
036034           LDA ,B 50
036035           JPL I 42		; -> 036077  [XCSEG]
036036           JMP I 27		; -> 036065
036037 5SGAL:    JPL I 41		; -> 036100
036040           JMP I 25		; -> 036065
036041           BSKP ZRO 100 DA
036042           JMP I 37		; -> 036101
036043           LDA I 37
036044           JPL I 37		; -> 036103
036045           LDT ,B 41
036046           SHT ZIN 10
036047 KICKS:    LDA ,B 47
036050           RORA SA DA
036051           LDA ,B 40
036052           SHA ZIN 10
036053           ORA ,B 50
036054 OMDRE:    JPL I 30		; -> 036104
036055           JMP I 30		; -> 036105
036056 B4IIN:    LDA I 24
036057           JPL I 27		; -> 036106  [RSGMO]
036060 IDRES:    JMP I 21		; -> 036101
036061           LDA ,B 50
036062           AAA 1
036063 CUMTA:    STA ,B 50
036064           JMP -103		; -> 035761
036065           JAP 166		; -> 036253
036066           STZ ,B 0
036067           LDT I ,X -132
036070           LDT I ,B ,X -57
036071 SEGMO:    STZ 26
036072           STF 164
036073           STZ 16
036074           STF 104
036075           LDF -55
036076           STZ -20
036077 XCSEG:    LDT I ,B ,X 10
036100           LDT -55
036101           JMP I ,B ,X -131		; -> 035750
036102           MPY 27
036103           STT ,B 100
036104           ADD ,X -64
036105           JAP 162		; -> 036267
036106 RSGMO:    STT ,B 106
036107 USIOX:    SAT 56
036110           SKP IF DA UEQ ST
036111           JMP 4		; -> 036115
036112           SAT 57
036113           SKP IF DA EQL ST
036114           JMP I 37		; -> 036153
036115           LDA ,B 44
036116           SAT 2
036117           SKP IF DA UEQ ST
036120           JMP I 34		; -> 036154
036121           LDA 34
036122           RADD SB DA
036123 5EXMR:    RADD CLD SA DD
036124           LDX 32
036125           RADD SB DX
036126           LDT ,B 40
036127 MMPIO:    LDA ,B 50
036130           JPL I 27		; -> 036157
036131           JMP I 22		; -> 036153
036132           STD ,B 53
036133           JMP I 25		; -> 036160
036134           JPL I 25		; -> 036161
036135           JMP I 25		; -> 036162
036136           JPL I 23		; -> 036161
036137           LDT ,B 40
036140           LDX ,B 50
036141           RADD CLD 0 DA
036142           SUB ,B 100
036143           RADD CLD SA DD
036144           RAND 0 DA
036145           RADD ADC CLD SA DA
036146 5PUTL:    AAA -1
036147           SUB ,B 77
036150           JPL I 13		; -> 036163
036151           JMP I 11		; -> 036162
036152           JMP I 10		; -> 036162
036153           JAP 166		; -> 036341
036154           JMP I ,B ,X -17		; -> 036135
036155           STZ 36
036156           STZ 26
036157           ADD I ,B 102
036160           JAP -52		; -> 036106  [RSGMO]
036161           LDA ,X 120
036162           JAN -161		; -> 036001
036163           LDX I -172
036164 1PUGT:    BSET ZRO SSK
036165           JMP 2		; -> 036167
036166           BSET ONE SSK
036167           STD I 56
036170           RADD CLD SL DA
036171           RADD CLD SB DD
036172           SAB 7
036173           JPL I 53		; -> 036246
036174           BSKP ONE SSK
036175 SP12J:    JMP 4		; -> 036201
036176           SAA 1
036177 0HDTA:    STA ,B 6
036200           JMP 2		; -> 036202
036201           STZ ,B 6
036202           JPL I 45		; -> 036247
036203           JMP 40		; -> 036243
036204           RADD CLD SA DD
036205           LDA I 43
036206 5GETL:    JPL I 43		; -> 036251
036207           RADD CLD SD DA
036210           JPL I 42		; -> 036252
036211           JMP 30		; -> 036241
036212           JMP 2		; -> 036214  [CSEGS]
036213           JMP 26		; -> 036241
036214 CSEGS:    JPL I 37		; -> 036253
036215           LDA ,X 4
036216           JAF 3		; -> 036221  [WBLOC]
036217           SAA 162
036220           JMP 21		; -> 036241
036221 WBLOC:    LDT ,B 6
036222           AAT -1
036223           SKP IF DT EQL 0
036224           JMP 7		; -> 036233
036225           MON 122		; ReserveResource / RESRV (122B)
036226           JAP 4		; -> 036232
036227           SAA 147
036230           STA ,B 2
036231 GETCA:    JMP 10		; -> 036241
036232           JMP 2		; -> 036234
036233           MON 123		; ReleaseResource / RELES (123B)
036234           MIN ,B 4
036235           LDA I 13
036236           JPL I 16		; -> 036254
036237           SAA -7
036240           JMP I 15		; -> 036255
036241           STA ,B 2
036242           JMP -5		; -> 036235
036243           STA ,B 2
036244           JMP -5		; -> 036237
036245           ROP NOOP
036246           STZ I ,B ,X -26
036247           JPC 72		; -> 036341
036250           MPY 27
036251           STT ,B 100
036252           JAF -46		; -> 036204
036253           STF -153
036254           STT ,B 106
036255           STZ I ,B ,X -2
036256           BSET ZRO SSK
036257           JMP 2		; -> 036261
036260           BSET ONE SSK
036261           STD I 141
036262           RADD CLD SL DA
036263           RADD CLD SB DD
036264           SAB 17
036265           JPL I 136		; -> 036423
036266           BSKP ONE SSK
036267           JMP 4		; -> 036273
036270           SAA 1
036271           STA ,B 16
036272           JMP 2		; -> 036274
036273           STZ ,B 16
036274           JPL I 130		; -> 036424
036275           JMP I 130		; -> 036425
036276           LDA I 130
036277           JPL I 130		; -> 036427
036300           LDX 130
036301 5GSYD:    JPL I 130		; -> 036431  [0SPTA]
036302           JMP I 130		; -> 036432
036303           STA ,B 14
036304           JPL I 123		; -> 036427
036305           LDT ,B 1
036306           JPL I 125		; -> 036433
036307           STX ,B 12
036310           LDA ,X 0
036311           STA ,B 15
036312           BSKP ZRO 170 DA
036313           JMP 3		; -> 036316
036314           SAA 26
036315           JMP I 117		; -> 036434
036316           JPL I 117		; -> 036435
036317           JMP I 115		; -> 036434
036320           STA ,B 13
036321           SAT 5
036322           JPL I 114		; -> 036436  [DEC2]
036323           LDA I 114
036324           RADD CLD SA DD
036325           LDA I 113
036326           JPL I 110		; -> 036436  [DEC2]
036327           STA ,B 10
036330           RADD CLD SD DA
036331           STA ,B 11
036332 5GNSE:    LDA ,B 16
036333           JAF 127		; -> 036462
036334           LDA ,B 15
036335           BSKP ONE 130 DA
036336           JMP 3		; -> 036341
036337           LDA 102
036340           JMP I 74		; -> 036434
036341           AND 101
036342 SOCTW:    JAZ 3		; -> 036345
036343           SAA 41
036344 OCTWR:    JMP I 70		; -> 036434
036345           LDX ,B 12
036346           LDA ,X 25
036347           JAF 3		; -> 036352
036350 EFQUE:    LDA ,X 26
036351           JAZ 72		; -> 036443
036352           LDA ,B 15
036353           BSKP ONE 160 DA
036354           JMP 23		; -> 036377
036355 CHREE:    STZ ,B 7
036356           LDA I 62
036357 WCBLO:    SHA ZIN SHR 10
036360           LDT ,B 1
036361           SKP IF DA EQL ST
036362           JMP 2		; -> 036364
036363           MIN ,B 7
036364           LDA ,B 10
036365           SHA ZIN SHR 10
036366           SKP IF DA EQL ST
036367 0HDEN:    JMP 2		; -> 036371
036370 0LPTA:    MIN ,B 7
036371           LDA ,X 25
036372 5GDSE:    LDT ,B 7
036373           SKP IF DT LST SA
036374           JMP 3		; -> 036377
036375           SAA 53
036376           JMP I 36		; -> 036434
036377           LDA ,B 15
036400           BSKP ONE 140 DA
036401           JMP 42		; -> 036443
036402           STZ ,B 7
036403           LDA I 34
036404           LDT ,B 1
036405           SKP IF DA EQL ST
036406           JMP 2		; -> 036410
036407           MIN ,B 7
036410           LDA ,B 11
036411           SKP IF DA EQL ST
036412           JMP 2		; -> 036414
036413           MIN ,B 7
036414           LDA ,X 26
036415           LDT ,B 7
036416 B8INS:    SKP IF DT LST SA
036417           JMP 24		; -> 036443
036420           SAA 53
036421           JMP I 13		; -> 036434
036422           ROP NOOP
036423           STZ I ,B ,X -26
036424           LDT I ,X 114
036425           JAF -150		; -> 036255
036426           MPY 27
036427           STT ,B 100
036430           STZ 3
036431 0SPTA:    LDT 124
036432           JAF -146		; -> 036264
036433           STF -153
036434           JAF -154		; -> 036260
036435           LDT -55
036436 DEC2:     STA ,B -16
036437           RADD CM1 SX DA
036440           RADD CM1 SX DL
036441           STZ -52
036442 SCDI1:    STZ I ,B -1
036443           LDX ,B 0
036444           LDA ,X 1
036445           BSKP ONE 0 DA
036446           JMP 3		; -> 036451
036447 SHADL:    LDA I 21
036450 RESNA:    JMP 2		; -> 036452  [XMINA]
036451           RADD CLD SX DA
036452 XMINA:    LDX ,B 12
036453 CLFOR:    STA ,X 26
036454           LDA I 15
036455           STA ,X 25
036456           LDA ,X 0
036457           BSET ONE 130 DA
036460           STA ,X 0
036461           JMP 60		; -> 036541
036462           LDA ,B 15
036463           BSKP ZRO 130 DA
036464           JMP 3		; -> 036467
036465           LDA 5
036466           JMP 136		; -> 036624
036467           JMP 4		; -> 036473
036470           SWAP SB DD
036471           RADD CM1 SX DL
036472           STZ -127
036473           LDX ,B 12
036474           STZ ,X 25
036475 RTOUT:    STZ ,X 26
036476           LDA ,B 15
036477           BSKP ONE 160 DA
036500           JMP 17		; -> 036517
036501           STZ ,B 7
036502           LDA I 134
036503           SHA ZIN SHR 10
036504           LDT ,B 1
036505           SKP IF DA EQL ST
036506           JMP 2		; -> 036510
036507           MIN ,B 7
036510           LDA ,B 10
036511 WTAPE:    SHA ZIN SHR 10
036512           SKP IF DA EQL ST
036513           JMP 2		; -> 036515
036514           MIN ,B 7
036515           LDA ,B 7
036516           STA ,X 25
036517           LDA ,B 15
036520           BSKP ONE 140 DA
036521           JMP 15		; -> 036536
036522           STZ ,B 7
036523           LDA I 114
036524           LDT ,B 1
036525           SKP IF DA EQL ST
036526           JMP 2		; -> 036530  [PRIRT]
036527           MIN ,B 7
036530 PRIRT:    LDA ,B 11
036531           SKP IF DA EQL ST
036532           JMP 2		; -> 036534
036533           MIN ,B 7
036534           LDA ,B 7
036535           STA ,X 26
036536           LDA ,X 0
036537 O5FIF:    BSET ZRO 130 DA
036540           STA ,X 0
036541           JPL I 77		; -> 036640
036542           LDA ,X 0
036543           JPL I 76		; -> 036641
036544           LDA ,X 1
036545 RELNA:    LDT ,B 1
036546           SKP IF DA EQL ST
036547           JMP 4		; -> 036553  [B8OUS]
036550           SAA -1
036551           STA ,X 1
036552           STA ,X 2
036553 B8OUS:    LDA ,X 0
036554           JPL I 66		; -> 036642  [MB2RE]
036555           JPL I 66		; -> 036643
036556           LDA ,X 0
036557           JPL I 62		; -> 036641
036560           LDA ,X 1
036561 3OUTT:    SKP IF DA EQL ST
036562 XCALC:    JMP 5		; -> 036567
036563           SAA -1
036564           STA ,X 1
036565           STA ,X 2
036566           STA ,X 3
036567           LDA ,X 0
036570           JPL I 52		; -> 036642  [MB2RE]
036571 NUPAR:    LDA ,B 16
036572           JAF 4		; -> 036576
036573           JPL I 51		; -> 036644
036574           JMP 30		; -> 036624
036575           JMP 20		; -> 036615
036576           RADD CLD 0 DA
036577           RADD CLD 0 DD
036600           JPL I 45		; -> 036645  [SCDI2]
036601 ACTDR:    JMP 23		; -> 036624
036602           ADD 44
036603 FREE2:    RADD CLD SA DD
036604           LDA ,B 12
036605           AAA 5
036606           SWAP SD DX
036607           SAT 20
036610           JPL I 37		; -> 036647
036611           RADD CLD SD DX
036612           JPL I 36		; -> 036650
036613           LDT ,B 1
036614           JPL I 35		; -> 036651  [SEGIN]
036615           LDA I 35
036616 COMPP:    JPL I 24		; -> 036642  [MB2RE]
036617           MIN ,B 4
036620 RT:       LDA ,B 14
036621 AOUTT:    JPL I 21		; -> 036642  [MB2RE]
036622 0SYMT:    SAA -17
036623           JMP I 30		; -> 036653
036624           STA ,B 2
036625           LDA I 25
036626 MB2FR:    JPL I 14		; -> 036642  [MB2RE]
036627           JMP -7		; -> 036620  [RT]
036630           STA ,B 2
036631           JMP -7		; -> 036622  [0SYMT]
036632           STA ,B 2
036633 5DTUP:    LDA I 17
036634 PRIOR:    JPL I 6		; -> 036642  [MB2RE]
036635           JMP -13		; -> 036622  [0SYMT]
036636           RADD CM1 SX DL
036637 TBUDM:    RADD CM1 SX DA
036640           LDT I ,X -135
036641           STT ,B 100
036642 MB2RE:    STT ,B 106
036643           LDX I ,B 163
036644           LDT ,B 165
036645 SCDI2:    LDF I ,B 131
036646           STZ I ,B -20
036647           STZ I -154
036650           LDF I ,B 76
036651 SEGIN:    LDF I -147
036652           MPY 27
036653           STZ I ,B ,X -2
036654           BSET ZRO SSK
036655           JMP 2		; -> 036657
036656           BSET ONE SSK
036657           STD I 41
036660           RADD CLD SL DA
036661           RADD CLD SB DD
036662 TEXTN:    SAB 17
036663           JPL I 36		; -> 036721  [ABORT]
036664           STZ ,B 16
036665 MB2OM:    BSKP ONE SSK
036666           JMP 2		; -> 036670
036667 SRCHI:    MIN ,B 16
036670           LDA 32
036671           LDX 32
036672           RADD SB DX
036673           SAT 20
036674           JPL I 30		; -> 036724
036675           JMP 16		; -> 036713
036676 ERABO:    JPL I 27		; -> 036725
036677           JMP 14		; -> 036713
036700           LDX I 26
036701           LDA ,B 16
036702           JAF 4		; -> 036706
036703           JPL I 24		; -> 036727
036704           JMP 7		; -> 036713
036705           JMP 3		; -> 036710
036706           JPL I 22		; -> 036730
036707           JMP 4		; -> 036713
036710           MIN ,B 4
036711           SAA -17
036712           JMP I 17		; -> 036731
036713           RADD CLD SA DX
036714           AAA -147
036715           JAZ -15		; -> 036700
036716           STX ,B 2
036717           JMP -6		; -> 036711
036720           ROP NOOP
036721 ABORT:    STZ I ,B ,X -26
036722 ROFIP:    MIN I ,X -157
036723           STZ 6
036724           LDA ,B -1
036725           LDA I ,B ,X 2
036726           STA 7
036727           JAZ -122		; -> 036605
036730           JAZ -120		; -> 036610
036731           STZ I ,B ,X -2
036732           STD I 111
036733           RADD CLD SL DA
036734           RADD CLD SB DD
036735           SAB 11
036736           JPL I 106		; -> 037044
036737           LDX 106
036740           JPL I 106		; -> 037046
036741 MB2SE:    JMP 100		; -> 037041
036742           STA ,B 6
036743           STZ ,B 10
036744           LDA 103
036745           STA ,B 7
036746           LDA ,B 7
036747           LDT 101
036750 6OOPE:    SKP IF DA UEQ ST
036751           JMP 40		; -> 037011
036752 SSIZE:    LDT ,B 10
036753           LDX 76
036754           JPL I 76		; -> 037052
036755           JMP 64		; -> 037041
036756           JAZ 26		; -> 037004
036757           RADD CLD SA DD
036760           LDX 73
036761           JPL I 71		; -> 037052
036762           JMP 57		; -> 037041
036763           LDT ,B 6
036764           BSKP ONE 100 DT
036765 OMDCH:    JMP 2		; -> 036767
036766           AND 66
036767           RADD CLD SA DT
036770           LDX 65
036771           LDA ,B 2
036772           SHA ZIN 10
036773           ADD ,B 1
036774           SKP IF DT EQL SA
036775           JMP 7		; -> 037004
036776           RADD CLD SD DT
036777           RAND SX DT
037000           LDA ,B 2
037001           RAND SX DA
037002           SKP IF DT UEQ SA
037003           JMP 12		; -> 037015
037004           MIN ,B 10
037005           LDA ,B 7
037006           AAA 30
037007           STA ,B 7
037010           JMP -42		; -> 036746
037011           SAA 33
037012           STA ,B 2
037013           SAA -11
037014           JMP I 42		; -> 037056
037015           LDT ,B 10
037016           LDX 41
037017           JPL I 33		; -> 037052
037020           JMP 21		; -> 037041
037021           BSKP ONE 130 DA
037022           JMP 4		; -> 037026
037023           MIN ,B 4
037024           SAA 147
037025           JMP 7		; -> 037034
037026           BSKP ONE 170 DA
037027           JMP 4		; -> 037033
037030           MIN ,B 4
037031           SAA 34
037032           JMP 2		; -> 037034
037033           SAA 26
037034           MIN ,B 4
037035           STA ,B 2
037036           LDA ,B 10
037037           STA ,B 1
037040 FREST:    JMP -25		; -> 037013
037041           STA ,B 2
037042           JMP -27		; -> 037013
037043           ROP NOOP
037044           STZ I ,B ,X -26
037045 RBGUF:    STZ 13
037046           LDT -155
037047           JAP 143		; -> 037212
037050 SCDI3:    JPC -115		; -> 036733
037051           STZ 1
037052           LDT 124
037053           STZ 2
037054           STZ -1
037055           SAB 0
037056           STZ I ,B ,X -2
037057           STZ 0
037060           STD I 155
037061           RADD CLD SL DA
037062           RADD CLD SB DD
037063           SAB 35
037064           JPL I 152		; -> 037236
037065           SAT 1
037066           STT ,B 17
037067           JMP 20		; -> 037107
037070           BSET ONE SSK
037071           JMP 2		; -> 037073
037072           BSET ZRO SSK
037073           STD I 142
037074           RADD CLD SL DA
037075           RADD CLD SB DD
037076 PRSRV:    SAB 35
037077           JPL I 137		; -> 037236
037100           BSKP ONE SSK
037101 GSIZE:    JMP 4		; -> 037105
037102           SAA 1
037103 RESRV:    STA ,B 17
037104           JMP 2		; -> 037106
037105           STZ ,B 17
037106           LDA 131
037107           LDX 131
037110 EXECC:    RADD SB DX
037111           SAT 20
037112           JPL I 127		; -> 037241
037113           JMP I 127		; -> 037242
037114           LDX 124
037115           RADD SB DX
037116           LDA 125
037117           JAZ 4		; -> 037123
037120           LDA ,B 17
037121           SKP IF DA UEQ 0
037122           JMP I 122		; -> 037244
037123           JPL I 122		; -> 037245
037124           JMP I 116		; -> 037242
037125           STT ,B 33
037126           LDA 120
037127           STA ,B 21
037130           STA ,B 22
037131           STZ ,B 16
037132           STZ ,B 20
037133           LDA ,B 21
037134           LDT 113
037135           SKP IF DA UEQ ST
037136           JMP 25		; -> 037163
037137           LDT ,B 20
037140           LDX 110
037141           JPL I 110		; -> 037251
037142           JMP I 100		; -> 037242
037143           AND 107
037144           LDT ,B 33
037145           SKP IF DA EQL ST
037146           JMP 10		; -> 037156  [RELES]
037147 PRLS:     LDT ,B 20
037150           LDX 103
037151           JPL I 100		; -> 037251
037152           JMP I 70		; -> 037242
037153           AND 101
037154           STA ,B 2
037155           MIN ,B 16
037156 RELES:    MIN ,B 20
037157 RSSPG:    LDA ,B 21
037160           AAA 30
037161           STA ,B 21
037162           JMP -27		; -> 037133
037163           LDA ,B 16
037164           JAF 3		; -> 037167
037165           SAA 30
037166           JMP I 54		; -> 037242
037167           LDT ,B 33
037170           LDX 65
037171           JPL I 65		; -> 037256  [SIDEN]
037172 FESC1:    JMP I 50		; -> 037242
037173           STA ,B 34
037174           RADD CLD 0 DD
037175           BSKP ZRO 160 DA
037176           JMP 4		; -> 037202
037177           LDA 60
037200           JPL I 41		; -> 037241
037201           JMP 163		; -> 037364
037202           RADD CLD SD DA
037203           SHA ZIN 14
037204           STA ,B 2
037205           LDA ,B 34
037206           BSKP ONE 170 DA
037207           JMP 25		; -> 037234
037210           LDA 50
037211           LDX 50
037212           RADD SB DX
037213 WHERE:    SAT 1
037214           JPL I 25		; -> 037241
037215           JMP 147		; -> 037364
037216           LDA ,B 23
037217           SHA ZIN SHR 10
037220           SAT 106
037221           SKP IF DA EQL ST
037222           JMP 5		; -> 037227
037223           LDA ,B 2
037224           AAA 1
037225           STA ,B 2
037226 SEMES:    JMP 34		; -> 037262
037227           SAT 122
037230           SKP IF DA UEQ ST
037231           JMP 60		; -> 037311
037232           SAA 21
037233           JMP 131		; -> 037364
037234           JMP 26		; -> 037262
037235           ROP NOOP
037236           STZ I ,B ,X -26
037237           MIN I ,X -115
037240           STZ 6
037241           LDA ,B -1
037242           JPC -14		; -> 037226  [SEMES]
037243           JMP I ,B ,X 110		; -> 037353
037244           JNC 1		; -> 037245
037245           LDA I ,B ,X 136
037246 MALTN:    JAP 143		; -> 037411
037247           JPC -115		; -> 037132
037250           STZ 2
037251           LDT 124
037252           STZ -1
037253 SCDI4:    STZ 1
037254 SKICK:    SAB 0
037255           STZ 13
037256 SIDEN:    LDT -155
037257           MIN I ,X -105
037260           MIN I ,X -63
037261           STZ 23
037262           LDA ,B 34
037263           BSKP ONE 170 DA
037264           JMP 3		; -> 037267
037265           SAT 2
037266           JMP 2		; -> 037270
037267           SAT 1
037270           AND 76
037271           JAF 2		; -> 037273
037272           SAA 10
037273           RADD CLD SA DX
037274           SKP IF DT LST SX
037275           JMP 14		; -> 037311
037276           LDA 71
037277           JPL I 71		; -> 037370
037300           JMP 64		; -> 037364
037301           SKP IF DD GRE SX
037302           JMP 3		; -> 037305
037303           SAA 174
037304           JMP 60		; -> 037364
037305           RADD CLD SD DA
037306           SHA ZIN 1
037307           ORA ,B 2
037310           STA ,B 2
037311           STZ ,B 20
037312           LDA ,B 22
037313 MALTF:    LDT 56
037314           SKP IF DA UEQ ST
037315           JMP 36		; -> 037353
037316           LDT ,B 20
037317           LDX 53
037320 SMLDA:    JPL I 53		; -> 037373
037321           JMP 43		; -> 037364
037322           AND 52
037323           RADD CLD SA DD
037324           LDX 51
037325           JPL I 46		; -> 037373
037326           JMP 36		; -> 037364
037327           RADD CLD SA DX
037330           AND 46
037331           SUB ,B 33
037332           JAF 14		; -> 037346
037333           LDA ,B 34
037334           BSKP ONE 100 DA
037335           JMP 3		; -> 037340
037336           RADD CLD 0 DA
037337           JMP 3		; -> 037342
037340           RADD CLD SX DA
037341           SHA ZIN SHR 10
037342           RADD SD DA
037343           LDT ,B 2
037344 S5TSL:    SKP IF DA UEQ ST
037345           JMP 10		; -> 037355
037346           MIN ,B 20
037347           LDA ,B 22
037350 CNCNT:    AAA 30
037351           STA ,B 22
037352           JMP -40		; -> 037312
037353           SAA 33
037354           JMP 10		; -> 037364
037355           LDA ,B 33
037356           STA ,B 1
037357           MIN ,B 4
037360           RADD CLD 0 DT
037361           JPL I 16		; -> 037377  [GSSIZ]
037362           SAA -35
037363           JMP I 15		; -> 037400
037364           STA ,B 2
037365           JMP -5		; -> 037360
037366           STZ 7
037367           MIN I ,X -75
037370           LDA ,B -1
037371           JPC -115		; -> 037254  [SKICK]
037372           STZ 1
037373           LDT 124
037374           SAB 0
037375           STZ 2
037376           STZ -1
037377 GSSIZ:    STA ,B -43
037400           STZ I ,B ,X -2
037401           SAT 101
037402           JPL I 136		; -> 037540
037403           JPL I 136		; -> 037541
037404 RDSC:     JMP 16		; -> 037422  [SMDEC]
037405 5S1TS:    STT ,B 33
037406           JPL I 134		; -> 037542
037407 5R1TS:    LDA ,X 13
037410           BSKP ONE 160 DA
037411           JMP 3		; -> 037414
037412           STZ ,B 2
037413           JMP -36		; -> 037355
037414           LDX 127
037415           RADD SB DX
037416           JPL I 126		; -> 037544
037417           JMP -33		; -> 037364
037420           STX ,B 24
037421           JMP 21		; -> 037442
037422 SMDEC:    SAT 30
037423           SKP IF DA EQL ST
037424           JMP -40		; -> 037364
037425 MBSEN:    JPL I 120		; -> 037545
037426           JMP 4		; -> 037432
037427           STT ,B 33
037430           STX ,B 24
037431           JMP 11		; -> 037442
037432           SAT 30
037433           SKP IF DA EQL ST
037434           JMP -50		; -> 037364
037435           JPL I 111		; -> 037546
037436           JMP -52		; -> 037364
037437           STA ,B 2
037440 LRU:      STT ,B 1
037441           JMP -62		; -> 037357
037442           LDA ,X 13
037443           STA ,B 34
037444           LDA 103
037445           JPL I 103		; -> 037550
037446           JMP -62		; -> 037364
037447           SKP IF DD GRE 0
037450           JMP 4		; -> 037454
037451           SAT 3
037452           SKP IF DT LST SD
037453           JMP 3		; -> 037456  [SCDI5]
037454           SAA 33
037455           JMP -71		; -> 037364
037456 SCDI5:    RADD CLD SD DA
037457           SHA ZIN 14
037460           STA ,B 2
037461           LDA ,B 34
037462           BSKP ONE 170 DA
037463           JMP 25		; -> 037510
037464           LDA 65
037465           LDX 65
037466           RADD SB DX
037467           SAT 1
037470           JPL I 60		; -> 037550
037471 3PMOU:    JMP -105		; -> 037364
037472           LDA ,B 23
037473           SHA ZIN SHR 10
037474           SAT 106
037475 E5PIT:    SKP IF DA EQL ST
037476           JMP 5		; -> 037503
037477           LDA ,B 2
037500           AAA 1
037501           STA ,B 2
037502           JMP 6		; -> 037510
037503           SAT 122
037504           SKP IF DA UEQ ST
037505           JMP 50		; -> 037555
037506           SAA 21
037507           JMP -123		; -> 037364
037510           LDA ,B 34
037511           BSKP ONE 170 DA
037512           JMP 3		; -> 037515
037513           SAT 2
037514           JMP 2		; -> 037516
037515           SAT 1
037516           AND 35
037517           JAF 2		; -> 037521
037520           SAA 10
037521           RADD CLD SA DX
037522           SKP IF DT LST SX
037523           JMP 14		; -> 037537
037524           LDA 30
037525           JPL I 23		; -> 037550
037526           JMP -142		; -> 037364
037527           SKP IF DD GRE SX
037530           JMP 3		; -> 037533
037531 PMOUT:    SAA 174
037532           JMP -146		; -> 037364
037533           RADD CLD SD DA
037534           SHA ZIN 1
037535           ORA ,B 2
037536           STA ,B 2
037537           JMP 16		; -> 037555
037540           STA ,B -43
037541           LDA I ,B ,X 136
037542           STF -143
037543           STZ 6
037544           JXZ -175		; -> 037347
037545           JXZ -173		; -> 037352
037546           JXZ -35		; -> 037511
037547           MIN I ,X -105
037550           LDA ,B -1
037551           MIN I ,X -63
037552           STZ 23
037553           STZ 7
037554           MIN I ,X -75
037555           LDA ,B 34
037556           BSKP ONE 100 DA
037557           JMP 3		; -> 037562
037560           LDA 61
037561           JMP 2		; -> 037563
037562           LDA 60
037563           STA ,B 22
037564           SUB 56
037565 CHDEN:    RADD CLD SA DD
037566           RADD CLD 0 DA
037567           SAT 30
037570           RDIV ST
037571           STA ,B 20
037572 CHTER:    LDA ,B 22
037573           LDT 50
037574           SKP IF DA UEQ ST
037575           JMP 42		; -> 037637
037576           LDT ,B 20
037577           LDX 45
037600           JPL I 45		; -> 037645
037601           JMP I 45		; -> 037646
037602           JAZ 30		; -> 037632
037603           AND 44
037604           RADD CLD SA DD
037605 TIMBO:    LDX 43
037606           JPL I 37		; -> 037645
037607           JMP I 37		; -> 037646
037610           RADD CLD SA DX
037611           AND 40
037612           SUB ,B 33
037613           JAF 17		; -> 037632
037614           LDA ,B 34
037615           BSKP ONE 100 DA
037616           JMP 3		; -> 037621
037617           RADD CLD 0 DA
037620           JMP 3		; -> 037623
037621           RADD CLD SX DA
037622           SHA ZIN SHR 10
037623           RADD SD DA
037624           LDT ,B 2
037625           SKP IF DA EQL ST
037626           JMP 4		; -> 037632
037627           SAA 1
037630           STA ,B 32
037631 TIMOU:    JMP 21		; -> 037652
037632           MIN ,B 20
037633           LDA ,B 22
037634           AAA 30
037635           STA ,B 22
037636           JMP -44		; -> 037572  [CHTER]
037637           STZ ,B 32
037640           JMP 12		; -> 037652
037641           JPC 43		; -> 037704
037642           JAP 143		; -> 040005
037643 RXDIR:    JPC -115		; -> 037526
037644           STZ 1
037645           LDT 124
037646           JPC -14		; -> 037632
037647           SAB 0
037650           STZ 2
037651           STZ -1
037652           LDA ,B 24
037653           ADD 77
037654           RADD CLD SA DX
037655           LDD ,X 0
037656           STD ,B 25
037657           LDA ,B 25
037660 OMBRE:    JPL I 73		; -> 037753
037661 SCDI6:    JAF 3		; -> 037664
037662           SAA 30
037663           JMP I 71		; -> 037754
037664           LDA ,B 2
037665           AND 70
037666           ORA ,B 25
037667           STA ,B 27
037670           LDA ,B 34
037671           BSKP ONE 100 DA
037672           JMP 3		; -> 037675
037673           LDA 63
037674           JMP 2		; -> 037676
037675           LDA 62
037676           STA ,B 22
037677           SUB 60
037700           RADD CLD SA DD
037701           RADD CLD 0 DA
037702 WXDIR:    SAT 30
037703           RDIV ST
037704           STA ,B 20
037705           LDA ,B 22
037706           LDT 52
037707           SKP IF DA UEQ ST
037710           JMP 41		; -> 037751
037711 SNAMS:    LDT ,B 20
037712           LDX 47
037713           JPL I 47		; -> 037762
037714           JMP I 40		; -> 037754
037715           LDT ,B 27
037716           SKP IF DA EQL ST
037717           JMP 25		; -> 037744
037720 NAMSR:    LDT ,B 20
037721           LDX 42
037722           JPL I 40		; -> 037762
037723           JMP I 31		; -> 037754
037724           AND 40
037725           LDT ,B 33
037726           SKP IF DA UEQ ST
037727           JMP 15		; -> 037744
037730           LDT ,B 20
037731           LDX 34
037732           JPL I 30		; -> 037762
037733           JMP I 21		; -> 037754
037734           BSKP ZRO 170 DA
037735           JMP 3		; -> 037740
037736           BSKP ONE 130 DA
037737           JMP 3		; -> 037742
037740           SAA 34
037741           JMP 2		; -> 037743
037742           LDA 24
037743           JMP I 11		; -> 037754
037744           MIN ,B 20
037745 RSREC:    LDA ,B 22
037746           AAA 30
037747           STA ,B 22
037750           JMP -43		; -> 037705
037751           JMP 16		; -> 037767
037752           STZ 16
037753           STT -2
037754           JPC -14		; -> 037740
037755           SAB 0
037756           JPC 43		; -> 040021
037757           JAP 143		; -> 040122  [GETXS]
037760           JPC -115		; -> 037643  [RXDIR]
037761           STZ 1
037762           LDT 124
037763 CHDSI:    STZ 2
037764           STZ -1
037765           STZ 0
037766           STZ I ,X -165
037767           LDA ,B 32
037770           SKP IF DA EQL 0
037771           JMP I 165		; -> 040156
037772           LDA ,B 34
037773           BSKP ONE 100 DA
037774           JMP 3		; -> 037777  [CPRIM]
037775           LDA 162
037776           JMP 2		; -> 040000  [NRPIT]
037777 CPRIM:    LDA 161
040000 NRPIT:    STA ,B 21
040001           SUB 157
040002           RADD CLD SA DD
040003 FPT2E:    RADD CLD 0 DA
040004           SAT 30
040005           RDIV ST
040006           STA ,B 20
040007           LDA ,B 21
040010           LDT 151
040011           SKP IF DA UEQ ST
040012           JMP 142		; -> 040154  [SEGSO]
040013           LDT ,B 20
040014 RTFEL:    LDX 146
040015           JPL I 146		; -> 040163
040016           JMP I 146		; -> 040164
040017           JAF 130		; -> 040147
040020 DOMD:     LDT ,B 34
040021           BSKP ONE 130 DT
040022           JMP 2		; -> 040024
040023           BSET ONE 150 DA
040024           LDX ,B 21
040025           STA ,X 0
040026           LDA ,B 27
040027           STA ,X 1
040030           LDA ,B 2
040031 GETLA:    SHA ZIN 10
040032           ORA ,B 33
040033           STA ,X 2
040034           LDA ,B 20
040035           MPY 130
040036           ADD 130
040037           STA ,X 3
040040           AAA 1
040041           RADD CLD SA DX
040042           LDA ,B 20
040043           MPY 124
040044           ADD 124
040045 STCH:     SWAP SX DA
040046           STA ,X 2
040047           LDX ,B 26
040050           JXZ 7		; -> 040057
040051           LDA ,B 2
040052           SHA ZIN SHR 14
040053           RADD SA DX
040054           LDA ,X 0
040055 ECONO:    LDX ,B 21
040056           STA ,X 4
040057           LDA ,B 24
040060           ADD 111
040061           RADD CLD SA DX
040062 CONOM:    LDA ,X 0
040063           JAZ 63		; -> 040146
040064 SCDI7:    STA ,B 30
040065           LDA ,B 25
040066           SAX 0
040067           LDT I ,X 103
040070           SKP IF DA EQL ST
040071           JMP 7		; -> 040100
040072           LDA ,B 2
040073           SHA ZIN SHR 14
040074           JAF 4		; -> 040100
040075           LDA ,B 34
040076           BSKP ONE 170 DA
040077           JMP 47		; -> 040146
040100           LDA ,B 25
040101 YESNO:    JPL I 72		; -> 040173
040102           JAF 3		; -> 040105
040103           SAA 30
040104           JMP I 60		; -> 040164
040105           RADD CLD SA DX
040106           STA ,B 31
040107           LDA ,B 2
040110           SHA ZIN SHR 14
040111           RADD CLD SA DD
040112           ADD 62
040113           RADD SA DX
040114           LDA ,B 30
040115           STA ,X 0
040116           SAT 44
040117 MBDYN:    JPL I 56		; -> 040175
040120           JMP I 44		; -> 040164
040121           RADD CLD SD DA
040122 GETXS:    AND 54
040123           SHA ZIN 3
040124           LDX ,B 31
040125           LDT ,X 27
040126 KGPAR:    RADD CLD ST DD
040127           LDT ,B 34
040130           BSKP ONE 170 DT
040131           JMP 3		; -> 040134
040132           ADD 45
040133           JMP 2		; -> 040135
040134           ADD 44
040135           EXR SA
040136           RADD CLD SD DA
040137           STA ,X 27
040140           SWAP SX DA
040141           ADD 40
040142           SWAP SX DA
040143           SAT 44
040144           JPL I 31		; -> 040175
040145           JMP I 17		; -> 040164
040146           JMP I 10		; -> 040156
040147           MIN ,B 20
040150           LDA ,B 21
040151           AAA 30
040152           STA ,B 21
040153           JMP -144		; -> 040007
040154 SEGSO:    LDA 26
040155 CHTAC:    JMP I 7		; -> 040164
040156           JPC -23		; -> 040133
040157           JPC 43		; -> 040222
040160 SP07J:    JAP 143		; -> 040323
040161           JPC -115		; -> 040044
040162 REENB:    STZ 1
040163           LDT 124
040164           JPC -14		; -> 040150
040165           STZ 2
040166           STZ ,X ,B 100
040167 CMFFL:    STZ 24
040170           JPC -115		; -> 040053
040171           STZ 20
040172           STA ,B 41
040173           STT -2
040174           STZ 30
040175           STX I 16
040176           STZ 7
040177           BSET ONE 0 DD
040200           BSET ZRO 0 DD
040201           STZ 27
040202           STZ I ,X -163
040203           BSET ZRO SSK
040204           JMP 2		; -> 040206
040205           BSET ONE SSK
040206           STD I 122
040207           RADD CLD SL DA
040210           RADD CLD SB DD
040211           SAB 25
040212           JPL I 117		; -> 040331
040213           BSKP ONE SSK
040214           JMP 4		; -> 040220
040215           SAA 1
040216           STA ,B 10
040217           JMP 2		; -> 040221  [WDIRS]
040220           STZ ,B 10
040221 WDIRS:    LDA 111
040222           STA ,B 24
040223           STZ ,B 23
040224           STZ ,B 7
040225 SP07L:    LDA ,B 24
040226           LDX ,B 0
040227           SAT 20
040230           JPL I 103		; -> 040333
040231           JMP 10		; -> 040241
040232 MRSEG:    JMP 4		; -> 040236
040233           SAA 1
040234           STA ,B 11
040235           JMP 32		; -> 040267  [SCDI8]
040236           MIN ,B 7
040237           LDA ,B 23
040240           STA ,B 6
040241           MIN ,B 23
040242           LDA ,B 24
040243           AAA 21
040244           STA ,B 24
040245           LDA ,B 24
040246           LDT 66
040247           SKP IF DA MGRE ST
040250           JMP -23		; -> 040225  [SP07L]
040251           LDA ,B 7
040252           JAF 3		; -> 040255
040253           SAA 30
040254           JMP 52		; -> 040326
040255           SAT 1
040256           SKP IF DT LST SA
040257           JMP 3		; -> 040262
040260           SAA 31
040261           JMP 45		; -> 040326
040262           STZ ,B 11
040263           LDA ,B 6
040264           MPY 51
040265 CHDAV:    ADD 45
040266           STA ,B 24
040267 SCDI8:    LDA ,B 10
040270           JAF 4		; -> 040274
040271           LDA ,B 24
040272           STA ,B 0
040273           JMP 26		; -> 040321
040274           LDX 42
040275           STZ ,B 22
040276           LDT 41
040277 ADRZO:    SKP IF DX UEQ ST
040300           JMP 7		; -> 040307
040301           LDA ,X 13
040302           JAZ 7		; -> 040311
040303           MIN ,B 22
040304 ADROU:    SAA 16
040305           RADD SA DX
040306           JMP -10		; -> 040276
040307           LDA 31
040310 MOCTA:    JMP 16		; -> 040326
040311           RADD CLD SX DA
040312           LDX ,B 24
040313           SAT 16
040314           JPL I 25		; -> 040341
040315 OCT3:     LDA ,B 22
040316           STA ,B 1
040317           LDA ,B 11
040320           STA ,B 2
040321           LDA ,B 24
040322           STA ,B 0
040323           MIN ,B 4
040324           SAA -25
040325 OCTU:     JMP I 15		; -> 040342
040326           STA ,B 2
040327 DCONO:    JMP -3		; -> 040324
040330           ROP NOOP
040331           STZ I ,B ,X -26
040332           IOX 0
040333           MIN I ,B 152
040334           BORA 20 DB
040335           STZ 21
040336 OCTAL:    JMP I ,B ,X 110		; -> 040446
040337           JAP 140		; -> 040477  [DSET]
040340 RANDO:    STZ I ,X -164
040341           STZ I -154
040342           STZ I ,B ,X -2
040343           STD I 176
040344           RADD CLD SL DA
040345           RADD CLD SB DD
040346           SAB 43
040347           JPL I 173		; -> 040542
040350           STX ,B 6
040351           LDA 172
040352           ADD 172
040353           RADD CLD SA DX
040354           LDA ,X 0
040355           SKP IF DA UEQ 0
040356 DOCTU:    JMP I 167		; -> 040545
040357           JPL I 167		; -> 040546
040360           JMP I 165		; -> 040545
040361 MDECI:    LDA 166
040362           JPL I 166		; -> 040550
040363           SKP IF DA UEQ 0
040364           JMP I 161		; -> 040545
040365           LDA 162
040366           JPL I 163		; -> 040551
040367           JPL I 163		; -> 040552  [USTXT]
040370           JMP I 163		; -> 040553  [UDD]
040371           STX ,B 37
040372           STF ,B 40
040373           JPL I 161		; -> 040554
040374           JMP I 157		; -> 040553  [UDD]
040375           STA ,B 12
040376           STX ,B 13
040377           LDX 156
040400           JPL I 156		; -> 040556
040401           JMP I 156		; -> 040557
040402           STF ,B 7
040403           LDX ,B 6
040404           JPL I 154		; -> 040560
040405           JMP I 154		; -> 040561
040406           STX ,B 16
040407 DTDEC:    LDX ,B 13
040410           STD ,X 17
040411           LDT ,B 16
040412           RADD CLD ST DD
040413 DECU:     RADD CLD 0 DX
040414           SAT 17
040415           SKP IF DT GRE SX
040416           JMP 10		; -> 040426
040417           SWAP SX DD
040420           LDA ,X 0
040421           SWAP SX DD
040422           STA ,X ,B 17
040423           RADD AD1 0 DD
040424           AAX 1
040425           JMP -11		; -> 040414
040426           LDF ,B 7
040427           JPL I 133		; -> 040562
040430 SP08L:    LDX ,B 16
040431           JPL I 125		; -> 040556
040432           JMP 156		; -> 040610
040433           STF ,B 7
040434           JPL I 127		; -> 040563
040435           JMP 163		; -> 040620
040436           LDF ,B 7
040437           JPL I 125		; -> 040564
040440 ORTDE:    JMP 160		; -> 040620
040441 DMSTR:    LDX ,B 13
040442           STD ,X 23
040443           LDF ,B 7
040444 INTV:     JPL I 121		; -> 040565
040445           JMP 153		; -> 040620
040446           LDX ,B 13
040447           STD ,X 21
040450 DECIM:    LDF ,B 7
040451           JPL I 111		; -> 040562
040452           RADD CLD SX DT
040453 DINTV:    LDA 113
040454 4DECU:    RADD SB DA
040455           RADD CLD SA DX
040456           JPL I 111		; -> 040567
040457           JMP 137		; -> 040616  [DDECI]
040460           LDT 110
040461           JPL I 110		; -> 040571
040462           JMP 125		; -> 040607
040463           LDX ,B 13
040464           STA ,X 16
040465           LDX 103
040466           MIN ,X 16
040467 ECONI:    LDA 103
040470 SET:      LDX ,B 40
040471           STA ,X 13
040472 SCOD1:    LDA ,B 6
040473 DECIT:    SWAP SX DA
040474           SAT 10
040475           JPL I 76		; -> 040573
040476 CONID:    LDX ,B 13
040477 DSET:     LDD ,X 23
040500           LDX ,B 40
040501           STD ,X 10
040502           LDA 72
040503           STA ,X 12
040504           LDA 71
040505 SVERA:    STA ,X 14
040506           LDA 70
040507           STA ,X 15
040510           LDA ,B 12
040511           LDX ,B 42
040512           STA ,X 1
040513           STZ ,X 0
040514           LDA ,B 37
040515           STA ,X 2
040516 SVLET:    LDA ,B 41
040517           MPY 60
040520 SVER4:    ADD 60
040521 MDDEC:    STA ,X 3
040522 SVER5:    AAA 1
040523           RADD CLD SA DX
040524           LDA ,B 41
040525           MPY 54
040526 USTX5:    ADD 54
040527 LUSTX:    SWAP SX DA
040530 USTX4:    STA ,X 2
040531           LDT ,B 41
040532 UDD4:     LDX ,B 40
040533           JPL I 50		; -> 040603
040534           MIN ,B 4
040535           STZ ,B 2
040536           LDA ,B 37
040537           STA ,B 1
040540           JMP 65		; -> 040625
040541           ROP NOOP
040542           STZ I ,B ,X -26
040543           STA I ,B -160
040544           STZ -31
040545           JXN -174		; -> 040351
040546           LDT I ,X 47
040547           STZ ,X -121
040550           STT -2
040551           STT ,B 100
040552 USTXT:    JPL 30		; -> 040602  [TRNSE]
040553 UDD:      JXN -162		; -> 040371
040554           JPL ,X 56		; -> 040632
040555           STT ,B -20
040556           JPL ,B -160		; -> 040376
040557           JXN -165		; -> 040372
040560           JPL I 155		; -> 040735
040561           JXN -160		; -> 040401
040562           JPL ,B -121		; -> 040441  [DMSTR]
040563           JPL I -71		; -> 040472  [SCOD1]
040564           JPL I ,B 14		; -> 040600  [ABS1]
040565           JPL I ,B 75		; -> 040662
040566           STZ 17
040567           JPL -172		; -> 040375
040570           MIN I 64
040571           JPL ,X -26		; -> 040543
040572 XTRNS:    MIN ,X 21
040573           STZ I -154
040574           STZ ,X 0
040575           STF -32
040576           STZ ,B 115
040577           STZ 2
040600 ABS1:     STZ ,X ,B 100
040601           STZ 24
040602 TRNSE:    JPC -115		; -> 040465
040603           JXN -141		; -> 040442
040604           SAA 30
040605           STA ,B 2
040606 ORTDD:    JMP 21		; -> 040627
040607           JPL I 22		; -> 040631
040610           LDA 22
040611 DABST:    STA ,B 2
040612           JMP 11		; -> 040623
040613           SAA 30
040614           STA ,B 2
040615           JMP 6		; -> 040623
040616 DDECI:    STA ,B 2
040617           JMP 6		; -> 040625
040620           STA ,B 2
040621           LDF ,B 7
040622           JPL I 11		; -> 040633
040623           LDX ,B 13
040624           STZ ,X 14
040625           LDA 7
040626           JPL I 7		; -> 040635
040627           SAA -43
040630           JMP I 6		; -> 040636
040631           JPL ,B -57		; -> 040552  [USTXT]
040632           STZ I ,X -161
040633           JPL ,B -110		; -> 040523
040634           STZ ,X -121
040635           STT ,B 106
040636           STZ I ,B ,X -2
040637           STD I 34
040640           RADD CLD SL DA
040641           RADD CLD SB DD
040642           SAB 6
040643           JPL I 31		; -> 040674  [RWSEG]
040644           JPL I 31		; -> 040675  [SCOD2]
040645 HOLD:     RADD CLD 0 DA
040646           RADD CLD 0 DD
040647           JPL I 27		; -> 040676  [DCONI]
040650           JMP 7		; -> 040657
040651           JPL I 26		; -> 040677
040652 MTWOD:    JMP 11		; -> 040663
040653           LDT ,B 1
040654           JPL I 21		; -> 040675  [SCOD2]
040655           SAA -6
040656           JMP I 22		; -> 040700
040657           SAT 154
040660           SKP IF DA UEQ ST
040661           JMP 5		; -> 040666
040662           JMP -7		; -> 040653
040663           SAT 106
040664           SKP IF DA EQL ST
040665           JMP -12		; -> 040653
040666           LDX ,B 0
040667 SMDDE:    LDA ,X 13
040670           BSET ONE 30 DA
040671           STA ,X 13
040672           JMP -17		; -> 040653
040673           ROP NOOP
040674 RWSEG:    STZ I ,B ,X -26
040675 SCOD2:    LDF I -147
040676 DCONI:    LDF I ,B 131
040677           LDF ,X -157
040700           STZ I ,B ,X -2
040701           STD I 104
040702           RADD CLD SL DA
040703           RADD CLD SB DD
040704 TWODE:    SAB 42
040705           JPL I 101		; -> 041006
040706           STT ,B 11
040707           LDA ,B 5
040710           STA ,B 12
040711           LDA 76
040712           JPL I 76		; -> 041010
040713 TMOUT:    JPL I 76		; -> 041011
040714           JMP 57		; -> 040773
040715           STX ,B 36
040716           STF ,B 37
040717           LDX 73
040720           JPL I 73		; -> 041013  [OUTST]
040721           JMP 55		; -> 040776
040722           STF ,B 6
040723           LDX ,B 37
040724           JPL I 70		; -> 041014
040725           JMP 51		; -> 040776
040726           STX ,B 15
040727           LDX ,B 12
040730 OUTRC:    STD ,X 17
040731           LDA 64
040732           RADD SB DA
040733           LDX ,B 15
040734           SAT 20
040735           JPL I 61		; -> 041016
040736           LDF ,B 6
040737           JPL I 60		; -> 041017
040740           LDX ,B 15
040741           JPL I 52		; -> 041013  [OUTST]
040742           JMP 34		; -> 040776
040743           STF ,B 6
040744           JPL I 54		; -> 041020
040745           JMP 31		; -> 040776
040746           LDF ,B 6
040747 TIME:     JPL I 52		; -> 041021
040750           JMP 26		; -> 040776
040751 SM2DE:    LDX ,B 12
040752           STD ,X 23
040753           LDF ,B 6
040754           JPL I 46		; -> 041022  [SRTOU]
040755           JMP 21		; -> 040776
040756 CLOCK:    LDX ,B 12
040757           STD ,X 21
040760           LDF ,B 6
040761           JPL I 36		; -> 041017
040762           LDX 33
040763           RADD SB DX
040764           LDT 37
040765 CONKI:    JPL I 37		; -> 041024
040766           JMP 10		; -> 040776
040767 XPERC:    LDX ,B 12
040770           STA ,X 16
040771           MIN ,B 4
040772           JMP 7		; -> 041001
040773           SAA -1
040774           STA ,B 2
040775 PERCE:    JMP 4		; -> 041001
040776           STA ,B 2
040777           LDF ,B 6
041000 XKXXX:    JPL I 25		; -> 041025
041001           LDA 6
041002           JPL I 24		; -> 041026
041003           SAA -42
041004           JMP I 23		; -> 041027
041005           ROP NOOP
041006           STZ I ,B ,X -26
041007           STZ ,X -121
041010           STT ,B 100
041011           JPL 122		; -> 041133
041012           STT ,B -20
041013 OUTST:    JPL ,B -160		; -> 040633
041014           JPL I 155		; -> 041171
041015           STZ 16
041016           STZ I -154
041017           JPL ,B -121		; -> 040676  [DCONI]
041020           JPL I -71		; -> 040727
041021           JPL I ,B 14		; -> 041035
041022 SRTOU:    JPL I ,B 75		; -> 041117
041023           MIN I 64
041024           JPL ,X -26		; -> 040776
041025           JPL ,B -110		; -> 040715
041026           STT ,B 106
041027           STZ I ,B ,X -2
041030 GSTAT:    STD I 57
041031           RADD CLD SL DA
041032           RADD CLD SB DD
041033           SAB 11
041034           JPL I 54		; -> 041110
041035           LDX 54
041036           STZ ,B 7
041037 CLADJ:    LDT 53
041040 EREST:    SKP IF DX UEQ ST
041041           JMP 7		; -> 041050
041042           LDA ,X 13
041043           JAZ 7		; -> 041052  [DPERC]
041044           MIN ,B 7
041045           SAA 16
041046           RADD SA DX
041047           JMP -10		; -> 041037  [CLADJ]
041050           LDA 43
041051           JMP 33		; -> 041104
041052 DPERC:    STX ,B 1
041053           LDA ,B 7
041054           STA ,B 0
041055           LDA 37
041056 GVERS:    STA ,B 6
041057           STZ ,B 10
041060           LDA ,B 6
041061 1OMDF:    LDT 34
041062 SCODE:    SKP IF DA UEQ ST
041063           JMP 20		; -> 041103  [ORETP]
041064 DOMDF:    LDT ,B 10
041065           LDX 31
041066           JPL I 31		; -> 041117
041067           JMP 15		; -> 041104
041070           JAF 6		; -> 041076
041071 OUTTX:    STT ,B 2
041072 OINPA:    LDA ,B 6
041073           STA ,B 3
041074           MIN ,B 4
041075           JMP 10		; -> 041105
041076           MIN ,B 10
041077           LDA ,B 6
041100 XRXXX:    AAA 30
041101           STA ,B 6
041102           JMP -22		; -> 041060
041103 ORETP:    LDA 15
041104           STA ,B 2
041105           SAA -11
041106           JMP I 13		; -> 041121
041107           ROP NOOP
041110           STZ I ,B ,X -26
041111           JMP I ,B ,X 110		; -> 041221
041112           JAP 140		; -> 041252
041113           STZ I ,X -164
041114 ORETS:    JAP 143		; -> 041257
041115           JPC -115		; -> 041000  [XKXXX]
041116           STZ 1
041117           LDT 124
041120           STZ I ,X -163
041121           STZ I ,B ,X -2
041122           STD I 51
041123           RADD CLD SL DA
041124           RADD CLD SB DD
041125           SAB 11
041126           JPL I 46		; -> 041174  [LINKO]
041127           LDA 46
041130 OCTMO:    STA ,B 6
041131           STZ ,B 10
041132           LDA ,B 6
041133           LDT 43
041134           SKP IF DA UEQ ST
041135           JMP 34		; -> 041171
041136           LDT ,B 10
041137           LDX 40
041140           JPL I 40		; -> 041200  [X412B]
041141 MDATE:    JMP 30		; -> 041171
041142           AND 37
041143           LDT ,B 1
041144           SKP IF DA EQL ST
041145           JMP 17		; -> 041164
041146 ADOML:    LDT ,B 10
041147 UPDAT:    STT ,B 2
041150           LDX 32
041151           JPL I 27		; -> 041200  [X412B]
041152 NKMBU:    JMP 17		; -> 041171
041153 SMBEG:    AND 30
041154 TSLAN:    STA ,B 0
041155           RADD CLD SA DT
041156           JPL I 26		; -> 041204  [XEFAR]
041157           STX ,B 1
041160           LDA ,B 6
041161           STA ,B 3
041162 TSLOR:    MIN ,B 4
041163           JMP 6		; -> 041171
041164           MIN ,B 10
041165           LDA ,B 6
041166           AAA 30
041167 XSTOP:    STA ,B 6
041170 FRTSL:    JMP -36		; -> 041132
041171           SAA -11
041172           JMP I 13		; -> 041205  [XEFIP]
041173           ROP NOOP
041174 LINKO:    STZ I ,B ,X -26
041175           JAP 143		; -> 041340  [DOM01]
041176           JPC -115		; -> 041061  [1OMDF]
041177           STZ 1
041200 X412B:    LDT 124
041201 XEFSU:    STA I ,B ,X -1
041202 XEFSD:    STZ 2
041203 XEFTO:    STZ -1
041204 XEFAR:    STF -143
041205 XEFIP:    STZ I ,B ,X -2
041206 XEFOV:    STD I 61
041207 XEFNP:    RADD CLD SL DA
041210 XEFIE:    RADD CLD SB DD
041211 XEFLT:    SAB 7
041212 XEFRT:    JPL I 56		; -> 041270
041213 XEFRU:    LDX 56
041214           LDA ,X 15
041215           JAF 37		; -> 041254
041216           RADD CLD SX DT
041217           SAA 1
041220           SWAP CLD SA DD
041221           JPL I 51		; -> 041272
041222           JMP 35		; -> 041257
041223           STA ,B 6
041224           STA ,X 17
041225           SAA 1
041226           STA ,X 20
041227           SAA 30
041230           STA ,X 21
041231           LDA 42
041232           JAZ 17		; -> 041251
041233           LDX 41
041234 LDATE:    LDT 41
041235 CLCON:    SKP IF DX MLST ST
041236           JMP 13		; -> 041251
041237           RADD CLD SX DD
041240           LDT 31
041241           SAA 100
041242           LDX ,B 6
041243           JPL I 33		; -> 041276
041244           JMP 17		; -> 041263
041245 C9GTL:    RADD CLD SD DX
041246 CCNN:     STA ,X 13
041247           AAX 37
041250           JMP -14		; -> 041234  [LDATE]
041251           LDX 20
041252           SAA 1
041253           STA ,X 15
041254           MIN ,B 4
041255           SAA -7
041256           JMP I 21		; -> 041277
041257           JPL I 21		; -> 041300
041260           LDA 21
041261 EXSTO:    STA ,B 2
041262           JMP -5		; -> 041255
041263           JPL I 15		; -> 041300
041264           JPL I 16		; -> 041302
041265           JMP -5		; -> 041260
041266 LACCW:    JMP -6		; -> 041260
041267 STAGP:    ROP NOOP
041270           STZ I ,B ,X -26
041271 1OKRE:    MIN I 64
041272           JPL ,X -66		; -> 041204  [XEFAR]
041273           STF I ,X -46
041274           STF I ,X -37
041275           LDF ,X -30
041276           JPL ,X ,B 43		; -> 041341
041277           STZ I ,B ,X -2
041300           JPL ,B -57		; -> 041221
041301 STOGP:    STZ I ,X -161
041302           JPL -75		; -> 041205  [XEFIP]
041303 TUSED:    STD I 33
041304           RADD CLD SL DA
041305           RADD CLD SB DD
041306           SAB 6
041307           JPL I 30		; -> 041337
041310           LDA 30
041311           JAZ 15		; -> 041326
041312           LDX 27
041313           LDT 27
041314 1NOTO:    SKP IF DX MLST ST
041315           JMP 11		; -> 041326
041316 XSBPR:    LDA ,X 13
041317           JAZ 5		; -> 041324
041320           LDT 23
041321           JPL I 23		; -> 041344
041322           JMP 1		; -> 041323  [1FU2]
041323 1FU2:     STZ ,X 13
041324           AAX 37
041325           JMP -12		; -> 041313
041326           LDX 15
041327           STZ ,X 15
041330 1FU3:     LDA ,X 17
041331           RADD CLD SX DT
041332           JPL I 12		; -> 041344
041333 STERM:    JMP 1		; -> 041334
041334           SAA -6
041335 1FU4:     JMP I 10		; -> 041345
041336           ROP NOOP
041337           STZ I ,B ,X -26
041340 DOM01:    STF I ,X -46
041341           STF I ,X -37
041342 1FU5:     LDF ,X -30
041343           MIN I 64
041344           JPL ,X ,B 144		; -> 041510
041345           STZ I ,B ,X -2
041346           STD I 122
041347           RADD CLD SL DA
041350           RADD CLD SB DD
041351           SAB 21
041352           JPL I 117		; -> 041471
041353           JPL I 117		; -> 041472
041354           STX ,B 20
041355           LDA ,X 2
041356           AND 115
041357           STA ,B 15
041360           RADD CLD SA DT
041361           JPL I 113		; -> 041474
041362           STX ,B 16
041363           LDA ,X 13
041364           BSKP ZRO 160 DA
041365           JMP 3		; -> 041370  [ODISP]
041366           MIN ,B 4
041367           JMP 77		; -> 041466
041370 ODISP:    LDA 105
041371           JPL I 105		; -> 041476
041372           LDX ,B 20
041373           LDA ,X 1
041374           JPL I 103		; -> 041477
041375           STA ,B 11
041376           LDX 102
041377 DOM02:    JPL I 102		; -> 041501
041400           JMP 53		; -> 041453
041401           STF ,B 6
041402           LDX ,B 16
041403           LDF ,B 6
041404 SRTON:    JPL I 76		; -> 041502
041405           JMP 53		; -> 041460
041406           STX ,B 14
041407           LDF ,B 6
041410           JPL I 73		; -> 041503
041411 INSTR:    LDX ,B 14
041412           JPL I 67		; -> 041501
041413 STRNG:    JMP 40		; -> 041453
041414           STF ,B 6
041415           LDX ,B 11
041416           JPL I 66		; -> 041504
041417 MEMSS:    JMP 41		; -> 041460
041420           MIN ,B 4
041421           LDF ,B 6
041422           JPL I 63		; -> 041505
041423 XOVER:    RAND 0 0
041424 GSGNO:    LDF ,B 6
041425           JPL I 56		; -> 041503
041426 GRTDA:    LDX ,B 11
041427 1FU7:     LDA ,X 16
041430           LDT 56
041431           JPL I 56		; -> 041507
041432           RAND 0 0
041433           LDX 53
041434           LDA ,X 16
041435           AAA -1
041436 DOM03:    STA ,X 16
041437           JAF 2		; -> 041441
041440 SRTDL:    JPL I 50		; -> 041510
041441           LDX ,B 11
041442           STZ ,X 14
041443           LDX ,B 16
041444           SAT 16
041445           RADD CLD 0 DA
041446           JPL I 43		; -> 041511
041447           LDX ,B 20
041450           SAT 30
041451           JPL I 40		; -> 041511
041452           JMP 12		; -> 041464
041453           LDA 37
041454           STA ,B 2
041455           JMP -34		; -> 041421
041456           STA ,B 2
041457           JMP -36		; -> 041421
041460           STA ,B 2
041461           LDF ,B 6
041462           JPL I 31		; -> 041513
041463           JMP -42		; -> 041421
041464           LDA 11
041465           JPL I 27		; -> 041514
041466           SAA -21
041467           JMP I 26		; -> 041515
041470           ROP NOOP
041471           STZ I ,B ,X -26
041472           STF -153
041473           STZ -1
041474           STF -143
041475 DOM04:    STZ ,X -121
041476           STT ,B 100
041477           STT -2
041500           STT ,B -20
041501           JPL ,B -160		; -> 041321
041502           JPL I 155		; -> 041657
041503           JPL ,B -121		; -> 041362
041504           JPL I ,B 157		; -> 041663
041505           JPL I ,B -142		; -> 041343
041506           MIN I 64
041507           JPL ,X ,B 144		; -> 041653
041510           JPL -75		; -> 041413  [STRNG]
041511           STF 164
041512           STZ I ,X -161
041513           JPL ,B -110		; -> 041403
041514           STT ,B 106
041515           STZ I ,B ,X -2
041516 SP09L:    STD I 63
041517           RADD CLD SL DA
041520           RADD CLD SB DD
041521 APPST:    SAB 22
041522           JPL I 60		; -> 041602
041523           JPL I 60		; -> 041603
041524           JMP 46		; -> 041572  [6ERRO]
041525           STT ,B 17
041526           LDX ,B 5
041527           STX ,B 12
041530           LDA ,X 16
041531 SMCCL:    STA ,B 6
041532           LDA 52
041533           JPL I 52		; -> 041605
041534 DOM05:    LDX 52
041535           JPL I 52		; -> 041607
041536           JMP 27		; -> 041565
041537           STF ,B 7
041540           LDX ,B 17
041541 6IDMA:    JPL I 47		; -> 041610  [R1PHS]
041542           JMP 33		; -> 041575  [NSAVA]
041543           STX ,B 15
041544           STD ,B 13
041545 6IDTA:    LDF ,B 7
041546           JPL I 43		; -> 041611
041547           LDX ,B 15
041550           LDT 42
041551 6EIDT:    JPL I 42		; -> 041613
041552 COMPS:    JMP 13		; -> 041565
041553           LDX ,B 12
041554 XBLOG:    STA ,X 16
041555           LDD ,B 13
041556           STD ,X 17
041557           LDA ,B 6
041560           LDT 32
041561 1FU10:    JPL I 33		; -> 041614  [R1PHI]
041562           RAND 0 0
041563           MIN ,B 4
041564           JMP 2		; -> 041566
041565           STA ,B 2
041566           LDA 16
041567 6ERRP:    JPL I 26		; -> 041615
041570           SAA -22
041571           JMP I 25		; -> 041616  [R1DME]
041572 6ERRO:    SAA -1
041573 DOM06:    STA ,B 2
041574 CLUST:    JMP -6		; -> 041566
041575 NSAVA:    STA ,B 2
041576 BBASE:    LDF ,B 7
041577           JPL I 20		; -> 041617
041600           JMP -12		; -> 041566
041601           ROP NOOP
041602           STZ I ,B ,X -26
041603           JPL 122		; -> 041725  [WDSBA]
041604 RRTSA:    STZ ,X -121
041605           STT ,B 100
041606 RSSSA:    STT ,B -20
041607           JPL ,B -160		; -> 041427  [1FU7]
041610 R1PHS:    JPL I 155		; -> 041765
041611           JPL ,B -121		; -> 041470
041612 R1DSA:    MIN I 64
041613           JPL ,X -26		; -> 041565
041614 R1PHI:    JPL ,X ,B 144		; -> 041760  [RSGSP]
041615           STT ,B 106
041616 R1DME:    STZ I ,B ,X -2
041617           JPL ,B -110		; -> 041507
041620 R1DIM:    STD I 70
041621           RADD CLD SL DA
041622 R1RME:    RADD CLD SB DD
041623           SAB 6
041624 R1RIM:    JPL I 65		; -> 041711
041625           SAA 1
041626 R1RSA:    SWAP CLD SA DD
041627           JPL I 63		; -> 041712  [RDUMP]
041630 R1IME:    JMP 15		; -> 041645
041631           STA ,B 1
041632 R1IIM:    JPL I 61		; -> 041713
041633           JMP 17		; -> 041652  [WRTSA]
041634 R1ISA:    STA ,B 3
041635 NSTAR:    LDA 57
041636 R1MME:    LDX ,B 1
041637           JPL I 56		; -> 041715
041640 R1MIM:    JMP 7		; -> 041647
041641           STA ,B 2
041642 R1MSA:    MIN ,B 4
041643           SAA -6
041644           JMP I 52		; -> 041716
041645           JPL I 52		; -> 041717  [WPHBA]
041646           JMP -3		; -> 041643
041647           JPL I 50		; -> 041717  [WPHBA]
041650 W1PHS:    LDA ,B 3
041651           JPL I 47		; -> 041720
041652 WRTSA:    JPL I 45		; -> 041717  [WPHBA]
041653           LDA ,B 1
041654 WSSSA:    JPL I 44		; -> 041720
041655           JPL I 42		; -> 041717  [WPHBA]
041656 W1DSA:    JMP -13		; -> 041643
041657           STD I 31
041660 W1PHI:    RADD CLD SL DA
041661           RADD CLD SB DD
041662 W1DME:    SAB 6
041663           JPL I 26		; -> 041711
041664 W1DIM:    LDA ,B 2
041665           JPL I 33		; -> 041720
041666 W1RME:    JPL I 31		; -> 041717  [WPHBA]
041667           JMP -17		; -> 041650  [W1PHS]
041670 W1RIM:    STD I 20
041671 DOM10:    RADD CLD SL DA
041672 W1RSA:    RADD CLD SB DD
041673           SAB 6
041674 W1IME:    JPL I 15		; -> 041711
041675           LDA ,B 2
041676 W1IIM:    JPL I 22		; -> 041720
041677           JMP 1		; -> 041700  [W1ISA]
041700 W1ISA:    LDA ,B 3
041701           JPL I 17		; -> 041720
041702 W1MME:    JMP 1		; -> 041703  [NKINI]
041703 NKINI:    LDA ,B 1
041704 W1MIM:    JPL I 14		; -> 041720
041705           JMP 1		; -> 041706  [W1MSA]
041706 W1MSA:    SAA 0
041707           JMP I 7		; -> 041716
041710           ROP NOOP
041711           STZ I ,B ,X -26
041712 RDUMP:    JPL ,X 123		; -> 042035
041713           JPL ,X 162		; -> 042075
041714           STZ -50
041715           JPL ,X -126		; -> 041567  [6ERRP]
041716           STZ I ,B ,X -2
041717 WPHBA:    JPL ,B -57		; -> 041640  [R1MIM]
041720           JPL ,X ,B 106		; -> 042026  [DOM13]
041721 WRTBA:    STD I 56
041722 MOUTS:    RADD CLD SL DA
041723 BDUMP:    RADD CLD SB DD
041724 1OUTS:    SAB 6
041725 WDSBA:    JPL I 53		; -> 042000  [STSLU]
041726           JMP 40		; -> 041766
041727 WPHIB:    LDA I 52
041730 DOM11:    JAZ 36		; -> 041766
041731 WDIBA:    JPL I 51		; -> 042002
041732 DUMP:     STD ,X 116
041733 WRIBA:    AND ,X ,B 143
041734           SUB ,X 145
041735 WRSBA:    AND ,X ,B 163
041736           STD 145
041737 WIIBA:    AND I 162
041740           SUB I ,B ,X 162
041741 WISBA:    STD 156
041742           SUB I ,B ,X 40
041743 WMIBA:    LDD 157
041744           ADD I ,B 164
041745 WMSBA:    LDD I ,X 51
041746 SMWSE:    LDF I 40
041747           STD I ,B ,X 0
041750           LDA ,B 2
041751           JPL I 32		; -> 042003  [CHANG]
041752           JPL I 30		; -> 042002
041753 RDSAV:    STD 141
041754           AND ,X 40
041755 RDMEM:    ADD ,B 144
041756           ADD ,X 162
041757 RDIMA:    ADD ,X ,B 163
041760 RSGSP:    AND I ,B 40
041761           STD I ,B ,X 0
041762           LDA ,B 4
041763           AAA -1
041764           JPL I 17		; -> 042003  [CHANG]
041765           JMP 10		; -> 041775
041766           IOF
041767 DOM12:    STA I 15
041770           LDX I 15
041771           JPL I 15		; -> 042006  [3SRCO]
041772           STA I ,X -112
041773           STZ 1
041774           ION
041775           SAA 0
041776           JMP I 11		; -> 042007
041777           ROP NOOP
042000 STSLU:    STZ I ,B ,X -26
042001           STA 4
042002           MIN ,B -50
042003 CHANG:    MIN -42
042004           STA I ,X -112
042005           STA 7
042006 3SRCO:    STT ,X 74
042007           STZ I ,B ,X -2
042010           STD I 54
042011           RADD CLD SL DA
042012           RADD CLD SB DD
042013           SAB 6
042014           JPL I 51		; -> 042065  [DOM14]
042015           JMP 36		; -> 042053
042016           LDA I 50
042017           JAZ 34		; -> 042053
042020           JPL I 47		; -> 042067
042021           STD ,X 102
042022           MIN ,X 111
042023           LDA I ,B ,X 40
042024           ADD ,X ,B 162
042025           AND I 157
042026 DOM13:    AND I 40
042027 MLGRS:    SUB I ,X 157
042030           STD 50
042031           SUB I ,B ,X 143
042032           AND ,X 56
042033           LDD ,B 72
042034           STD 47
042035           LDA ,B 2
042036           JPL I 32		; -> 042070
042037           JPL I 30		; -> 042067
042040           STD 141
042041           AND ,X 40
042042           ADD ,B 144
042043           ADD ,X 162
042044           ADD ,X ,B 163
042045           AND I ,B 40
042046           STD I ,B ,X 0
042047           LDA ,B 4
042050           AAA -1
042051           JPL I 17		; -> 042070
042052           JMP 10		; -> 042062
042053           IOF
042054           STA I 15
042055           LDX I 15
042056           JPL I 15		; -> 042073
042057           STA I ,X -112
042060           STZ 1
042061           ION
042062           SAA 0
042063           JMP I 11		; -> 042074
042064 SREMO:    ROP NOOP
042065 DOM14:    STZ I ,B ,X -26
042066           STA 4
042067           MIN ,B -50
042070           MIN -42
042071           STA I ,X -112
042072           STA 7
042073           STT ,X 74
042074           STZ I ,B ,X -2
042075           STD I 52
042076           RADD CLD SL DA
042077           RADD CLD SB DD
042100           SAB 6
042101           JPL I 47		; -> 042150
042102           LDA I 47
042103           JAZ 42		; -> 042145
042104           JPL I 46		; -> 042152
042105 9ENTO:    STD ,X 127
042106           AND I 157
042107 STSLI:    SUB I ,X 147
042110 RMVPG:    STD 162
042111           ADD ,X ,B 163
042112           AND 157
042113           SUB I ,X 163
042114           STD 151
042115           SUB I ,X 40
042116           AND I 145
042117           ADD I ,B 145
042120           SUB ,B 166
042121           ADD ,X ,B 144
042122           STD 155
042123           ADD ,X ,B 163
042124 DOM15:    AND I ,B 141
042125           ADD I ,B ,X 145
042126           STD 146
042127           AND I 157
042130           SUB ,X ,B 40
042131           MIN I 104
042132           LDA ,B 117
042133           STD 141
042134           AND ,X 40
042135           ADD ,B 144
042136           ADD ,X 162
042137           ADD ,X ,B 163
042140           AND I ,B 40
042141           STD I ,B ,X 0
042142           LDA ,B 4
042143           AAA -1
042144           JPL I 7		; -> 042153
042145           SAA 0
042146           JMP I 6		; -> 042154
042147           ROP NOOP
042150           STZ I ,B ,X -26
042151           STA 4
042152           MIN ,B -50
042153           MIN -42
042154           STZ I ,B ,X -2
042155           STD I 105
042156           RADD CLD SL DA
042157           RADD CLD SB DD
042160           SAB 6
042161           JPL I 102		; -> 042263
042162           JPL I 102		; -> 042264
042163 DOM16:    LDA 102
042164           STA ,X 12
042165           RADD CLD SX DA
042166           ADD 100
042167           RADD CLD SA DD
042170           LDX ,B 0
042171 NKSEN:    RADD CLD 0 DT
042172           SAA 17
042173 1XCLS:    SKP IF DA GRE ST
042174           JMP 11		; -> 042205
042175           JPL I 72		; -> 042267
042176           SWAP SD DX
042177           JPL I 71		; -> 042270
042200           AAA -47
042201 1XSSE:    JAZ 4		; -> 042205
042202           SWAP SD DX
042203           AAT 1
042204           JMP -12		; -> 042172
042205           SAA 37
042206           RADD CLD SA DD
042207           RADD CLD 0 DA
042210           SKP IF DD GRE ST
042211           JMP 4		; -> 042215
042212           JPL I 56		; -> 042270
042213           AAT 1
042214           JMP -4		; -> 042210
042215           LDX 54
042216           LDF ,B 1
042217           JPL I 53		; -> 042272
042220           JMP 31		; -> 042251
042221           LDX 52
042222 DOM17:    LDA ,X 12
042223           LDT 42
042224           SKP IF DA EQL ST
042225 ENRG3:    JMP 33		; -> 042260
042226           LDA ,X 10
042227           JAF 5		; -> 042234
042230           LDA ,X 11
042231           LDT 43
042232 PL002:    SKP IF DA UEQ ST
042233           JMP 6		; -> 042241
042234           LDT 41
042235           SKP IF DA UEQ ST
042236           JMP 3		; -> 042241
042237 SEPST:    LDA ,X 11
042240           JAF 13		; -> 042253
042241           LDD ,X 14
042242           STD ,B 2
042243 MBI50:    RADD CLD SX DA
042244           ADD 32
042245           STA ,B 0
042246           MIN ,B 4
042247           SAA -6
042250           JMP I 27		; -> 042277
042251           STA ,B 2
042252           JMP -3		; -> 042247
042253           LDA ,X 11
042254           JPL I 24		; -> 042300  [ESCQE]
042255           SAA 30
042256           STA ,B 2
042257           JMP -10		; -> 042247
042260           JPL I 21		; -> 042301
042261 DOM20:    JMP -4		; -> 042255
042262           ROP NOOP
042263           STZ I ,B ,X -26
042264           JPL I ,B -67		; -> 042175
042265           STZ -132
042266           STZ 134
042267           STF 62
042270           STF 100
042271           STZ -50
042272           JPL I ,B -45		; -> 042225  [ENRG3]
042273           MIN I 152
042274           FSB 172
042275           FSB 171
042276           STZ 114
042277           STZ I ,B ,X -2
042300 ESCQE:    JPL I 10		; -> 042310
042301           JPL I 75		; -> 042376
042302           LDT I ,B 151
042303           SUB I ,X 164
042304           AND I 141
042305           SUB I ,X 40
042306           STD I ,B ,X 0
042307           STD I 66
042310           RADD CLD SL DA
042311           RADD CLD SB DD
042312 9EEHD:    SAB 6
042313           JPL I 63		; -> 042376
042314 ESCER:    JPL I 63		; -> 042377
042315           SAA 144
042316           STA ,X 12
042317           RADD CLD 0 DA
042320           SAT 20
042321           AAX 20
042322           JPL I 56		; -> 042400  [CLCFI]
042323           RADD CLD SX DD
042324           LDX 55
042325           LDT 55
042326           BSET ZRO SSPTM
042327           LDA ,X 0
042330           BSET ONE SSPTM
042331           SWAP SX DD
042332           STA ,X 0
042333           SWAP SX DD
042334           AAX 1
042335           RADD AD1 0 DD
042336           SKP IF DX UEQ ST
042337           JMP 2		; -> 042341
042340           JMP -12		; -> 042326
042341           SAX 100
042342           LDF ,B 1
042343           JPL I 40		; -> 042403
042344           JMP 21		; -> 042365  [4DISP]
042345           LDX 37
042346           LDA ,X 12
042347           SAT 144
042350           SKP IF DA EQL ST
042351           JMP 22		; -> 042373  [CLFIE]
042352           LDA ,X 10
042353           JAF 5		; -> 042360
042354           LDA ,X 11
042355           LDT 30
042356           SKP IF DA UEQ ST
042357           JMP 3		; -> 042362  [ENTOP]
042360           LDA ,X 11
042361 4ENPC:    JAF 6		; -> 042367
042362 ENTOP:    MIN ,B 4
042363           SAA -6
042364           JMP I 22		; -> 042406
042365 4DISP:    STA ,B 2
042366           JMP -3		; -> 042363
042367           JPL I 20		; -> 042407  [OERRF]
042370           LDA 20
042371           STA ,B 2
042372           JMP -7		; -> 042363
042373 CLFIE:    JPL I 16		; -> 042411
042374           JMP -4		; -> 042370
042375           ROP NOOP
042376           STZ I ,B ,X -26
042377           JPL I ,B -67		; -> 042310
042400 CLCFI:    STF 164
042401           JPL I -76		; -> 042303
042402           JPL I -72		; -> 042310
042403           JPL I ,B -45		; -> 042336
042404           MIN I 152
042405           FSB 1
042406           STZ I ,B ,X -2
042407 OERRF:    JPL I 10		; -> 042417
042410           STZ I ,X -157
042411           JPL I 75		; -> 042506
042412           STZ ,B 0
042413           STZ 1
042414           STD I 46
042415           RADD CLD SL DA
042416           RADD CLD SB DD
042417           SAB 6
042420           JPL I 43		; -> 042463  [4ENMC]
042421           JPL I 43		; -> 042464
042422           SAA 171
042423 IERRF:    STA ,X 12
042424           LDD -12
042425           STD ,X 20
042426           SAX 64
042427           LDF ,B 1
042430           JPL I 35		; -> 042465
042431           JMP 20		; -> 042451
042432           LDX 34
042433 4DISM:    LDA ,X 12
042434           SAT 171
042435           SKP IF DA EQL ST
042436           JMP 22		; -> 042460
042437           LDA ,X 10
042440 SEPPA:    JAF 3		; -> 042443
042441           LDA ,X 11
042442           SKP IF DA EQL 0
042443           JMP 10		; -> 042453  [ERSIN]
042444           LDD ,X 32
042445           STD ,B 2
042446           MIN ,B 4
042447           SAA -6
042450           JMP I 17		; -> 042467
042451           STA ,B 2
042452 NWBPA:    JMP -3		; -> 042447
042453 ERSIN:    LDA ,X 11
042454           JPL I 14		; -> 042470
042455           LDA 14
042456           STA ,B 2
042457           JMP -10		; -> 042447
042460           JPL I 12		; -> 042472
042461           JMP -4		; -> 042455
042462           ROP NOOP
042463 4ENMC:    STZ I ,B ,X -26
042464           JPL I ,B -67		; -> 042375
042465           JPL I ,B -45		; -> 042420
042466           MIN I 152
042467           STZ I ,B ,X -2
042470           JPL I 10		; -> 042500
042471           STZ I ,X -157
042472           JPL I 75		; -> 042567
042473           STZ ,B 0
042474           STZ 1
042475           STD I 50
042476           RADD CLD SL DA
042477           RADD CLD SB DD
042500           SAB 6
042501           JPL I 45		; -> 042546
042502           JPL I 45		; -> 042547
042503 ERSUT:    SAA 165
042504           STA ,X 12
042505           LDD -12
042506           STD ,X 20
042507 GRBUF:    SAX 50
042510           LDF ,B 1
042511           JPL I 37		; -> 042550
042512           JMP 23		; -> 042535
042513           LDX 36
042514           LDA ,X 12
042515           SAT 165
042516           SKP IF DA EQL ST
042517 G4BUF:    JMP 24		; -> 042543
042520           LDA ,X 10
042521           JAF 5		; -> 042526
042522           LDA ,X 11
042523           LDT 27
042524           SKP IF DA UEQ ST
042525           JMP 3		; -> 042530
042526           LDA ,X 11
042527           JAF 10		; -> 042537
042530           LDD ,X 22
042531 IDXIN:    STD ,B 2
042532           MIN ,B 4
042533           SAA -6
042534           JMP I 17		; -> 042553
042535           STA ,B 2
042536           JMP -3		; -> 042533
042537           JPL I 15		; -> 042554
042540           LDA 15
042541           STA ,B 2
042542           JMP -7		; -> 042533
042543           JPL I 13		; -> 042556
042544           JMP -4		; -> 042540
042545           ROP NOOP
042546           STZ I ,B ,X -26
042547           JPL I ,B -67		; -> 042460
042550           JPL I ,B -45		; -> 042503  [ERSUT]
042551           MIN I 152
042552           FSB 66
042553           STZ I ,B ,X -2
042554           JPL I 10		; -> 042564
042555           STZ I ,X -157
042556           JPL I 75		; -> 042653
042557           STD I 46
042560           RADD CLD SL DA
042561 IDXUT:    RADD CLD SB DD
042562           SAB 6
042563           JPL I 43		; -> 042626
042564           JPL I 43		; -> 042627
042565           SAA 174
042566           STA ,X 12
042567           LDX ,B 0
042570           LDD ,X 40
042571           LDX 37
042572           STD ,X 20
042573           SAX 50
042574           LDF ,B 1
042575           JPL I 34		; -> 042631
042576           JMP 16		; -> 042614
042577           LDX 31
042600           LDA ,X 12
042601           SAT 174
042602           SKP IF DA EQL ST
042603           JMP 20		; -> 042623  [NW2PA]
042604           LDA ,X 10
042605           JAF 3		; -> 042610
042606           LDA ,X 11
042607 3ERRB:    SKP IF DA EQL 0
042610           JMP 6		; -> 042616
042611           MIN ,B 4
042612           SAA -6
042613           JMP I 17		; -> 042632
042614           STA ,B 2
042615           JMP -3		; -> 042612
042616           LDA ,X 11
042617           JPL I 14		; -> 042633
042620           LDA 14
042621           STA ,B 2
042622 SEPFS:    JMP -10		; -> 042612
042623 NW2PA:    JPL I 12		; -> 042635
042624           JMP -4		; -> 042620
042625           ROP NOOP
042626           STZ I ,B ,X -26
042627           JPL I ,B -67		; -> 042540
042630           MIN I 152
042631           JPL I ,B -45		; -> 042564
042632           STZ I ,B ,X -2
042633           JPL I 10		; -> 042643
042634           STZ I ,X -157
042635           JPL I 75		; -> 042732
042636           STD I 42
042637           RADD CLD SL DA
042640           RADD CLD SB DD
042641           SAB 6
042642           JPL I 37		; -> 042701
042643           JPL I 37		; -> 042702
042644           SAA 145
042645 SINTR:    STA ,X 12
042646           SAX 50
042647           LDF ,B 1
042650           JPL I 33		; -> 042703
042651           JMP 16		; -> 042667
042652           LDX 32
042653           LDA ,X 12
042654           SAT 145
042655           SKP IF DA EQL ST
042656           JMP 20		; -> 042676
042657           LDA ,X 10
042660           JAF 3		; -> 042663
042661           LDA ,X 11
042662           SKP IF DA EQL 0
042663           JMP 6		; -> 042671
042664           MIN ,B 4
042665           SAA -6
042666           JMP I 17		; -> 042705
042667           STA ,B 2
042670           JMP -3		; -> 042665
042671           LDA ,X 11
042672           JPL I 14		; -> 042706
042673           LDA 14
042674           STA ,B 2
042675           JMP -10		; -> 042665
042676           JPL I 12		; -> 042710
042677           JMP -4		; -> 042673
042700           ROP NOOP
042701           STZ I ,B ,X -26
042702           JPL I ,B -67		; -> 042613
042703           JPL I ,B -45		; -> 042636
042704           MIN I 152
042705           STZ I ,B ,X -2
042706           JPL I 10		; -> 042716
042707           STZ I ,X -157
042710           JPL I 75		; -> 043005
042711           LDX 20
042712           STZ ,X 0
042713           SAA 30
042714           STA ,X 1
042715           LDA I 15
042716           RADD CLD SA DD
042717           RADD CLD 0 DA
042720           STD ,X 2
042721           STD ,X 4
042722           STD ,X 6
042723           SAA -1
042724           STA ,X 10
042725           STA ,X 11
042726           STZ ,X 16
042727 DPFLG:    STZ ,X 17
042730 DF1:      EXIT
042731           MIN I 152
042732           STA 10
042733           STD I 102
042734           RADD CLD SL DA
042735           RADD CLD SB DD
042736           SAB 15
042737           JPL I 77		; -> 043036
042740           RADD CLD SX DD
042741           RADD CLD 0 DA
042742           LDT 75
042743           STF ,B 12
042744           LDA 74
042745           RADD SB DA
042746           STA ,B 6
042747           AAA 1
042750           STA ,B 7
042751           LDT ,B 2
042752           LDX 67
042753           RADD SB DX
042754           RADD CLD 0 DA
042755           JPL I 65		; -> 043042
042756           JMP 51		; -> 043027
042757           LDF ,B 1
042760           JPL I 63		; -> 043043
042761           JMP 46		; -> 043027
042762           LDX I 62
042763           LDA ,X 1
042764           BSET ZRO 160 DA
042765           STA ,X 1
042766           JPL I 57		; -> 043045
042767           JMP 40		; -> 043027
042770           SKP IF DX EQL 0
042771           JMP 20		; -> 043011
042772           LDA I 52
042773           SUB 53
042774           JAF 4		; -> 043000
042775           SAA 12
042776           STA ,B 10
042777 DF2:      JMP 3		; -> 043002
043000           SAA 36
043001           STA ,B 10
043002           SAA 2
043003           STA ,B 11
043004           LDA 43
043005           RADD SB DA
043006           MON 267		; TimeOut / TMOUT (267B)
043007           JAZ 23		; -> 043032
043010           JMP -26		; -> 042762
043011           LDA 37
043012           RADD CLD SA DD
043013           RADD CLD 0 DA
043014           LDT 23
043015           STF ,B 12
043016           RADD CLD SX DT
043017           LDX 22
043020           RADD SB DX
043021           RADD CLD 0 DA
043022           JPL I 27		; -> 043051
043023           JMP 4		; -> 043027
043024           MIN ,B 4
043025           SAA -15
043026           JMP I 24		; -> 043052
043027           JPL I 24		; -> 043053
043030           LDA 24
043031           JMP 2		; -> 043033
043032           LDA 23
043033           STA ,B 2
043034           JMP -7		; -> 043025
043035           ROP NOOP
043036           STZ I ,B ,X -26
043037 LIREE:    MIN I 152
043040           STZ 10
043041           STZ 12
043042           JPL ,X ,B -165		; -> 042655
043043           JPL ,X ,B -130		; -> 042713
043044           STA 7
043045           JPL ,X ,B -73		; -> 042752
043046 DF3:      STX ,B -33
043047           STZ 6
043050           STZ -40
043051           JPL ,X ,B -175		; -> 042654
043052           STZ I ,B ,X -2
043053           JPL ,B -57		; -> 042774
043054           STZ I ,X -161
043055           STZ I ,X -160
043056           STD I 36
043057           RADD CLD SL DA
043060           RADD CLD SB DD
043061           SAB 7
043062           JPL I 33		; -> 043115  [DF7]
043063           LDA 33
043064           STA ,B 6
043065           LDA ,B 6
043066           LDT 31
043067           SKP IF DT GRE SA
043070           JMP 12		; -> 043102
043071           JPL I 27		; -> 043120
043072           RADD CLD SA DX
043073           JXZ 3		; -> 043076  [NKREC]
043074           LDA ,X 14
043075           JAZ 7		; -> 043104
043076 NKREC:    LDA ,B 6
043077           AAA 1
043100 SEPUS:    STA ,B 6
043101           JMP -13		; -> 043066
043102           LDA 17
043103           JMP 6		; -> 043111
043104           SAA 1
043105           STA ,X 14
043106           STX ,B 0
043107           MIN ,B 4
043110           LDA ,B 6
043111           STA ,B 2
043112           SAA -7
043113           JMP I 7		; -> 043122
043114           ROP NOOP
043115 DF7:      STZ I ,B ,X -26
043116           STZ ,X -120
043117           STZ ,X -101
043120           STT -2
043121           STZ I ,X -162
043122           STZ I ,B ,X -2
043123           STD I 33
043124           RADD CLD SL DA
043125           RADD CLD SB DD
043126           SAB 17
043127           JPL I 30		; -> 043157
043130           STZ ,B 6
043131           STZ ,B 7
043132           STZ ,B 11
043133           STZ ,B 12
043134           STD ,B 13
043135           SAA 1
043136           STA ,B 10
043137           SAA 11
043140           RADD CLD SA DD
043141           SAX 7
043142           SAT 1
043143           LDA 15
043144           RADD SB DA
043145           MON 347
043146           JAF 6		; -> 043154
043147           LDA ,B 16
043150           STA ,B 2
043151 PL003:    MIN ,B 4
043152           SAA -17
043153           JMP I 6		; -> 043161
043154           STA ,B 2
043155           JMP -3		; -> 043152
043156           ROP NOOP
043157           STZ I ,B ,X -26
043160           STZ 6
043161           STZ I ,B ,X -2
043162           STD I 61
043163           RADD CLD SL DA
043164 DF5:      RADD CLD SB DD
043165 RRBUF:    SAB 36
043166           JPL I 56		; -> 043244
043167           STZ ,B 6
043170           STZ ,B 7
043171 LRESE:    LDA 54
043172           RADD SB DA
043173           RADD CLD SA DD
043174           RADD CLD 0 DT
043175 R4BUF:    SAA 37
043176           SKP IF DA GRE ST
043177           JMP 11		; -> 043210
043200           JPL I 46		; -> 043246
043201           SWAP SD DX
043202           JPL I 45		; -> 043247  [DNEWD]
043203           AAA -47
043204           JAZ 4		; -> 043210
043205           SWAP SD DX
043206           AAT 1
043207           JMP -12		; -> 043175  [R4BUF]
043210           SAA 37
043211           RADD CLD SA DD
043212           RADD CLD 0 DA
043213           SKP IF DD GRE ST
043214           JMP 4		; -> 043220
043215           JPL I 32		; -> 043247  [DNEWD]
043216           AAT 1
043217           JMP -4		; -> 043213
043220           SAA 3
043221 DDIRN:    STA ,B 10
043222           SAA 27
043223           RADD CLD SA DD
043224           SAX 7
043225           SAT 1
043226           STZ ,B 11
043227           STZ ,B 12
043230           LDA 20
043231           RADD SB DA
043232           MON 347
043233 DOLDD:    JAF 6		; -> 043241
043234           LDA ,B 14
043235           STA ,B 2
043236           MIN ,B 4
043237           SAA -36
043240           JMP I 11		; -> 043251
043241           STA ,B 2
043242           JMP -3		; -> 043237
043243           ROP NOOP
043244           STZ I ,B ,X -26
043245           STZ 15
043246           STF 62
043247 DNEWD:    STF 100
043250           STZ 6
043251           STZ I ,B ,X -2
043252           STD I 34
043253           RADD CLD SL DA
043254           RADD CLD SB DD
043255           SAB 21
043256           JPL I 31		; -> 043307
043257           STA ,B 14
043260           STZ ,B 13
043261           STZ ,B 15
043262           STZ ,B 11
043263 DDEVN:    STZ ,B 12
043264           STX ,B 16
043265           SAA 6
043266           STA ,B 10
043267           SAA 13
043270           RADD CLD SA DD
043271           SAX 7
043272           SAT 1
043273 DLOGU:    LDA 15
043274           RADD SB DA
043275           MON 347
043276           JAF 6		; -> 043304
043277           LDA ,B 20
043300           STA ,B 2
043301           MIN ,B 4
043302 DF9:      SAA -21
043303 SDLOG:    JMP I 6		; -> 043311
043304           STA ,B 2
043305           JMP -3		; -> 043302  [DF9]
043306           ROP NOOP
043307           STZ I ,B ,X -26
043310           STZ 6
043311           STZ I ,B ,X -2
043312           STD I 34
043313           RADD CLD SL DA
043314           RADD CLD SB DD
043315 DFRFL:    SAB 17
043316           JPL I 31		; -> 043347
043317           STD ,B 13
043320           STT ,B 6
043321           SAA 14
043322           STA ,B 7
043323           SAA 1
043324           STA ,B 10
043325           SAA 11
043326           RADD CLD SA DD
043327           SAX 7
043330           SAT 3
043331           STZ ,B 11
043332           STZ ,B 12
043333           LDA 15
043334 DUSEN:    RADD SB DA
043335           MON 347
043336           JAF 6		; -> 043344
043337           LDA ,B 16
043340           STA ,B 2
043341           MIN ,B 4
043342           SAA -17
043343 DSPAC:    JMP I 6		; -> 043351  [DF10]
043344           STA ,B 2
043345           JMP -3		; -> 043342
043346           ROP NOOP
043347           STZ I ,B ,X -26
043350           STZ 6
043351 DF10:     STZ I ,B ,X -2
043352           STD I 62
043353           RADD CLD SL DA
043354           RADD CLD SB DD
043355 DNUSE:    SAB 36
043356           JPL I 57		; -> 043435
043357           STT ,B 6
043360           SAA 14
043361           STA ,B 7
043362           LDA 54
043363           RADD SB DA
043364           RADD CLD SA DD
043365           RADD CLD 0 DT
043366 DUSEI:    SAA 37
043367           SKP IF DA GRE ST
043370           JMP 11		; -> 043401
043371           JPL I 46		; -> 043437  [DACCE]
043372           SWAP SD DX
043373           JPL I 45		; -> 043440
043374           AAA -47
043375 NKREA:    JAZ 4		; -> 043401
043376 DPASS:    SWAP SD DX
043377           AAT 1
043400           JMP -12		; -> 043366  [DUSEI]
043401           SAA 37
043402           RADD CLD SA DD
043403           RADD CLD 0 DA
043404           SKP IF DD GRE ST
043405 DOPAS:    JMP 4		; -> 043411  [NKWRI]
043406           JPL I 32		; -> 043440
043407           AAT 1
043410           JMP -4		; -> 043404
043411 NKWRI:    SAA 3
043412           STA ,B 10
043413           SAA 27
043414           RADD CLD SA DD
043415           SAX 7
043416 DNPAS:    SAT 3
043417           STZ ,B 11
043420 DF11:     STZ ,B 12
043421           LDA 20
043422           RADD SB DA
043423           MON 347
043424           JAF 6		; -> 043432
043425 NKINS:    LDA ,B 14
043426           STA ,B 2
043427 DFRIN:    MIN ,B 4
043430           SAA -36
043431           JMP I 11		; -> 043442
043432           STA ,B 2
043433           JMP -3		; -> 043430
043434           ROP NOOP
043435           STZ I ,B ,X -26
043436           STZ 15
043437 DACCE:    STF 62
043440           STF 100
043441           STZ 6
043442           STZ I ,B ,X -2
043443           STD I 37
043444           RADD CLD SL DA
043445           RADD CLD SB DD
043446           SAB 21
043447           JPL I 34		; -> 043503  [DPAGE]
043450           STA ,B 14
043451           STZ ,B 13
043452           STZ ,B 15
043453           STZ ,B 11
043454           STZ ,B 12
043455           STX ,B 16
043456           STT ,B 6
043457           SAA 14
043460           STA ,B 7
043461           SAA 6
043462           STA ,B 10
043463           SAA 13
043464           RADD CLD SA DD
043465 DFNAM:    SAX 7
043466           SAT 3
043467 DF12:     LDA 15
043470           RADD SB DA
043471           MON 347
043472           JAF 6		; -> 043500
043473           LDA ,B 20
043474 DFSNA:    STA ,B 2
043475           MIN ,B 4
043476           SAA -21
043477           JMP I 6		; -> 043505
043500           STA ,B 2
043501           JMP -3		; -> 043476
043502           ROP NOOP
043503 DPAGE:    STZ I ,B ,X -26
043504           STZ 6
043505           STZ I ,B ,X -2
043506           STD I 32
043507           RADD CLD SL DA
043510           RADD CLD SB DD
043511           SAB 15
043512           JPL I 27		; -> 043541
043513           STA ,B 14
043514           STZ ,B 13
043515 PL004:    STZ ,B 6
043516           STZ ,B 7
043517 DNFIL:    STZ ,B 11
043520           STZ ,B 12
043521           SAA 7
043522           STA ,B 10
043523           SAA 7
043524           RADD CLD SA DD
043525           SAX 7
043526 TIMER:    SAT 1
043527           LDA 13
043530           RADD SB DA
043531           MON 347
043532           JAF 4		; -> 043536  [DF13]
043533           MIN ,B 4
043534           SAA -15
043535 DDVNU:    JMP I 6		; -> 043543
043536 DF13:     STA ,B 2
043537           JMP -3		; -> 043534
043540           ROP NOOP
043541           STZ I ,B ,X -26
043542           STZ 6
043543           STZ I ,B ,X -2
043544           STD I 33
043545           RADD CLD SL DA
043546           RADD CLD SB DD
043547           SAB 15
043550           JPL I 30		; -> 043600
043551 DPACC:    STA ,B 14
043552           STZ ,B 13
043553           STZ ,B 11
043554           STZ ,B 12
043555           STT ,B 6
043556           SAA 14
043557           STA ,B 7
043560           SAA 7
043561           STA ,B 10
043562           SAA 7
043563           RADD CLD SA DD
043564           SAX 7
043565           SAT 3
043566           LDA 13
043567           RADD SB DA
043570           MON 347
043571           JAF 4		; -> 043575
043572           MIN ,B 4
043573           SAA -15
043574           JMP I 6		; -> 043602
043575           STA ,B 2
043576           JMP -3		; -> 043573
043577           ROP NOOP
043600           STZ I ,B ,X -26
043601           STZ 6
043602           STZ I ,B ,X -2
043603 DFACC:    STD I 41
043604           RADD CLD SL DA
043605 DF20:     RADD CLD SB DD
043606           SAB 16
043607           JPL I 36		; -> 043645
043610           STA ,B 12
043611           RADD CLD 0 DA
043612           JMP 10		; -> 043622
043613           STD I 31
043614           RADD CLD SL DA
043615           RADD CLD SB DD
043616           SAB 16
043617           JPL I 26		; -> 043645
043620           STA ,B 12
043621           SAA 1
043622           STA ,B 7
043623           STZ ,B 6
043624           STZ ,B 10
043625           STT ,B 11
043626           LDF ,X 0
043627           STF ,B 13
043630           SAX 3
043631           SAT 1
043632           LDA 14
043633           RADD SB DA
043634           MON 347
043635 DOACC:    JAF 5		; -> 043642
043636           STX ,B 2
043637           MIN ,B 4
043640           SAA -16
043641           JMP I 6		; -> 043647
043642           STA ,B 2
043643           JMP -3		; -> 043640
043644           ROP NOOP
043645           STZ I ,B ,X -26
043646           STZ 6
043647           STZ I ,B ,X -2
043650           STD I 31
043651           RADD CLD SL DA
043652           RADD CLD SB DD
043653           SAB 16
043654 DF14:     JPL I 26		; -> 043702
043655           STZ ,B 10
043656           STZ ,B 12
043657           STZ ,B 14
043660           STZ ,B 6
043661           STZ ,B 7
043662           STT ,B 11
043663           STA ,B 15
043664           RADD CLD SD DA
043665 DOBJI:    STA ,B 13
043666           SAX 1
043667           SAT 1
043670           LDA 13
043671           RADD SB DA
043672 NKGET:    MON 347
043673           JAF 4		; -> 043677
043674           MIN ,B 4
043675           SAA -16
043676 DACCM:    JMP I 6		; -> 043704
043677           STA ,B 2
043700           JMP -3		; -> 043675
043701           ROP NOOP
043702           STZ I ,B ,X -26
043703           STZ 6
043704           STZ I ,B ,X -2
043705           STD I 30
043706           RADD CLD SL DA
043707           RADD CLD SB DD
043710           SAB 16
043711           JPL I 25		; -> 043736
043712           STZ ,B 10
043713           STZ ,B 6
043714           STZ ,B 7
043715           STT ,B 11
043716           LDA 21
043717 WAITF:    RADD SB DA
043720           SAX 2
043721           SAT 1
043722 DFNUM:    MON 347
043723 DF21:     JAF 10		; -> 043733
043724           LDA ,B 13
043725           STA ,B 0
043726           LDA ,B 15
043727           STA ,B 2
043730           MIN ,B 4
043731           SAA -16
043732           JMP I 6		; -> 043740
043733           STA ,B 2
043734           JMP -3		; -> 043731
043735 DBLSZ:    ROP NOOP
043736           STZ I ,B ,X -26
043737           STZ 6
043740           STZ I ,B ,X -2
043741           STD I 52
043742           RADD CLD SL DA
043743           RADD CLD SB DD
043744           SAB 34
043745           JPL I 47		; -> 044014
043746           LDA 47
043747           LDX 47
043750 DBYTP:    RADD SB DX
043751           SAT 20
043752           JPL I 45		; -> 044017
043753           JMP I 45		; -> 044020  [DDESD]
043754           JPL I 45		; -> 044021  [IOSET]
043755           JMP I 43		; -> 044020  [DDESD]
043756           STT ,B 20
043757           STA ,B 24
043760           LDX 42
043761           JPL I 42		; -> 044023
043762           JMP I 36		; -> 044020  [DDESD]
043763           STA ,B 7
043764 DBLOP:    BSKP ONE 30 DA
043765           JMP 3		; -> 043770
043766           LDA 36
043767 FDTMS:    JMP I 31		; -> 044020  [DDESD]
043770           BSKP ZRO 150 DA
043771 MTMRS:    JMP 3		; -> 043774
043772 DF25:     JPL I 33		; -> 044025
043773           JMP I 25		; -> 044020  [DDESD]
043774           LDA I 32
043775 DOUTF:    JPL I 32		; -> 044027
043776           LDX 20
043777 EERG3:    RADD SB DX
044000 NSPIT:    JPL I 30		; -> 044030
044001 REECS:    JMP 4		; -> 044005  [DSOUD]
044002 REECO:    JAZ 3		; -> 044005  [DSOUD]
044003           SAA 32
044004           JMP I 25		; -> 044031
044005 DSOUD:    LDA ,B 24
044006           LDT ,B 20
044007           JPL I 23		; -> 044032  [FINIV]
044010           JMP I 21		; -> 044031
044011           JMP 22		; -> 044033
044012           JMP I 17		; -> 044031
044013           ROP NOOP
044014           STZ I ,B ,X -26
044015           MIN I ,X -157
044016           STZ 10
044017           LDA ,B -1
044020 DDESD:    JPL I ,B ,X 54		; -> 044074  [SCDEV]
044021 IOSET:    JPC 72		; -> 044113
044022           STZ 13
044023           LDT -155
044024 CVCAL:    STZ -140
044025           LDT I ,X 47
044026           MPY 27
044027           STT ,B 100
044030           LDA I ,B ,X 2
044031           JPL I ,B ,X 66		; -> 044117
044032 FINIV:    JAF -46		; -> 043764  [DBLOP]
044033           STT ,B 21
044034           LDX 60
044035 DSOUF:    JPL I 60		; -> 044115
044036           JMP I 60		; -> 044116
044037           JPL I 60		; -> 044117
044040           LDA I 60
044041 DF26:     JPL I 60		; -> 044121
044042           LDX 60
044043           JPL I 52		; -> 044115
044044 FEILV:    JMP I 52		; -> 044116
044045 DDESF:    JAZ 6		; -> 044053
044046           MON 124		; ForceReserve / PRSRV (124B)
044047           JAP 4		; -> 044053
044050           SAA 147
044051           STA ,B 2
044052 BUSYV:    JMP I 44		; -> 044116
044053           LDT ,B 21
044054           JPL I 47		; -> 044123
044055           JMP I 41		; -> 044116
044056           JPL I 46		; -> 044124
044057           RADD CLD SX DA
044060 DSDEV:    STX ,B 22
044061           LDX 44
044062           RADD SB DX
044063           ADD 43
044064           SAT 20
044065           JPL I 42		; -> 044127
044066           LDT ,B 21
044067           LDX 41
044070           JPL I 25		; -> 044115
044071           JMP I 25		; -> 044116
044072           LDA ,B 7
044073           BSKP ONE 120 DA
044074 SCDEV:    JMP 12		; -> 044106
044075           RADD CLD 0 DA
044076           RADD CLD 0 DD
044077           LDT ,B 21
044100           JPL I 31		; -> 044131
044101           SAA 42
044102           JPL I 30		; -> 044132
044103           JMP I 13		; -> 044116
044104           RADD CLD 0 DA
044105 DPFNA:    JPL I 26		; -> 044133
044106           LDX ,B 22
044107           LDA ,X 0
044110 DF41:     BSKP ONE 150 DA
044111           JMP 23		; -> 044134
044112           SAA 145
044113           JMP I 3		; -> 044116
044114           STZ 3
044115           LDT 124
044116           JPL I ,B ,X 57		; -> 044175
044117           STT ,B 100
044120 CIBUF:    MPY 27
044121           STT ,B 106
044122 DNUCO:    STZ 4
044123           LDF I ,X -1
044124           STF -153
044125 COBUF:    STZ 10
044126           STZ 5
044127           STF 104
044130           STZ 0
044131           LDF ,B 157
044132           LDF ,X ,B 111
044133           LDF I -140
044134           RADD CLD 0 DA
044135 BFAD:     RADD CLD 0 DD
044136           LDT ,B 21
044137           LDX 71
044140           JPL I 71		; -> 044231  [OSIZE]
044141           JMP I 71		; -> 044232
044142           LDX 71
044143           JPL I 66		; -> 044231  [OSIZE]
044144           JMP I 66		; -> 044232
044145           JPL I 67		; -> 044234  [PL006]
044146           JMP I 64		; -> 044232
044147           STD ,B 26
044150           LDX 65
044151           JPL I 60		; -> 044231  [OSIZE]
044152           JMP I 60		; -> 044232
044153           JPL I 63		; -> 044236
044154           JMP I 56		; -> 044232
044155           STD ,B 30
044156           LDT ,B 21
044157 DF42:     LDX 60
044160           JPL I 51		; -> 044231  [OSIZE]
044161           JMP I 51		; -> 044232
044162           SAD ZIN 2
044163 MNCHK:    SKP IF DD EQL 0
044164           JMP 2		; -> 044166
044165           AAA -1
044166           STA ,B 25
044167           JPL I 51		; -> 044240
044170           JMP I 42		; -> 044232
044171           STZ ,B 32
044172           STZ ,B 33
044173           LDA ,B 32
044174 VONA:     JAF 3		; -> 044177
044175           LDA ,B 33
044176           JAZ 124		; -> 044322
044177           LDA ,B 32
044200           LDT ,B 26
044201           SKP IF DA EQL ST
044202           JMP 5		; -> 044207
044203 ISIZE:    LDA ,B 33
044204 STYPE:    LDT ,B 27
044205           SKP IF DA UEQ ST
044206           JMP 132		; -> 044340
044207           LDA ,B 7
044210           BSKP ZRO 120 DA
044211           JMP 3		; -> 044214  [DSGEN]
044212           BSKP ONE 60 DA
044213           JMP 34		; -> 044247
044214 DSGEN:    LDD ,B 26
044215           RADD CLD SA DL
044216           RADD CLD SD DT
044217           LDD ,B 32
044220           RSUB ST DD
044221           RADD ADC CLD SA DA
044222           AAA -1
044223           RSUB SL DA
044224           JAP 16		; -> 044242
044225 T1P01:    LDD ,B 26
044226 DTYPE:    STD ,B 32
044227           JMP 111		; -> 044340
044230           STZ 15
044231 OSIZE:    LDT 127
044232           JPL I ,B ,X 57		; -> 044311
044233           STZ 17
044234 PL006:    JPL I ,B ,X 100		; -> 044334
044235           STZ 21
044236           LDF I ,X 101
044237           STZ 23
044240           LDT ,B 165
044241 FINRD:    JMP 5		; -> 044246
044242           JAF 4		; -> 044246
044243           SAT 1
044244           SKP IF DD UEQ ST
044245           JMP 106		; -> 044353
044246           JMP 6		; -> 044254
044247           LDT ,B 21
044250           LDD ,B 32
044251           JPL I 25		; -> 044276  [GZTRE]
044252 T1P02:    JMP 17		; -> 044271
044253           JPL I 24		; -> 044277
044254           LDD ,B 32
044255           RADD AD1 0 DD
044256           RADD ADC CLD SA DA
044257           STD ,B 32
044260           LDA ,B 32
044261           LDT ,B 30
044262           SKP IF DA EQL ST
044263           JMP 5		; -> 044270
044264           LDA ,B 33
044265           LDT ,B 31
044266           SKP IF DA UEQ ST
044267 FINRS:    JMP 64		; -> 044353
044270           JMP -75		; -> 044173
044271           LDD ,B 32
044272           JPL I 6		; -> 044300
044273           JPL I 6		; -> 044301
044274           JMP 6		; -> 044302
044275           JMP -21		; -> 044254
044276 GZTRE:    LDF I ,B -12
044277           LDF I ,B 76
044300           LDF ,B 157
044301           LDF ,X -21
044302           JPL I 120		; -> 044422  [PANLI]
044303           STD ,X 120
044304           MIN ,B 107
044305           MIN ,X ,B 40
044306           STD I ,B ,X 0
044307           LDA ,B 32
044310           JPL I 113		; -> 044423
044311           JPL I 111		; -> 044422  [PANLI]
044312           STD 47
044313 PRSFN:    LDA ,B 33
044314           JPL I 107		; -> 044423
044315           JPL I 105		; -> 044422  [PANLI]
044316           STD 111
044317           LDT I ,B 40
044320           MIN I 101
044321           MIN ,X 47
044322           LDT ,B 21
044323           LDD ,B 32
044324           JPL I 100		; -> 044424
044325           JMP 132		; -> 044457  [REECT]
044326           LDX 77
044327 FDATA:    JPL I 77		; -> 044426
044330           JMP 127		; -> 044457  [REECT]
044331           RADD CM1 0 DD
044332           BSKP ZRO SSC
044333           JMP 2		; -> 044335  [PSTSP]
044334           AAA -1
044335 PSTSP:    JPL I 72		; -> 044427
044336           JMP 121		; -> 044457  [REECT]
044337           JMP -63		; -> 044254
044340           LDA ,B 25
044341           SKP IF 0 LST SA
044342           JMP 10		; -> 044352
044343           LDA ,B 25
044344           AAA -1
044345           STA ,B 25
044346           LDD ,B 26
044347           RADD AD1 0 DD
044350           RADD ADC CLD SA DA
044351           STD ,B 26
044352           JMP -30		; -> 044322
044353           LDT ,B 21
044354 NKICK:    JPL I 54		; -> 044430
044355 DALM1:    JMP 102		; -> 044457  [REECT]
044356           RADD CLD 0 DA
044357           RADD CLD 0 DD
044360           JPL I 51		; -> 044431
044361           JMP 65		; -> 044446
044362 XP131:    STX ,B 6
044363           ADD 47
044364 XDILF:    AAA -20
044365           LDT ,B 21
044366           JPL I 45		; -> 044433
044367 DILBU:    LDT 45
044370           RADD ST DX
044371 PNLPA:    SAT 20
044372           JPL I 43		; -> 044435
044373           LDX ,B 6
044374           LDT ,B 21
044375           JPL I 41		; -> 044436
044376           JMP 54		; -> 044452
044377           RADD CLD 0 DA
044400           RADD CLD 0 DD
044401           JPL I 36		; -> 044437
044402           LDT ,B 21
044403           JPL I 35		; -> 044440  [CTRMA]
044404           JMP 53		; -> 044457  [REECT]
044405 XDILD:    LDX 34
044406           JPL I 34		; -> 044442
044407           JMP 50		; -> 044457  [REECT]
044410 PNPAG:    JPL I 33		; -> 044443  [PL007]
044411 SERVS:    MIN ,B 4
044412           LDT ,B 21
044413           LDX 31
044414           JPL I 26		; -> 044442
044415           JMP 3		; -> 044420
044416           JAZ 2		; -> 044420
044417           MON 125		; ForceRelease / PRLRS (125B)
044420           SAA -34
044421           JMP I 24		; -> 044445
044422 PANLI:    MIN ,B -50
044423           MIN -42
044424           LDT ,B -151
044425 BRKM:     STZ 23
044426           LDT 121
044427           LDT 127
044430           LDT ,B 165
044431           LDF I ,B -12
044432           STZ ,X 0
044433           STF -153
044434 PIBSF:    STZ 5
044435           STZ I -154
044436           LDF ,X -21
044437           LDF I -140
044440 CTRMA:    MIN -157
044441           STZ 3
044442           LDT 124
044443 PL007:    STT ,B 106
044444           STZ 4
044445           STZ I ,B ,X -2
044446           RADD CLD 0 DA
044447 PL008:    RADD CLD 0 DD
044450 PAASF:    JPL I 22		; -> 044472
044451           JMP -67		; -> 044362  [XP131]
044452           SAA 35
044453           JMP 4		; -> 044457  [REECT]
044454           STA ,B 2
044455           JMP -35		; -> 044420
044456 REECE:    LDA 15
044457 REECT:    STA ,B 2
044460           LDT ,B 21
044461           LDX 13
044462           JPL I 13		; -> 044475
044463 PINAP:    JMP -51		; -> 044412
044464           JPL I 12		; -> 044476  [PPIAC]
044465           JMP -53		; -> 044412
044466           STA ,B 2
044467 TMMT1:    LDA I 10
044470           JPL I 6		; -> 044476  [PPIAC]
044471           JMP -51		; -> 044420
044472           LDF ,B 157
044473           STZ -124
044474           STZ 3
044475           LDT 124
044476 PPIAC:    STT ,B 106
044477           MPY 27
044500           STD I 77
044501           RADD CLD SL DA
044502           RADD CLD SB DD
044503           SAB 22
044504           JPL I 74		; -> 044600
044505           STZ ,B 12
044506           LDX 73
044507           JPL I 73		; -> 044602
044510 SSSLE:    JMP I 73		; -> 044603
044511           AND 73
044512 SSLEA:    RADD CLD SA DT
044513           LDA 72
044514           JPL I 72		; -> 044606
044515           JMP I 66		; -> 044603
044516           JAF 15		; -> 044533
044517           SKP IF DD EQL 0
044520           JMP 13		; -> 044533
044521           SAA 1
044522           STA ,B 12
044523           LDT ,B 1
044524           JPL I 63		; -> 044607
044525           JMP 173		; -> 044720
044526           SAD ZIN SHR 1
044527           SAT 11
044530           RDIV ST
044531           RMPY ST DA
044532 PFOID:    STD ,B 10
044533           LDT ,B 1
044534           STD ,B 2
044535           JPL I 52		; -> 044607
044536           JMP 162		; -> 044720
044537           STD ,B 15
044540 ECHOM:    SAD ZIN 2
044541           SKP IF DD EQL 0
044542           JMP 2		; -> 044544
044543 SMFIL:    AAA -1
044544           STA ,B 21
044545           LDD ,B 2
044546           SAT -1
044547           SKP IF DA EQL ST
044550           JMP 13		; -> 044563
044551           SAT -1
044552           SKP IF DD EQL ST
044553 DUFQU:    JMP 10		; -> 044563
044554           LDD ,B 15
044555           LDT ,B 21
044556 DRSND:    AAT 1
044557           RSUB ST DD
044560           RADD ADC CLD SA DA
044561           AAA -1
044562           STD ,B 2
044563           LDD ,B 15
044564           RADD CLD SA DT
044565           RADD CLD SD DL
044566           LDD ,B 2
044567           RSUB SL DD
044570           RADD ADC CLD SA DA
044571           AAA -1
044572 DRUND:    RSUB ST DA
044573           JAN 3		; -> 044576
044574 RDISK:    SAA 100
044575           JMP 123		; -> 044720
044576           JMP 12		; -> 044610
044577           ROP NOOP
044600           STZ I ,B ,X -26
044601 WDISK:    STZ 2
044602           LDT 124
044603           JPL I ,B ,X -60		; -> 044523
044604 T1P03:    STZ -1
044605 DPPAW:    LDA 135
044606           LDA ,B -1
044607           LDF I ,X 101
044610           STZ ,B 7
044611           LDA ,B 7
044612           LDT ,B 21
044613 PL009:    SKP IF DT GRE SA
044614           JMP 41		; -> 044655
044615           LDT ,B 7
044616           LDD ,B 2
044617           RADD ST DD
044620 DNENT:    RADD ADC CLD SA DA
044621           STD ,B 17
044622 STMT1:    STZ ,B 14
044623           LDA ,B 14
044624           SAT 3
044625           SKP IF DT GRE SA
044626 MSTTY:    JMP 23		; -> 044651  [DPRTR]
044627           LDD ,B 17
044630 MGTTY:    LDT ,B 1
044631           JPL I 71		; -> 044722
044632           STX ,B 6
044633 DNOBL:    STA ,B 13
044634           LDT 67
044635           LDX ,B 14
044636           LDA I ,X 66
044637           LDX ,B 13
044640           JPL I 65		; -> 044725
044641           LDT ,B 1
044642           LDX ,B 6
044643           JPL I 63		; -> 044726
044644           JMP 14		; -> 044660
044645           LDA ,B 14
044646           AAA 1
044647           STA ,B 14
044650           JMP -24		; -> 044624
044651 DPRTR:    LDA ,B 7
044652           AAA 1
044653           STA ,B 7
044654           JMP -42		; -> 044612
044655           MIN ,B 4
044656           SAA -22
044657           JMP I 50		; -> 044727
044660           LDX ,B 12
044661           SAT 1
044662           SKP IF DX EQL ST
044663           JMP 35		; -> 044720
044664           BSKP ONE 120 DA
044665           JMP 33		; -> 044720
044666           LDD ,B 2
044667           RADD CLD SA DT
044670           RADD CLD SD DL
044671           LDD ,B 10
044672           RSUB SL DD
044673           RADD ADC CLD SA DA
044674           RSUB ST DA
044675           SAT 11
044676           RDIV ST
044677           SKP IF 0 GRE SA
044700           JMP 10		; -> 044710
044701           MPY 27
044702           ADD ,B 3
044703           RADD CLD SA DD
044704 DPRTE:    RADD ADC CLD SA DA
044705 T1P04:    ADD ,B 2
044706           STD ,B 2
044707           JMP 10		; -> 044717
044710           MPY 20
044711           RADD CLD SA DD
044712           LDA ,B 3
044713           RSUB SA DD
044714           RADD ADC CLD SA DA
044715           ADD ,B 2
044716           STD ,B 2
044717           JMP -134		; -> 044563
044720           STA ,B 2
044721           JMP -43		; -> 044656
044722           LDF ,B 157
044723           STZ ,X 0
044724           STT ,B -24
044725           STF 164
044726           LDF ,X -21
044727           STZ I ,B ,X -2
044730           STZ 11
044731           STD I 66
044732           RADD CLD SL DA
044733           RADD CLD SB DD
044734           SAB 32
044735           JPL I 63		; -> 045020
044736           LDA 63
044737           LDX 63
044740           RADD SB DX
044741 DAPRE:    SAT 20
044742           JPL I 61		; -> 045023
044743 NOWAI:    JMP I 61		; -> 045024
044744           LDA 61
044745           LDX 61
044746 TNOWA:    RADD SB DX
044747 DKICK:    SAT 20
044750           JPL I 53		; -> 045023
044751           JMP I 53		; -> 045024
044752           JPL I 55		; -> 045027
044753           JMP I 51		; -> 045024
044754           STT ,B 27
044755           STA ,B 31
044756           LDX 52
044757           JPL I 52		; -> 045031
044760           JMP I 44		; -> 045024
044761           BSKP ONE 30 DA
044762           JMP 3		; -> 044765
044763           LDA 47
044764           JMP I 40		; -> 045024
044765           BSKP ZRO 150 DA
044766           JMP 3		; -> 044771
044767           JPL I 44		; -> 045033
044770           JMP I 34		; -> 045024
044771           LDA I 43
044772           JPL I 43		; -> 045035
044773           LDX 27
044774           RADD SB DX
044775           JPL I 41		; -> 045036
044776           JMP 4		; -> 045002
044777 CLPAR:    JAZ 3		; -> 045002
045000           SAA 32
045001           JMP 144		; -> 045145
045002           LDX 24
045003           RADD SB DX
045004           JPL I 32		; -> 045036
045005           JMP 4		; -> 045011
045006           JAZ 3		; -> 045011
045007           SAA 32
045010           JMP 135		; -> 045145
045011           LDA ,B 31
045012           LDT ,B 27
045013           JPL I 24		; -> 045037  [EXIOX]
045014           JMP 131		; -> 045145
045015           JMP 23		; -> 045040
045016 PL010:    JMP 127		; -> 045145
045017 TMMT2:    ROP NOOP
045020           STZ I ,B ,X -26
045021 T1P05:    MIN I ,X -145
045022           STZ 7
045023           LDA ,B -1
045024           UNDEF
045025           MIN I ,X -131
045026           STZ 17
045027           JPC 72		; -> 045121
045030           STZ 13
045031           LDT -155
045032           STZ -140
045033           LDT I ,X 47
045034           MPY 27
045035           STT ,B 100
045036           LDA I ,B ,X 2
045037 EXIOX:    JAF -46		; -> 044771
045040           LDX 113
045041           JPL I 113		; -> 045154
045042           JMP 77		; -> 045141
045043           JPL I 112		; -> 045155
045044           LDA I 112
045045           JPL I 112		; -> 045157
045046           LDX 112
045047           JPL I 105		; -> 045154
045050           JMP 71		; -> 045141
045051           JAZ 5		; -> 045056
045052           MON 124		; ForceReserve / PRSRV (124B)
045053           JAP 3		; -> 045056
045054           SAA 147
045055           JMP 64		; -> 045141
045056           LDX 103
045057           JPL I 75		; -> 045154
045060           JMP 61		; -> 045141
045061           BSKP ONE 130 DA
045062           JMP 3		; -> 045065
045063           SAA 147
045064           JMP 55		; -> 045141
045065           STT ,B 30
045066           JPL I 74		; -> 045162
045067           JMP 52		; -> 045141
045070           RADD CLD 0 DA
045071           RADD CLD 0 DD
045072           LDT ,B 30
045073           JPL I 70		; -> 045163
045074           JMP 45		; -> 045141
045075           STX ,B 6
045076           ADD 66
045077           AAA -20
045100           LDX 65
045101 ACONV:    RADD SB DX
045102           SAT 20
045103           JPL I 63		; -> 045166
045104           JMP 32		; -> 045136
045105           JMP 1		; -> 045106
045106           LDX 61
045107           RADD SB DX
045110           SAT 20
045111           JPL I 57		; -> 045170
045112 LSTC:     LDT ,B 30
045113           LDX ,B 6
045114           JPL I 55		; -> 045171
045115           JMP 24		; -> 045141
045116           RADD CLD 0 DA
045117           RADD CLD 0 DD
045120           JPL I 52		; -> 045172
045121           MIN ,B 4
045122           LDT ,B 30
045123           LDX 30
045124           JPL I 30		; -> 045154
045125           JMP 7		; -> 045134  [NKLOC]
045126           JPL I 31		; -> 045157
045127           LDX 31
045130           JPL I 24		; -> 045154
045131           JMP 3		; -> 045134  [NKLOC]
045132           JAZ 2		; -> 045134  [NKLOC]
045133           MON 125		; ForceRelease / PRLRS (125B)
045134 NKLOC:    SAA -32
045135           JMP I 36		; -> 045173
045136           LDX ,B 6
045137           JPL I 35		; -> 045174
045140           SAA 40
045141           STA ,B 2
045142           JMP -20		; -> 045122
045143           STA ,B 2
045144           JMP -10		; -> 045134  [NKLOC]
045145           STA ,B 2
045146           LDA I 10
045147           JPL I 10		; -> 045157
045150           JMP -14		; -> 045134  [NKLOC]
045151           LDA 24
045152 STMT2:    JMP -11		; -> 045141
045153           STZ 3
045154           LDT 124
045155           STT ,B 100
045156           MPY 27
045157           STT ,B 106
045160 DRTDE:    STZ 4
045161           STZ 0
045162           LDF ,X ,B -26
045163           LDF I ,B 131
045164 IPTCH:    STZ ,X 0
045165           STZ 7
045166           MIN I ,B 152
045167           STZ 17
045170           STF 104
045171           LDF ,X -157
045172           LDF I -140
045173           STZ I ,B ,X -2
045174           LDF I ,B 76
045175           STZ -124
045176           STD I 30
045177           RADD CLD SL DA
045200           RADD CLD SB DD
045201 XPTCH:    SAB 27
045202           JPL I 25		; -> 045227
045203           JPL I 25		; -> 045230
045204           JMP I 25		; -> 045231
045205           LDA 25
045206           LDX 25
045207           RADD SB DX
045210           SAT 20
045211           JPL I 23		; -> 045234  [IGTCH]
045212           JMP I 23		; -> 045235
045213           JPL I 23		; -> 045236
045214 NKUNL:    JMP I 21		; -> 045235
045215           RADD CLD SA DD
045216           LDA I 21
045217 PUTW:     JPL I 21		; -> 045240
045220           RADD CLD SD DA
045221           STT ,B 20
045222           JPL I 17		; -> 045241  [XGTCH]
045223           JMP I 17		; -> 045242
045224           JMP 17		; -> 045243
045225           JMP I 15		; -> 045242
045226           ROP NOOP
045227           STZ I ,B ,X -26
045230           LDT I ,X 174
045231           USER2
045232           MIN I ,X -157
045233           STZ 7
045234 IGTCH:    LDA ,B -1
045235           SKP IF DT GRE SD
045236           JPC 72		; -> 045330
045237 NKCHE:    MPY 27
045240           STT ,B 100
045241 XGTCH:    JAF -46		; -> 045173
045242           SKP IF 0 GRE SP
045243           STT ,B 26
045244           JPL I 141		; -> 045405
045245           STX ,B 25
045246           LDA ,X 3
045247 GETW:     JPL I 137		; -> 045406
045250           LDA ,X 4
045251           JAZ 5		; -> 045256
045252           MON 124		; ForceReserve / PRSRV (124B)
045253           JAP 3		; -> 045256
045254 ISTDV:    SAA 147
045255           JMP I 132		; -> 045407
045256           LDA ,X 0
045257           BSKP ONE 150 DA
045260           JMP 3		; -> 045263
045261           SAA 145
045262           JMP I 126		; -> 045410  [MTDI2]
045263           JPL I 126		; -> 045411
045264           JMP I 124		; -> 045410  [MTDI2]
045265           STA ,B 24
045266 OSTDV:    BSKP ZRO 100 DA
045267           JMP 3		; -> 045272
045270           JPL I 122		; -> 045412
045271           JMP I 117		; -> 045410  [MTDI2]
045272           LDT ,B 26
045273           JPL I 120		; -> 045413
045274           JMP I 114		; -> 045410  [MTDI2]
045275 MTDI1:    LDT ,B 20
045276           LDX 116
045277           JPL I 116		; -> 045415
045300           JMP I 116		; -> 045416
045301           BSKP ONE 30 DA
045302           JMP 4		; -> 045306
045303           STA ,B 24
045304           JPL I 113		; -> 045417  [DSTEN]
045305           JMP I 111		; -> 045416
045306           LDA ,B 24
045307           BSKP ONE 120 DA
045310           JMP 10		; -> 045320
045311           RADD CLD 0 DA
045312           RADD CLD 0 DD
045313           LDT ,B 26
045314           JPL I 104		; -> 045420
045315           SAA 42
045316           JPL I 103		; -> 045421  [XFIN]
045317 INIOS:    JMP I 103		; -> 045422
045320           LDT ,B 26
045321           JPL I 102		; -> 045423
045322           RADD CLD 0 DA
045323           RADD CLD 0 DD
045324           JPL I 100		; -> 045424
045325           JMP I 63		; -> 045410  [MTDI2]
045326           STX ,B 6
045327           ADD 76
045330           AAA -20
045331           RADD CLD SA DT
045332           RADD CLD SA DD
045333           RADD CLD 0 DX
045334           LBYT
045335           SAT 101
045336           SKP IF DA GRE ST
045337 MTDO1:    JMP 4		; -> 045343
045340           SAT 132
045341           SKP IF DT LST SA
045342 TTIMR:    JMP 12		; -> 045354
045343           SAT 60
045344           SKP IF DA GRE ST
045345           JMP 4		; -> 045351
045346 NKRDE:    SAT 71
045347           SKP IF DT LST SA
045350           JMP 4		; -> 045354
045351           SAT 55
045352           SKP IF DA EQL ST
045353           JMP I 53		; -> 045426
045354           LDX 53
045355           RADD SB DX
045356           RADD CLD SD DA
045357           SAT 20
045360           JPL I 50		; -> 045430
045361           JMP I 45		; -> 045426
045362           RADD CLD SA DX
045363           JPL I 46		; -> 045431
045364           JMP 6		; -> 045372  [MFIN]
045365           JAZ 5		; -> 045372  [MFIN]
045366           LDX ,B 6
045367           JPL I 43		; -> 045432  [RNMSG]
045370           SAA 32
045371           JMP I 17		; -> 045410  [MTDI2]
045372 MFIN:     LDA ,B 25
045373           ADD 40
045374           RADD CLD SD DX
045375           SAT 20
045376           JPL I 36		; -> 045434
045377           LDX ,B 6
045400           JPL I 32		; -> 045432  [RNMSG]
045401           LDT ,B 26
045402           JPL I 33		; -> 045435
045403           JMP I 5		; -> 045410  [MTDI2]
045404 CTNMA:    JMP 32		; -> 045436
045405           STF -153
045406           STT ,B 100
045407           SKP IF DL GRE SP
045410 MTDI2:    SKP IF 0 GRE 0
045411           LDT -55
045412           LDT I ,X 47
045413           LDF I ,X -1
045414           STZ 13
045415           LDT -155
045416           SKP IF 0 GRE SP
045417 DSTEN:    LDT -147
045420           LDF ,B 157
045421 XFIN:     LDF ,X ,B 111
045422           SKP IF DL GRE 0
045423           LDF I -147
045424           LDF I ,B 131
045425           STZ ,X 0
045426           USER2
045427           STZ 7
045430           MIN I ,B 152
045431           LDA I ,B ,X 2
045432 RNMSG:    LDF I ,B 76
045433           STZ 5
045434           STZ I -154
045435           LDF I ,B ,X -15
045436           JPL I 165		; -> 045623
045437           LDA ,X 0
045440           JPL I 164		; -> 045624
045441           LDA ,X 1
045442           LDT ,B 26
045443           SKP IF DA EQL ST
045444           JMP 4		; -> 045450
045445           SAA -1
045446           STA ,X 1
045447           STA ,X 2
045450           LDA ,X 0
045451           JPL I 154		; -> 045625
045452 MTDO2:    JPL I 154		; -> 045626
045453           LDA ,X 0
045454           JPL I 150		; -> 045624
045455           LDA ,X 1
045456           LDT ,B 26
045457           SKP IF DA EQL ST
045460           JMP 5		; -> 045465
045461           SAA -1
045462           STA ,X 1
045463           STA ,X 2
045464           STA ,X 3
045465           LDA ,X 0
045466           JPL I 137		; -> 045625
045467           LDT ,B 26
045470           JPL I 137		; -> 045627
045471           JMP I 137		; -> 045630
045472           JPL I 137		; -> 045631
045473           SAA -1
045474           STA ,X 3
045475           LDA ,B 24
045476           BSKP ZRO 30 DA
045477           JMP I 133		; -> 045632
045500           STZ ,B 21
045501           LDA ,B 21
045502           LDT 131
045503 REETE:    AAT -1
045504           SKP IF DT GRE SA
045505           JMP 115		; -> 045622
045506           LDT ,B 26
045507           LDA ,B 21
045510           JPL I 124		; -> 045634
045511 PL011:    JMP I 117		; -> 045630
045512           LDA ,X 25
045513           RADD CLD SA DD
045514           LDA ,X 54
045515           JPL I 120		; -> 045635
045516           BSKP ONE 170 DD
045517           JMP 77		; -> 045616
045520           AND 116
045521           STA ,B 17
045522           STZ ,B 22
045523 MTDI3:    LDA ,B 22
045524           LDT ,B 17
045525           SKP IF DT GRE SA
045526           JMP 70		; -> 045616
045527           STZ ,B 23
045530 GOMAG:    LDA ,B 23
045531           LDT 102
045532 TETTO:    AAT -1
045533           SKP IF DT GRE SA
045534           JMP 56		; -> 045612
045535           LDT ,B 26
045536           LDA ,B 21
045537           SHA ZIN 10
045540           ADD ,B 23
045541           RADD CLD SA DD
045542           LDA ,B 22
045543 GNMSG:    JPL I 74		; -> 045637
045544           JMP I 64		; -> 045630
045545           LDA ,X 26
045546           BSKP ONE 170 DA
045547           JMP 36		; -> 045605
045550           LDA ,X 46
045551           JAF 6		; -> 045557
045552           LDA ,X 50
045553           JAF 4		; -> 045557
045554           LDA ,X 26
045555           AND 63
045556           JAZ 25		; -> 045603
045557           LDA ,X 44
045560           BSKP ONE 20 DA
045561           JMP 4		; -> 045565  [MTDO3]
045562           LDA ,X 26
045563           AND 56
045564           JMP 3		; -> 045567
045565 MTDO3:    LDA ,X 26
045566           AND 54
045567           STA ,X 26
045570           STZ ,X 46
045571           STZ ,X 50
045572 SELAR:    LDT ,B 26
045573           LDA ,B 21
045574           SHA ZIN 10
045575           ADD ,B 23
045576           RADD CLD SA DD
045577           LDA ,B 22
045600           JPL I 43		; -> 045643  [GWAIT]
045601           JMP 177		; -> 046000  [NFU00]
045602           JMP 2		; -> 045604
045603           JPL I 41		; -> 045644  [XMBUS]
045604           JMP 2		; -> 045606  [MAGTR]
045605           JPL I 37		; -> 045644  [XMBUS]
045606 MAGTR:    LDA ,B 23
045607           AAA 1
045610           STA ,B 23
045611           JMP -60		; -> 045531
045612           LDA ,B 22
045613           AAA 1
045614           STA ,B 22
045615           JMP -71		; -> 045524
045616           LDA ,B 21
045617 FREES:    AAA 1
045620           STA ,B 21
045621 MBUSY:    JMP -117		; -> 045502
045622           JMP 23		; -> 045645
045623           LDT I ,X -135
045624           STT ,B 100
045625           STT ,B 106
045626           LDX I ,B 163
045627           LDT ,B 165
045630           SKP IF 0 GRE 0
045631           LDT -24
045632           USER2
045633           STZ ,B 0
045634           LDT I ,X -132
045635           LDT I ,B ,X -57
045636 MTDI4:    STZ 17
045637           LDX I ,B 166
045640           SUB I ,B ,X -1
045641           FAD 0
045642           FMU 0
045643 GWAIT:    LDX I ,B -30
045644 XMBUS:    LDX ,X -71
045645           LDA ,B 24
045646           BSKP ZRO 100 DA
045647 DLRET:    JMP 5		; -> 045654
045650           LDT ,B 26
045651           JPL I 57		; -> 045730
045652           JMP I 57		; -> 045731  [ASKAR]
045653           JMP 33		; -> 045706
045654           STZ ,B 21
045655           LDA ,B 21
045656           LDT 54
045657           AAT -1
045660           SKP IF DT GRE SA
045661           JMP 25		; -> 045706
045662           LDT ,B 26
045663           LDA ,B 21
045664           JPL I 47		; -> 045733
045665 TDGET:    JMP I 44		; -> 045731  [ASKAR]
045666           LDA ,X 25
045667 TTGET:    AND 45
045670           JAZ 11		; -> 045701
045671           LDA ,X 25
045672           AND 43
045673           STA ,X 25
045674           LDT ,B 26
045675 MFEIL:    LDA ,B 21
045676           JPL I 40		; -> 045736
045677           JMP I 32		; -> 045731  [ASKAR]
045700 MTDO4:    JMP 2		; -> 045702  [NMOVW]
045701           JPL I 36		; -> 045737
045702 NMOVW:    LDA ,B 21
045703           AAA 1
045704           STA ,B 21
045705           JMP -27		; -> 045656
045706           LDA I 32
045707           JPL I 32		; -> 045741
045710           SAT -1
045711           JPL I 31		; -> 045742
045712           JMP 33		; -> 045745  [PL012]
045713           LDX ,B 25
045714           LDA ,X 0
045715           AND 26
045716           STZ ,X 25
045717           STZ ,X 26
045720           BSET ONE 170 DA
045721           STA ,X 0
045722           MIN ,B 4
045723           LDX ,B 25
045724           LDA ,X 3
045725           JPL I 14		; -> 045741
045726           SAA -27
045727           JMP I 15		; -> 045744
045730           ADD ,X 61
045731 ASKAR:    SKP IF 0 GRE 0
045732           STZ ,B 0
045733           LDT I ,X -132
045734           STZ -1
045735           BORC SSPTM
045736           LDT I ,B ,X 10
045737           LDT I ,B ,X -57
045740           MPY 27
045741           STT ,B 106
045742           LDT 25
045743           MPY ,X 0
045744           STZ I ,B ,X -2
045745 PL012:    SAT 43
045746           SKP IF DA EQL ST
045747           JMP 35		; -> 046004
045750           LDA ,B 24
045751 M2DI1:    BSKP ONE 100 DA
045752           JMP 7		; -> 045761
045753           LDA I 55
045754           SAT -1
045755           SKP IF DA UEQ ST
045756           JMP 3		; -> 045761
045757           LDA 52
045760           JMP 24		; -> 046004
045761           LDX ,B 25
045762           LDA ,X 0
045763           AND 47
045764           BSET ONE 160 DA
045765 LEGSC:    BSET ONE 140 DA
045766           BSET ZRO 130 DA
045767           JMP -51		; -> 045716
045770           JPL I 43		; -> 046033
045771           JMP I 43		; -> 046034
045772           JMP 24		; -> 046016
045773           LDT ,B 26
045774           RADD CLD 0 DA
045775           RADD CLD 0 DD
045776           JPL I 37		; -> 046035
045777           SAA 40
046000 NFU00:    STA ,B 2
046001 55DLR:    LDA I 35
046002           JPL I 35		; -> 046037
046003           JMP 2		; -> 046005
046004           STA ,B 2
046005           LDT ,B 26
046006           LDX 32
046007           JPL I 32		; -> 046041  [TTWGE]
046010           JMP -65		; -> 045723
046011           LDX ,B 25
046012           LDA ,X 4
046013 M2DO1:    JAZ 2		; -> 046015
046014           MON 125		; ForceRelease / PRLRS (125B)
046015           JMP -72		; -> 045723
046016           STA ,B 2
046017           JMP -71		; -> 045726
046020 GSGAN:    STA ,B 2
046021           LDA I 15
046022           JPL I 15		; -> 046037
046023           JMP -75		; -> 045726
046024           STA ,B 2
046025           LDA I 11
046026           JPL I 11		; -> 046037
046027           JMP -104		; -> 045723
046030           STA 156
046031           STZ -140
046032           BSTC SSPTM
046033           LDA I ,B ,X -125
046034           USER0
046035           LDF I -140
046036           MPY 27
046037           STT ,B 106
046040           STZ 4
046041 TTWGE:    LDT 124
046042           STD I 27
046043           RADD CLD SL DA
046044           RADD CLD SB DD
046045           SAB 24
046046           JPL I 24		; -> 046072
046047           LDA 24
046050 5DFRE:    LDX 24
046051           RADD SB DX
046052 5DLRE:    SAT 20
046053           JPL I 22		; -> 046075  [55DFR]
046054 GECHO:    JMP I 22		; -> 046076
046055           LDA I 22
046056           JPL I 22		; -> 046100
046057           JPL I 22		; -> 046101
046060           JMP I 22		; -> 046102  [CHRTD]
046061           STT ,B 22
046062           JPL I 21		; -> 046103
046063           STX ,B 23
046064 M2DI2:    LDA ,X 3
046065           JPL I 13		; -> 046100
046066           JPL I 16		; -> 046104  [CTRTI]
046067           JMP I 16		; -> 046105
046070           JMP 16		; -> 046106
046071           ROP NOOP
046072           STZ I ,B ,X -26
046073           MIN I ,X -157
046074           STZ 6
046075 55DFR:    LDA ,B -1
046076           RMPY SB DT
046077           MPY 27
046100           STT ,B 100
046101           LDA I ,B ,X 2
046102 CHRTD:    RMPY SP DT
046103           STF -153
046104 CTRTI:    LDT I ,X 174
046105           RMPY SB DP
046106           LDA ,X 0
046107           STA ,B 16
046110 DPREE:    AND 130
046111           JAF 103		; -> 046214
046112           LDX 127
046113           JPL I 127		; -> 046242
046114 REEDU:    JMP 116		; -> 046232
046115           STA ,B 20
046116           AND 125
046117           RADD CLD SA DT
046120 FERRO:    LDX 124
046121           JPL I 124		; -> 046245
046122 MFRES:    JMP 110		; -> 046232
046123           STA ,B 17
046124 FINTA:    BSKP ZRO 100 DA
046125           JMP 22		; -> 046147
046126           JPL I 120		; -> 046246
046127 M2DO2:    JMP 103		; -> 046232
046130           LDA ,B 16
046131           BSKP ZRO 160 DA
046132 IINTA:    JMP 3		; -> 046135  [CMMON]
046133           BSKP ONE 140 DA
046134           JMP 10		; -> 046144
046135 CMMON:    LDX ,B 23
046136           LDA ,X 25
046137           JAF 3		; -> 046142
046140           LDA ,X 26
046141           JAZ 3		; -> 046144
046142           SAA 53
046143           JMP 67		; -> 046232
046144           LDT ,B 22
046145           JPL I 102		; -> 046247
046146           JMP 64		; -> 046232
046147           LDA I 101
046150 DTMAG:    JPL I 101		; -> 046251
046151           LDT ,B 22
046152           JPL I 100		; -> 046252
046153 RTMAG:    JMP 42		; -> 046215
046154           JPL I 77		; -> 046253
046155           JMP 42		; -> 046217
046156           MIN ,B 4
046157           LDA ,B 16
046160           AND 74
046161           LDX 74
046162           JPL I 74		; -> 046256
046163           JMP 32		; -> 046215
046164           LDT ,B 22
046165           LDA ,B 17
046166 TAPBY:    BSKP ONE 100 DA
046167 NFU02:    JMP 5		; -> 046174  [CTRTO]
046170           LDX 51
046171           LDA ,B 20
046172           JPL I 64		; -> 046256
046173 FDMTA:    JMP 22		; -> 046215
046174 CTRTO:    LDT ,B 22
046175           JPL I 62		; -> 046257
046176           JPL I 62		; -> 046260
046177 M2DI3:    JMP 16		; -> 046215
046200           LDX 61
046201 IDMTA:    JPL I 41		; -> 046242
046202 TRFIN:    JMP 13		; -> 046215
046203           JAZ 2		; -> 046205
046204           MON 125		; ForceRelease / PRLRS (125B)
046205           LDT ,B 22
046206           LDX 54
046207           JPL I 33		; -> 046242
046210           JMP 5		; -> 046215
046211           JPL I 40		; -> 046251
046212           SAA -24
046213           JMP I 50		; -> 046263
046214           SAA 41
046215           STA ,B 2
046216           JMP -11		; -> 046205
046217           AAA -40
046220           JAF 4		; -> 046224
046221           SAA 40
046222           STA ,B 2
046223           JMP -44		; -> 046157
046224           AAA 40
046225 DTINI:    JMP -10		; -> 046215
046226           STA ,B 2
046227           LDA I 21
046230           JPL I 21		; -> 046251
046231 FLPAR:    JMP -17		; -> 046212
046232           STA ,B 2
046233 DLPAR:    LDA I 15
046234           JPL I 15		; -> 046251
046235           JMP -30		; -> 046205
046236           STA ,B 2
046237           JMP -25		; -> 046212
046240           STZ I ,B -1
046241 IDSTA:    STZ 2
046242           LDT 124
046243           STZ -1
046244 DTRET:    STZ 13
046245           LDT -155
046246           LDT I ,X 47
046247           ADD ,X ,B 156
046250 TFRST:    MPY 27
046251           STT ,B 106
046252           LDT ,B 165
046253           LDA I ,B ,X -62
046254           STD 0
046255           STZ 0
046256           LDT 132
046257           LDF I -147
046260           MIN 162
046261           STZ 4
046262 TFRSE:    STZ 3
046263           STZ I ,B ,X -2
046264           BSET ONE SSK
046265           JMP 2		; -> 046267
046266 NFU03:    BSET ZRO SSK
046267           STD I 72
046270           RADD CLD SL DA
046271           RADD CLD SB DD
046272           SAB 17
046273           JPL I 67		; -> 046362
046274           BSKP ONE SSK
046275 TFRGE:    JMP 4		; -> 046301
046276           SAA 1
046277 PL013:    STA ,B 6
046300           JMP 2		; -> 046302
046301           STZ ,B 6
046302           LDA 61
046303           LDX 61
046304 ITIMT:    RADD SB DX
046305           SAT 20
046306           JPL I 57		; -> 046365
046307           JMP 44		; -> 046353
046310 RTIMT:    LDA I 56
046311           JPL I 56		; -> 046367
046312 M2DI4:    JPL I 56		; -> 046370
046313           JMP 42		; -> 046355  [M2DO4]
046314           RADD CLD ST DD
046315           JPL I 54		; -> 046371
046316           JMP 37		; -> 046355  [M2DO4]
046317           BSKP ZRO 150 DA
046320           JMP 4		; -> 046324  [TRGET]
046321           JPL I 51		; -> 046372
046322           JMP 33		; -> 046355  [M2DO4]
046323           JMP 6		; -> 046331  [RSTDE]
046324 TRGET:    LDA ,B 6
046325           AAA -1
046326           JAF 3		; -> 046331  [RSTDE]
046327           LDA 44
046330           JMP 25		; -> 046355  [M2DO4]
046331 RSTDE:    RADD CLD SD DT
046332           LDX 42
046333           JPL I 42		; -> 046375
046334           JMP 17		; -> 046353
046335 BSTDE:    BSET ONE 140 DA
046336           LDT ,B 6
046337           AAT -1
046340           SKP IF DT EQL 0
046341           JMP 2		; -> 046343
046342           BSET ONE 160 DA
046343           RADD CLD SD DT
046344           JPL I 32		; -> 046376  [UTSTA]
046345           JMP 6		; -> 046353
046346 DTAPT:    LDA I 20
046347 ERDEC:    JPL I 30		; -> 046377
046350           MIN ,B 4
046351           SAA -17
046352           JMP I 26		; -> 046400
046353           STA ,B 2
046354           JMP -3		; -> 046351
046355 M2DO4:    STA ,B 2
046356           LDA I 10
046357           JPL I 20		; -> 046377
046360           JMP -7		; -> 046351
046361 INSTA:    ROP NOOP
046362           STZ I ,B ,X -26
046363           MIN I ,X -157
046364           STZ 7
046365           LDA ,B -1
046366           MPY 27
046367           STT ,B 100
046370           LDA I ,B ,X 2
046371           LDT -55
046372           LDT I ,X 47
046373 CONCT:    STZ -140
046374           STZ 0
046375           LDT 124
046376 UTSTA:    LDT 132
046377           STT ,B 106
046400           STZ I ,B ,X -2
046401           BSET ONE SSK
046402           JMP 2		; -> 046404
046403           BSET ZRO SSK
046404           STD I 105
046405           RADD CLD SL DA
046406           RADD CLD SB DD
046407           SAB 20
046410           JPL I 102		; -> 046512
046411           BSKP ONE SSK
046412           JMP 4		; -> 046416
046413           SAA 1
046414           STA ,B 6
046415 PL014:    JMP 2		; -> 046417  [SCFQP]
046416           STZ ,B 6
046417 SCFQP:    LDA 74
046420 SCRSQ:    LDX 74
046421 SCCLR:    RADD SB DX
046422 SRTMR:    SAT 20
046423 SLTMR:    JPL I 72		; -> 046515
046424 CERR1:    JMP 61		; -> 046505
046425           LDA I 71
046426           JPL I 71		; -> 046517
046427           JPL I 71		; -> 046520
046430           JMP 55		; -> 046505
046431           JPL I 70		; -> 046521
046432           STX ,B 17
046433           JPL I 67		; -> 046522
046434           JMP 47		; -> 046503
046435           BSKP ZRO 150 DA
046436           JMP 4		; -> 046442
046437           JPL I 64		; -> 046523
046440 DTPAR:    JMP 45		; -> 046505
046441           JMP 6		; -> 046447
046442           LDA ,B 6
046443           AAA -1
046444           JAF 3		; -> 046447
046445           LDA 57
046446           JMP 37		; -> 046505
046447           LDX ,B 17
046450           LDA ,B 6
046451           JAF 16		; -> 046467
046452           LDA ,X 0
046453           BSKP ONE 160 DA
046454           JMP 3		; -> 046457
046455           SAA 150
046456           JMP 27		; -> 046505
046457           LDA ,X 26
046460           JAZ 3		; -> 046463
046461           SAA 53
046462           JMP 23		; -> 046505
046463           LDA ,X 0
046464           BSET ZRO 140 DA
046465           STA ,X 0
046466           JMP 10		; -> 046476
046467           LDA ,X 25
046470 DSCNT:    JAZ 3		; -> 046473
046471           SAA 53
046472 INORO:    JMP 13		; -> 046505
046473           LDA ,X 0
046474           BSET ZRO 160 DA
046475           STA ,X 0
046476           LDA I 20
046477           JPL I 26		; -> 046525
046500           MIN ,B 4
046501           SAA -20
046502           JMP I 24		; -> 046526  [SFTIM]
046503           STA ,B 2
046504           JMP -3		; -> 046501
046505           STA ,B 2
046506           LDA I 10
046507           JPL I 16		; -> 046525
046510           JMP -7		; -> 046501
046511           ROP NOOP
046512           STZ I ,B ,X -26
046513           MIN I ,X -157
046514           STZ 7
046515           LDA ,B -1
046516           MPY 27
046517           STT ,B 100
046520           LDA I ,B ,X 2
046521           STF -153
046522           LDT -55
046523           LDT I ,X 47
046524           STZ -140
046525           STT ,B 106
046526 SFTIM:    STZ I ,B ,X -2
046527 NFU07:    BSET ZRO SSK
046530 SCSI1:    JMP 2		; -> 046532
046531           BSET ONE SSK
046532           STD I 67
046533           RADD CLD SL DA
046534           RADD CLD SB DD
046535 MTERM:    SAB 100
046536           JPL I 64		; -> 046622  [IEIDT]
046537           STZ ,B 66
046540           BSKP ONE SSK
046541           JMP 4		; -> 046545
046542           SAA 1
046543           STA ,B 60
046544           JMP 2		; -> 046546
046545           STZ ,B 60
046546           JPL I 55		; -> 046623
046547           JMP I 55		; -> 046624  [REIDT]
046550 PL015:    LDA 55
046551           LDX 55
046552           RADD SB DX
046553           SAT 20
046554           JPL I 53		; -> 046627
046555           JMP I 47		; -> 046624  [REIDT]
046556           JPL I 52		; -> 046630  [SFFUN]
046557           JMP I 45		; -> 046624  [REIDT]
046560           LDA 51
046561           STA ,B 63
046562           STZ ,B 61
046563           JPL I 47		; -> 046632
046564 CRSRT:    STD ,X 44
046565           STD I ,B ,X 0
046566           LDA ,B 63
046567           LDT 44
046570           SKP IF DA UEQ ST
046571           JMP I 43		; -> 046634
046572           LDT ,B 61
046573           LDX 42
046574           JPL I 42		; -> 046636
046575           JMP I 27		; -> 046624  [REIDT]
046576 CRLRT:    STZ ,B 77
046577           BSKP ZRO 170 DA
046600           JMP 10		; -> 046610  [CRESE]
046601           BSKP ONE 130 DA
046602           JMP 3		; -> 046605
046603           LDA ,B 60
046604           SKP IF DA EQL 0
046605           JMP I 32		; -> 046637
046606           SAA 1
046607           STA ,B 77
046610 CRESE:    LDA ,B 63
046611           ADD 27
046612           LDX 14
046613           RADD SB DX
046614           SAT 20
046615 DLREE:    JPL I 24		; -> 046641
046616 IIDTA:    JMP I 21		; -> 046637
046617           JMP 23		; -> 046642
046620 RIDTA:    JMP 22		; -> 046642
046621           ROP NOOP
046622 IEIDT:    STZ I ,B ,X -26
046623           LDT I ,X 174
046624 REIDT:    USER9
046625           MIN I ,X -157
046626           STZ 36
046627           LDA ,B -1
046630 SFFUN:    STF I ,B ,X 171
046631           JAP 143		; -> 046774
046632           MIN ,B -50
046633           JPC -115		; -> 046516
046634           USER9
046635           STZ 0
046636           LDT 124
046637           USER9
046640           STZ 5
046641           MIN I ,B 152
046642           LDA ,B 63
046643           ADD 176
046644           RADD CLD SA DX
046645           LDA 175
046646           RADD SB DA
046647 TFDIS:    SAT 30
046650           JPL I 173		; -> 047043
046651           LDA 171
046652           SUB 167
046653           RADD SB DA
046654           STA ,B 62
046655           LDX ,B 62
046656           LDA ,X 2
046657           AND 165
046660           RADD CLD SA DT
046661 SCSI2:    JPL I 164		; -> 047045
046662           STX ,B 65
046663           STT ,B 64
046664           LDT ,B 61
046665 T1P06:    JPL I 161		; -> 047046
046666           JMP I 161		; -> 047047  [SS1O0]
046667           STD ,B 52
046670           LDT ,B 61
046671           LDX 150
046672           JPL I 156		; -> 047050
046673           JMP I 154		; -> 047047  [SS1O0]
046674           BSKP ZRO 130 DA
046675           JMP 142		; -> 047037
046676           LDA ,B 60
046677           JAZ 140		; -> 047037
046700           STZ ,B 50
046701           STZ ,B 51
046702           STZ ,B 46
046703           STZ ,B 47
046704           STZ ,B 54
046705           STZ ,B 55
046706 SCSDB:    STZ ,B 56
046707           STZ ,B 57
046710           LDT ,B 61
046711           LDX 140
046712           JPL I 140		; -> 047052
046713           JMP I 134		; -> 047047  [SS1O0]
046714           STD ,B 67
046715           LDD ,B 52
046716 GTMOD:    SAD ZIN 2
046717           SKP IF DD EQL 0
046720           JMP 2		; -> 046722
046721 PL016:    AAA -1
046722           STA ,B 71
046723           STZ ,B 72
046724           LDT ,B 72
046725           LDD ,B 67
046726           RADD ST DD
046727           RADD ADC CLD SA DA
046730           LDT ,B 61
046731           JPL I 122		; -> 047053
046732           JMP I 122		; -> 047054
046733           STA ,B 75
046734           STX ,B 73
046735           STZ ,B 74
046736           LDA ,B 72
046737           LDT ,B 71
046740           SKP IF DA EQL ST
046741           JMP 4		; -> 046745
046742           LDA ,B 53
046743           AND 112
046744           JMP 2		; -> 046746
046745           LDA 111
046746           STA ,B 76
046747           LDA ,B 74
046750           LDT ,B 76
046751           SKP IF DA UEQ ST
046752           JMP 43		; -> 047015
046753           SHA ZIN SHR 4
046754 SCST1:    LDX ,B 75
046755           RADD SA DX
046756           LDT ,X 0
046757           LDA ,B 74
046760           AND 77
046761           SHA ZIN 3
046762           ADD 76
046763           EXR SA
046764           SAA 0
046765           JAF 12		; -> 046777
046766 GVSTR:    LDD ,B 50
046767           RADD AD1 0 DD
046770           RADD ADC CLD SA DA
046771           STD ,B 50
046772           LDD ,B 56
046773           RADD AD1 0 DD
046774           RADD ADC CLD SA DA
046775           STD ,B 56
046776           JMP 15		; -> 047013
046777           LDD ,B 46
047000           LDT ,B 50
047001           LDX ,B 51
047002           RSUB SX DD
047003           RADD ADC CLD SA DA
047004           AAA -1
047005 SS1I0:    SUB ,B 50
047006           JAP 3		; -> 047011
047007           LDD ,B 50
047010           STD ,B 46
047011           STZ ,B 50
047012           STZ ,B 51
047013           MIN ,B 74
047014           JMP -45		; -> 046747
047015           LDX ,B 73
047016           JPL I 43		; -> 047061
047017 SNUCL:    LDA ,B 72
047020 MCDES:    LDT ,B 71
047021           SKP IF DA UEQ ST
047022 MCEES:    JMP 3		; -> 047025
047023           MIN ,B 72
047024           JMP -100		; -> 046724
047025           LDD ,B 46
047026           LDT ,B 50
047027           LDX ,B 51
047030           RSUB SX DD
047031           RADD ADC CLD SA DA
047032           AAA -1
047033           SUB ,B 50
047034           JAP 3		; -> 047037
047035           LDD ,B 50
047036           STD ,B 46
047037           JPL I 23		; -> 047062
047040           JMP 23		; -> 047063
047041 PL017:    STZ 0
047042           STZ 6
047043           STZ I -154
047044           STZ -1
047045           STF -143
047046           LDF I ,X 101
047047 SS1O0:    USER9
047050           LDT 124
047051           STZ 21
047052           LDT 121
047053           LDF I ,B 131
047054           USER9
047055           LDF I ,B ,X -1
047056 T1P07:    MIN 0
047057           STZ 17
047060           BSKP ONE 0 DT
047061           LDF I ,B 76
047062           STF -133
047063           JPL I 76		; -> 047161
047064           MIN ,X 111
047065           LDT I 40
047066           LDA ,B 116
047067           MIN ,X 105
047070 MSDAE:    LDX 40
047071           STD I ,B ,X 0
047072 MGDAE:    LDA ,B 61
047073           JPL I 67		; -> 047162
047074 BPOPE:    JPL I 65		; -> 047161
047075           STD 72
047076 PROPE:    STD 47
047077           LDA 64
047100           ADD ,B 65
047101           RADD CLD SA DX
047102           SAT 20
047103           JPL I 61		; -> 047164
047104 T1P08:    JPL I 55		; -> 047161
047105           STD 125
047106           LDA I ,X 111
047107           LDT ,X 40
047110 S1U0R:    STD I ,B ,X 0
047111           LDX ,B 62
047112           LDA ,X 1
047113           SHA ZIN SHR 14
047114           JPL I 46		; -> 047162
047115           LDT ,B 64
047116           LDX 47
047117           JPL I 47		; -> 047166
047120 USCNT:    JMP I 47		; -> 047167  [STSUP]
047121           RADD CLD SA DT
047122           BSKP ONE 170 DT
047123           JMP 46		; -> 047171
047124           LDX ,B 62
047125 SYCNT:    LDA ,X 2
047126           BSKP ONE 100 DA
047127           JMP 15		; -> 047144
047130           JPL I 31		; -> 047161
047131           STD 106
047132           LDA ,B 130
047133           MIN ,X ,B 104
047134 NRETM:    STD 103
047135           MIN ,B 122
047136           LDT ,X 122
047137           LDA ,B 104
047140           MIN I ,B ,X 105
047141           STD I ,B ,X 0
047142           SAT 2
047143           JMP 25		; -> 047170
047144           JPL I 15		; -> 047161
047145           STD 122
047146           MIN ,X ,B 115
047147           LDA I ,B ,X 126
047150           MIN ,B 102
047151           LDA ,X 105
047152           STD 103
047153           MIN ,B 122
047154           LDT ,X 122
047155           LDA ,B 104
047156 NCHBU:    MIN I ,B ,X 105
047157           STD I ,B ,X 0
047160           JMP 36		; -> 047216
047161           MIN ,B -50
047162           MIN ,B 50
047163           STZ 0
047164           MIN I 13
047165           STZ 13
047166           LDT -155
047167 STSUP:    USER9
047170           JMP 2		; -> 047172
047171           SAT 1
047172           RADD CLD ST DD
047173           LDT ,B 64
047174           LDX 106
047175           JPL I 106		; -> 047303
047176           JMP 20		; -> 047216
047177           RADD CLD SD DT
047200           AND 104
047201           JAZ 3		; -> 047204  [GNAMR]
047202           SKP IF DT LST SA
047203           JMP 13		; -> 047216
047204 GNAMR:    JPL I 101		; -> 047305
047205 RWLSG:    STD 123
047206           LDT ,X ,B 102
047207           LDT ,X ,B 116
047210           LDA ,B 124
047211           STD 47
047212           LDX ,B 62
047213           LDA ,X 2
047214           SHA ZIN SHR 11
047215           JPL I 71		; -> 047306
047216           LDT ,B 64
047217           LDX 63
047220           JPL I 63		; -> 047303
047221           JMP 26		; -> 047247
047222           RADD CLD SA DX
047223 PL018:    BSKP ZRO 100 DX
047224 ADUMP:    JMP 23		; -> 047247
047225           BSKP ONE 40 DX
047226 ODUMP:    JMP 21		; -> 047247
047227           JPL I 56		; -> 047305
047230           STD 52
047231           LDD I 40
047232           STD I ,B ,X 0
047233           LDT ,B 61
047234           JPL I 53		; -> 047307
047235           JMP 12		; -> 047247
047236 SCST2:    SAD ZIN 5
047237           LDT 51
047240           RDIV ST
047241           JPL I 45		; -> 047306
047242           JPL I 43		; -> 047305
047243           STD 115
047244           MIN I 40
047245           LDD I 52
047246           STD I ,B ,X 0
047247           JPL I 36		; -> 047305
047250           STD 72
047251           STD 47
047252           LDA ,B 77
047253           JAF 7		; -> 047262  [SPACI]
047254           LDA 35
047255           ADD ,B 62
047256           RADD CLD SA DX
047257           SAT 20
047260           JPL I 32		; -> 047312
047261           JMP 20		; -> 047301
047262 SPACI:    JPL I 23		; -> 047305
047263           LDD 122
047264           MIN ,X ,B 123
047265           MIN ,X ,B 122
047266           LDT I ,X 105
047267 SS2I0:    MIN ,X 40
047270           MIN I ,X 117
047271           LDT I 40
047272           LDT I ,B 120
047273           MIN ,X ,B 103
047274           LDA ,B 101
047275           LDA ,X 40
047276           LDT ,X ,B 123
047277           MIN ,X ,B 51
047300 GTADR:    STD I ,B ,X 0
047301           JMP 12		; -> 047313
047302           STZ 13
047303           LDT -155
047304 LGPAG:    STZ 7
047305           MIN ,B -50
047306           MIN ,B 50
047307           LDF I ,X 101
047310           LDF ,X ,B 11
047311           STZ 5
047312           MIN I 13
047313           LDA ,B 60
047314           SKP IF DA UEQ 0
047315 NURET:    JMP I 46		; -> 047363
047316           LDX ,B 62
047317           LDA ,X 0
047320           BSKP ONE 140 DA
047321           JMP 41		; -> 047362
047322           BSKP ONE 160 DA
047323           JMP 23		; -> 047346
047324           JPL I 40		; -> 047364  [N5FU0]
047325           JPL I 40		; -> 047365  [TSTWP]
047326           LDD 115
047327           MIN ,B 111
047330           LDA I ,X 40
047331 SS2O0:    MIN ,B 116
047332           MIN ,X 40
047333           MIN ,X 105
047334           MIN I ,X 101
047335           LDT ,X ,B 114
047336           LDT ,X 40
047337 BFY4I:    MIN ,X 111
047340           LDT I 105
047341           MIN I ,B 124
047342           LDA I ,B ,X 122
047343           LDX ,B 51
047344           STD I ,B ,X 0
047345           JMP 15		; -> 047362
047346           JPL I 16		; -> 047364  [N5FU0]
047347           JPL I 16		; -> 047365  [TSTWP]
047350           LDD 104
047351           MIN ,X ,B 106
047352           MIN ,B 125
047353           LDA ,X 124
047354           STD 104
047355           LDA ,B 122
047356           MIN ,X ,B 103
047357           LDT ,X 117
047360           LDT I 131
047361           LDD ,B 47
047362           JMP 4		; -> 047366
047363           USER9
047364 N5FU0:    USER9
047365 TSTWP:    MIN ,B -50
047366           BSKP ONE 130 DA
047367           JMP 22		; -> 047411
047370           JPL I 134		; -> 047524  [FLV1S]
047371           JPL I 134		; -> 047525  [BFY1I]
047372 S2U0R:    LDD 122
047373           MIN ,X ,B 123
047374           MIN ,X ,B 122
047375           LDT I ,X 105
047376           MIN ,X 40
047377           MIN I ,X 117
047400           LDT I 40
047401           LDT I ,B 120
047402 GDIRI:    MIN ,X ,B 103
047403           LDA ,B 101
047404           LDA ,X 40
047405           LDT ,X ,B 123
047406           MIN ,X ,B 51
047407           STD I ,B ,X 0
047410           JMP 110		; -> 047520  [CFDIS]
047411           LDA ,B 66
047412           JAF 106		; -> 047520  [CFDIS]
047413           JPL I 111		; -> 047524  [FLV1S]
047414           LDD ,X 23
047415           JPL I 111		; -> 047526
047416           JPL I 107		; -> 047525  [BFY1I]
047417           STD 120
047420           MIN ,B 107
047421           MIN ,X ,B 123
047422           STD 125
047423           LDA I ,X 122
047424           MIN ,X ,B 123
047425           MIN ,X ,B 122
047426           LDT I ,X 105
047427           MIN ,X 40
047430           MIN ,B 116
047431 N5FU1:    MIN ,X 40
047432           STD I ,B ,X 0
047433           LDD ,B 56
047434           JPL I 72		; -> 047526
047435           JPL I 70		; -> 047525  [BFY1I]
047436           STD 120
047437           MIN ,B 107
047440           MIN ,X ,B 123
047441           STD 125
047442           LDA I ,X 125
047443           LDT I ,B 105
047444           MIN ,X 40
047445           LDA I ,B ,X 125
047446           LDT ,X 40
047447           LDA I ,B ,X 106
047450           STD 47
047451           LDD ,B 52
047452 SCSDE:    JPL I 54		; -> 047526
047453           JPL I 52		; -> 047525  [BFY1I]
047454           STD 120
047455           MIN ,B 107
047456           MIN ,X ,B 123
047457           STD I ,B ,X 0
047460           JPL I 44		; -> 047524  [FLV1S]
047461           JPL I 44		; -> 047525  [BFY1I]
047462           LDA ,X ,B 101
047463           LDX 111
047464           LDA ,X ,B 125
047465           LDA ,X ,B 40
047466           LDT ,X ,B 116
047467 N5FU2:    LDT ,X ,B 123
047470           MIN ,X ,B 104
047471           STD 103
047472           LDA I ,B ,X 116
047473           LDT ,X 111
047474           MIN I ,B ,X 125
047475           LDA I ,B ,X 125
047476           LDT I ,B 40
047477           MIN ,B 122
047500           MIN ,X ,B 101
047501           STD 117
047502           LDA I ,X 40
047503           MIN ,X 111
047504           LDT I 105
047505           MIN I ,B 124
047506           LDA I ,B ,X 122
047507 PL019:    LDX ,B 40
047510           STD I ,B ,X 0
047511           LDD ,B 46
047512           JPL I 14		; -> 047526
047513           JPL I 12		; -> 047525  [BFY1I]
047514 SCMT1:    STD 120
047515           MIN ,B 107
047516           MIN ,X ,B 123
047517           STD I ,B ,X 0
047520 CFDIS:    STZ ,B 66
047521           JPL I 4		; -> 047525  [BFY1I]
047522           STD ,X 47
047523           JMP 11		; -> 047534  [FDIBU]
047524 FLV1S:    USER9
047525 BFY1I:    MIN ,B -50
047526           MIN ,B -162
047527           LDT ,B 61
047530           LDX 54
047531           JPL I 54		; -> 047605  [ND852]
047532           JMP 13		; -> 047545  [5NBSI]
047533           JPL I 53		; -> 047606
047534 FDIBU:    LDA ,B 63
047535           AAA 30
047536 GNAMI:    STA ,B 63
047537           MIN ,B 61
047540 NKBRE:    JMP I 47		; -> 047607
047541 5NFUN:    MIN ,B 4
047542 5NMES:    JPL I 46		; -> 047610
047543 5NDIS:    SAA -100
047544 5MAXI:    JMP I 45		; -> 047611
047545 5NBSI:    STA ,B 2
047546 5NBLE:    JMP -3		; -> 047543  [5NDIS]
047547 5UADD:    SAA 1
047550 FDIFE:    STA ,B 66
047551 5N1AD:    JPL I 41		; -> 047612
047552 5N2AD:    STD ,X 52
047553 5NSTA:    LDD I 52
047554 5NBMO:    LDD I 52
047555 5NMBU:    STD 105
047556           LDT I 122
047557 N5FU3:    LDA I ,B ,X 122
047560           STD 111
047561           LDA I ,X 40
047562           MIN ,B 103
047563           MIN I ,B 105
047564           LDT I ,B 123
047565           LDA ,B 116
047566 IBACK:    MIN I ,B ,X 40
047567           MIN ,X 105
047570 RBACK:    LDT I ,X 111
047571           MIN I ,B 105
047572           LDF I 47
047573           JMP I 20		; -> 047613
047574           RADD CLD SL DD
047575           JPL I 15		; -> 047612
047576           STD ,X 40
047577           STD 40
047600           STD 40
047601           STD 47
047602           RADD CLD SD DL
047603           EXIT
047604           STZ 3
047605 ND852:    LDT 124
047606           STT ,B 106
047607           USER5
047610           STF I ,B ,X -132
047611           STZ I ,B ,X -2
047612           MIN ,B -50
047613           SKP IF DB UEQ ST
047614           STD I 16
047615 PL020:    RADD CLD SL DA
047616           RADD CLD SB DD
047617           SAB 12
047620           JPL I 13		; -> 047633
047621           JPL I 13		; -> 047634
047622           JMP I 13		; -> 047635
047623           LDA 13
047624           STA ,B 7
047625           STZ ,B 6
047626           JPL I 11		; -> 047637
047627           STD ,X 44
047630           STD I ,B ,X 0
047631           JMP 7		; -> 047640
047632           ROP NOOP
047633           STZ I ,B ,X -26
047634           STF I ,B ,X 171
047635           SKP IF DA LST SD
047636           JAP 143		; -> 050001
047637           MIN ,B -50
047640           LDA ,B 7
047641           LDT 156
047642           SKP IF DA UEQ ST
047643           JMP 146		; -> 050011
047644           LDX ,B 7
047645           LDA ,X 1
047646           JAZ 136		; -> 050004
047647           LDX ,B 7
047650           LDA ,X 2
047651           AND 147
047652           RADD CLD SA DT
047653 GMAIN:    JPL I 146		; -> 050021
047654           STX ,B 11
047655           STT ,B 10
047656           JPL I 144		; -> 050022
047657           MIN ,X 111
047660           LDT I 40
047661           LDA ,B 116
047662           MIN ,X 105
047663           LDX 40
047664           STD I ,B ,X 0
047665           LDA ,B 6
047666 BFTIO:    JPL I 135		; -> 050023
047667           JPL I 133		; -> 050022
047670           STD 72
047671           STD 47
047672           LDA 132
047673           ADD ,B 11
047674           RADD CLD SA DX
047675           SAT 20
047676           JPL I 127		; -> 050025  [GNEXM]
047677           JPL I 123		; -> 050022
047700           STD 125
047701 SCMT2:    LDA I ,X 111
047702           LDT ,X 40
047703           STD I ,B ,X 0
047704           LDX ,B 7
047705           LDA ,X 1
047706           SHA ZIN SHR 14
047707           JPL I 114		; -> 050023
047710           LDT ,B 10
047711           LDX 115
047712           JPL I 115		; -> 050027
047713 MNOTI:    JMP 102		; -> 050015
047714           RADD CLD SA DT
047715           BSKP ONE 170 DT
047716 WDIRE:    JMP 37		; -> 047755
047717           LDX ,B 7
047720           LDA ,X 2
047721           BSKP ONE 100 DA
047722           JMP 15		; -> 047737
047723           JPL I 77		; -> 050022
047724           STD 106
047725           LDA ,B 130
047726           MIN ,X ,B 104
047727           STD 103
047730           MIN ,B 122
047731           LDT ,X 122
047732           LDA ,B 104
047733           MIN I ,B ,X 105
047734           STD I ,B ,X 0
047735           SAT 2
047736           JMP 16		; -> 047754
047737           JPL I 63		; -> 050022
047740           STD 122
047741           MIN ,X ,B 115
047742           LDA I ,B ,X 126
047743           MIN ,B 102
047744           LDA ,X 105
047745           STD 103
047746           MIN ,B 122
047747           LDT ,X 122
047750 MNITI:    LDA ,B 104
047751           MIN I ,B ,X 105
047752           STD I ,B ,X 0
047753           JMP 27		; -> 050002
047754           JMP 2		; -> 047756
047755           SAT 1
047756           RADD CLD ST DD
047757           LDT ,B 10
047760           LDX 46
047761           JPL I 46		; -> 050027
047762           JMP 20		; -> 050002
047763           RADD CLD SD DT
047764           AND 44
047765           JAZ 3		; -> 047770
047766           SKP IF DT LST SA
047767           JMP 13		; -> 050002
047770           JPL I 32		; -> 050022
047771           STD 123
047772           LDT ,X ,B 102
047773           LDT ,X ,B 116
047774           LDA ,B 124
047775           STD 47
047776           LDX ,B 7
047777           LDA ,X 2
050000 NMPIT:    SHA ZIN SHR 11
050001           JPL I 22		; -> 050023
050002           JPL I 20		; -> 050022
050003           STD ,X 47
050004           LDA ,B 7
050005           AAA 30
050006           STA ,B 7
050007           MIN ,B 6
050010           JMP -150		; -> 047640
050011           MIN ,B 4
050012           JPL I 17		; -> 050031  [DUSSU]
050013           SAA -12
050014           JMP I 16		; -> 050032
050015           STA ,B 2
050016           JMP -3		; -> 050013
050017           JPC -115		; -> 047702
050020           STZ -1
050021           STF -143
050022           MIN ,B -50
050023           MIN ,B 50
050024 SCMDE:    STZ 0
050025 GNEXM:    MIN I 13
050026           STZ 13
050027           LDT -155
050030           STZ 7
050031 DUSSU:    STF I ,B ,X -132
050032           STZ I ,B ,X -2
050033           BSET ONE SSK
050034 SCDDF:    JMP 2		; -> 050036
050035           BSET ZRO SSK
050036           STD I 103
050037           RADD CLD SL DA
050040           RADD CLD SB DD
050041           SAB 30
050042           JPL I 100		; -> 050142
050043           BSKP ONE SSK
050044           JMP 4		; -> 050050
050045           SAA 1
050046           STA ,B 6
050047           JMP 2		; -> 050051
050050           STZ ,B 6
050051           JPL I 72		; -> 050143
050052           JMP 65		; -> 050137
050053           JPL I 71		; -> 050144
050054           JMP 63		; -> 050137
050055           LDX ,B 6
050056           JXZ 13		; -> 050071
050057           JPL I 66		; -> 050145
050060           LDX ,X 13
050061           BSKP ZRO 100 DX
050062           JMP 5		; -> 050067
050063           JPL I 63		; -> 050146
050064           JMP 53		; -> 050137
050065           JPL I 62		; -> 050147
050066           JMP 51		; -> 050137
050067           MIN ,B 4
050070 SCODF:    JMP 45		; -> 050135
050071           JPL I 57		; -> 050150
050072 DURSU:    JMP 45		; -> 050137
050073 N5FU5:    JPL I 53		; -> 050146
050074           JMP 43		; -> 050137
050075           RAND 0 0
050076           LDX 53
050077           JPL I 53		; -> 050152
050100 SCSDF:    JMP 37		; -> 050137
050101           BSKP ONE 130 DA
050102           JMP 3		; -> 050105
050103           SAA 147
050104 SCTDF:    JMP 33		; -> 050137
050105           JPL I 46		; -> 050153
050106 N5FU6:    JMP 31		; -> 050137
050107           RADD CLD 0 DA
050110           RADD CLD 0 DD
050111           JPL I 43		; -> 050154
050112           JMP 25		; -> 050137
050113           RADD CLD SX DD
050114           ADD 41
050115           AAA -20
050116           RADD CLD SA DX
050117           LDA 37
050120           RADD SB DA
050121 GDDRT:    SAT 20
050122           JPL I 35		; -> 050157
050123 ENUCL:    RADD CLD SD DX
050124 GDIRT:    JPL I 34		; -> 050160
050125           LDX 31
050126           RADD SB DX
050127 PDDRT:    SAA 20
050130           JPL I 31		; -> 050161
050131           JPL I 31		; -> 050162
050132 PDIRT:    STD ,X 47
050133           MIN ,B 4
050134           JPL I 27		; -> 050163
050135           SAA -30
050136           JMP I 26		; -> 050164
050137           STA ,B 2
050140           JMP -4		; -> 050134
050141           ROP NOOP
050142           STZ I ,B ,X -26
050143           LDT I ,X 47
050144           JPC 72		; -> 050236
050145           STF -143
050146           JAF -46		; -> 050100  [SCSDF]
050147           LDF I ,X -1
050150           STF I ,B ,X 171
050151           STZ 0
050152           LDT 124
050153           LDF ,X ,B -26
050154           LDF I ,B 131
050155           STZ ,X 0
050156           STZ 7
050157           STZ I -154
050160           LDF I ,B 76
050161           MIN I ,B -46
050162           MIN ,B -50
050163           STF I ,B ,X -132
050164           STZ I ,B ,X -2
050165           STD I 70
050166           RADD CLD SL DA
050167           RADD CLD SB DD
050170           SAB 7
050171           JPL I 65		; -> 050256
050172 VEFIE:    JPL I 65		; -> 050257
050173           JMP 60		; -> 050253  [1NURE]
050174           JPL I 64		; -> 050260
050175           JMP 56		; -> 050253  [1NURE]
050176           STT ,B 6
050177           RADD CLD SA DD
050200           LDA I 61
050201           JPL I 61		; -> 050262
050202           RADD CLD SD DA
050203           JPL I 60		; -> 050263
050204           JMP 45		; -> 050251
050205           JMP 2		; -> 050207
050206           JMP 43		; -> 050251
050207           JPL I 55		; -> 050264
050210           JMP 41		; -> 050251
050211 5SERV:    RADD CLD 0 DA
050212 NURPR:    LDX 53
050213 5OPCO:    JPL I 53		; -> 050266
050214           JMP 35		; -> 050251
050215           RADD CLD 0 DA
050216 DURPR:    LDX 51
050217           JPL I 47		; -> 050266
050220 GDNMT:    JMP 31		; -> 050251
050221           LDX 47
050222           LDT 47
050223 GNAMT:    SKP IF DX MLST ST
050224 VEDO1:    JMP 12		; -> 050236
050225           LDA ,X 2
050226 PDNMT:    AND 44
050227           LDT ,B 6
050230           SKP IF DA UEQ ST
050231 PNAMT:    JMP 12		; -> 050243
050232           RADD CLD SX DA
050233           AAA 30
050234           RADD CLD SA DX
050235           JMP -13		; -> 050222
050236           LDT ,B 6
050237           JPL I 34		; -> 050273  [OPCOR]
050240           RADD CLD 0 DA
050241           SAT 16
050242           JPL I 32		; -> 050274
050243           MIN ,B 4
050244           LDA I 15
050245 MNCTI:    JPL I 30		; -> 050275
050246           JMP 1		; -> 050247
050247           SAA -7
050250           JMP I 26		; -> 050276
050251           STA ,B 2
050252           JMP -6		; -> 050244
050253 1NURE:    STA ,B 2
050254           JMP -5		; -> 050247
050255           ROP NOOP
050256           STZ I ,B ,X -26
050257           LDT I ,X 47
050260           JPC 70		; -> 050350
050261           MPY 27
050262           STT ,B 100
050263           JAF -46		; -> 050215
050264           JPL -32		; -> 050232
050265           STZ 1
050266           LDT 132
050267           STZ 2
050270           JAP 143		; -> 050433
050271           JPC -115		; -> 050154
050272           STZ -1
050273 OPCOR:    STF -143
050274           STF 164
050275           STT ,B 106
050276           STZ I ,B ,X -2
050277           STD I 101
050300           RADD CLD SL DA
050301           RADD CLD SB DD
050302           SAB 10
050303 5NURE:    JPL I 76		; -> 050401
050304 PL022:    JPL I 76		; -> 050402
050305           JMP 63		; -> 050370
050306           JPL I 75		; -> 050403
050307           JMP 61		; -> 050370
050310           RADD CLD SA DD
050311           LDA I 73
050312           JPL I 73		; -> 050405
050313           RADD CLD SD DA
050314           JPL I 72		; -> 050406
050315           JMP 57		; -> 050374
050316 OPCOM:    JMP 2		; -> 050320
050317           JMP 55		; -> 050374
050320           LDX 67
050321           JPL I 67		; -> 050410  [LIURP]
050322           JMP 52		; -> 050374
050323 GNFLA:    STA ,B 7
050324           JPL I 61		; -> 050405
050325           LDA I 57
050326           JPL I 63		; -> 050411
050327           LDX 63
050330           JPL I 60		; -> 050410  [LIURP]
050331           JMP 37		; -> 050370
050332           BSKP ONE 130 DA
050333           JMP 3		; -> 050336
050334           SAA 147
050335           JMP 35		; -> 050372
050336           JPL I 55		; -> 050413
050337           JMP 33		; -> 050372
050340           BSKP ONE 30 DA
050341           JMP 3		; -> 050344
050342 MNOST:    LDA 52
050343 VE2FI:    JMP 27		; -> 050372
050344           JPL I 51		; -> 050415  [USDRV]
050345           JMP 25		; -> 050372
050346           RADD CLD 0 DA
050347           RADD CLD 0 DD
050350           JPL I 46		; -> 050416
050351           JMP 21		; -> 050372
050352           STX ,B 6
050353 MNIST:    ADD 44
050354 FBFBU:    AAA -20
050355           RADD CLD SA DX
050356           SAA 20
050357           JPL I 41		; -> 050420
050360           LDX ,B 6
050361           JPL I 40		; -> 050421
050362           JMP 10		; -> 050372
050363           MIN ,B 4
050364 MTOTI:    LDA ,B 7
050365           JPL I 24		; -> 050411
050366           SAA -10
050367           JMP I 33		; -> 050422
050370           STA ,B 2
050371           JMP -3		; -> 050366
050372           STA ,B 2
050373           JMP -7		; -> 050364  [MTOTI]
050374           STA ,B 2
050375 VEDO2:    LDA I 7
050376           JPL I 13		; -> 050411
050377           JMP -11		; -> 050366
050400           ROP NOOP
050401           STZ I ,B ,X -26
050402           LDT I ,X 47
050403           JPC 72		; -> 050475
050404           MPY 27
050405           STT ,B 100
050406           JAF -46		; -> 050340
050407 RBFBL:    STZ 3
050410 LIURP:    LDT 124
050411           STT ,B 106
050412           STZ 0
050413           LDT -55
050414 MTITI:    STZ I ,X -166
050415 USDRV:    LDF ,X ,B -26
050416           LDF I ,B 131
050417           STZ ,X 0
050420           MIN ,X 3
050421           LDF ,X -157
050422           STZ I ,B ,X -2
050423           STD I 127
050424           RADD CLD SL DA
050425           RADD CLD SB DD
050426           SAB 55
050427           JPL I 124		; -> 050553
050430           LDA 124
050431           LDX 124
050432           RADD SB DX
050433           SAT 44
050434           JPL I 122		; -> 050556
050435           JMP I 122		; -> 050557
050436 PL023:    SAA 20
050437 UDDRV:    SAX 0
050440           STA ,X ,B 30
050441           SAX 0
050442 UBUSY:    STA ,X ,B 40
050443           LDX 112
050444           RADD SB DX
050445 UFIN:     LDT 113
050446           RADD SB DT
050447 ERRS:     LDA 112
050450 EROPC:    RADD SB DA
050451           JPL I 111		; -> 050562
050452           JMP I 105		; -> 050557
050453           LDA 110
050454           STA ,B 50
050455           LDA I 107
050456           JPL I 107		; -> 050565  [WBFBU]
050457 TFILE:    LDX 101
050460           RADD SB DX
050461           RADD CLD 0 DT
050462 OPCFI:    JPL I 104		; -> 050566  [MTOST]
050463           SAT 47
050464           SKP IF DA EQL ST
050465           JMP 4		; -> 050471
050466           JPL I 101		; -> 050567
050467           JMP I 101		; -> 050570
050470           JMP 3		; -> 050473
050471           JPL I 100		; -> 050571
050472           JMP I 100		; -> 050572
050473           STT ,B 52
050474           LDX 77
050475           JPL I 77		; -> 050574
050476 WBFBL:    JMP I 74		; -> 050572
050477           BSKP ONE 130 DA
050500           JMP 3		; -> 050503
050501           SAA 147
050502           JMP I 70		; -> 050572
050503           JPL I 72		; -> 050575
050504           JMP I 66		; -> 050572
050505           STA ,B 51
050506           BSKP ONE 30 DA
050507           JMP 3		; -> 050512
050510           LDA 66
050511           JMP I 61		; -> 050572
050512           BSKP ZRO 150 DA
050513           JMP 3		; -> 050516
050514           JPL I 63		; -> 050577
050515           JMP I 55		; -> 050572
050516           LDT ,B 52
050517           LDX 61
050520           JPL I 54		; -> 050574
050521           JMP I 51		; -> 050572
050522           JPL I 43		; -> 050565  [WBFBU]
050523           LDX 50
050524 DVSTR:    JPL I 50		; -> 050574
050525           JMP I 54		; -> 050601
050526           BSKP ZRO 160 DA
050527           JMP 12		; -> 050541
050530           LDX 31
050531           RADD SB DX
050532           JPL I 50		; -> 050602
050533 DFPRM:    JMP I 46		; -> 050601
050534           RADD CLD ST DA
050535           AND 46
050536           SHT ZIN SHR 10
050537           JPL I 45		; -> 050604
050540           JMP I 41		; -> 050601
050541           LDX 20
050542           RADD SB DX
050543           LDT ,B 52
050544 UECHE:    JPL I 41		; -> 050605
050545           JMP I 41		; -> 050606
050546           SAT 1
050547           SKP IF DA UEQ ST
050550           JMP I 37		; -> 050607
050551           JMP 37		; -> 050610  [MTIOS]
050552           ROP NOOP
050553           STZ I ,B ,X -26
050554           MIN I ,X -44
050555           STZ 6
050556           LDA ,B -1
050557           UNDEF
050560           STZ 30
050561           STZ 40
050562           MIN ,X -141
050563           STD I ,B ,X 40
050564           MPY 27
050565 WBFBU:    STT ,B 100
050566 MTOST:    STF 62
050567           LDA I ,B ,X -125
050570           UNDEF
050571           LDA I ,B ,X 2
050572           UNDEF
050573           STZ 0
050574           LDT 124
050575           LDT -55
050576           STZ I ,X -166
050577           LDT I ,X 47
050600           STZ 3
050601           UNDEF
050602           LDX ,B 127
050603 MTIST:    STZ -1
050604           LDX I 111
050605           LDT I ,B ,X -40
050606           UNDEF
050607           UNDEF
050610 MTIOS:    STZ ,B 53
050611           LDA ,B 53
050612           LDT 155
050613           AAT -1
050614           SKP IF DT GRE SA
050615 FDID1:    JMP 101		; -> 050716  [P2MPI]
050616           LDT ,B 52
050617           LDA ,B 53
050620           JPL I 150		; -> 050770
050621           JMP 136		; -> 050757
050622           LDA ,X 25
050623           BSKP ONE 170 DA
050624           JMP 3		; -> 050627  [ALPAG]
050625 PL024:    JPL I 144		; -> 050771
050626           JMP 64		; -> 050712
050627 ALPAG:    STX ,B 54
050630           LDA 142
050631           RADD SA DX
050632 XRLPA:    SAT 40
050633 IMINI:    RADD CLD 0 DA
050634           JPL I 137		; -> 050773
050635 RLPAG:    LDA 137
050636           LDX ,B 54
050637           STA ,X 25
050640           LDA ,B 52
050641           SHA ZIN 10
050642           ORA ,B 53
050643           STA ,X 52
050644           STA ,X 53
050645           LDA 130
050646 F1U0I:    ADD ,B 54
050647           LDX 127
050650           RADD SB DX
050651           SAT 20
050652           JPL I 125		; -> 050777
050653           LDX ,B 54
050654           STZ ,X 36
050655           JPL I 123		; -> 051000
050656           STD ,X 37
050657           LDA ,B 53
050660           STA ,X 47
050661 IMEND:    LDA I 120
050662           STA ,X 51
050663           LDT ,B 52
050664           LDA ,B 53
050665           JPL I 115		; -> 051002
050666 SETOL:    JMP 71		; -> 050757
050667           LDX ,B 51
050670           BSKP ZRO 100 DX
050671           JMP 5		; -> 050676
050672           LDX 104
050673 COMSB:    RADD SB DX
050674           JPL I 107		; -> 051003
050675           JMP 62		; -> 050757
050676           LDA I 106
050677           JPL I 106		; -> 051005
050700           JPL I 106		; -> 051006
050701 UECOM:    JMP 16		; -> 050717
050702           MIN ,B 4
050703           LDT ,B 52
050704           LDX 103
050705           JPL I 103		; -> 051010
050706 IMPUT:    JMP 2		; -> 050710  [IMGET]
050707           JPL I 76		; -> 051005
050710 IMGET:    SAA -55
050711 F1U0O:    JMP I 100		; -> 051011
050712           LDA ,B 53
050713           AAA 1
050714           STA ,B 53
050715           JMP -103		; -> 050612
050716 P2MPI:    SAA 50
050717           STA ,B 2
050720 PMTRA:    JMP -15		; -> 050703
050721           SAT 43
050722           SKP IF DA EQL ST
050723           JMP 3		; -> 050726  [UELOG]
050724           JPL I 66		; -> 051012
050725           JMP 20		; -> 050745  [XERR]
050726 UELOG:    LDX 65
050727           RADD CLD 0 DT
050730 GPIBH:    LDX 64
050731           JPL I 57		; -> 051010
050732           JMP 13		; -> 050745  [XERR]
050733           BSKP ZRO 160 DA
050734           JMP I 61		; -> 051015
050735           AAT 1
050736           SAA 30
050737           RADD SX DA
050740           RADD CLD SA DX
050741           LDA 55
050742           SKP IF DX EQL SA
050743           JMP -13		; -> 050730  [GPIBH]
050744           SAA 43
050745 XERR:     STA ,B 2
050746 IOREM:    LDA I 36
050747           JPL I 36		; -> 051005
050750 GPFER:    JMP -40		; -> 050710  [IMGET]
050751           SAT 45
050752           SKP IF DA UEQ ST
050753           JMP 3		; -> 050756  [F1U1I]
050754           SAT 46
050755           SKP IF DA UEQ ST
050756 F1U1I:    JMP -146		; -> 050610  [MTIOS]
050757           STA ,B 2
050760           LDA I 24
050761           JPL I 24		; -> 051005
050762           JMP -57		; -> 050703
050763           SAA 51
050764           JMP -5		; -> 050757
050765           STA ,B 2
050766           JMP -56		; -> 050710  [IMGET]
050767           STZ ,B 0
050770           LDT I ,X -132
050771           LDT I ,B ,X -57
050772           STZ 25
050773           STF 164
050774           FAD ,B 0
050775           STZ 26
050776           STZ 40
050777           STF 104
051000           LDF -55
051001           STA I ,B ,X -50
051002           LDT I ,B ,X 10
051003           ADD ,X -172
051004           MPY 27
051005           STT ,B 106
051006           LDA I ,B ,X -62
051007           STZ 3
051010           LDT 124
051011           STZ I ,B ,X -2
051012           LDT I ,X 47
051013           JAP 143		; -> 051156
051014           STZ 0
051015           SKP IF DB MLST SX
051016           JPC 43		; -> 051061
051017           STD I 163
051020           RADD CLD SL DA
051021 F1U1O:    RADD CLD SB DD
051022           SAB 23
051023           JPL I 160		; -> 051203
051024           JPL I 160		; -> 051204
051025 TPAGF:    JMP I 160		; -> 051205
051026 MYGTL:    STT ,B 21
051027           STA ,B 22
051030           JPL I 156		; -> 051206
051031           JMP I 154		; -> 051205
051032           STA ,B 20
051033           BSKP ZRO 150 DA
051034           JMP 3		; -> 051037  [MBABP]
051035           JPL I 152		; -> 051207
051036           JMP I 147		; -> 051205
051037 MBABP:    LDA 151
051040 SMGFI:    STA ,B 16
051041           LDA 150
051042           LDX 150
051043           RADD SB DX
051044           SAT 20
051045           JPL I 146		; -> 051213
051046           JMP I 137		; -> 051205
051047           LDA I 145
051050 GPIBT:    JPL I 145		; -> 051215
051051           LDT ,B 21
051052 SATER:    LDX 144
051053           JPL I 144		; -> 051217
051054           JMP 176		; -> 051252
051055           JPL I 140		; -> 051215
051056           JPL I 130		; -> 051206
051057           JMP 167		; -> 051246
051060           BSKP ONE 30 DA
051061           JMP 3		; -> 051064
051062           LDA 136
051063           JMP 163		; -> 051246
051064           LDX 135
051065           JPL I 132		; -> 051217
051066 F1U2I:    JMP 160		; -> 051246
051067           BSKP ONE 130 DA
051070           JMP 3		; -> 051073
051071           SAA 147
051072           JMP 154		; -> 051246
051073           BSKP ZRO 160 DA
051074           JMP 14		; -> 051110
051075           STZ ,B 17
051076           LDX 114
051077           RADD SB DX
051100           JPL I 122		; -> 051222
051101           JMP 145		; -> 051246
051102           RADD CLD ST DA
051103           AND 120
051104           SHT ZIN SHR 10
051105           JPL I 117		; -> 051224
051106           JMP 140		; -> 051246
051107           JMP 3		; -> 051112
051110           SAA 1
051111           STA ,B 17
051112           LDX 100
051113           RADD SB DX
051114           LDT ,B 21
051115           JPL I 110		; -> 051225
051116           JMP 120		; -> 051236
051117           JAZ 6		; -> 051125
051120 RSPAG:    LDA ,B 22
051121           SKP IF DT UEQ SA
051122           JMP 46		; -> 051170
051123           SAA 51
051124           JMP 122		; -> 051246
051125           LDT ,B 21
051126           LDA ,B 22
051127           JPL I 77		; -> 051226
051130           JMP 116		; -> 051246
051131 F1U2O:    LDA ,B 17
051132           JAZ 6		; -> 051140
051133           LDA ,X 25
051134           AND 67
051135           JAZ 3		; -> 051140
051136           SAA 53
051137           JMP 106		; -> 051245
051140           RADD CLD SX DA
051141           ADD 66
051142           LDX 50
051143           RADD SB DX
051144           SAT 20
051145           JPL I 63		; -> 051230
051146           LDT ,B 21
051147           LDA ,B 22
051150           JPL I 61		; -> 051231
051151           JMP 75		; -> 051246
051152 CR:       LDX ,B 20
051153           BSKP ZRO 100 DX
051154           JMP 14		; -> 051170
051155           SHT ZIN 10
051156           RORA SA DT
051157           RADD CLD ST DA
051160           JPL I 52		; -> 051232
051161           JMP 65		; -> 051246
051162           LDX 30
051163           RADD SB DX
051164           LDA ,B 22
051165           LDT ,B 21
051166           JPL I 45		; -> 051233
051167           JMP 57		; -> 051246
051170           MIN ,B 4
051171           LDA I 23
051172           JPL I 42		; -> 051234
051173           LDT ,B 21
051174           LDX 22
051175           JPL I 22		; -> 051217
051176           JMP 62		; -> 051260
051177           JPL I 35		; -> 051234
051200           SAA -23
051201           JMP I 34		; -> 051235
051202           ROP NOOP
051203           STZ I ,B ,X -26
051204           LDX ,B -37
051205           SWAP CM1 ST 0
051206           LDT -55
051207           LDT I ,X 47
051210           STD I ,B ,X 40
051211           MIN I ,X -23
051212           STZ 6
051213           LDA ,B -1
051214           MPY 27
051215           STT ,B 100
051216           STZ 3
051217           LDT 124
051220           STZ I ,X -166
051221 PL026:    STZ 0
051222           LDX ,B 127
051223           STZ -1
051224           LDX I 111
051225           LDT I ,B ,X -40
051226           LDT I ,X -132
051227           STZ 26
051230           STF 104
051231           LDT I ,B ,X 10
051232           ADD ,X ,B -102
051233           ADD ,X -172
051234           STT ,B 106
051235           STZ I ,B ,X -2
051236           SAT 45
051237           SKP IF DA UEQ ST
051240           JMP 3		; -> 051243
051241           SAT 46
051242           SKP IF DA UEQ ST
051243           JMP -116		; -> 051125
051244           JMP 2		; -> 051246
051245           JPL I 15		; -> 051262
051246           STA ,B 2
051247           LDA I 14
051250           JPL I 14		; -> 051264
051251           JMP -56		; -> 051173
051252           STA ,B 2
051253           LDA I 10
051254           JPL I 10		; -> 051264
051255           JMP -55		; -> 051200
051256           STA ,B 2
051257           JMP -64		; -> 051173
051260           STA ,B 2
051261           JMP -61		; -> 051200
051262           LDT I ,B ,X -57
051263           MPY 27
051264           STT ,B 106
051265           STD I 57
051266           RADD CLD SL DA
051267           RADD CLD SB DD
051270           SAB 16
051271           JPL I 54		; -> 051345
051272           JPL I 54		; -> 051346
051273           JMP I 54		; -> 051347
051274           STT ,B 6
051275           STA ,B 15
051276           JPL I 52		; -> 051350
051277           JMP I 50		; -> 051347
051300           STA ,B 7
051301           BSKP ZRO 150 DA
051302           JMP 3		; -> 051305
051303           JPL I 46		; -> 051351
051304           JMP I 43		; -> 051347
051305           LDA I 45
051306           JPL I 45		; -> 051353  [TESTB]
051307           LDX 45
051310           JPL I 45		; -> 051355  [TESTP]
051311           JMP I 45		; -> 051356
051312           JPL I 41		; -> 051353  [TESTB]
051313           JPL I 35		; -> 051350
051314           JMP I 42		; -> 051356
051315           BSKP ONE 30 DA
051316           JMP 3		; -> 051321
051317           LDA 40
051320           JMP I 36		; -> 051356
051321           LDX 37
051322           JPL I 33		; -> 051355  [TESTP]
051323           JMP I 33		; -> 051356
051324           BSKP ONE 130 DA
051325           JMP 3		; -> 051330
051326           SAA 147
051327           JMP I 27		; -> 051356
051330           LDT ,B 6
051331           LDA ,B 15
051332           JPL I 27		; -> 051361
051333           JMP I 27		; -> 051362  [PL027]
051334           STX ,B 14
051335           LDD ,X 45
051336           JAF 3		; -> 051341
051337           SKP IF DD UEQ 0
051340           JMP 24		; -> 051364
051341           JPL I 22		; -> 051363
051342           SAA 52
051343           JMP I 17		; -> 051362  [PL027]
051344           ROP NOOP
051345           STZ I ,B ,X -26
051346           LDX ,B -37
051347           RAND CLD ST DA
051350           LDT -55
051351           LDT I ,X 47
051352           MPY 27
051353 TESTB:    STT ,B 100
051354           STZ 3
051355 TESTP:    LDT 124
051356           RAND CLD ST DX
051357           STZ I ,X -166
051360           STZ 0
051361           LDT I ,X -132
051362 PL027:    RAND CLD SX DB
051363           LDT I ,B ,X -57
051364           LDT ,B 6
051365           LDX 155
051366           JPL I 155		; -> 051543
051367           JMP I 155		; -> 051544
051370           BSKP ONE 160 DA
051371           JMP 10		; -> 051401
051372           LDX ,B 14
051373           LDA ,X 25
051374           AND 151
051375           JAZ 4		; -> 051401
051376           JPL I 150		; -> 051546
051377 IOUT:     SAA 53
051400           JMP 173		; -> 051573
051401           JPL I 145		; -> 051546
051402           STZ ,B 10
051403           LDA ,B 10
051404 F2U0I:    LDT 143
051405           AAT -1
051406           SKP IF DT GRE SA
051407           JMP 47		; -> 051456
051410           LDT ,B 6
051411           LDA ,B 10
051412           JPL I 136		; -> 051550
051413           JMP 160		; -> 051573
051414           LDA ,X 25
051415           BSKP ONE 170 DA
051416           JMP 33		; -> 051451  [GP5IX]
051417           STZ ,B 11
051420           LDA 131
051421           RADD SX DA
051422           RADD CLD SA DX
051423           LDA ,B 11
051424           SAT 7
051425           SKP IF DT GRE SA
051426           JMP 23		; -> 051451  [GP5IX]
051427           LDA ,X 0
051430 RSIO:     JAZ 14		; -> 051444
051431           LDA ,X 0
051432           AND 113
051433           LDT ,B 15
051434           SKP IF DA EQL ST
051435           JMP 7		; -> 051444
051436           STZ ,X 0
051437           LDT ,B 6
051440           LDA ,B 10
051441           JPL I 111		; -> 051552
051442           JMP 131		; -> 051573
051443           JMP 7		; -> 051452
051444           AAX 1
051445           LDA ,B 11
051446           AAA 1
051447 F2U0O:    STA ,B 11
051450 T2P08:    JMP -24		; -> 051424
051451 GP5IX:    JPL I 75		; -> 051546
051452           LDA ,B 10
051453 RINDX:    AAA 1
051454           STA ,B 10
051455           JMP -51		; -> 051404  [F2U0I]
051456           LDA ,B 7
051457           BSKP ZRO 100 DA
051460           JMP 10		; -> 051470  [CHNLG]
051461           LDT ,B 6
051462           LDA ,B 15
051463           SHT ZIN 10
051464           RORA SA DT
051465           RADD CLD ST DA
051466           JPL I 65		; -> 051553
051467           JMP 104		; -> 051573
051470 CHNLG:    LDA I 64
051471           JPL I 64		; -> 051555  [SMTBR]
051472 GPBUS:    LDT ,B 6
051473           LDA ,B 15
051474           JPL I 54		; -> 051550
051475           JMP 102		; -> 051577
051476 MBECH:    STX ,B 14
051477           LDX ,B 14
051500           LDD ,X 43
051501           STD ,B 12
051502           LDX 54
051503 GPFIN:    JPL I 54		; -> 051557  [F2U1O]
051504           JMP 73		; -> 051577
051505           RADD CLD SA DT
051506           RADD CLD SD DL
051507           LDD ,B 12
051510           SWAP ST DA
051511           SWAP SL DD
051512           RADD SL DD
051513           RADD ADC CLD SA DA
051514 F2U1I:    RADD ST DA
051515           LDT ,B 6
051516           JPL I 42		; -> 051560
051517 PL028:    JMP 60		; -> 051577
051520           LDA ,B 14
051521           ADD 40
051522           RADD CLD SA DX
051523           SAT 40
051524           RADD CLD 0 DA
051525           JPL I 35		; -> 051562
051526           LDT ,B 6
051527           LDA ,B 15
051530           JPL I 22		; -> 051552
051531           JMP 46		; -> 051577
051532           MIN ,B 4
051533           LDT ,B 6
051534           LDX 27
051535           JPL I 6		; -> 051543
051536           JMP 27		; -> 051565
051537           JPL I 16		; -> 051555  [SMTBR]
051540           SAA -16
051541           JMP I 23		; -> 051564
051542           STZ 0
051543           LDT 124
051544           RAND CLD SX DB
051545           STZ -1
051546           LDT I ,B ,X -57
051547           STZ ,B 0
051550           LDT I ,X -132
051551           STZ 55
051552           LDT I ,B ,X 10
051553           ADD ,X ,B -102
051554           MPY 27
051555 SMTBR:    STT ,B 106
051556           STZ 23
051557 F2U1O:    LDT 121
051560           LDT 127
051561           STZ 25
051562           STF 164
051563           STZ 3
051564           STZ I ,B ,X -2
051565           STA ,B 2
051566           JMP -26		; -> 051540
051567           STA ,B 2
051570           LDA I 15
051571           JPL I 15		; -> 051606
051572           JMP -32		; -> 051540
051573           STA ,B 2
051574           LDA I 11
051575           JPL I 11		; -> 051606
051576           JMP -43		; -> 051533
051577           LDT ,B 6
051600           LDX 7
051601           JPL I 7		; -> 051610
051602           JMP -15		; -> 051565
051603           JPL I 6		; -> 051611  [SINCO]
051604           JMP -44		; -> 051540
051605 CGMLE:    MPY 27
051606           STT ,B 100
051607           STZ 3
051610           LDT 124
051611 SINCO:    STT ,B 106
051612           STD I 131
051613           RADD CLD SL DA
051614           RADD CLD SB DD
051615           SAB 12
051616           JPL I 126		; -> 051744
051617           JPL I 126		; -> 051745  [IOMTY]
051620           JMP 117		; -> 051737
051621           STT ,B 7
051622           STA ,B 6
051623           JPL I 123		; -> 051746
051624 F2U2I:    JMP 113		; -> 051737
051625           BSKP ZRO 150 DA
051626           JMP 3		; -> 051631
051627           JPL I 120		; -> 051747
051630           JMP 107		; -> 051737
051631           LDA 117
051632           JPL I 117		; -> 051751
051633           JMP 104		; -> 051737
051634           JAP 3		; -> 051637
051635           SAA 174
051636           JMP 101		; -> 051737
051637           STD ,B 10
051640           LDT ,B 7
051641           LDX 111
051642           JPL I 111		; -> 051753
051643           JMP 74		; -> 051737
051644           JPL I 110		; -> 051754
051645           JPL I 101		; -> 051746
051646           JMP 73		; -> 051741
051647           BSKP ONE 30 DA
051650           JMP 3		; -> 051653
051651           LDA 104
051652           JMP 67		; -> 051741
051653           LDX 103
051654           JPL I 77		; -> 051753
051655           JMP 64		; -> 051741
051656           BSKP ONE 130 DA
051657           JMP 3		; -> 051662
051660           SAA 147
051661 DLSGF:    JMP 60		; -> 051741
051662           LDX 75
051663 DEFSG:    JPL I 75		; -> 051760
051664           JMP 55		; -> 051741
051665 CBMLE:    LDT ,B 11
051666           RSUB ST DD
051667 F2U2O:    RADD ADC CLD SA DA
051670           AAA -1
051671           SUB ,B 10
051672           JAP 3		; -> 051675
051673           SAA 54
051674           JMP 45		; -> 051741
051675           JAF 10		; -> 051705  [PL029]
051676           SKP IF DD UEQ 0
051677           JMP 4		; -> 051703
051700           SAT 1
051701           SKP IF DD EQL ST
051702           JMP 3		; -> 051705  [PL029]
051703           SAA 160
051704           JMP 35		; -> 051741
051705 PL029:    LDT ,B 7
051706           JPL I 53		; -> 051761
051707           JMP 32		; -> 051741
051710           JPL I 52		; -> 051762
051711           JMP 30		; -> 051741
051712           LDA ,B 6
051713           JPL I 50		; -> 051763  [MBFDI]
051714           JMP 25		; -> 051741
051715           LDD ,X 43
051716           LDT ,B 11
051717 CBF2:     RADD ST DD
051720           RADD ADC CLD SA DA
051721           ADD ,B 10
051722           STD ,X 43
051723           LDT ,B 7
051724           LDA ,B 6
051725           JPL I 37		; -> 051764
051726           JMP 13		; -> 051741
051727           MIN ,B 4
051730           LDT ,B 7
051731           LDX 21
051732           JPL I 21		; -> 051753
051733           JMP 2		; -> 051735
051734           JPL I 31		; -> 051765
051735           SAA -12
051736           JMP I 30		; -> 051766
051737           STA ,B 2
051740           JMP -3		; -> 051735
051741           STA ,B 2
051742           JMP -12		; -> 051730
051743           ROP NOOP
051744           STZ I ,B ,X -26
051745 IOMTY:    LDX ,B -37
051746           LDT -55
051747           LDT I ,X 47
051750           MIN I ,X -35
051751           LDA ,B -1
051752           STZ 3
051753           LDT 124
051754           STT ,B 100
051755           STZ I ,X -166
051756           STZ 0
051757           STZ 23
051760           LDT 121
051761           LDT 127
051762           LDA I ,B ,X -62
051763 MBFDI:    LDT I ,X -132
051764           LDT I ,B ,X 10
051765           STT ,B 106
051766           STZ I ,B ,X -2
051767 N500D:    BSET ONE SSK
051770           JMP 2		; -> 051772
051771           BSET ZRO SSK
051772           STD I 172
051773           RADD CLD SL DA
051774           RADD CLD SB DD
051775           SAB 40
051776           JPL I 167		; -> 052165
051777           BSKP ONE SSK
052000           JMP 4		; -> 052004
052001           SAA 1
052002 SMTRA:    STA ,B 35
052003           JMP 2		; -> 052005
052004           STZ ,B 35
052005           JPL I 161		; -> 052166
052006           JMP I 161		; -> 052167
052007           STT ,B 36
052010           STA ,B 6
052011           JPL I 157		; -> 052170
052012           JMP I 155		; -> 052167
052013           BSKP ONE 30 DA
052014           JMP 3		; -> 052017
052015           LDA 154
052016           JMP 173		; -> 052211
052017           BSKP ZRO 150 DA
052020           JMP 3		; -> 052023
052021           JPL I 151		; -> 052172
052022           JMP 167		; -> 052211
052023           LDA 150
052024           JPL I 150		; -> 052174
052025 PL030:    JMP 164		; -> 052211
052026 GPERR:    JAF 4		; -> 052032
052027           SAT 17
052030           SKP IF DT LST SD
052031           JMP 4		; -> 052035
052032           SAA 174
052033           JMP 156		; -> 052211
052034           JMP 2		; -> 052036
052035           RADD CLD SD DA
052036           STA ,B 37
052037           LDT ,B 36
052040           LDA ,B 6
052041           JPL I 134		; -> 052175
052042           JMP 147		; -> 052211
052043           LDA ,X 54
052044           SHA ZIN SHR 4
052045           LDT ,B 35
052046           SKP IF DT EQL 0
052047           JMP 15		; -> 052064
052050           ADD ,B 37
052051           SAT 17
052052           SKP IF DT LST SA
052053           JMP 3		; -> 052056
052054           LDA 122
052055           JMP 131		; -> 052206
052056           SHA ZIN 4
052057           RADD CLD SA DD
052060           LDA ,X 54
052061           AND 116
052062           RADD SD DA
052063           JMP 71		; -> 052154
052064           SUB ,B 37
052065           JAP 3		; -> 052070
052066 FINDX:    SAA 174
052067           JMP 117		; -> 052206
052070           STA ,B 11
052071           LDA ,X 54
052072           AND 105
052073           STA ,B 12
052074           STX ,B 7
052075           LDA ,B 12
052076           LDT ,B 11
052077 3COMT:    SKP IF DT LST SA
052100           JMP 50		; -> 052150
052101           RADD CLD SA DD
052102           RADD CLD 0 DA
052103           SAD ZIN 13
052104 CMTRA:    LDT ,B 6
052105           SHT ZIN 3
052106           RADD ST DD
052107           RADD ADC CLD SA DA
052110           STD ,B 13
052111           LDT ,B 36
052112           LDX 66
052113           JPL I 66		; -> 052201
052114           JMP 72		; -> 052206
052115           LDX 65
052116           RADD SB DX
052117           JPL I 64		; -> 052203
052120           JMP 66		; -> 052206
052121           JMP 23		; -> 052144
052122           LDX 56
052123           RADD SB DX
052124           STZ ,B 10
052125           LDA ,B 10
052126           SAT 7
052127           SKP IF DT GRE SA
052130           JMP 14		; -> 052144
052131 SRETR:    LDD ,X 0
052132           JAF 3		; -> 052135
052133           SKP IF DD UEQ 0
052134           JMP 3		; -> 052137
052135           SAA 52
052136           JMP 50		; -> 052206
052137           AAX 2
052140           LDA ,B 10
052141           AAA 1
052142           STA ,B 10
052143           JMP -15		; -> 052126
052144           LDA ,B 12
052145           AAA -1
052146           STA ,B 12
052147           JMP -52		; -> 052075
052150           LDX ,B 7
052151           LDA ,B 11
052152 HITRN:    SHA ZIN 4
052153           ADD ,B 12
052154           STA ,X 54
052155           LDT ,B 36
052156           LDA ,B 6
052157           JPL I 25		; -> 052204
052160           JMP 31		; -> 052211
052161           MIN ,B 4
052162           SAA -40
052163 PRKEY:    JMP I 22		; -> 052205
052164           ROP NOOP
052165           STZ I ,B ,X -26
052166           LDX ,B -37
052167           REXO CM1 SD DD
052170           LDT -55
052171           STZ I ,X -166
052172           LDT I ,X 47
052173           LDA ,B -145
052174           LDA ,B -1
052175           LDT I ,X -132
052176           STZ -170
052177           STZ 17
052200           STZ 15
052201           LDT 121
052202           STZ 13
052203           LDT ,X 66
052204           LDT I ,B ,X 10
052205           STZ I ,B ,X -2
052206           STA ,B 2
052207           JPL I 4		; -> 052213
052210           JMP -26		; -> 052162
052211           STA ,B 2
052212           JMP -30		; -> 052162
052213           LDT I ,B ,X -57
052214           STD I 133
052215           RADD CLD SL DA
052216           RADD CLD SB DD
052217           SAB 15
052220           JPL I 130		; -> 052350
052221 PL031:    JPL I 130		; -> 052351
052222 S5CPU:    JMP 121		; -> 052343
052223           STT ,B 7
052224           STA ,B 6
052225           JPL I 125		; -> 052352  [SCAPS]
052226           JMP 115		; -> 052343
052227           BSKP ZRO 150 DA
052230           JMP 3		; -> 052233
052231 HOTRN:    JPL I 122		; -> 052353
052232           JMP 111		; -> 052343
052233           LDA 121
052234           JPL I 121		; -> 052355
052235           JMP 106		; -> 052343
052236           JAP 3		; -> 052241
052237           SAA 174
052240           JMP 103		; -> 052343
052241           STD ,B 10
052242           LDT ,B 7
052243           LDX 113
052244           JPL I 113		; -> 052357
052245           JMP 76		; -> 052343
052246           JPL I 112		; -> 052360
052247           JPL I 103		; -> 052352  [SCAPS]
052250           JMP 75		; -> 052345
052251           BSKP ONE 30 DA
052252           JMP 3		; -> 052255
052253           LDA 106
052254           JMP 71		; -> 052345
052255           LDX 105
052256           JPL I 101		; -> 052357
052257           JMP 66		; -> 052345
052260           BSKP ONE 130 DA
052261           JMP 3		; -> 052264
052262           SAA 147
052263           JMP 62		; -> 052345
052264           LDA ,B 6
052265           JPL I 76		; -> 052363
052266           JMP 57		; -> 052345
052267           LDD ,X 45
052270 5CPU2:    STD ,B 12
052271           LDD ,X 43
052272           LDT ,B 11
052273           RSUB ST DD
052274           RADD ADC CLD SA DA
052275           AAA -1
052276           SUB ,B 10
052277           STD ,B 14
052300           LDT ,B 13
052301           RSUB ST DD
052302           RADD ADC CLD SA DA
052303           AAA -1
052304           SUB ,B 12
052305 CTROD:    JAP 4		; -> 052311
052306           JPL I 56		; -> 052364
052307           SAA 55
052310           JMP 35		; -> 052345
052311           LDD ,B 14
052312 PL033:    STD ,X 43
052313           LDT ,B 7
052314           LDA ,B 6
052315           JPL I 50		; -> 052365
052316           JMP 27		; -> 052345
052317           LDX 47
052320           JPL I 47		; -> 052367
052321           JMP 24		; -> 052345
052322           LDT ,B 11
052323 RATER:    RADD ST DD
052324           RADD ADC CLD SA DA
052325           ADD ,B 10
052326           LDT ,B 7
052327           JPL I 41		; -> 052370
052330           JMP 15		; -> 052345
052331           JPL I 40		; -> 052371
052332           JMP 13		; -> 052345
052333           MIN ,B 4
052334           LDT ,B 7
052335           LDX 21
052336 5CPU3:    JPL I 21		; -> 052357
052337           JMP 2		; -> 052341
052340           JPL I 32		; -> 052372
052341           SAA -15
052342           JMP I 31		; -> 052373
052343           STA ,B 2
052344           JMP -3		; -> 052341
052345           STA ,B 2
052346           JMP -12		; -> 052334
052347           ROP NOOP
052350           STZ I ,B ,X -26
052351           LDX ,B -37
052352 SCAPS:    LDT -55
052353           LDT I ,X 47
052354           MIN I ,X -35
052355           LDA ,B -1
052356           STZ 3
052357           LDT 124
052360           STT ,B 100
052361           STZ I ,X -166
052362           STZ 0
052363           LDT I ,X -132
052364           LDT I ,B ,X -57
052365           LDT I ,B ,X 10
052366           STZ 23
052367           LDT 121
052370           LDT 127
052371           LDA I ,B ,X -62
052372           STT ,B 106
052373           STZ I ,B ,X -2
052374           BSET ZRO SSK
052375           JMP 2		; -> 052377
052376           BSET ONE SSK
052377           STD I 156
052400           RADD CLD SL DA
052401           RADD CLD SB DD
052402           SAB 116
052403           JPL I 153		; -> 052556
052404 E5CPU:    BSKP ONE SSK
052405 GCAPS:    JMP 4		; -> 052411
052406           SAA 1
052407           STA ,B 110
052410           JMP 2		; -> 052412
052411           STZ ,B 110
052412           JPL I 145		; -> 052557
052413           JMP I 145		; -> 052560
052414           LDX 145
052415           RADD SB DX
052416           LDA 144
052417           SAT 44
052420           JPL I 143		; -> 052563
052421 HDIBU:    JMP 173		; -> 052614
052422           JPL I 142		; -> 052564
052423           JMP 171		; -> 052614
052424 GPIBD:    SAA 20
052425           SAX 0
052426           STA ,X ,B 100
052427           SAX 0
052430           STA ,X ,B 70
052431           LDX 130
052432           RADD SB DX
052433 HDOBU:    LDT 132
052434           RADD SB DT
052435 FPL3A:    LDA 131
052436           RADD SB DA
052437           JPL I 130		; -> 052567
052440           JMP 154		; -> 052614
052441           STZ ,B 112
052442           LDA 126
052443           STA ,B 113
052444 HDIFE:    LDA ,B 113
052445           LDT 124
052446           SKP IF DA UEQ ST
052447           JMP 102		; -> 052551  [CLMLE]
052450 HDOFI:    LDT ,B 112
052451           LDX 121
052452           JPL I 121		; -> 052573
052453           JMP 141		; -> 052614
052454           STA ,B 111
052455           JPL I 117		; -> 052574
052456           LDT ,B 112
052457           LDX 116
052460 HDOFE:    JPL I 113		; -> 052573
052461           JMP 61		; -> 052542
052462           BSKP ONE 170 DA
052463           JMP 57		; -> 052542
052464           BSKP ZRO 130 DA
052465           JMP 55		; -> 052542
052466           BSKP ZRO 140 DA
052467           JMP 7		; -> 052476  [CTRID]
052470           SAX 0
052471           LDA ,X ,B 100
052472           SHA ZIN SHR 10
052473           SAT 47
052474 SBRKM:    SKP IF DA UEQ ST
052475           JMP 45		; -> 052542
052476 CTRID:    LDA 100
052477           ADD ,B 113
052500           LDX 65
052501 WINDX:    RADD SB DX
052502           SAT 20
052503           JPL I 74		; -> 052577
052504           JMP 36		; -> 052542
052505           RAND 0 0
052506           STZ ,B 114
052507           LDA ,B 114
052510           LDT 70
052511           AAT -1
052512           SKP IF DT GRE SA
052513           JMP 27		; -> 052542
052514           LDT ,B 112
052515           LDA ,B 114
052516           JPL I 63		; -> 052601
052517           JMP 77		; -> 052616  [CLTRA]
052520           STX ,B 115
052521           LDA ,X 25
052522           BSKP ONE 170 DA
052523 HDITI:    JMP I 57		; -> 052602
052524           LDA 57
052525           RADD SX DA
052526           LDX 40
052527           RADD SB DX
052530           SAT 20
052531           JPL I 46		; -> 052577
052532           JMP 3		; -> 052535  [HDOTI]
052533           JMP 73		; -> 052626
052534           JMP 72		; -> 052626
052535 HDOTI:    JPL I 47		; -> 052604
052536           LDA ,B 114
052537           AAA 1
052540           STA ,B 114
052541           JMP -31		; -> 052510
052542           LDA ,B 111
052543           JPL I 42		; -> 052605
052544           LDA ,B 113
052545           AAA 30
052546           STA ,B 113
052547           MIN ,B 112
052550           JMP -104		; -> 052444  [HDIFE]
052551 CLMLE:    MIN ,B 4
052552           JPL I 34		; -> 052606
052553           SAA -116
052554           JMP I 33		; -> 052607
052555           ROP NOOP
052556           STZ I ,B ,X -26
052557           LDT I ,X 174
052560           RORA CM1 SD DL
052561 SECHO:    STZ 46
052562           MIN I ,X -44
052563           LDA ,B -1
052564           STF I ,B ,X 171
052565           STZ 100
052566           STZ 70
052567           MIN ,X -141
052570           JAP 143		; -> 052733  [HDMI1]
052571           JPC -115		; -> 052454
052572           STZ 3
052573           LDT 124
052574           STT ,B 100
052575           STZ 0
052576           STZ 5
052577           MIN I ,B 152
052600           STZ ,B 0
052601           LDT I ,X -132
052602           RORA CLD SB DA
052603           STZ 26
052604           LDT I ,B ,X -57
052605           STT ,B 106
052606           STF I ,B ,X -132
052607           STZ I ,B ,X -2
052610           STA ,B 2
052611           LDA I 12
052612           JPL I 12		; -> 052624
052613           JMP -41		; -> 052552
052614           STA ,B 2
052615           JMP -43		; -> 052552
052616 CLTRA:    STA ,B 2
052617           JPL I 6		; -> 052625
052620           LDA ,B 111
052621           JPL I 3		; -> 052624
052622           JMP -50		; -> 052552
052623           MPY 27
052624           STT ,B 106
052625           LDT I ,B ,X -57
052626           LDA ,B 115
052627           ADD 157
052630           RADD CLD SA DX
052631           LDA 156
052632           RADD SB DA
052633           SAT 40
052634           JPL I 154		; -> 053010
052635           JPL I 154		; -> 053011
052636           LDA ,B 111
052637           JPL I 153		; -> 053012
052640           JPL I 153		; -> 053013
052641           LDA 146
052642           SUB 144
052643           RADD SB DA
052644           STA ,B 115
052645           JPL I 147		; -> 053014
052646           LDT ,X ,B 123
052647           MIN ,X ,B 122
052650           STD 47
052651           LDA ,B 114
052652           JPL I 143		; -> 053015
052653 PL034:    JPL I 141		; -> 053014
052654           STD 72
052655           STD 47
052656           LDA 140
052657           ADD ,B 113
052660           RADD CLD SA DX
052661           SAT 20
052662           JPL I 135		; -> 053017
052663 LPL3A:    JPL I 131		; -> 053014
052664           LDF I 47
052665           LDA ,B 115
052666           ADD 132
052667           RADD CLD SA DX
052670           SAT 20
052671           JPL I 126		; -> 053017
052672           LDA ,B 110
052673           SKP IF DA UEQ 0
052674           JMP I 125		; -> 053021
052675           JPL I 117		; -> 053014
052676           STD ,X 40
052677           STD 40
052700           STD 40
052701 GBRKM:    STD 40
052702           STD 40
052703           STD 40
052704           STD 40
052705           STD 103
052706           LDT I 105
052707           MIN ,B 124
052710           MIN ,X ,B 104
052711           STD 47
052712           LDX ,B 115
052713           LDD ,X 37
052714           JPL I 106		; -> 053022
052715           LDD ,X 41
052716           JAF 3		; -> 052721
052717           SKP IF DD UEQ 0
052720           JMP 24		; -> 052744
052721           JPL I 73		; -> 053014
052722           STD ,X 40
052723           STD 40
052724           STD 40
052725           STD 40
052726           STD 40
052727           STD 40
052730           STD 40
052731           STD 114
052732 CRBIN:    MIN ,B 123
052733 HDMI1:    LDT ,X 40
052734           MIN ,X 101
052735           LDT ,X 105
052736           STD 105
052737           LDA I ,X 124
052740           MIN ,X ,B 122
052741 CLP10:    MIN ,X ,B 104
052742           STD 47
052743           JPL I 57		; -> 053022
052744           LDT ,B 112
052745           LDX 56
052746           JPL I 56		; -> 053024  [HDMO1]
052747           JMP I 56		; -> 053025
052750           RADD CLD SA DT
052751           BSKP ONE 160 DA
052752           JMP 136		; -> 053110
052753           JPL I 41		; -> 053014
052754           STD ,X 40
052755           STD 40
052756           STD 40
052757 TRDLP:    STD 40
052760           STD 40
052761           STD 40
052762           STD 40
052763           STD 104
052764           MIN ,X ,B 106
052765           MIN ,B 125
052766           LDA ,X 124
052767           STD 120
052770           LDT ,X ,B 102
052771           LDA ,X 111
052772 GGECH:    MIN I ,B 40
052773           MIN ,B 103
052774           MIN I ,B 105
052775           LDT I ,B 123
052776           STD 72
052777           STD 47
053000           LDX ,B 115
053001           LDA ,X 51
053002           AND 24
053003           SHA ZIN SHR 12
053004           JPL I 23		; -> 053027
053005           JMP 23		; -> 053030
053006           STZ 25
053007           STZ 6
053010           STZ I -154
053011           LDT I ,B ,X -57
053012           STT ,B 106
053013           STF -133
053014           MIN ,B -50
053015           MIN ,B 50
053016           STZ 5
053017           MIN I 13
053020           STZ 26
053021           RADD CM1 0 DA
053022           MIN I -144
053023           STZ 0
053024 HDMO1:    LDT 124
053025           RORA CLD SB DA
053026           ORA ,X 0
053027           MIN I -112
053030           JPL I 162		; -> 053212
053031           STD ,X 40
053032           STD 40
053033           STD 40
053034           STD 40
053035 SCOPS:    STD 40
053036           STD 40
053037           STD 40
053040           STD 104
053041           MIN ,X ,B 106
053042           MIN ,B 125
053043           LDA ,X 124
053044           STD 106
053045           LDT I 111
053046           MIN ,X ,B 116
053047 TUSSY:    MIN ,X 40
053050 SSTER:    MIN ,B 103
053051           MIN I ,B 105
053052 HDFI1:    LDT I ,B 123
053053           STD 72
053054           STD 47
053055           LDA ,X 51
053056           AND 135
053057           SHA ZIN SHR 5
053060           JPL I 134		; -> 053214
053061           JPL I 131		; -> 053212
053062           STD ,X 40
053063           STD 40
053064           STD 40
053065           STD 40
053066           STD 40
053067           STD 40
053070           STD 40
053071           STD 104
053072           MIN ,X ,B 106
053073           MIN ,B 125
053074           LDA ,X 124
053075           STD 117
053076           LDT I ,B ,X 116
053077           STD 101
053100 HDFO1:    MIN I ,B 103
053101 IIIOX:    MIN ,X ,B 123
053102           LDT I ,B 40
053103 RFIOX:    LDF I 40
053104           STD I ,B ,X 0
053105           LDA ,X 51
053106           AND 107
053107           JPL I 105		; -> 053214
053110           BSKP ZRO 150 DT
053111           JMP 74		; -> 053205
053112           JPL I 100		; -> 053212
053113           STD ,X 40
053114 TUSRT:    STD 40
053115           STD 40
053116           STD 40
053117           STD 40
053120           STD 40
053121           STD 40
053122           STD 47
053123           LDX ,B 115
053124           LDD ,X 45
053125 NWR10:    JPL I 71		; -> 053216  [LISCO]
053126           JPL I 64		; -> 053212
053127           STD 120
053130           MIN ,B 107
053131 C5LFI:    MIN ,X ,B 123
053132 C5LPL:    STD 125
053133 NWR50:    LDT I ,B 105
053134           MIN ,X 40
053135           LDA I ,B ,X 125
053136           LDT ,X 40
053137 WRCH:     LDA I ,B ,X 106
053140 EBHO:     STD 47
053141 CBHOL:    LDD ,X 43
053142 TRMOD:    JPL I 54		; -> 053216  [LISCO]
053143           JPL I 47		; -> 053212
053144           STD 120
053145           MIN ,B 107
053146           MIN ,X ,B 123
053147           STD I ,B ,X 0
053150           JPL I 42		; -> 053212
053151 MNDF0:    STD ,X 40
053152           STD 40
053153           STD 40
053154           STD 40
053155           STD 40
053156           STD 40
053157           STD 40
053160           STD 115
053161           MIN ,B 130
053162           LDA ,B 115
053163           LDT ,X ,B 115
053164           STD 116
053165 MNNA0:    LDT ,X ,B 115
053166           MIN I 105
053167           LDT I 40
053170           LDA I ,B ,X 106
053171           STD 106
053172           LDA ,B 114
053173           MIN ,X ,B 123
053174 TUSEN:    STD 72
053175           STD 47
053176           LDA ,X 54
053177           SHA ZIN SHR 4
053200 MNID0:    AAA 1
053201           RADD CLD SA DT
053202           LDA 15
053203           RMPY ST DA
053204           JPL I 12		; -> 053216  [LISCO]
053205           JPL I 5		; -> 053212
053206           STD ,X 47
053207           LDA ,B 111
053210           JPL I 10		; -> 053220
053211           JMP I 10		; -> 053221
053212           MIN ,B -50
053213           STZ I ,B -40
053214           MIN I -112
053215           STZ 37
053216 LISCO:    MIN ,B -162
053217 RUSPW:    STZ ,B 0
053220           STT ,B 100
053221           RORA CLD SB DT
053222           STD I 75
053223           RADD CLD SL DA
053224           RADD CLD SB DD
053225           SAB 60
053226           JPL I 72		; -> 053320
053227           JPL I 72		; -> 053321  [SUNMO]
053230           JMP 65		; -> 053315
053231           LDA 71
053232           LDX 71
053233           RADD SB DX
053234           SAT 20
053235           JPL I 67		; -> 053324
053236           JMP 57		; -> 053315
053237           LDA 66
053240 MNOD0:    JPL I 64		; -> 053324
053241           JMP 54		; -> 053315
053242           JPL I 64		; -> 053326
053243 FUSEB:    JMP 52		; -> 053315
053244           RADD CLD SD DA
053245 MGTER:    STA ,B 57
053246 RUSER:    LDA ,B 57
053247 PL035:    LDT 60
053250           SKP IF DA LST ST
053251           JMP 2		; -> 053253
053252           JAP 3		; -> 053255
053253           SAA 117
053254           JMP 41		; -> 053315
053255           JPL I 53		; -> 053330
053256 MCHDV:    JMP 37		; -> 053315
053257           STT ,B 56
053260           LDX 51
053261           JPL I 51		; -> 053332
053262           JMP 33		; -> 053315
053263           BSKP ONE 130 DA
053264           JMP 3		; -> 053267
053265           SAA 147
053266           JMP 27		; -> 053315
053267           LDT ,B 56
053270           LDA ,B 57
053271           JPL I 42		; -> 053333
053272           JMP 23		; -> 053315
053273           RADD CLD SX DA
053274 GPITR:    ADD 40
053275           RADD CLD SA DX
053276 MUDMA:    LDA 37
053277           RADD SB DA
053300           SAT 40
053301           JPL I 35		; -> 053336
053302           JPL I 35		; -> 053337
053303           LDX 32
053304           RADD SB DX
053305           SAA 40
053306 MNDF1:    JPL I 32		; -> 053340
053307           JPL I 32		; -> 053341  [IMTRI]
053310           STD ,X 47
053311           MIN ,B 4
053312           JPL I 30		; -> 053342
053313           SAA -60
053314           JMP I 27		; -> 053343
053315           STA ,B 2
053316           JMP -4		; -> 053312
053317           ROP NOOP
053320           STZ I ,B ,X -26
053321 SUNMO:    LDT I ,X 47
053322 MNNA1:    MIN I ,X -157
053323           STZ 6
053324           LDA ,B -1
053325           MIN I ,X -12
053326           STF I ,B ,X 171
053327           STZ ,B 0
053330           LDA I ,B ,X 2
053331           STZ 0
053332           LDT 124
053333           LDT I ,X -132
053334           STZ 25
053335 MNID1:    STZ 16
053336           STZ I -154
053337           LDT I ,B ,X -57
053340           MIN I ,B -46
053341 IMTRI:    MIN ,B -50
053342           STF I ,B ,X -132
053343           STZ I ,B ,X -2
053344           STD I 114
053345           RADD CLD SL DA
053346           RADD CLD SB DD
053347           SAB 20
053350           JPL I 111		; -> 053461
053351           JPL I 111		; -> 053462
053352           JMP 104		; -> 053456
053353           LDA 110
053354           LDX 110
053355           RADD SB DX
053356           SAT 20
053357           JPL I 106		; -> 053465
053360           JMP 76		; -> 053456
053361           LDA 105
053362           JPL I 103		; -> 053465
053363           JMP 73		; -> 053456
053364           RADD CLD SD DA
053365           STA ,B 17
053366           LDA ,B 17
053367           LDT 100
053370           SKP IF DA LST ST
053371           JMP 2		; -> 053373  [PL036]
053372           JAP 3		; -> 053375  [MNOD1]
053373 PL036:    SAA 117
053374           JMP 62		; -> 053456
053375 MNOD1:    LDA I 73
053376           JPL I 73		; -> 053471
053377           JPL I 73		; -> 053472  [MNID2]
053400           JMP 52		; -> 053452  [11EID]
053401           STT ,B 16
053402           LDX 71
053403           JPL I 71		; -> 053474
053404           JMP 46		; -> 053452  [11EID]
053405           RADD CLD SA DD
053406           JPL I 63		; -> 053471
053407           LDA I 61
053410 WUSER:    JPL I 65		; -> 053475
053411           JPL I 65		; -> 053476
053412           JMP 36		; -> 053450
053413           BSKP ONE 30 DA
053414           JMP 3		; -> 053417
053415           LDA 62
053416           JMP 32		; -> 053450
053417           LDX 61
053420           JPL I 54		; -> 053474
053421           JMP 27		; -> 053450
053422           BSKP ONE 130 DA
053423 GLOGD:    JMP 3		; -> 053426
053424           SAA 147
053425           JMP 23		; -> 053450
053426           LDT ,B 16
053427           LDA ,B 17
053430           JPL I 51		; -> 053501
053431           JMP 17		; -> 053450
053432           RADD CLD SX DA
053433           ADD 47
053434 WRDIL:    RADD CLD SA DX
053435           SAA 40
053436           JPL I 45		; -> 053503  [PL037]
053437           LDT ,B 16
053440           LDA ,B 17
053441           JPL I 43		; -> 053504
053442           JMP 6		; -> 053450
053443 MNDF2:    MIN ,B 4
053444           RADD CLD SD DA
053445           JPL I 30		; -> 053475
053446           SAA -20
053447           JMP I 36		; -> 053505
053450           STA ,B 2
053451           JMP -5		; -> 053444
053452 11EID:    STA ,B 2
053453           LDA I 15
053454           JPL I 21		; -> 053475
053455 IMTRO:    JMP -7		; -> 053446
053456           STA ,B 2
053457 MNNA2:    JMP -11		; -> 053446
053460           ROP NOOP
053461           STZ I ,B ,X -26
053462           LDT I ,X 47
053463           MIN I ,X -157
053464           STZ 6
053465           LDA ,B -1
053466           MIN I ,X -12
053467           STZ ,B 0
053470           MPY 27
053471           STT ,B 100
053472 MNID2:    LDA I ,B ,X 2
053473           STZ 3
053474           LDT 124
053475           STT ,B 106
053476           LDT -55
053477           STZ I ,X -166
053500           STZ 0
053501           LDT I ,X -132
053502 DVDIL:    STZ 25
053503 PL037:    MIN ,X 3
053504           LDT I ,B ,X 10
053505           STZ I ,B ,X -2
053506           STD I 144
053507           RADD CLD SL DA
053510           RADD CLD SB DD
053511           SAB 22
053512           JPL I 141		; -> 053653
053513           JPL I 141		; -> 053654
053514           JMP 134		; -> 053650  [DT05W]
053515           STA ,B 20
053516           RADD CLD 0 DA
053517           MON 4		; SetBreak / BRKM (4B)
053520           SAA -1
053521           MON 3		; SetEcho / ECHOM (3B)
053522           LDA 133
053523           JPL I 133		; -> 053656
053524           JMP 124		; -> 053650  [DT05W]
053525           STA ,B 6
053526           LDA 131
053527           JPL I 127		; -> 053656
053530           JMP 120		; -> 053650  [DT05W]
053531           STA ,B 7
053532 MNOD2:    SAA 1
053533           MON 4		; SetBreak / BRKM (4B)
053534           MON 3		; SetEcho / ECHOM (3B)
053535           JPL I 123		; -> 053660
053536           JMP 112		; -> 053650  [DT05W]
053537           STT ,B 21
053540           JPL I 121		; -> 053661
053541           JMP 107		; -> 053650  [DT05W]
053542           BSKP ONE 30 DA
053543           JMP 3		; -> 053546
053544           LDA 116
053545           JMP 103		; -> 053650  [DT05W]
053546           LDA ,B 20
053547 NACCO:    JPL I 114		; -> 053663  [DT06R]
053550           JMP 100		; -> 053650  [DT05W]
053551           LDA ,X 36
053552           LDT ,B 6
053553           SKP IF DA UEQ ST
053554           JMP 4		; -> 053560
053555           JPL I 107		; -> 053664
053556           SAA 60
053557           JMP 71		; -> 053650  [DT05W]
053560           LDA ,B 7
053561           STA ,X 36
053562           SAX 10
053563           STA I ,X 102
053564           SAX 0
053565           LDA I ,X 101
053566           LDT 101
053567           SKP IF DA EQL ST
053570           JMP 4		; -> 053574
053571           LDA ,B 7
053572 MNTAB:    SAX 10
053573           STA I ,X 75
053574           LDT ,B 21
053575           LDA ,B 20
053576           JPL I 73		; -> 053671
053577           JMP 51		; -> 053650  [DT05W]
053600           LDX 72
053601           RADD SB DX
053602           JPL I 71		; -> 053673
053603 5TTST:    JMP 45		; -> 053650  [DT05W]
053604           SAA -1
053605           RADD CLD SA DD
053606           RADD CLD SD DT
053607 DT01R:    JPL I 65		; -> 053674
053610           JMP 35		; -> 053645
053611           RADD CLD ST DD
053612           LDA ,B 21
053613           SKP IF DA UEQ ST
053614           JMP 30		; -> 053644
053615           JPL I 60		; -> 053675  [CHVAR]
053616           LDA ,X 3
053617           JPL I 57		; -> 053676  [DT06W]
053620           LDX 52
053621           RADD SB DX
053622 DT01W:    JPL I 55		; -> 053677
053623           JMP 15		; -> 053640
053624           AAA -1
053625           JAF 13		; -> 053640
053626 DISPL:    RADD CLD ST DA
053627           STA ,B 20
053630           RADD CLD SD DT
053631 LOG1:     JPL I 32		; -> 053663  [DT06R]
053632           JMP 6		; -> 053640
053633           LDA ,B 7
053634           STA ,X 36
053635 DT05R:    LDA ,B 20
053636           JPL I 33		; -> 053671
053637           JMP 1		; -> 053640
053640           RADD CLD SD DT
053641           JPL I 34		; -> 053675  [CHVAR]
053642           LDA ,X 3
053643           JPL I 35		; -> 053700
053644           JMP -36		; -> 053606
053645           MIN ,B 4
053646           SAA -22
053647           JMP I 32		; -> 053701
053650 DT05W:    STA ,B 2
053651           JMP -3		; -> 053646
053652           ROP NOOP
053653           STZ I ,B ,X -26
053654           LDT I ,X 174
053655           MIN I ,B ,X 5
053656           LDA ,B -1
053657           MIN I ,B ,X 16
053660           LDA I ,B ,X -125
053661           LDT -55
053662           STZ I ,X -166
053663 DT06R:    LDT I ,X -132
053664           LDT I ,B ,X -57
053665           RADD CM1 CLD SD DL
053666           RADD CM1 CLD SP DA
053667           STD I ,B ,X 47
053670           RADD CM1 CLD 0 DB
053671           LDT I ,B ,X 10
053672           STZ 10
053673           LDX I 111
053674           LDT 25
053675 CHVAR:    STF -153
053676 DT06W:    STT ,B 100
053677           LDT I ,B ,X -40
053700           STT ,B 106
053701           STZ I ,B ,X -2
053702           STD I 45
053703           RADD CLD SL DA
053704           RADD CLD SB DD
053705           SAB 10
053706           JPL I 42		; -> 053750
053707           JPL I 42		; -> 053751
053710           JMP 33		; -> 053743
053711 DT07R:    JPL I 41		; -> 053752  [DT08W]
053712           JMP 31		; -> 053743
053713           STT ,B 6
053714           STA ,B 7
053715           JPL I 36		; -> 053753
053716           JPL I 36		; -> 053754
053717           JMP 24		; -> 053743
053720           BSKP ONE 30 DA
053721 RUSEB:    JMP 3		; -> 053724  [DT07W]
053722           LDA 33
053723           JMP 20		; -> 053743
053724 DT07W:    LDA ,X 3
053725           JPL I 31		; -> 053756
053726           LDA ,B 7
053727           JPL I 30		; -> 053757
053730           JMP 15		; -> 053745
053731           STZ ,X 36
053732           JPL I 26		; -> 053760
053733           JMP 12		; -> 053745
053734           MIN ,B 4
053735           LDT ,B 6
053736           JPL I 15		; -> 053753
053737 DT08R:    LDA ,X 3
053740 GUSEI:    JPL I 21		; -> 053761
053741           SAA -10
053742           JMP I 20		; -> 053762
053743           STA ,B 2
053744           JMP -3		; -> 053741
053745           STA ,B 2
053746           JMP -11		; -> 053735
053747           ROP NOOP
053750           STZ I ,B ,X -26
053751           LDT I ,X 47
053752 DT08W:    LDX ,B -37
053753           STF -153
053754           LDT -55
053755           STZ I ,X -166
053756           STT ,B 100
053757           LDT I ,X -132
053760           LDT I ,B ,X 10
053761           STT ,B 106
053762           STZ I ,B ,X -2
053763           STD I 145
053764           RADD CLD SL DA
053765 DT09R:    RADD CLD SB DD
053766           SAB 25
053767           JPL I 142		; -> 054131
053770           JPL I 142		; -> 054132
053771           JMP 124		; -> 054115  [DT13R]
053772           STA ,B 17
053773           LDA 140
053774           LDX 140
053775           RADD SB DX
053776           SAT 20
053777           JPL I 136		; -> 054135
054000 NX5DP:    JMP 115		; -> 054115  [DT13R]
054001           JPL I 135		; -> 054136
054002           JMP 113		; -> 054115  [DT13R]
054003           STT ,B 20
054004           JPL I 133		; -> 054137
054005           STX ,B 21
054006           JPL I 132		; -> 054140
054007           JMP 106		; -> 054115  [DT13R]
054010           BSKP ONE 30 DA
054011           JMP 3		; -> 054014
054012           LDA 127
054013 DT10R:    JMP 102		; -> 054115  [DT13R]
054014           LDA ,X 3
054015           JPL I 125		; -> 054142
054016           LDX 116
054017           RADD SB DX
054020           JPL I 123		; -> 054143  [DT14R]
054021           JMP 76		; -> 054117
054022           STT ,B 22
054023           LDA ,B 17
054024           LDT ,B 22
054025           SKP IF DA EQL ST
054026 DT10W:    JMP 3		; -> 054031
054027           SAA 66
054030           JMP 63		; -> 054113
054031           LDT ,B 20
054032           LDA ,B 17
054033           JPL I 111		; -> 054144
054034           JMP 57		; -> 054113
054035           LDA 110
054036           RADD SX DA
054037           STA ,B 23
054040           AAA 7
054041 DT11R:    STA ,B 24
054042           LDX ,B 23
054043           LDT ,B 24
054044           SKP IF DT GRE SX
054045           JMP 15		; -> 054062
054046           LDA ,X 0
054047           JAZ 11		; -> 054060
054050           LDA ,X 0
054051           AND 75
054052           LDT ,B 22
054053           SKP IF DA EQL ST
054054 DT11W:    JMP 4		; -> 054060
054055           JPL I 72		; -> 054147
054056           SAA 63
054057           JMP 34		; -> 054113
054060           AAX 1
054061           JMP -16		; -> 054043
054062           LDX ,B 23
054063           LDT ,B 24
054064           SKP IF DT GRE SX
054065           JMP 24		; -> 054111
054066           LDA ,X 0
054067 DT12R:    JAF 20		; -> 054107
054070           LDA I 60
054071           SHA ZIN 10
054072           ADD 57
054073           ADD ,B 22
054074           STA ,X 0
054075           LDT ,B 20
054076 PL039:    LDA ,B 17
054077           JPL I 53		; -> 054152
054100           JMP 13		; -> 054113
054101           MIN ,B 4
054102 DT12W:    LDX ,B 21
054103           LDA ,X 3
054104           JPL I 47		; -> 054153
054105           SAA -25
054106           JMP I 46		; -> 054154
054107           AAX 1
054110           JMP -25		; -> 054063
054111           JPL I 36		; -> 054147
054112           SAA 65
054113           STA ,B 2
054114           JMP -12		; -> 054102  [DT12W]
054115 DT13R:    STA ,B 2
054116           JMP -11		; -> 054105
054117           LDA 36
054120           SAX 10
054121           STA ,X ,B 6
054122 SWDEN:    LDX 12
054123           RADD SB DX
054124           JPL I 32		; -> 054156  [DT14W]
054125           JMP -12		; -> 054113
054126           LDA 31
054127           JMP -14		; -> 054113
054130 GMFKN:    ROP NOOP
054131           STZ I ,B ,X -26
054132           LDT I ,X 174
054133           MIN I ,B ,X 27
054134           STZ 6
054135           LDA ,B -1
054136           LDA I ,B ,X -125
054137           STF -153
054140           LDT -55
054141           STZ I ,X -166
054142           STT ,B 100
054143 DT14R:    LDT I ,B ,X -40
054144           LDT I ,X -132
054145           STZ 55
054146           STZ -1
054147           LDT I ,B ,X -57
054150           STA I ,B ,X -47
054151           FAD 0
054152           LDT I ,B ,X 10
054153           STT ,B 106
054154           STZ I ,B ,X -2
054155           STD I ,B ,X 40
054156 DT14W:    LDX ,B 127
054157           STZ -121
054160           STD I 106
054161           RADD CLD SL DA
054162           RADD CLD SB DD
054163           SAB 24
054164           JPL I 103		; -> 054267
054165           JPL I 103		; -> 054270
054166           JMP 76		; -> 054264
054167           STA ,B 16
054170 PL040:    LDA 101
054171 DT15R:    LDX 101
054172           RADD SB DX
054173           SAT 20
054174 SHIST:    JPL I 77		; -> 054273  [DT18R]
054175           JMP 67		; -> 054264
054176           JPL I 76		; -> 054274
054177           JMP 65		; -> 054264
054200           STT ,B 17
054201           JPL I 74		; -> 054275
054202           STX ,B 20
054203           JPL I 73		; -> 054276
054204 DT15W:    JMP 60		; -> 054264
054205           BSKP ONE 30 DA
054206           JMP 3		; -> 054211
054207           LDA 70
054210           JMP 54		; -> 054264
054211           LDA ,X 3
054212           JPL I 66		; -> 054300
054213           LDX 57
054214           RADD SB DX
054215           JPL I 64		; -> 054301
054216           JMP 44		; -> 054262
054217 DT16R:    STT ,B 21
054220           LDT ,B 17
054221           LDA ,B 16
054222           JPL I 60		; -> 054302
054223           JMP 37		; -> 054262
054224           LDA 57
054225           RADD SX DA
054226           STA ,B 22
054227           AAA 7
054230           STA ,B 23
054231           LDX ,B 22
054232 DT16W:    LDT ,B 23
054233           SKP IF DT GRE SX
054234           JMP 24		; -> 054260  [DT17W]
054235           LDA ,X 0
054236           JAZ 20		; -> 054256
054237           AND 45
054240           LDT ,B 21
054241           SKP IF DA EQL ST
054242           JMP 14		; -> 054256
054243           STZ ,X 0
054244           LDT ,B 17
054245 DT17R:    LDA ,B 16
054246           JPL I 37		; -> 054305  [CTRDI]
054247           JMP 13		; -> 054262
054250           MIN ,B 4
054251           LDX ,B 20
054252           LDA ,X 3
054253           JPL I 33		; -> 054306  [DT18W]
054254           SAA -24
054255           JMP I 32		; -> 054307
054256           AAX 1
054257           JMP -25		; -> 054232  [DT16W]
054260 DT17W:    JPL I 30		; -> 054310
054261           SAA 64
054262           STA ,B 2
054263           JMP -12		; -> 054251
054264           STA ,B 2
054265           JMP -11		; -> 054254
054266           ROP NOOP
054267           STZ I ,B ,X -26
054270           LDT I ,X 174
054271           MIN I ,B ,X 27
054272           STZ 6
054273 DT18R:    LDA ,B -1
054274           LDA I ,B ,X -125
054275           STF -153
054276           LDT -55
054277           STZ I ,X -166
054300           STT ,B 100
054301           LDT I ,B ,X -40
054302           LDT I ,X -132
054303           STZ 55
054304           STZ -1
054305 CTRDI:    LDT I ,B ,X 10
054306 DT18W:    STT ,B 106
054307           STZ I ,B ,X -2
054310           LDT I ,B ,X -57
054311           STD I 121
054312           RADD CLD SL DA
054313           RADD CLD SB DD
054314           SAB 25
054315 MLDIL:    JPL I 116		; -> 054433
054316           JPL I 116		; -> 054434
054317           JMP 111		; -> 054430
054320           STA ,B 16
054321 DT19R:    LDA 114
054322           LDX 114
054323           RADD SB DX
054324           SAT 20
054325           JPL I 112		; -> 054437
054326           JMP 102		; -> 054430
054327           LDA 111
054330 SDATA:    JPL I 107		; -> 054437
054331           JMP 77		; -> 054430
054332           BSKP ONE 50 DA
054333           JMP 2		; -> 054335
054334 DT19W:    RADD CLD 0 DA
054335           SHA ZIN 10
054336           STA ,B 17
054337 DIRDR:    JPL I 102		; -> 054441
054340 ILUTA:    JMP 70		; -> 054430
054341 GDFKN:    STT ,B 20
054342 RLUTA:    JPL I 100		; -> 054442
054343           STX ,B 21
054344           JPL I 77		; -> 054443
054345           JMP 63		; -> 054430
054346           BSKP ONE 30 DA
054347 DT20R:    JMP 3		; -> 054352
054350           LDA 74
054351           JMP 57		; -> 054430
054352           LDA ,X 3
054353           JPL I 72		; -> 054445
054354           LDX 62
054355 PL041:    RADD SB DX
054356           JPL I 70		; -> 054446
054357           JMP 47		; -> 054426
054360 RTDIR:    STT ,B 22
054361           LDT ,B 20
054362 DT20W:    LDA ,B 16
054363           JPL I 64		; -> 054447
054364           JMP 42		; -> 054426
054365           LDA 63
054366           RADD SX DA
054367           STA ,B 23
054370           AAA 7
054371           STA ,B 24
054372           LDX ,B 23
054373           LDT ,B 24
054374           SKP IF DT GRE SX
054375 DT21R:    JMP 27		; -> 054424
054376           LDA ,X 0
054377           JAZ 23		; -> 054422
054400 DATA:     AND 51
054401           LDT ,B 22
054402           SKP IF DA EQL ST
054403           JMP 17		; -> 054422
054404 PGSTA:    LDA ,X 0
054405           AND 45
054406           ADD ,B 17
054407           STA ,X 0
054410 DT21W:    LDT ,B 20
054411           LDA ,B 16
054412           JPL I 41		; -> 054453
054413           JMP 13		; -> 054426
054414           MIN ,B 4
054415           LDX ,B 21
054416           LDA ,X 3
054417           JPL I 35		; -> 054454
054420           SAA -25
054421           JMP I 34		; -> 054455
054422           AAX 1
054423 DT22R:    JMP -30		; -> 054373
054424           JPL I 32		; -> 054456  [SPTDT]
054425           SAA 64
054426           STA ,B 2
054427           JMP -12		; -> 054415
054430           STA ,B 2
054431           JMP -11		; -> 054420
054432 PRTDR:    ROP NOOP
054433           STZ I ,B ,X -26
054434           LDT I ,X 174
054435           MIN I ,B ,X 27
054436 DT22W:    STZ 6
054437           LDA ,B -1
054440           MIN I ,B ,X 37
054441           LDA I ,B ,X -125
054442           STF -153
054443           LDT -55
054444           STZ I ,X -166
054445           STT ,B 100
054446           LDT I ,B ,X -40
054447           LDT I ,X -132
054450           STZ 55
054451 DT23R:    STZ -1
054452           FAD -1
054453           LDT I ,B ,X 10
054454           STT ,B 106
054455           STZ I ,B ,X -2
054456 SPTDT:    LDT I ,B ,X -57
054457           STD I 27
054460 PGEND:    RADD CLD SL DA
054461           RADD CLD SB DD
054462           SAB 7
054463           JPL I 24		; -> 054507
054464 ENTER:    JPL I 24		; -> 054510
054465           JMP 17		; -> 054504  [PL042]
054466 SV24S:    LDA 23
054467           JPL I 23		; -> 054512  [DT24W]
054470           JMP 14		; -> 054504  [PL042]
054471           BSKP ONE 50 DA
054472           JMP 2		; -> 054474
054473           RADD CLD 0 DA
054474           STA I 17
054475           LDX 16
054476           SAT 44
054477 DT24R:    JPL I 15		; -> 054514
054500           RAND 0 0
054501           MIN ,B 4
054502           SAA -7
054503 DR023:    JMP I 12		; -> 054515
054504 PL042:    STA ,B 2
054505           JMP -3		; -> 054502
054506           ROP NOOP
054507           STZ I ,B ,X -26
054510           LDT I ,X 47
054511           MIN I ,B ,X 37
054512 DT24W:    LDA ,B -1
054513           STA I ,B ,X -47
054514           STX I 16
054515           STZ I ,B ,X -2
054516           STD I 111
054517           RADD CLD SL DA
054520 BUSEX:    RADD CLD SB DD
054521           SAB 52
054522           JPL I 106		; -> 054630
054523           JPL I 106		; -> 054631  [PL043]
054524           JMP 101		; -> 054625
054525 DT25R:    STA ,B 46
054526           LDA 104
054527 GMUSI:    LDX 104
054530           RADD SB DX
054531           SAT 20
054532           JPL I 102		; -> 054634
054533           JMP 72		; -> 054625
054534           JPL I 101		; -> 054635
054535           JMP 70		; -> 054625
054536           JPL I 100		; -> 054636
054537           JMP 66		; -> 054625
054540 DT25W:    STT ,B 47
054541           JPL I 76		; -> 054637
054542           STX ,B 50
054543           LDA ,X 3
054544           JPL I 74		; -> 054640
054545           LDT ,B 47
054546           LDA ,B 46
054547           JPL I 72		; -> 054641  [BUSCD]
054550           JMP 53		; -> 054623
054551           LDA 71
054552           RADD SX DA
054553 DT26R:    RADD CLD SA DX
054554           LDA 67
054555           RADD SB DA
054556           SAT 20
054557           JPL I 65		; -> 054644
054560           JPL I 65		; -> 054645
054561           STZ ,B 51
054562           LDA ,B 51
054563           SAT 7
054564           SKP IF DT GRE SA
054565           JMP 27		; -> 054614  [DT27W]
054566 DT26W:    LDX ,B 51
054567 TESTM:    LDA ,X ,B 16
054570           JAZ 20		; -> 054610
054571           LDT ,B 47
054572 SSDNU:    AND 54
054573           LDX 54
054574           RADD SB DX
054575           JPL I 53		; -> 054650
054576           JMP 25		; -> 054623
054577           LDX 34
054600           RADD SB DX
054601 DT27R:    LDA 46
054602           RADD SB DA
054603           SAT 20
054604           JPL I 45		; -> 054651
054605           JMP 3		; -> 054610
054606           JMP 47		; -> 054655  [DT29R]
054607           JMP 46		; -> 054655  [DT29R]
054610           LDA ,B 51
054611           AAA 1
054612           STA ,B 51
054613           JMP -30		; -> 054563
054614 DT27W:    MIN ,B 4
054615           LDX ,B 50
054616           LDA ,X 3
054617           JPL I 33		; -> 054652
054620           JPL I 33		; -> 054653
054621           SAA -52
054622           JMP I 32		; -> 054654
054623           STA ,B 2
054624 LEAVE:    JMP -7		; -> 054615
054625           STA ,B 2
054626           JMP -6		; -> 054620
054627 DT28R:    ROP NOOP
054630           STZ I ,B ,X -26
054631 PL043:    LDT I ,X 174
054632           MIN I ,B ,X 27
054633 MNCNC:    STZ 6
054634           LDA ,B -1
054635           STF I ,B ,X 171
054636           LDA I ,B ,X -125
054637           STF -153
054640           STT ,B 100
054641 BUSCD:    LDT I ,X -132
054642 DT28W:    STZ 55
054643           STZ 16
054644           STZ I -154
054645           LDT I ,B ,X -57
054646           STZ -1
054647           STZ 36
054650           LDX I 111
054651           MIN I ,B 152
054652           STT ,B 106
054653           STF I ,B ,X -132
054654           STZ I ,B ,X -2
054655 DT29R:    LDX ,B 50
054656           LDA ,X 3
054657           JPL I 51		; -> 054730
054660           JPL I 51		; -> 054731  [DT31R]
054661           STD ,X 106
054662           LDT I 111
054663           MIN ,X ,B 116
054664           MIN ,X 40
054665           STD I ,B ,X 0
054666           LDA ,B 51
054667           JPL I 43		; -> 054732
054670 DT29W:    JPL I 41		; -> 054731  [DT31R]
054671           STD 72
054672           STD 47
054673           LDX 40
054674           RADD SB DX
054675           SAT 20
054676           JPL I 36		; -> 054734
054677           JPL I 32		; -> 054731  [DT31R]
054700           STD ,X 40
054701           STD 40
054702           STD 40
054703 DT30R:    STD 40
054704           STD 40
054705           STD 40
054706           STD 40
054707           STD 101
054710           MIN I ,B 103
054711           MIN ,X ,B 123
054712           LDT I ,B 40
054713           LDF I 40
054714           STD I ,B ,X 0
054715           LDX ,B 51
054716 DT30W:    LDA ,X ,B 16
054717           SHA SHR 10
054720           AND 15
054721           JPL I 15		; -> 054736
054722           JPL I 7		; -> 054731  [DT31R]
054723           STD ,X 47
054724 ISTCK:    LDX ,B 50
054725           LDA ,X 3
054726           JPL I 11		; -> 054737
054727           JMP I 11		; -> 054740
054730           STT ,B 106
054731 DT31R:    MIN ,B -50
054732           MIN ,B 50
054733           STZ 36
054734           MIN I 13
054735           STZ 37
054736           MIN I -112
054737           STT ,B 100
054740           ROP NOOP
054741 COLUN:    BSET ZRO SSK
054742           JMP 2		; -> 054744  [DT31W]
054743           BSET ONE SSK
054744 DT31W:    STD I 134
054745           RADD CLD SL DA
054746           RADD CLD SB DD
054747           SAB 132
054750           JPL I 131		; -> 055101
054751           BSKP ONE SSK
054752           JMP 4		; -> 054756
054753           SAA 1
054754           STA ,B 131
054755           JMP 2		; -> 054757  [DT32R]
054756           STZ ,B 131
054757 DT32R:    JPL I 123		; -> 055102
054760 COSPS:    JMP I 123		; -> 055103
054761           LDA 123
054762           LDX 123
054763           RADD SB DX
054764           SAT 20
054765           JPL I 121		; -> 055106
054766           JMP I 115		; -> 055103
054767           LDA I 120
054770           JPL I 120		; -> 055110  [MINBT]
054771           JPL I 120		; -> 055111  [GUSEN]
054772 DT32W:    JMP I 120		; -> 055112
054773           STT ,B 27
054774           LDX 117
054775           JPL I 117		; -> 055114
054776           JMP I 114		; -> 055112
054777           JPL I 111		; -> 055110  [MINBT]
055000           LDA I 107
055001           JPL I 114		; -> 055115
055002           JPL I 114		; -> 055116
055003           JMP I 114		; -> 055117
055004           BSKP ONE 30 DA
055005 DT33R:    JMP 3		; -> 055010
055006 STTIN:    LDA 112
055007           JMP I 110		; -> 055117
055010           LDX 111
055011 TYENT:    JPL I 103		; -> 055114
055012           JMP I 105		; -> 055117
055013           STA ,B 117
055014           BSKP ONE 130 DA
055015 MDRIV:    JMP 3		; -> 055020  [DT33W]
055016           SAA 147
055017           JMP I 103		; -> 055122  [DT36W]
055020 DT33W:    BSKP ONE 150 DA
055021           JMP 3		; -> 055024  [PL044]
055022           SAA 145
055023           JMP I 77		; -> 055122  [DT36W]
055024 PL044:    AND 77
055025           JAZ 3		; -> 055030
055026           SAA 41
055027           JMP I 73		; -> 055122  [DT36W]
055030           SAT 5
055031           JPL I 73		; -> 055124
055032           LDA I 73
055033 DT34R:    RADD CLD SA DD
055034           JPL I 70		; -> 055124
055035           STZ ,B 30
055036           LDA ,B 30
055037           LDT 67
055040 DRFEI:    AAT -1
055041           SKP IF DT GRE SA
055042           JMP 35		; -> 055077
055043           LDT ,B 27
055044           LDA ,B 30
055045           JPL I 62		; -> 055127
055046 DT34W:    JMP I 54		; -> 055122  [DT36W]
055047           LDA ,X 25
055050           AND 60
055051           RADD CLD SA DX
055052           JPL I 57		; -> 055131
055053 DBSPR:    JXZ 20		; -> 055073
055054           LDA ,B 117
055055           BSKP ZRO 160 DA
055056           JMP 3		; -> 055061  [DT35R]
055057           SAA 53
055060           JMP I 42		; -> 055122  [DT36W]
055061 DT35R:    LDA ,B 27
055062           SHA ZIN 10
055063           ADD ,B 30
055064           SKP IF DA UEQ SD
055065           JMP 6		; -> 055073
055066           LDT I 37
055067           SKP IF DA UEQ ST
055070           JMP 3		; -> 055073
055071           SAA 53
055072           JMP I 30		; -> 055122  [DT36W]
055073           LDA ,B 30
055074 DT35W:    AAA 1
055075           STA ,B 30
055076           JMP -37		; -> 055037
055077           JMP 33		; -> 055132
055100           ROP NOOP
055101           STZ I ,B ,X -26
055102           LDT I ,X 47
055103           SRB 70
055104           MIN I ,X -157
055105           STZ 7
055106           LDA ,B -1
055107 DT36R:    MPY 27
055110 MINBT:    STT ,B 100
055111 GUSEN:    LDA I ,B ,X 2
055112           SRB 70
055113 NGUSN:    STZ 3
055114           LDT 124
055115           STT ,B 106
055116           LDT -55
055117           SRB 70
055120           STZ I ,X -166
055121           STZ 0
055122 DT36W:    SRB 70
055123           STZ I ,B -1
055124           STA ,B -16
055125           RADD CM1 SX DL
055126           STZ ,B 0
055127           LDT I ,X -132
055130           STZ -1
055131           LDT I ,B ,X -57
055132           LDA ,B 117
055133 ISPHE:    BSET ONE 130 DA
055134 COOPT:    LDT ,B 27
055135 RSPHE:    LDX 24
055136           JPL I 24		; -> 055162
055137           JMP I 24		; -> 055163  [DT38R]
055140           LDX 24
055141           JPL I 24		; -> 055165
055142           JMP I 21		; -> 055163  [DT38R]
055143           JPL I 23		; -> 055166
055144           JPL I 23		; -> 055167
055145           JMP I 23		; -> 055170  [MOUTB]
055146           STA ,B 130
055147           JPL I 22		; -> 055171
055150 DT37W:    JMP I 20		; -> 055170  [MOUTB]
055151           STD ,B 41
055152           SAA -1
055153           RADD CLD SA DD
055154 MNDCN:    STD ,B 45
055155           RADD CLD 0 DA
055156           RADD CLD 0 DD
055157           STD ,B 35
055160           JMP 12		; -> 055172
055161           STZ 0
055162           LDT 132
055163 DT38R:    SRB 70
055164           STZ 3
055165           LDT 124
055166           STT ,B 106
055167           LDT -55
055170 MOUTB:    SRB 70
055171           LDF I ,X 101
055172           JPL I 160		; -> 055352
055173           STD ,X 52
055174           STD 52
055175           STD 52
055176 DT38W:    STD 40
055177           LDT I ,B ,X 40
055200           MIN ,B 40
055201           LDT I 40
055202           LDA I ,X 40
055203           LDA ,B 40
055204           LDA I ,X 40
055205           MIN I ,B ,X 40
055206 CUSED:    STD 52
055207           STD 52
055210           STD 52
055211 DT39R:    STD 47
055212           JPL I 140		; -> 055352
055213           STD ,X 124
055214           LDA 111
055215           LDT I ,B 40
055216           MIN I ,B 117
055217           LDA ,X ,B 115
055220           MIN ,B 116
055221           MIN ,X 40
055222           LDA ,X ,B 125
055223           LDT I ,B 124
055224 DT39W:    STD 122
055225           LDT ,X ,B 116
055226           STD 124
055227           LDA I ,B ,X 40
055230           MIN I ,B 117
055231           LDA ,X ,B 120
055232           LDA ,X 105
055233           LDT ,X 111
055234 PL045:    LDA I ,B ,X 116
055235           STD ,B 41
055236           STD I ,B ,X 0
055237 DT40R:    JPL I 113		; -> 055352
055240           STD ,X 111
055241           MIN I ,X 40
055242           LDT ,X 110
055243           MIN ,X ,B 40
055244           LDT I ,B 131
055245           LDT I ,B 124
055246           MIN ,X ,B 115
055247           STD 123
055250           LDT ,X 117
055251           LDT 123
055252 DT40W:    STD 50
055253           LDA I ,B ,X 122
055254           STD 111
055255           LDT I ,B 40
055256           LDT I ,B 124
055257           LDA I ,B ,X 120
055260           LDT 105
055261           MIN ,X 51
055262           STD 127
055263 GDEFD:    LDA 111
055264           LDA ,X 105
055265 DT41R:    STD 124
055266           LDA 111
055267           LDT I ,B 40
055270           MIN I ,B 117
055271           LDA ,X ,B 115
055272           MIN ,B 116
055273           MIN ,X 40
055274           LDA ,B 123
055275           STD 105
055276           LDX 105
055277 RWREG:    MIN I ,B 125
055300 DT41W:    LDT ,X 111
055301           LDA I ,X 107
055302           LDD ,X 47
055303           JPL I 47		; -> 055352
055304           STD ,X 124
055305           LDA 105
055306           STD 103
055307           LDA I ,B ,X 115
055310           LDA ,X ,B 101
055311           LDA I ,X 104
055312           STD 115
055313 DT42R:    LDT ,X ,B 123
055314           LDT ,X 40
055315           MIN I 105
055316           STD 122
055317           MIN ,X ,B 111
055320           LDT I ,B 123
055321           LDT ,X ,B 105
055322           MIN ,X 40
055323           MIN ,B 106
055324           LDT ,X 105
055325           LDT I 40
055326 DT42W:    LDT I ,B 131
055327           LDT I ,B 124
055330           MIN ,X ,B 115
055331           STD 122
055332           MIN ,X ,B 123
055333           LDT ,X 101
055334           LDT I 124
055335           STD 102
055336           MIN ,X ,B 106
055337 UPDIE:    LDA I ,B ,X 122
055340           MIN ,X ,B 40
055341 DT43R:    LDT ,X 110
055342           MIN ,X ,B 40
055343 PL046:    MIN ,X 111
055344           LDT I 105
055345           MIN I ,B 124
055346           LDA I ,B ,X 122
055347           LDX ,B 40
055350           STD I ,B ,X 0
055351           JMP 2		; -> 055353
055352           MIN ,B -50
055353           JPL I 110		; -> 055463
055354 DT43W:    STD ,X 111
055355           LDT I ,B 40
055356           LDT ,X ,B 123
055357           MIN ,X ,B 104
055360 ECHSU:    LDD ,X 40
055361           LDA I ,B ,X 124
055362           LDA 105
055363           LDT I 127
055364           LDA ,B 123
055365           MIN ,X ,B 40
055366           LDT ,X 110
055367 DT44R:    MIN ,X ,B 40
055370           MIN ,X 111
055371           LDT I 105
055372           MIN I ,B 124
055373           LDA I ,B ,X 122
055374 GTMAG:    LDX ,B 40
055375           LDT I ,B ,X 111
055376 STDIS:    LDA ,X 114
055377           STD 102
055400           MIN ,X ,B 40
055401           MIN ,X 105
055402 DT44W:    LDT I ,B 124
055403           LDT I 117
055404           LDX ,B 105
055405           MIN ,X 56
055406           STD ,X 47
055407           LDT ,B 27
055410           LDX 54
055411 PRABP:    JPL I 54		; -> 055465
055412 GUSAC:    JMP I 54		; -> 055466
055413           STD ,B 43
055414           JPL I 53		; -> 055467
055415 DT45R:    JMP I 51		; -> 055466
055416           JPL I 52		; -> 055470
055417           JMP I 47		; -> 055466
055420           SAD ZIN 2
055421           SKP IF DD EQL 0
055422           JMP 2		; -> 055424  [CIACC]
055423           AAA -1
055424 CIACC:    STA ,B 101
055425           STZ ,B 127
055426           LDA ,B 127
055427           LDT ,B 101
055430 DT45W:    SKP IF DT GRE SA
055431           JMP 24		; -> 055455
055432           LDT ,B 127
055433           LDD ,B 43
055434           RADD ST DD
055435           RADD ADC CLD SA DA
055436           LDT ,B 27
055437           JPL I 32		; -> 055471  [DT47R]
055440 ECAPD:    STX ,B 6
055441           RADD CLD SA DX
055442           LDT 30
055443 DT46R:    RADD CLD 0 DA
055444           JPL I 27		; -> 055473
055445           LDX ,B 6
055446           LDT ,B 27
055447           JPL I 25		; -> 055474
055450           JMP I 16		; -> 055466
055451           LDA ,B 127
055452           AAA 1
055453           STA ,B 127
055454           JMP -25		; -> 055427
055455           LDT ,B 27
055456 DT46W:    RADD CLD 0 DA
055457           RADD CLD 0 DD
055460 DSORT:    JPL I 15		; -> 055475
055461           JMP I 5		; -> 055466
055462           JMP 14		; -> 055476
055463           MIN ,B -50
055464           STZ 21
055465           LDT 121
055466           SRB 70
055467           LDT ,B 165
055470           LDF I ,X 101
055471 DT47R:    LDF ,B 157
055472 XOFTR:    STZ ,X 0
055473           STF 164
055474           LDF ,X -157
055475           LDT ,B -151
055476           STZ ,B 117
055477           LDA ,B 117
055500           SAT 3
055501           SKP IF DT GRE SA
055502           JMP 156		; -> 055660
055503           SAA -4
055504 DT47W:    STA ,B 30
055505           LDA ,B 117
055506           SAT 3
055507           SKP IF DA EQL ST
055510           JMP 3		; -> 055513
055511           LDA 150
055512           JMP 3		; -> 055515
055513           LDA 146
055514           AAA -1
055515           STA ,B 31
055516           LDA ,B 30
055517 DT48R:    LDT ,B 31
055520           SKP IF DT GRE SA
055521           JMP 133		; -> 055654
055522           JMP I 140		; -> 055662  [DT52W]
055523           STZ ,B 32
055524           LDA ,B 32
055525           LDT ,B 34
055526           SKP IF DT GRE SA
055527           JMP 121		; -> 055650  [STSER]
055530           LDA ,B 71
055531           STA ,B 33
055532 DT48W:    LDA ,B 33
055533           LDT 126
055534           AAT -1
055535           SKP IF DT GRE SA
055536           JMP 106		; -> 055644
055537           STZ ,B 123
055540 GSYSI:    STZ ,B 124
055541           LDT ,B 117
055542           SHT ZIN 10
055543           LDD ,B 123
055544           RADD ST DA
055545 DT49R:    LDT ,B 30
055546           LDX 115
055547           RADD SB DX
055550           JPL I 114		; -> 055664
055551           JMP 67		; -> 055640
055552           JMP 160		; -> 055732
055553 PL047:    STD ,B 43
055554           AND 111
055555 GTNRS:    SKP IF DA EQL 0
055556           JMP I 110		; -> 055666
055557           LDA ,B 42
055560 DT49W:    SUB ,B 44
055561           SWAP SD DA
055562           LDA ,B 41
055563 FOBJB:    RADD ADC CLD SA DA
055564           AAA -1
055565           SUB ,B 43
055566 ROBJE:    RADD CM1 0 DD
055567           RADD ADC CLD SA DA
055570           AAA -1
055571           SKP IF DA GRE 0
055572           JMP I 74		; -> 055666
055573 DT50R:    LDD ,B 43
055574 STNRS:    JAF 3		; -> 055577
055575           SKP IF DD UEQ 0
055576           JMP 35		; -> 055633
055577           LDT ,B 27
055600           JPL I 67		; -> 055667
055601           JMP I 67		; -> 055670
055602           JAF 5		; -> 055607  [COMPD]
055603           LDD ,B 43
055604           JPL I 65		; -> 055671
055605           JMP I 63		; -> 055670
055606 DT50W:    JMP 25		; -> 055633
055607 COMPD:    JPL I 63		; -> 055672
055610           STD ,X 47
055611           LDT ,B 117
055612           SHT ZIN 10
055613           LDD ,B 123
055614           RADD ST DA
055615           LDT ,B 30
055616           LDX 45
055617           RADD SB DX
055620 RFUNC:    JPL I 53		; -> 055673
055621 DT51R:    LDA ,B 131
055622 PL048:    JAZ 10		; -> 055632
055623           JPL I 47		; -> 055672
055624           STD 104
055625           MIN ,X ,B 114
055626           MIN ,X ,B 124
055627           MIN ,X ,B 104
055630           LDD ,X 40
055631           STD I ,B ,X 0
055632           JMP I 42		; -> 055674
055633           LDD ,B 123
055634 DT51W:    RADD AD1 0 DD
055635           RADD ADC CLD SA DA
055636           STD ,B 123
055637           JMP -76		; -> 055541
055640           LDA ,B 33
055641           AAA 1
055642           STA ,B 33
055643           JMP -110		; -> 055533
055644           LDA ,B 32
055645           AAA 1
055646           STA ,B 32
055647 DT52R:    JMP -122		; -> 055525
055650 STSER:    LDA ,B 30
055651           AAA 1
055652           STA ,B 30
055653           JMP -134		; -> 055517  [DT48R]
055654           LDA ,B 117
055655           AAA 1
055656           STA ,B 117
055657           JMP -157		; -> 055500
055660           JMP I 15		; -> 055675  [DT65R]
055661           STZ ,B 0
055662 DT52W:    UNDEF
055663           STZ 32
055664           SRB 120
055665           SKP IF 0 EQL 0
055666           UNDEF
055667           LDT I 25
055670           SRB 70
055671           LDT ,B -151
055672           MIN ,B -50
055673           MON 315		; LAMUFunction / MLAMU (315B)
055674           WAIT
055675 DT65R:    WAIT
055676           LDA ,B 30
055677           JAN 5		; -> 055704
055700           LDA ,B 30
055701           LDT 75
055702           SKP IF DA EQL ST
055703           JMP 6		; -> 055711
055704           LDA 72
055705           AAA -1
055706 PL049:    STA ,B 71
055707           STZ ,B 34
055710 DT65W:    JMP 21		; -> 055731
055711           LDT ,B 27
055712           LDA ,B 30
055713           JPL I 64		; -> 055777  [DT68R]
055714           JMP I 64		; -> 056000
055715           LDA ,X 25
055716           BSKP ONE 170 DA
055717           JMP 6		; -> 055725  [DWRIT]
055720           STZ ,B 71
055721           LDA ,X 54
055722           AND 57
055723 DT66R:    STA ,B 34
055724           JMP 4		; -> 055730
055725 DWRIT:    LDA 51
055726           STA ,B 71
055727           STZ ,B 34
055730           JPL I 52		; -> 056002
055731           JMP I 52		; -> 056003  [DHIST]
055732           RADD CLD SD DT
055733           RADD CLD SA DL
055734           LDD ,B 123
055735 STSUR:    RADD ST DD
055736 DT66W:    RADD ADC CLD SA DA
055737           RADD SL DA
055740           STD ,B 123
055741           JMP I 43		; -> 056004
055742           JPL I 43		; -> 056005
055743           STD ,X 47
055744           LDT ,B 117
055745           SHT ZIN 10
055746           LDD ,B 123
055747           RADD ST DA
055750 WOBJE:    LDT ,B 30
055751 DT67R:    LDX 35
055752           RADD SB DX
055753           JPL I 34		; -> 056007
055754           JPL I 31		; -> 056005
055755           STD 117
055756           LDT ,X ,B 124
055757           LDT I ,B 111
055760 TOSEC:    MIN ,X 105
055761           STD 104
055762           MIN ,X ,B 126
055763           LDA ,B 103
055764 DT67W:    MIN ,X ,B 47
055765           LDA ,B 131
055766           JAZ 7		; -> 055775
055767           JPL I 16		; -> 056005
055770           LDD ,X 40
055771 TWRIT:    MIN ,X 105
055772           LDA ,X 105
055773           LDT ,X 105
055774           MIN ,X 47
055775           JMP I 13		; -> 056010
055776           STZ ,B 0
055777 DT68R:    LDT I ,X -132
056000           SRB 70
056001           STZ 17
056002           LDT I ,B ,X -57
056003 DHIST:    UNDEF
056004           UNDEF
056005           MIN ,B -50
056006           STZ 32
056007           MON 315		; LAMUFunction / MLAMU (315B)
056010           WAIT
056011 BSEEK:    STZ ,B 122
056012 DT68W:    JPL I 157		; -> 056171
056013           STD ,X 40
056014           STD 103
056015           LDA I ,B ,X 116
056016           MIN I ,X 114
056017           LDA ,B 103
056020           LDT ,X 123
056021           STD 127
056022           LDA ,B 124
056023           LDA 40
056024           STD 47
056025 DT69R:    LDA ,B 122
056026           SAT 3
056027           SKP IF DT GRE SA
056030           JMP 104		; -> 056134
056031           SAA -4
056032           STA ,B 111
056033           LDA ,B 111
056034           LDT 136
056035           AAT -1
056036           SKP IF DT GRE SA
056037           JMP 71		; -> 056130
056040 DT69W:    JMP I 133		; -> 056173
056041           STZ ,B 107
056042           LDA ,B 107
056043           LDT ,B 120
056044           SKP IF DT GRE SA
056045           JMP 57		; -> 056124
056046           LDA ,B 121
056047           STA ,B 110
056050           LDA ,B 110
056051           LDT 121
056052 PL050:    AAT -1
056053 DT70R:    SKP IF DT GRE SA
056054           JMP 44		; -> 056120
056055           STZ ,B 125
056056           STZ ,B 126
056057           LDT ,B 122
056060           SHT ZIN 10
056061           LDD ,B 125
056062           RADD ST DA
056063           LDT ,B 111
056064           LDX 110
056065           RADD SB DX
056066 DT70W:    JPL I 107		; -> 056175
056067           JMP 25		; -> 056114  [DT71W]
056070           JMP 14		; -> 056104
056071           LDT ,B 43
056072 WSEEK:    SKP IF DA EQL ST
056073           JMP 4		; -> 056077
056074           LDT ,B 44
056075           SKP IF DD UEQ ST
056076           JMP 44		; -> 056142  [DT72W]
056077           LDD ,B 125
056100           RADD AD1 0 DD
056101 DT71R:    RADD ADC CLD SA DA
056102           STD ,B 125
056103           JMP -24		; -> 056057
056104           RADD CLD SD DT
056105           RADD CLD SA DL
056106           LDD ,B 125
056107           RADD ST DD
056110           RADD ADC CLD SA DA
056111           RADD SL DA
056112           STD ,B 125
056113           JMP -34		; -> 056057
056114 DT71W:    LDA ,B 110
056115           AAA 1
056116           STA ,B 110
056117           JMP -46		; -> 056051
056120           LDA ,B 107
056121           AAA 1
056122           STA ,B 107
056123           JMP -60		; -> 056043
056124           LDA ,B 111
056125           AAA 1
056126           STA ,B 111
056127 DT72R:    JMP -73		; -> 056034
056130           LDA ,B 122
056131           AAA 1
056132           STA ,B 122
056133           JMP -105		; -> 056026
056134           JPL I 35		; -> 056171
056135           LDA I ,X 117
056136           STD 106
056137           LDA ,B 114
056140           MIN ,X ,B 47
056141           JMP I 35		; -> 056176
056142 DT72W:    LDT ,B 122
056143 MAKET:    SHT ZIN 10
056144           LDD ,B 125
056145           RADD ST DA
056146           LDT ,B 111
056147           LDX 25
056150           RADD SB DX
056151           JPL I 26		; -> 056177
056152           LDA ,B 131
056153           JAZ 15		; -> 056170  [DT73W]
056154           LDA ,B 30
056155 DT73R:    LDT 15
056156           SKP IF DA UEQ ST
056157           JMP 11		; -> 056170  [DT73W]
056160           LDT ,B 117
056161           SHT ZIN 10
056162           LDD ,B 123
056163           RADD ST DA
056164           LDT ,B 30
056165           LDX 13
056166           RADD SB DX
056167           JPL I 12		; -> 056201
056170 DT73W:    JMP I 6		; -> 056176
056171           MIN ,B -50
056172           STZ ,B 0
056173           NLZ 20
056174           STZ 107
056175           SRB 120
056176           UNDEF
056177           MON 315		; LAMUFunction / MLAMU (315B)
056200           STZ 32
056201           IRW 150 DA
056202 SSCUR:    STZ ,B 30
056203 DT74R:    LDA ,B 30
056204           LDT 177
056205           AAT -1
056206           SKP IF DT GRE SA
056207           JMP 173		; -> 056402
056210           LDT ,B 27
056211           JPL I 173		; -> 056404
056212           JMP I 173		; -> 056405
056213           LDA ,X 54
056214           AND 172
056215           STA ,B 34
056216 DT74W:    LDA ,X 25
056217           JPL I 170		; -> 056407  [DT80R]
056220           BSKP ONE 170 DA
056221           JMP 155		; -> 056376
056222           RADD CLD 0 DA
056223           RADD CLD 0 DD
056224           STD ,B 37
056225           STZ ,B 32
056226           LDA ,B 32
056227           LDT ,B 34
056230           SKP IF DT GRE SA
056231 DT75R:    JMP 21		; -> 056252  [UPCUR]
056232           STZ ,B 33
056233           LDA ,B 33
056234           LDT 147
056235           AAT -1
056236           SKP IF DT GRE SA
056237           JMP 6		; -> 056245
056240           JMP I 150		; -> 056410
056241           LDA ,B 33
056242           AAA 1
056243           STA ,B 33
056244 DT75W:    JMP -10		; -> 056234
056245           JMP I 144		; -> 056411
056246           LDA ,B 32
056247           AAA 1
056250           STA ,B 32
056251           JMP -22		; -> 056227
056252 UPCUR:    LDT ,B 27
056253           LDA ,B 30
056254           JPL I 130		; -> 056404
056255           JMP I 130		; -> 056405
056256           LDD ,X 43
056257 DT76R:    RADD CLD SD DT
056260           RADD CLD SA DL
056261           LDD ,B 35
056262           RADD ST DD
056263           RADD ADC CLD SA DA
056264           RADD SL DA
056265           STD ,B 35
056266 STRDI:    LDD ,X 45
056267           RADD CLD SA DL
056270           RADD CLD SD DT
056271           LDD ,B 37
056272 DT76W:    SKP IF DA EQL SL
056273           JMP 3		; -> 056276
056274           SKP IF DD UEQ ST
056275           JMP 100		; -> 056375
056276           LDT ,B 131
056277           SKP IF DT UEQ 0
056300           JMP 7		; -> 056307  [ROBJB]
056301           STD ,X 45
056302           LDT ,B 27
056303           LDA ,B 30
056304           JPL I 106		; -> 056412
056305 DT77R:    JMP I 100		; -> 056405
056306           JMP 2		; -> 056310
056307 ROBJB:    JPL I 100		; -> 056407  [DT80R]
056310           JPL I 103		; -> 056413
056311           STD ,X 116
056312           LDT ,X ,B 115
056313           MIN I 105
056314           LDT I 40
056315           LDA I ,B ,X 106
056316           STD 120
056317           MIN ,B 107
056320 DT77W:    MIN ,X ,B 123
056321           STD 125
056322           LDT I ,B 105
056323           MIN ,X 40
056324           MIN I 131
056325           STD 125
056326 GOBJI:    LDT I ,B 105
056327           LDT I 40
056330           STD I ,B ,X 0
056331           LDT ,B 27
056332           LDA ,B 30
056333 DT78R:    LDX 53
056334           RADD SB DX
056335           JPL I 57		; -> 056414
056336           JMP I 47		; -> 056405
056337           SAT 20
056340           JPL I 55		; -> 056415
056341           JPL I 52		; -> 056413
056342           STD 111
056343           LDT I ,B 40
056344           LDT I ,B ,X 122
056345           LDA I ,B ,X 116
056346 DT78W:    MIN I ,B ,X 56
056347           STD I ,B ,X 0
056350           LDA ,B 131
056351           JAZ 12		; -> 056363
056352           JPL I 41		; -> 056413
056353           STD 103
056354           LDA 101
056355           LDA I ,X 107
056356           MIN ,X ,B 104
056357           STD 124
056360           LDA I ,B ,X 40
056361 DT79R:    STD I ,B ,X 0
056362           JMP 10		; -> 056372
056363           JPL I 30		; -> 056413
056364           STD 123
056365           LDA 117
056366           LDT ,X ,B 114
056367           MIN ,X 40
056370           MIN I 105
056371           STD 47
056372           LDD ,B 37
056373           JPL I 23		; -> 056416
056374 DT79W:    JMP 2		; -> 056376
056375           JPL I 12		; -> 056407  [DT80R]
056376           LDA ,B 30
056377           AAA 1
056400           STA ,B 30
056401           JMP -175		; -> 056204
056402           JMP I 15		; -> 056417
056403           STZ ,B 0
056404           LDT I ,X -132
056405           SRB 70
056406           STZ 17
056407 DT80R:    LDT I ,B ,X -57
056410           NLZ 62
056411           DNZ 24
056412           LDT I ,B ,X 10
056413           MIN ,B -50
056414           LDX I 113
056415           MIN I 13
056416           MIN ,B -162
056417           DNZ 103
056420           LDA ,B 111
056421           JAN 5		; -> 056426
056422 DT80W:    LDA ,B 111
056423           LDT 31
056424           SKP IF DA EQL ST
056425           JMP 6		; -> 056433
056426           LDA 26
056427           AAA -1
056430           STA ,B 121
056431           STZ ,B 120
056432           JMP 21		; -> 056453
056433           LDT ,B 27
056434           LDA ,B 111
056435 DT81R:    JPL I 20		; -> 056455
056436           JMP I 20		; -> 056456
056437           LDA ,X 25
056440           BSKP ONE 170 DA
056441           JMP 6		; -> 056447
056442           STZ ,B 121
056443           LDA ,X 54
056444           AND 13
056445           STA ,B 120
056446           JMP 4		; -> 056452
056447           LDA 5
056450 DT81W:    STA ,B 121
056451           STZ ,B 120
056452           JPL I 6		; -> 056460
056453           JMP I 6		; -> 056461
056454           STZ ,B 0
056455           LDT I ,X -132
056456           SRB 70
056457           STZ 17
056460           LDT I ,B ,X -57
056461           WAIT
056462           RADD CLD 0 DA
056463 DT82R:    RADD CLD 0 DD
056464           STD ,B 123
056465           STD ,B 77
056466           LDD ,B 123
056467           LDT ,B 30
056470           LDX 135
056471           RADD SB DX
056472           JPL I 134		; -> 056626  [DT86W]
056473           JMP 32		; -> 056525
056474           JMP 21		; -> 056515
056475           JAF 3		; -> 056500
056476 DT82W:    SKP IF DD UEQ 0
056477           JMP 11		; -> 056510
056500           LDD ,B 77
056501           RADD AD1 0 DD
056502           RADD ADC CLD SA DA
056503           STD ,B 77
056504 SSTDI:    LDD ,B 37
056505           RADD AD1 0 DD
056506           RADD ADC CLD SA DA
056507           STD ,B 37
056510           LDD ,B 123
056511 DT83R:    RADD AD1 0 DD
056512           RADD ADC CLD SA DA
056513           STD ,B 123
056514           JMP -26		; -> 056466
056515           RADD CLD SA DL
056516 SWT11:    RADD CLD SD DT
056517           LDD ,B 123
056520           RADD ST DD
056521           RADD ADC CLD SA DA
056522           RADD SL DA
056523           STD ,B 123
056524 DT83W:    JMP -36		; -> 056466
056525           STZ ,B 123
056526           STZ ,B 124
056527           LDD ,B 123
056530           ADD 77
056531           LDT ,B 30
056532           LDX 73
056533           RADD SB DX
056534           JPL I 72		; -> 056626  [DT86W]
056535           JMP 32		; -> 056567
056536           JMP 21		; -> 056557
056537 DT84R:    JAF 3		; -> 056542
056540           SKP IF DD UEQ 0
056541           JMP 11		; -> 056552  [DT84W]
056542           LDD ,B 77
056543           RADD AD1 0 DD
056544           RADD ADC CLD SA DA
056545           STD ,B 77
056546           LDD ,B 37
056547           RADD AD1 0 DD
056550           RADD ADC CLD SA DA
056551           STD ,B 37
056552 DT84W:    LDD ,B 123
056553 SCGLB:    RADD AD1 0 DD
056554           RADD ADC CLD SA DA
056555           STD ,B 123
056556 SCGLN:    JMP -27		; -> 056527
056557           RADD CLD SA DL
056560           RADD CLD SD DT
056561           LDD ,B 123
056562           RADD ST DD
056563           RADD ADC CLD SA DA
056564           RADD SL DA
056565 DT85R:    STD ,B 123
056566           JMP -37		; -> 056527
056567           STZ ,B 123
056570           STZ ,B 124
056571           LDD ,B 123
056572           ADD 36
056573           LDT ,B 30
056574           LDX 31
056575           RADD SB DX
056576 CDAFI:    JPL I 30		; -> 056626  [DT86W]
056577           JMP I 32		; -> 056631
056600 DT85W:    JMP 15		; -> 056615
056601           JAF 3		; -> 056604
056602           SKP IF DD UEQ 0
056603           JMP 5		; -> 056610
056604           LDD ,B 37
056605           RADD AD1 0 DD
056606           RADD ADC CLD SA DA
056607           STD ,B 37
056610           LDD ,B 123
056611           RADD AD1 0 DD
056612           RADD ADC CLD SA DA
056613 DT86R:    STD ,B 123
056614           JMP -23		; -> 056571
056615           RADD CLD SA DL
056616           RADD CLD SD DT
056617           LDD ,B 123
056620           RADD ST DD
056621 TSTPR:    RADD ADC CLD SA DA
056622           RADD SL DA
056623           STD ,B 123
056624           JMP -33		; -> 056571
056625           STZ 32
056626 DT86W:    SRB 120
056627           STZ I ,B 0
056630           STZ ,B 0
056631           NLZ -146
056632           STZ ,B 123
056633           STZ ,B 124
056634           LDD ,B 123
056635           ADD 33
056636           LDT ,B 30
056637           LDX 32
056640           RADD SB DX
056641 DT87R:    JPL I 31		; -> 056672
056642           JMP I 31		; -> 056673
056643           JMP 15		; -> 056660
056644           JAF 3		; -> 056647
056645 SEPOB:    SKP IF DD UEQ 0
056646           JMP 5		; -> 056653
056647           LDD ,B 37
056650           RADD AD1 0 DD
056651           RADD ADC CLD SA DA
056652           STD ,B 37
056653           LDD ,B 123
056654 DT87W:    RADD AD1 0 DD
056655           RADD ADC CLD SA DA
056656           STD ,B 123
056657           JMP -23		; -> 056634
056660           RADD CLD SD DT
056661           RADD CLD SA DL
056662           LDD ,B 123
056663           RADD ST DD
056664           RADD ADC CLD SA DA
056665           RADD SL DA
056666           STD ,B 123
056667 DT88R:    JMP -33		; -> 056634
056670           STZ I 0
056671           STZ 32
056672           SRB 120
056673           NLZ -104
056674           LDT ,B 27
056675           LDA ,B 30
056676           SHA ZIN 10
056677           RADD CLD SA DL
056700           LDD ,B 32
056701           RADD SL DD
056702 DT88W:    JPL I 111		; -> 057013
056703           JMP I 111		; -> 057014
056704           LDA ,X 26
056705           BSKP ONE 170 DA
056706           JMP 103		; -> 057011
056707           LDD ,X 60
056710           RADD CLD SA DL
056711           RADD CLD SD DT
056712           LDD ,B 77
056713           SKP IF DA EQL SL
056714           JMP 3		; -> 056717
056715 DT89R:    SKP IF DD UEQ ST
056716           JMP 73		; -> 057011
056717           LDT ,B 131
056720           SKP IF DT UEQ 0
056721           JMP 13		; -> 056734
056722           STD ,X 60
056723           LDT ,B 27
056724           LDA ,B 30
056725           SHA ZIN 10
056726           RADD CLD SA DL
056727           LDD ,B 32
056730 DT89W:    RADD SL DD
056731           JPL I 64		; -> 057015
056732           JMP I 62		; -> 057014
056733           JMP 2		; -> 056735
056734           JPL I 62		; -> 057016
056735           JPL I 62		; -> 057017  [DT92R]
056736           STD ,X 116
056737           LDT ,X ,B 115
056740           MIN I 105
056741           LDT I 40
056742           LDA I ,B ,X 106
056743 DT90R:    STD 120
056744           MIN ,B 107
056745           MIN ,X ,B 123
056746           STD 111
056747           LDA I ,X 40
056750           STD I ,B ,X 0
056751           LDA 47
056752           RADD SB DA
056753           LDT ,B 30
056754           JPL I 45		; -> 057021
056755           JPL I 42		; -> 057017  [DT92R]
056756 DT90W:    STD 111
056757           LDT I ,B 40
056760           LDT I ,B ,X 122
056761           LDA I ,B ,X 116
056762           MIN I ,B ,X 56
056763           STD I ,B ,X 0
056764           LDA ,B 131
056765           JAZ 12		; -> 056777
056766           JPL I 31		; -> 057017  [DT92R]
056767           STD 103
056770           LDA 101
056771 DT91R:    LDA I ,X 107
056772           MIN ,X ,B 104
056773           STD 124
056774           LDA I ,B ,X 40
056775           STD I ,B ,X 0
056776           JMP 10		; -> 057006
056777           JPL I 20		; -> 057017  [DT92R]
057000           STD 123
057001           LDA 117
057002           LDT ,X ,B 114
057003           MIN ,X 40
057004 DT91W:    MIN I 105
057005           STD 47
057006           LDD ,B 77
057007           JPL I 13		; -> 057022
057010           JMP 2		; -> 057012
057011           JPL I 5		; -> 057016
057012           JMP I 11		; -> 057023
057013           LDX I ,B 166
057014           SRB 70
057015           LDX I ,B -30
057016           LDX ,X -71
057017 DT92R:    MIN ,B -50
057020           STZ 32
057021           IRW 50 DA
057022           MIN ,B -162
057023           WAIT
057024           LDA ,B 30
057025           SHA ZIN 10
057026           RADD CLD SA DD
057027           LDA ,B 32
057030           SAD ZIN SHR 5
057031           STD ,B 123
057032 DT92W:    LDD ,B 123
057033           ADD 45
057034           SAT -1
057035           JPL I 44		; -> 057101
057036           JMP I 44		; -> 057102
057037           JMP 31		; -> 057070
057040           JAF 3		; -> 057043
057041           SKP IF DD UEQ 0
057042           JMP 5		; -> 057047
057043           LDD ,B 37
057044           RADD AD1 0 DD
057045 DT93R:    RADD ADC CLD SA DA
057046           STD ,B 37
057047           LDD ,B 123
057050           RADD AD1 0 DD
057051           RADD ADC CLD SA DA
057052           STD ,B 123
057053           RADD CLD SA DL
057054           RADD CLD SD DT
057055           LDA ,B 30
057056           AAA 1
057057           SHA ZIN 10
057060 DT93W:    RADD CLD SA DD
057061           LDA ,B 32
057062           SAD ZIN SHR 5
057063           SKP IF DL EQL 0
057064           JMP 3		; -> 057067
057065           SKP IF DT GRE SD
057066           JMP -34		; -> 057032  [DT92W]
057067           JMP I 13		; -> 057102
057070           RADD CLD SA DL
057071           RADD CLD SD DT
057072           LDD ,B 123
057073 DT94R:    RADD ST DD
057074           RADD ADC CLD SA DA
057075           RADD SL DA
057076           STD ,B 123
057077           JMP -24		; -> 057053
057100           STZ I ,B 0
057101           SRB 120
057102           WAIT
057103           LDD ,B 41
057104           SAD ZIN 2
057105           SKP IF DD UEQ 0
057106 DT94W:    JMP 2		; -> 057110
057107           AAA 1
057110           RADD CLD SA DT
057111           LDD ,B 35
057112           RADD ST DD
057113           RADD ADC CLD SA DA
057114           STD ,B 35
057115           STZ ,B 123
057116           STZ ,B 124
057117           LDD ,B 123
057120           ADD 155
057121 DT95R:    SAT -2
057122           JPL I 154		; -> 057276
057123           JMP 26		; -> 057151
057124           JMP 15		; -> 057141
057125           JAF 3		; -> 057130  [MAKTA]
057126           SKP IF DD UEQ 0
057127           JMP 5		; -> 057134  [DT95W]
057130 MAKTA:    LDD ,B 35
057131           RADD AD1 0 DD
057132           RADD ADC CLD SA DA
057133           STD ,B 35
057134 DT95W:    LDD ,B 123
057135           RADD AD1 0 DD
057136           RADD ADC CLD SA DA
057137           STD ,B 123
057140           JMP -21		; -> 057117
057141           RADD CLD SA DL
057142           RADD CLD SD DT
057143           LDD ,B 123
057144           RADD ST DD
057145           RADD ADC CLD SA DA
057146           RADD SL DA
057147 DT96R:    STD ,B 123
057150           JMP -31		; -> 057117
057151           STZ ,B 123
057152           STZ ,B 124
057153           LDD ,B 123
057154           ADD 123
057155           SAT -2
057156           JPL I 120		; -> 057276
057157           JMP 26		; -> 057205
057160           JMP 15		; -> 057175  [DT97R]
057161           JAF 3		; -> 057164
057162 DT96W:    SKP IF DD UEQ 0
057163           JMP 5		; -> 057170
057164           LDD ,B 35
057165           RADD AD1 0 DD
057166           RADD ADC CLD SA DA
057167           STD ,B 35
057170           LDD ,B 123
057171           RADD AD1 0 DD
057172           RADD ADC CLD SA DA
057173 GFILI:    STD ,B 123
057174           JMP -21		; -> 057153
057175 DT97R:    RADD CLD SA DL
057176           RADD CLD SD DT
057177           LDD ,B 123
057200           RADD ST DD
057201           RADD ADC CLD SA DA
057202           RADD SL DA
057203           STD ,B 123
057204           JMP -31		; -> 057153
057205           STZ ,B 123
057206           STZ ,B 124
057207           LDD ,B 123
057210 DT97W:    ADD 65
057211           SAT -1
057212 STERT:    JPL I 64		; -> 057276
057213           JMP 26		; -> 057241
057214           JMP 15		; -> 057231
057215 SCSDI:    JAF 3		; -> 057220
057216           SKP IF DD UEQ 0
057217           JMP 5		; -> 057224
057220           LDD ,B 35
057221           RADD AD1 0 DD
057222           RADD ADC CLD SA DA
057223 DT98R:    STD ,B 35
057224           LDD ,B 123
057225           RADD AD1 0 DD
057226           RADD ADC CLD SA DA
057227           STD ,B 123
057230           JMP -21		; -> 057207
057231           RADD CLD SA DL
057232           RADD CLD SD DT
057233           LDD ,B 123
057234           RADD ST DD
057235           RADD ADC CLD SA DA
057236 DT98W:    RADD SL DA
057237           STD ,B 123
057240           JMP -31		; -> 057207
057241           STZ ,B 123
057242           STZ ,B 124
057243           LDD ,B 123
057244           ADD 34
057245           SAT -1
057246           JPL I 30		; -> 057276
057247           JMP 32		; -> 057301  [DISPR]
057250           JMP 15		; -> 057265
057251 DT99R:    JAF 3		; -> 057254
057252           SKP IF DD UEQ 0
057253           JMP 5		; -> 057260  [PRCHA]
057254           LDD ,B 35
057255           RADD AD1 0 DD
057256           RADD ADC CLD SA DA
057257           STD ,B 35
057260 PRCHA:    LDD ,B 123
057261           RADD AD1 0 DD
057262           RADD ADC CLD SA DA
057263           STD ,B 123
057264 DT99W:    JMP -21		; -> 057243
057265           RADD CLD SA DL
057266           RADD CLD SD DT
057267           LDD ,B 123
057270           RADD ST DD
057271           RADD ADC CLD SA DA
057272           RADD SL DA
057273           STD ,B 123
057274           JMP -31		; -> 057243
057275           STZ I 0
057276           SRB 120
057277 T100R:    STZ I ,B 0
057300           STZ ,B 0
057301 DISPR:    LDD ,B 35
057302           RADD AD1 0 DD
057303           RADD ADC CLD SA DA
057304           STD ,B 35
057305           RADD CLD SA DL
057306           RADD CLD SD DT
057307           LDD ,B 41
057310           RSUB ST DD
057311           RADD ADC CLD SA DA
057312 T100W:    AAA -1
057313           RSUB SL DA
057314           STD ,B 41
057315 5CMOR:    JAP 31		; -> 057346
057316           JPL I 165		; -> 057503  [T106R]
057317           STD ,X 124
057320           LDA I ,B ,X 117
057321           STD 115
057322           MIN ,B 116
057323           LDX ,B 40
057324           LDT 101
057325 T101R:    MIN I ,B ,X 105
057326           LDT I ,B 40
057327           MIN ,B 122
057330           MIN ,X ,B 40
057331           LDT I 105
057332           LDT I ,B 105
057333           LDT I 126
057334           MIN ,X ,B 104
057335           STD 102
057336           LDX ,B 40
057337           LDT ,X ,B 123
057340 T101W:    MIN ,X ,B 122
057341           LDT I ,B 56
057342 SESCL:    STD I ,B ,X 0
057343           RADD CLD 0 DA
057344           RADD CLD SA DD
057345           STD ,B 41
057346           LDT ,B 27
057347           LDX 135
057350           JPL I 135		; -> 057505  [DIRUN]
057351           JMP 124		; -> 057475
057352           RADD CLD SA DL
057353 T102R:    RADD CLD SD DT
057354           LDD ,B 41
057355           SKP IF DD EQL ST
057356           JMP 3		; -> 057361
057357           SKP IF DA UEQ SL
057360           JMP 61		; -> 057441
057361           LDT ,B 131
057362           SKP IF DT UEQ 0
057363           JMP 5		; -> 057370
057364           LDT ,B 27
057365           LDX 117
057366 T102W:    JPL I 120		; -> 057506
057367           JMP 106		; -> 057475
057370           JPL I 113		; -> 057503  [T106R]
057371           STD ,X 120
057372           MIN ,B 107
057373           MIN ,X ,B 123
057374           STD 125
057375           LDA I ,X 122
057376           MIN ,X ,B 123
057377           MIN ,X ,B 122
057400           LDT I ,X 105
057401 T103R:    MIN ,X 40
057402           LDA I ,B ,X 116
057403           STD 104
057404           MIN ,X ,B 126
057405 MNHDS:    LDA ,B 103
057406           MIN ,X ,B 40
057407           LDA ,B 123
057410           STD 127
057411           LDT I 117
057412           LDA I ,X 107
057413           LDD I ,X 40
057414 T103W:    STD I ,B ,X 0
057415           LDT ,B 131
057416           SKP IF DT UEQ 0
057417           JMP 12		; -> 057431  [M5TOR]
057420           JPL I 63		; -> 057503  [T106R]
057421           STD 103
057422           LDA 101
057423           LDA I ,X 107
057424           MIN ,X ,B 104
057425           STD 124
057426           LDA I ,B ,X 40
057427 T104R:    STD I ,B ,X 0
057430           JMP 10		; -> 057440
057431 M5TOR:    JPL I 52		; -> 057503  [T106R]
057432           STD 123
057433           LDA 117
057434           LDT ,X ,B 114
057435           MIN ,X 40
057436           MIN I 105
057437           STD 47
057440           JPL I 47		; -> 057507
057441           JPL I 42		; -> 057503  [T106R]
057442 T104W:    STD ,X 47
057443           LDT ,B 27
057444           JPL I 44		; -> 057510
057445           JMP 30		; -> 057475
057446           JPL I 43		; -> 057511
057447           JMP 26		; -> 057475
057450           MIN ,B 4
057451           LDT ,B 27
057452           LDX 40
057453           JPL I 40		; -> 057513
057454           JMP 13		; -> 057467
057455 T105R:    JPL I 37		; -> 057514
057456           RADD CLD SA DD
057457           LDX 36
057460           JPL I 33		; -> 057513
057461 MNALL:    JMP 6		; -> 057467
057462           BSET ZRO 130 DA
057463           JPL I 33		; -> 057516  [T106W]
057464           JMP 3		; -> 057467
057465           RADD CLD SD DA
057466           JPL I 31		; -> 057517
057467           SAA -132
057470 T105W:    JMP I 30		; -> 057520
057471           STA ,B 2
057472           JMP -3		; -> 057467
057473           STA ,B 2
057474           JMP -23		; -> 057451
057475           STA ,B 2
057476           JMP -25		; -> 057451
057477           STA ,B 2
057500           LDA I 21
057501           JPL I 16		; -> 057517
057502           JMP -13		; -> 057467
057503 T106R:    MIN ,B -50
057504           STZ 23
057505 DIRUN:    LDT 121
057506           LDT 127
057507           MIN ,B -162
057510           LDT ,B 165
057511           LDA I ,B ,X -62
057512           STZ 3
057513           LDT 124
057514           STT ,B 100
057515           STZ 0
057516 T106W:    LDT 132
057517           STT ,B 106
057520           STZ I ,B ,X -2
057521           MPY 27
057522           STX ,B 101
057523           STT ,B 102
057524           STD ,B 103
057525           RADD CLD SL DA
057526           STA ,B 105
057527 GPREV:    LDA ,B 102
057530           LDT 100
057531 T107R:    SKP IF DA EQL ST
057532 SXONO:    JMP 75		; -> 057627  [GVERS]
057533           LDD ,B 103
057534           AND 75
057535           STD ,B 43
057536           LDA ,B 43
057537           LDT ,B 41
057540           SKP IF DA EQL ST
057541           JMP 5		; -> 057546
057542           LDA ,B 44
057543           LDT ,B 42
057544 T107W:    SKP IF DA UEQ ST
057545           JMP I ,B 105		; -> 057652  [YGETA]
057546           LDA ,B 130
057547           BSKP ZRO 120 DA
057550           JMP 10		; -> 057560  [MTALL]
057551           BSKP ZRO 60 DA
057552           JMP 6		; -> 057560  [MTALL]
057553           LDT ,B 27
057554           LDD ,B 43
057555           JPL I 55		; -> 057632
057556           JMP 7		; -> 057565
057557 T108R:    JPL I 54		; -> 057633  [T110R]
057560 MTALL:    RADD CLD 0 DA
057561           RADD CLD 0 DD
057562           MIN ,B 105
057563           MIN ,B 105
057564           JMP I ,B 105		; -> 057671
057565           LDA ,B 131
057566           JAZ 11		; -> 057577
057567 GNEXV:    LDD ,B 43
057570           JPL I 44		; -> 057634
057571           JPL I 44		; -> 057635
057572 T108W:    JMP 10		; -> 057602
057573           JPL I 37		; -> 057632
057574           JMP 6		; -> 057602
057575           JMP -16		; -> 057557  [T108R]
057576           JMP 2		; -> 057600
057577           JMP 3		; -> 057602
057600           LDX ,B 6
057601           JPL I 32		; -> 057633  [T110R]
057602           JPL I 34		; -> 057636
057603 COMPT:    STD ,X 102
057604           MIN ,B 104
057605 T109R:    STD 120
057606           MIN ,B 107
057607           MIN ,X ,B 40
057610           STD I ,B ,X 0
057611           LDA ,B 43
057612           JPL I 25		; -> 057637
057613           JPL I 23		; -> 057636
057614           STD 47
057615           LDD ,B 35
057616           RADD AD1 0 DD
057617           RADD ADC CLD SA DA
057620 T109W:    STD ,B 35
057621           LDA ,B 44
057622           JPL I 15		; -> 057637
057623           LDD ,B 43
057624           MIN ,B 105
057625           MIN ,B 105
057626 CLBCK:    JMP I ,B 105		; -> 057733
057627 GVERS:    JMP 11		; -> 057640
057630           STZ ,B 0
057631           STZ -1
057632           LDF I ,B -12
057633 T110R:    LDF I ,B 76
057634           LDF ,B 157
057635           LDF ,X -157
057636           MIN ,B -50
057637           MIN -42
057640           LDA ,B 102
057641           SAT -4
057642           SKP IF DA EQL ST
057643           JMP 14		; -> 057657
057644           LDA ,B 103
057645           JAF 11		; -> 057656
057646 T110W:    LDA ,B 104
057647           JAF 7		; -> 057656
057650           RADD CLD 0 DA
057651           RADD CLD 0 DD
057652 YGETA:    MIN ,B 105
057653           MIN ,B 105
057654           JMP I ,B 105		; -> 057761
057655 GETAR:    JMP 2		; -> 057657
057656           JMP I ,B 105		; -> 057763  [T114R]
057657           SAT -3
057660 ZGETA:    SKP IF DA EQL ST
057661 T111R:    JMP 17		; -> 057700
057662           LDD ,B 41
057663           SAD ZIN 2
057664           SKP IF DD UEQ 0
057665           JMP 2		; -> 057667
057666           AAA 1
057667           RADD CLD 0 DD
057670           SWAP SA DD
057671           STD ,B 75
057672           LDT ,B 27
057673           LDX 147
057674 T111W:    JPL I 147		; -> 060043
057675           JMP I 147		; -> 060044
057676           STD ,B 73
057677           JMP 54		; -> 057753
057700           SAT -2
057701           SKP IF DA EQL ST
057702           JMP 12		; -> 057714
057703           LDT ,B 27
057704           LDX 141
057705           JPL I 136		; -> 060043
057706           JMP I 136		; -> 060044
057707 T112R:    STD ,B 73
057710           RADD CLD 0 DA
057711           RADD CLD 0 DD
057712           STD ,B 75
057713           JMP 40		; -> 057753
057714           SAT -1
057715           SKP IF DA EQL ST
057716           JMP 12		; -> 057730
057717           LDT ,B 27
057720           LDX 126
057721 TFINP:    JPL I 122		; -> 060043
057722 T112W:    JMP I 122		; -> 060044
057723           STD ,B 73
057724           RADD CLD 0 DA
057725           RADD CLD 0 DD
057726           STD ,B 75
057727           JMP 24		; -> 057753
057730           LDT ,B 27
057731           LDA ,B 102
057732           SHA ZIN 10
057733           RADD CLD SA DL
057734           LDX ,B 101
057735 T113R:    LDD ,X 0
057736           RADD SL DD
057737           JPL I 110		; -> 060047
057740           JMP I 104		; -> 060044
057741           LDD ,X 64
057742           STD ,B 73
057743           LDD ,X 60
057744           STD ,B 75
057745           LDA ,X 26
057746           RADD CLD SA DD
057747           JPL I 101		; -> 060050
057750 T113W:    BSKP ZRO 170 DD
057751           JMP 2		; -> 057753
057752           JMP I ,B 105		; -> 060057
057753           LDA ,B 103
057754           SHA ZIN SHR 10
057755           JAF 41		; -> 060016
057756           LDD ,B 73
057757           BSKP ZRO 170 DA
057760           JMP 3		; -> 057763  [T114R]
057761           BSKP ONE 160 DA
057762 OSCPR:    JMP 2		; -> 057764
057763 T114R:    JMP I ,B 105		; -> 060070
057764           JAF 3		; -> 057767
057765           SKP IF DD UEQ 0
057766           JMP I ,B 105		; -> 060073
057767           LDD ,B 75
057770           RADD CLD SA DL
057771 GFIAC:    RADD CLD SD DT
057772           LDD ,B 103
057773           AND 56
057774           RSUB ST DD
057775           RADD ADC CLD SA DA
057776 T114W:    AAA -1
057777           RSUB SL DA
060000 NS5DP:    JAP 15		; -> 060015  [SCDTR]
060001           MIN ,B 105
060002           MIN ,B 105
060003           LDD ,B 73
060004           RADD CLD SA DL
060005           RADD CLD SD DT
060006           LDD ,B 103
060007           AND 42
060010           RADD ST DD
060011 STRUN:    RADD ADC CLD SA DA
060012           RADD SL DA
060013           JMP I ,B 105		; -> 060120
060014           JMP 2		; -> 060016
060015 SCDTR:    JMP I ,B 105		; -> 060122
060016           LDA ,B 103
060017           SHA ZIN SHR 10
060020           SAT 1
060021           SKP IF DA EQL ST
060022           JMP 17		; -> 060041
060023           LDD ,B 73
060024 T115W:    BSKP ZRO 170 DA
060025           JMP 2		; -> 060027
060026           JMP I ,B 105		; -> 060133
060027           LDD ,B 103
060030           AND 21
060031           JAF 2		; -> 060033  [ERLIS]
060032           SKP IF DD EQL 0
060033 ERLIS:    JMP I ,B 105		; -> 060140
060034           LDD ,B 73
060035           AND 14
060036           MIN ,B 105
060037 T116R:    MIN ,B 105
060040           JMP I ,B 105		; -> 060145
060041           JMP 11		; -> 060052  [T116W]
060042           STZ 21
060043           LDT 121
060044           SRB 70
060045           STZ 17
060046           STZ 15
060047           LDX I ,B 166
060050           LDX ,X -71
060051           STZ -1
060052 T116W:    LDA ,B 103
060053           SHA ZIN SHR 10
060054           SAT 2
060055           SKP IF DA EQL ST
060056           JMP 106		; -> 060164
060057           LDD ,B 73
060060           BSKP ZRO 170 DA
060061           JMP 4		; -> 060065  [T117R]
060062           BSKP ZRO 160 DA
060063           JMP 2		; -> 060065  [T117R]
060064           JMP I ,B 105		; -> 060171
060065 T117R:    BSKP ONE 160 DA
060066           JMP 14		; -> 060102
060067           LDD ,B 103
060070           AND 100
060071           JAF 2		; -> 060073
060072           SKP IF DD EQL 0
060073           JMP I ,B 105		; -> 060200
060074           LDD ,B 73
060075           AND 73
060076           MIN ,B 105
060077           MIN ,B 105
060100 T117W:    JMP I ,B 105		; -> 060205
060101           JMP 63		; -> 060164
060102           LDA ,B 103
060103           AND 65
060104           SKP IF DA EQL 0
060105           JMP I ,B 105		; -> 060212
060106           LDA ,B 104
060107           LDT 62
060110           SKP IF DA LST ST
060111           JMP I ,B 105		; -> 060216
060112           LDD ,B 45
060113 T118R:    RADD CLD SA DL
060114           RADD CLD SD DT
060115           LDD ,B 73
060116           BSET ZRO 170 DA
060117           BSET ONE 160 DA
060120           SKP IF DA EQL SL
060121           JMP 3		; -> 060124
060122           SKP IF DD UEQ ST
060123           JMP 5		; -> 060130
060124           STD ,B 45
060125           SAA -1
060126 T118W:    RADD CLD SA DD
060127 SCHAR:    STD ,B 47
060130           LDD ,B 47
060131           RADD CLD SA DL
060132           RADD CLD SD DT
060133           LDA ,B 104
060134           AND 36
060135           RADD CLD SA DD
060136           RADD CLD 0 DA
060137           SKP IF DA EQL SL
060140           JMP 3		; -> 060143
060141 T119R:    SKP IF DD UEQ ST
060142           JMP 11		; -> 060153
060143           STD ,B 47
060144           LDT ,B 27
060145           LDD ,B 45
060146           LDX 25
060147 DLSPA:    RADD SB DX
060150           JPL I 24		; -> 060174
060151 DLPAG:    JMP I 24		; -> 060175
060152           JMP 13		; -> 060165
060153           LDA ,B 104
060154 T119W:    AND 22
060155           SHA ZIN 1
060156           RADD CLD SA DX
060157           LDD ,X ,B 51
060160           BSET ZRO 160 DA
060161           MIN ,B 105
060162 SCPRO:    MIN ,B 105
060163           JMP I ,B 105		; -> 060270
060164           JMP 13		; -> 060177
060165           JAN 2		; -> 060167  [T120R]
060166           MIN ,B 105
060167 T120R:    JMP I ,B 105		; -> 060274
060170           STZ -1
060171           STZ I 0
060172           BORA
060173           STZ 47
060174           LDT ,X 66
060175           SRB 70
060176           STZ 7
060177           LDA ,B 103
060200           SHA ZIN SHR 10
060201           SAT 3
060202 T120W:    SKP IF DA EQL ST
060203           JMP 76		; -> 060301
060204           LDD ,B 73
060205           BSKP ZRO 170 DA
060206           JMP 4		; -> 060212
060207           BSKP ZRO 160 DA
060210           JMP 2		; -> 060212
060211           JMP I ,B 105		; -> 060316
060212           BSKP ONE 160 DA
060213           JMP 11		; -> 060224
060214           LDD ,B 103
060215 T121R:    AND 70
060216           SKP IF DA EQL 0
060217           JMP I ,B 105		; -> 060324
060220           LDT 66
060221           SKP IF DD LST ST
060222           JMP I ,B 105		; -> 060327
060223           JMP 6		; -> 060231
060224           LDD ,B 103
060225           AND 60
060226           SAT 4
060227           SKP IF DA LST ST
060230 T121W:    JMP I ,B 105		; -> 060335
060231           LDD ,B 45
060232           RADD CLD SA DL
060233           RADD CLD SD DT
060234           LDD ,B 73
060235           SKP IF DA EQL SL
060236           JMP 3		; -> 060241
060237           SKP IF DD UEQ ST
060240           JMP 5		; -> 060245
060241           STD ,B 45
060242           SAA -1
060243 T122R:    RADD CLD SA DD
060244           STD ,B 47
060245           LDD ,B 47
060246           RADD CLD SA DL
060247           RADD CLD SD DT
060250           LDA ,B 104
060251           AND 36
060252           RADD CLD SA DD
060253           LDA ,B 103
060254           AND 31
060255           SKP IF DA EQL SL
060256 T122W:    JMP 3		; -> 060261
060257           SKP IF DD UEQ ST
060260           JMP 11		; -> 060271  [T123R]
060261           STD ,B 47
060262           LDT ,B 27
060263           LDD ,B 45
060264           LDX 24
060265           RADD SB DX
060266           JPL I 23		; -> 060311
060267           JMP I 23		; -> 060312
060270           JMP 12		; -> 060302
060271 T123R:    LDA ,B 104
060272           AND 21
060273           SHA ZIN 1
060274           RADD CLD SA DX
060275 CH5ER:    LDD ,X ,B 51
060276           MIN ,B 105
060277           MIN ,B 105
060300 SBAUD:    JMP I ,B 105		; -> 060405
060301           JPL I 13		; -> 060314
060302           JAN 2		; -> 060304  [T123W]
060303           MIN ,B 105
060304 T123W:    JMP I ,B 105		; -> 060411
060305           STZ -1
060306           STZ I 0
060307           BORA
060310           STZ 47
060311           LDT ,X 66
060312           SRB 70
060313           STZ 7
060314           STZ -163
060315           STX ,B 101
060316           STT ,B 102
060317 T124R:    STD ,B 103
060320           RADD CLD SL DA
060321           STA ,B 105
060322 SCSTR:    LDA ,B 102
060323           LDT 125
060324           SKP IF DA UEQ ST
060325           JMP I ,B 105		; -> 060432
060326           SAT -4
060327           SKP IF DA EQL ST
060330           JMP 12		; -> 060342
060331           JPL I 120		; -> 060451
060332 T124W:    LDA ,X ,B 101
060333           LDT I ,B 124
060334 ENSCO:    MIN ,X ,B 122
060335           STD 102
060336           LDA ,X 117
060337           MIN I ,B 113
060340           STD I ,B ,X 0
060341 REMCM:    JMP I ,B 105		; -> 060446
060342           SAT -3
060343           SKP IF DA EQL ST
060344           JMP 10		; -> 060354
060345 T125R:    JPL I 104		; -> 060451
060346           MIN I 111
060347           LDT ,X 40
060350           MIN I ,X 111
060351           LDA ,X 105
060352           STD I ,B ,X 0
060353 XCHIO:    JMP 31		; -> 060404
060354           SAT -2
060355           SKP IF DA EQL ST
060356           JMP 10		; -> 060366
060357           JPL I 72		; -> 060451
060360 T125W:    LDT ,X ,B 123
060361           MIN ,X ,B 122
060362           STD 106
060363           LDA ,B 114
060364           MIN ,X ,B 47
060365           JMP 17		; -> 060404
060366           SAT -1
060367           SKP IF DA EQL ST
060370           JMP 11		; -> 060401
060371           JPL I 60		; -> 060451
060372           LDA I ,B ,X 102
060373 EOUTT:    LDA I 105
060374           MIN I ,B 124
060375           STD 106
060376           LDA ,B 114
060377 LMASK:    MIN ,X ,B 47
060400           JMP 4		; -> 060404
060401           LDT ,B 102
060402           LDA ,B 101
060403           JPL I 47		; -> 060452
060404           LDA ,B 103
060405           SHA ZIN SHR 10
060406 T126W:    SAT 1
060407           SKP IF DA EQL ST
060410           JMP 13		; -> 060423
060411           JPL I 40		; -> 060451
060412           STD 123
060413 TFWRI:    LDT ,X ,B 102
060414 TFECH:    LDA ,B 116
060415           MIN ,X 105
060416           LDX 40
060417           MIN I 114
060420           LDA I ,B ,X 103
060421 T127R:    LDA I ,B 47
060422           JMP I ,B 105		; -> 060527
060423           SAT 2
060424           SKP IF DA EQL ST
060425           JMP 12		; -> 060437
060426           JPL I 23		; -> 060451
060427           STD 111
060430           LDA I ,X 104
060431           MIN ,X ,B 130
060432           STD 102
060433           LDA ,X 117
060434 T127W:    MIN I ,B 113
060435           STD 47
060436           JMP 6		; -> 060444
060437           JPL I 12		; -> 060451
060440           STD 120
060441           MIN ,B 107
060442           MIN ,X ,B 40
060443           STD I ,B ,X 0
060444           LDD ,B 103
060445           AND 6
060446           JPL I 6		; -> 060454
060447 T128R:    JMP I ,B 105		; -> 060554
060450           STZ ,B 0
060451           MIN ,B -50
060452           IRW 50 DA
060453           STZ -1
060454           MIN ,B -162
060455           RADD CLD SA DD
060456           RADD CLD SL DA
060457           STA ,B 106
060460           RADD CLD ST DA
060461 EOCTU:    LDT ,B 27
060462 T128W:    LDX 61
060463           RADD SB DX
060464           JPL I 60		; -> 060544
060465           JMP I 60		; -> 060545
060466           JPL I 60		; -> 060546  [ECRLF]
060467           LDD 47
060470           SAT 20
060471 SCSFS:    JPL I 56		; -> 060547
060472           JPL I 54		; -> 060546  [ECRLF]
060473           LDD ,B 47
060474           SHA ZIN 10
060475 T129R:    RADD CLD SA DL
060476           RADD CLD SD DX
060477           LDD ,X 0
060500           RADD SL DD
060501           STD ,B 115
060502 EDTDE:    LDT ,B 27
060503           JPL I 45		; -> 060550
060504           JMP I 41		; -> 060545
060505           STX ,B 72
060506 EDECU:    LDA 43
060507           RADD SX DA
060510 T129W:    RADD CLD SA DX
060511           SAT 20
060512           JPL I 35		; -> 060547
060513           JPL I 33		; -> 060546  [ECRLF]
060514           LDF I 47
060515           LDA 35
060516 STOPB:    ADD ,B 72
060517           RADD CLD SA DX
060520           SAT 4
060521           JPL I 26		; -> 060547
060522           JPL I 24		; -> 060546  [ECRLF]
060523 T130R:    LDF I ,B 47
060524           SAA 1
060525           STA ,B 112
060526           LDD ,B 115
060527           RADD CLD SD DX
060530           LDT ,B 27
060531           JPL I 22		; -> 060553
060532           JMP I 13		; -> 060545
060533           SKP IF DD UEQ SX
060534 ABENT:    JMP 4		; -> 060540
060535           RADD CLD SD DX
060536 T130W:    MIN ,B 112
060537           JMP -7		; -> 060530
060540           LDA ,B 112
060541           JPL I 13		; -> 060554
060542           JMP I ,B 106		; -> 060650
060543           STZ 17
060544           LDX I 113
060545           SRB 70
060546 ECRLF:    MIN ,B -50
060547           MIN I 13
060550           LDX I ,B 166
060551 T131R:    STZ 27
060552           STZ 37
060553           LDX I ,B ,X 127
060554           MIN ,B 50
060555 ETCO2:    STX ,B 101
060556           STT ,B 102
060557           STD ,B 103
060560           RADD CLD SL DA
060561           STA ,B 105
060562           LDA ,B 102
060563           SAT -4
060564 T131W:    SKP IF DA EQL ST
060565 OUTUS:    JMP 22		; -> 060607
060566 ETCO:     JPL I 72		; -> 060660
060567           STD ,X 104
060570           LDA ,B 122
060571           MIN ,X ,B 103
060572           LDT ,X 117
060573           LDT I 131
060574           STD 103
060575           MIN ,B 116
060576           LDA I ,X 117
060577 T132R:    LDT ,X 40
060600 GFILN:    MIN I 105
060601           STD 125
060602           LDT I ,B 105
060603           MIN ,X 44
060604           STD I ,B ,X 0
060605           MIN ,B 4
060606           JMP I 53		; -> 060661
060607           SAT -3
060610           SKP IF DA EQL ST
060611           JMP 7		; -> 060620
060612 T132W:    LDT ,B 27
060613 EENTR:    LDX 47
060614           JPL I 47		; -> 060663
060615           JMP I 47		; -> 060664
060616 LOGIN:    STD ,B 73
060617           JMP 40		; -> 060657
060620           SAT -2
060621           SKP IF DA EQL ST
060622           JMP 7		; -> 060631
060623           LDT ,B 27
060624           LDX 41
060625 T133R:    JPL I 36		; -> 060663
060626           JMP I 36		; -> 060664
060627           STD ,B 73
060630           JMP 27		; -> 060657
060631           SAT -1
060632           SKP IF DA EQL ST
060633           JMP 7		; -> 060642
060634           LDT ,B 27
060635           LDX 31
060636           JPL I 25		; -> 060663
060637 ELEA3:    JMP I 25		; -> 060664
060640 T133W:    STD ,B 73
060641           JMP 16		; -> 060657
060642           LDT ,B 27
060643           LDA ,B 102
060644           SHA ZIN 10
060645           RADD CLD SA DL
060646           LDX ,B 101
060647           LDD ,X 0
060650           RADD SL DD
060651           STD ,B 113
060652           JPL I 15		; -> 060667  [IOAPD]
060653 ELEAX:    JMP I 11		; -> 060664
060654           LDD ,X 64
060655           STD ,B 73
060656           JPL I 12		; -> 060670
060657           JMP 12		; -> 060671
060660           MIN ,B -50
060661           SRB 50
060662           STZ 21
060663           LDT 121
060664           SRB 70
060665 INITP:    STZ 17
060666 T134W:    STZ 15
060667 IOAPD:    LDX I ,B 166
060670           LDX ,X -71
060671           LDA ,B 103
060672           SHA ZIN SHR 10
060673           JAZ 70		; -> 060763
060674           SAT 1
060675           SKP IF DA UEQ ST
060676           JMP 65		; -> 060763
060677           SAT 2
060700           SKP IF DA EQL ST
060701 ELEAV:    JMP 6		; -> 060707
060702           LDD ,B 73
060703           BSKP ZRO 160 DA
060704           JMP 57		; -> 060763
060705           BSET ZRO 170 DA
060706           STD ,B 73
060707           LDD ,B 45
060710 SPRIN:    RADD CLD SA DL
060711           RADD CLD SD DT
060712           LDD ,B 73
060713           SKP IF DA EQL SL
060714 T135W:    JMP 3		; -> 060717
060715           SKP IF DD UEQ ST
060716           JMP 5		; -> 060723
060717           STD ,B 45
060720           SAA -1
060721           RADD CLD SA DD
060722           STD ,B 47
060723           LDD ,B 47
060724 ERR:      RADD CLD SA DL
060725           RADD CLD SD DT
060726           LDA ,B 104
060727 T136R:    AND 112
060730 FPGNO:    RADD CLD SA DD
060731           RADD CLD 0 DA
060732           SKP IF DA EQL SL
060733           JMP 3		; -> 060736
060734           SKP IF DD UEQ ST
060735           JMP 10		; -> 060745
060736           STD ,B 47
060737           LDT ,B 27
060740           LDD ,B 45
060741           LDX 101
060742 T136W:    RADD SB DX
060743           JPL I 100		; -> 061043
060744           JMP I 100		; -> 061044  [MDEAB]
060745           LDA ,B 104
060746           AND 77
060747           SHA ZIN 1
060750           RADD CLD SA DX
060751           RADD CLD 0 DA
060752           RADD CLD 0 DD
060753           STD ,X ,B 51
060754           LDT ,B 27
060755 T137R:    LDD ,B 45
060756 DATGT:    LDX 64
060757           RADD SB DX
060760           JPL I 66		; -> 061046
060761           JMP I 63		; -> 061044  [MDEAB]
060762           JMP I ,B 105		; -> 061067
060763           LDA ,B 102
060764 XOOAP:    SAT -3
060765           SKP IF DA EQL ST
060766           JMP 7		; -> 060775
060767           RADD CLD 0 DA
060770 T137W:    RADD CLD 0 DD
060771           LDT ,B 27
060772           LDX 55
060773           JPL I 55		; -> 061050
060774           JMP I 50		; -> 061044  [MDEAB]
060775           SAT -2
060776           SKP IF DA EQL ST
060777           JMP 7		; -> 061006
061000           RADD CLD 0 DA
061001           RADD CLD 0 DD
061002           LDT ,B 27
061003 T138R:    LDX 46
061004           JPL I 44		; -> 061050
061005           JMP I 37		; -> 061044  [MDEAB]
061006           SAT -1
061007           SKP IF DA EQL ST
061010           JMP 7		; -> 061017
061011           RADD CLD 0 DA
061012           RADD CLD 0 DD
061013           LDT ,B 27
061014           LDX 36
061015           JPL I 33		; -> 061050
061016 T138W:    JMP I 26		; -> 061044  [MDEAB]
061017           LDT ,B 27
061020           LDA ,B 102
061021           SHA ZIN 10
061022           RADD CLD SA DL
061023 EESYS:    LDX ,B 101
061024           LDD ,X 0
061025 MOUTL:    RADD SL DD
061026 XDEAB:    STD ,B 115
061027           JPL I 24		; -> 061053
061030           JMP I 14		; -> 061044  [MDEAB]
061031 T139R:    RADD CLD 0 DA
061032           RADD CLD 0 DD
061033           STD ,X 64
061034           STD ,X 60
061035           LDD ,B 115
061036           JPL I 16		; -> 061054
061037           JMP I 5		; -> 061044  [MDEAB]
061040 CHIOB:    JMP I ,B 105		; -> 061145
061041           BORA
061042           STZ 47
061043           LDT I ,B 53
061044 MDEAB:    SRB 70
061045           STZ 7
061046           LDT ,X ,B 101
061047           STZ 21
061050           LDT 127
061051           STZ 17
061052           STZ 15
061053           LDX I ,B 166
061054           LDX I ,B -30
061055           BSET ZRO SSK
061056 FSPEE:    JMP 2		; -> 061060
061057 IDEAB:    BSET ONE SSK
061060           STD I 125
061061           RADD CLD SL DA
061062           RADD CLD SB DD
061063           SAB 41
061064           JPL I 122		; -> 061206
061065           BSKP ONE SSK
061066           JMP 4		; -> 061072  [T140W]
061067           SAA 1
061070           STA ,B 40
061071 SDEAB:    JMP 2		; -> 061073
061072 T140W:    STZ ,B 40
061073           LDA 114
061074           LDX 114
061075           RADD SB DX
061076           SAT 20
061077           JPL I 112		; -> 061211
061100           JMP 75		; -> 061175  [RSOFP]
061101 DEABB:    LDA 111
061102           LDX 111
061103           RADD SB DX
061104           JPL I 105		; -> 061211
061105 TB01R:    JMP 70		; -> 061175  [RSOFP]
061106           LDA 106
061107           JPL I 102		; -> 061211
061110           JMP 65		; -> 061175  [RSOFP]
061111           STA ,B 36
061112           LDA 103
061113           LDX 103
061114           RADD SB DX
061115           JPL I 74		; -> 061211
061116           JMP 57		; -> 061175  [RSOFP]
061117           LDA 100
061120 TB01W:    JPL I 71		; -> 061211
061121           JMP 54		; -> 061175  [RSOFP]
061122           RADD CLD SD DA
061123           STA ,B 37
061124           LDA ,B 40
061125           JAZ 22		; -> 061147
061126           LDX 62
061127           RADD SB DX
061130           LDA 70
061131           SAT 33
061132           JPL I 67		; -> 061221
061133 TR01R:    SAT 5
061134           JPL I 66		; -> 061222  [BD01W]
061135           RADD CLD ST DD
061136           LDA I 65
061137           JPL I 65		; -> 061224
061140           JPL I 65		; -> 061225
061141           JMP 36		; -> 061177  [TIAPD]
061142           LDA I 61
061143           JPL I 63		; -> 061226
061144           RADD CLD SD DT
061145           JPL I 55		; -> 061222  [BD01W]
061146 TR01W:    JMP 24		; -> 061172  [EDRSP]
061147           LDA 41
061150           RADD SB DA
061151           LDX I 56
061152           STA ,X 24
061153           LDA 40
061154           RADD SB DA
061155 5TEND:    STA ,X 25
061156 OTAD:     LDA 52
061157 41ITA:    RADD SB DA
061160 41OTA:    STA ,X 26
061161 DMMES:    LDA 35
061162           RADD SB DA
061163           STA ,X 27
061164 RFIMS:    LDA 45
061165 ZEROP:    RADD SB DA
061166           STA ,X 30
061167 ERESP:    SAX 24
061170           JPL I 42		; -> 061232
061171           JMP 4		; -> 061175  [RSOFP]
061172 EDRSP:    MIN ,B 4
061173           SAA -41
061174           JMP I 37		; -> 061233
061175 RSOFP:    STA ,B 2
061176           JMP -3		; -> 061173
061177 TIAPD:    LDA I 24
061200           JPL I 26		; -> 061226
061201 HIGHT:    RADD CLD SD DT
061202 RDATR:    JPL I 20		; -> 061222  [BD01W]
061203 9BDST:    STX ,B 2
061204           JMP -11		; -> 061173
061205 9ERST:    ROP NOOP
061206           STZ I ,B ,X -26
061207 BD01R:    LDA ,B 156
061210           STZ 6
061211           LDA ,B -1
061212           LDA ,B 172
061213           STZ 16
061214 SYSEV:    MIN I ,X -2
061215           LDA ,B -173
061216           STZ 26
061217           LDA ,B -160
061220           STT 105
061221           STZ I -154
061222 BD01W:    STA ,B -16
061223           RADD CM1 CLD 0 DP
061224           STT ,B 100
061225           SHD 34
061226           STT ,B 106
061227           ROP NOOP
061230           STZ 36
061231           STZ 37
061232           STD -104
061233           STZ I ,B ,X -2
061234           STD I 41
061235 BD02R:    RADD CLD SL DA
061236           RADD CLD SB DD
061237           SAB 41
061240           JPL I 36		; -> 061276  [BD03W]
061241           LDA 36
061242           RADD SB DA
061243           LDX 35
061244           SAT 33
061245           JPL I 34		; -> 061301
061246           LDA 31
061247           RADD SB DA
061250 BD02W:    LDX I 32
061251           STA ,X 24
061252           LDA 31
061253           RADD SB DA
061254 XONCH:    STA ,X 25
061255           LDA 27
061256           RADD SB DA
061257           STA ,X 26
061260           LDA 25
061261           RADD SB DA
061262           STA ,X 27
061263 BD03R:    LDA 23
061264           RADD SB DA
061265           STA ,X 30
061266           SAX 24
061267           JPL I 20		; -> 061307
061270           JMP 2		; -> 061272
061271           MIN ,B 4
061272           STA ,B 0
061273           SAA -41
061274           JMP I 14		; -> 061310
061275           ROP NOOP
061276 BD03W:    STZ I ,B ,X -26
061277           STZ 6
061300           STT 105
061301           STZ I -154
061302           ROP NOOP
061303           STZ 16
061304           STZ 36
061305           STZ 26
061306 OXONC:    STZ 37
061307           STD -104
061310           STZ I ,B ,X -2
061311 BD04R:    BSET ZRO SSK
061312           JMP 2		; -> 061314
061313           BSET ONE SSK
061314           STD I 43
061315           RADD CLD SL DA
061316           RADD CLD SB DD
061317           SAB 7
061320           JPL I 40		; -> 061360  [ERMEM]
061321           BSKP ONE SSK
061322           JMP 16		; -> 061340
061323           SAT 5
061324 BD04W:    JPL I 35		; -> 061361
061325           RADD CLD ST DD
061326           LDA I 34
061327           JPL I 34		; -> 061363
061330           SAX 25
061331 XONRE:    JPL I 33		; -> 061364
061332           JMP 16		; -> 061350
061333           LDA I 27
061334           JPL I 31		; -> 061365  [BD06R]
061335           RADD CLD SD DT
061336           JPL I 23		; -> 061361
061337 BD05R:    JMP 4		; -> 061343
061340           SAX 25
061341           JPL I 23		; -> 061364
061342           JMP 4		; -> 061346
061343           MIN ,B 4
061344           SAA -7
061345           JMP I 21		; -> 061366
061346           STA ,B 2
061347           JMP -3		; -> 061344
061350           RADD CLD SA DX
061351           LDA I 11
061352 BD05W:    JPL I 13		; -> 061365  [BD06R]
061353           RADD CLD SD DT
061354           JPL I 5		; -> 061361
061355           STX ,B 2
061356           JMP -12		; -> 061344
061357           ROP NOOP
061360 ERMEM:    STZ I ,B ,X -26
061361           STA ,B -16
061362           RADD CM1 CLD 0 DP
061363           STT ,B 100
061364           STD -104
061365 BD06R:    STT ,B 106
061366           STZ I ,B ,X -2
061367           STD I 120
061370           RADD CLD SL DA
061371           RADD CLD SB DD
061372           SAB 63
061373           JPL I 115		; -> 061510
061374           JPL I 115		; -> 061511
061375           JMP 104		; -> 061501
061376           LDA 114
061377           LDX 114
061400 BD06W:    RADD SB DX
061401           SAT 20
061402           JPL I 112		; -> 061514
061403           JMP 76		; -> 061501
061404 XONWR:    LDA 111
061405           JPL I 107		; -> 061514
061406           JMP 73		; -> 061501
061407           STD ,B 61
061410           JPL I 106		; -> 061516
061411           JMP 70		; -> 061501
061412           LDA I 105
061413 BD07R:    JPL I 105		; -> 061520
061414           JPL I 105		; -> 061521
061415           JMP 66		; -> 061503
061416           STT ,B 60
061417           JPL I 103		; -> 061522  [SVSPE]
061420           LDA I 77
061421           JPL I 102		; -> 061523
061422           JPL I 102		; -> 061524
061423 SDUPL:    JMP 56		; -> 061501
061424           RADD CLD SA DL
061425 XINST:    RADD CLD SD DT
061426 BD07W:    LDD ,B 61
061427           JAP 3		; -> 061432
061430           SAA 100
061431           JMP 50		; -> 061501
061432           RSUB ST DD
061433           RADD ADC CLD SA DA
061434 GCPUN:    AAA -1
061435           RSUB SL DA
061436           JAN 3		; -> 061441  [BD08R]
061437           SAA 100
061440           JMP 41		; -> 061501
061441 BD08R:    STZ ,B 57
061442           LDA ,B 57
061443           LDT 62
061444           SKP IF DT GRE SA
061445           JMP 26		; -> 061473
061446           LDT ,B 60
061447           LDD ,B 61
061450           JPL I 56		; -> 061526
061451 REMCH:    JMP 30		; -> 061501
061452           STX ,B 6
061453           ADD ,B 57
061454 BD08W:    RADD CLD SA DX
061455           LDA 52
061456           RADD SB DA
061457           SAT 40
061460           JPL I 50		; -> 061530  [BD10W]
061461           LDX ,B 6
061462           JPL I 47		; -> 061531  [MNNXT]
061463           RADD CLD SA DX
061464           SAA 40
061465           LDT ,B 57
061466           JPL I 44		; -> 061532  [DUMF]
061467 BD09R:    LDA ,B 57
061470           AAA 40
061471           STA ,B 57
061472 XMREM:    JMP -27		; -> 061443
061473           JPL I 40		; -> 061533
061474           STD ,X 47
061475           MIN ,B 4
061476           JPL I 36		; -> 061534
061477           SAA -63
061500           JMP I 35		; -> 061535  [WAIF]
061501           STA ,B 2
061502 COBJE:    JMP -4		; -> 061476
061503           STA ,B 2
061504           LDA I 13
061505           JPL I 16		; -> 061523
061506           JMP -10		; -> 061476
061507           ROP NOOP
061510           STZ I ,B ,X -26
061511           LDT I ,X 47
061512           MIN I ,X -157
061513           STZ 7
061514           LDA ,B -1
061515 BD10R:    MIN I ,B ,X 103
061516           STF I ,B ,X 171
061517           MPY 27
061520           STT ,B 100
061521           LDA I ,B ,X 2
061522 SVSPE:    STF -153
061523           STT ,B 106
061524           LDF I ,X 101
061525           STZ I ,B -40
061526           LDF I ,B 131
061527           STZ 17
061530 BD10W:    STZ I -154
061531 MNNXT:    LDF I ,B 76
061532 DUMF:     MIN I ,B -55
061533           MIN ,B -50
061534           STF I ,B ,X -132
061535 WAIF:     STZ I ,B ,X -2
061536           STD I 111
061537           RADD CLD SL DA
061540           RADD CLD SB DD
061541           SAB 23
061542           JPL I 106		; -> 061650
061543 BD11R:    JPL I 106		; -> 061651
061544           JMP 73		; -> 061637
061545           LDA 105
061546           LDX 105
061547           RADD SB DX
061550           SAT 20
061551           JPL I 103		; -> 061654
061552           JMP 65		; -> 061637
061553           LDA 102
061554           JPL I 100		; -> 061654
061555           JMP 62		; -> 061637
061556 XMCHK:    STD ,B 21
061557           LDA I 77
061560           JPL I 77		; -> 061657
061561           JPL I 77		; -> 061660  [BD14W]
061562           JMP 61		; -> 061643
061563           STT ,B 17
061564           JPL I 75		; -> 061661
061565           JPL I 75		; -> 061662
061566           JMP 55		; -> 061643
061567           BSKP ONE 30 DA
061570           JMP 3		; -> 061573
061571 BD12R:    LDA 72
061572           JMP 51		; -> 061643
061573           LDA ,X 3
061574           STA ,B 20
061575           JPL I 62		; -> 061657
061576           LDA I 60
061577           JPL I 65		; -> 061664
061600           JPL I 65		; -> 061665
061601           JMP 40		; -> 061641  [MNINS]
061602           RADD CLD SA DL
061603           RADD CLD SD DT
061604 BD12W:    LDD ,B 21
061605           JAP 3		; -> 061610
061606           SAA 100
061607           JMP 32		; -> 061641  [MNINS]
061610           RSUB ST DD
061611           RADD ADC CLD SA DA
061612           AAA -1
061613           RSUB SL DA
061614           JAN 3		; -> 061617  [BD13R]
061615           SAA 100
061616           JMP 23		; -> 061641  [MNINS]
061617 BD13R:    LDT ,B 17
061620           LDD ,B 21
061621           JPL I 45		; -> 061666
061622           JMP 17		; -> 061641  [MNINS]
061623           STX ,B 6
061624           RADD CLD SA DX
061625           LDA 42
061626           JPL I 42		; -> 061670
061627           LDX ,B 6
061630           JPL I 41		; -> 061671
061631           JMP 10		; -> 061641  [MNINS]
061632 BD13W:    MIN ,B 4
061633           LDA ,B 20
061634 CCCOM:    JPL I 30		; -> 061664
061635           SAA -23
061636           JMP I 34		; -> 061672
061637           STA ,B 2
061640           JMP -3		; -> 061635
061641 MNINS:    STA ,B 2
061642           JMP -7		; -> 061633
061643           STA ,B 2
061644           LDA I 12
061645 BD14R:    JPL I 17		; -> 061664
061646           JMP -11		; -> 061635
061647           ROP NOOP
061650           STZ I ,B ,X -26
061651           LDT I ,X 47
061652           MIN I ,X -157
061653           STZ 7
061654           LDA ,B -1
061655 CCOPY:    MIN I ,B ,X 103
061656           MPY 27
061657           STT ,B 100
061660 BD14W:    LDA I ,B ,X 2
061661           STF -153
061662           LDT -55
061663           STZ I ,X -166
061664           STT ,B 106
061665           LDF I ,X 101
061666           LDF I ,B 131
061667           STZ ,X 0
061670           MIN ,X 3
061671           LDF ,X -157
061672           STZ I ,B ,X -2
061673 BD15R:    STD I 136
061674           RADD CLD SL DA
061675           RADD CLD SB DD
061676           SAB 41
061677           JPL I 133		; -> 062032
061700           JPL I 133		; -> 062033
061701           JMP 116		; -> 062017
061702           LDA 132
061703           LDX 132
061704           RADD SB DX
061705           SAT 20
061706 BD15W:    JPL I 130		; -> 062036  [BD19W]
061707           JMP 110		; -> 062017
061710           LDA 127
061711           JPL I 125		; -> 062036  [BD19W]
061712           JMP 105		; -> 062017
061713           RADD CLD SD DA
061714           STA ,B 37
061715           JPL I 123		; -> 062040
061716           JMP 101		; -> 062017
061717           LDA I 122
061720 CONV:     JPL I 122		; -> 062042
061721 BD16R:    JPL I 122		; -> 062043
061722           JMP 77		; -> 062021
061723           STT ,B 36
061724           JPL I 120		; -> 062044
061725           LDA I 114
061726           JPL I 117		; -> 062045
061727           LDA ,X 0
061730           BSKP ONE 150 DA
061731           JMP 3		; -> 061734  [BD16W]
061732           SAA 145
061733           JMP 64		; -> 062017
061734 BD16W:    JPL I 112		; -> 062046
061735 SHRIN:    JMP 62		; -> 062017
061736           RADD CM1 0 DD
061737           RADD ADC CLD SA DA
061740 SENCT:    AAA -1
061741           SAD ZIN SHR 10
061742 CENCT:    LDA ,B 37
061743           SKP IF DD LST SA
061744           JMP 3		; -> 061747  [BD17R]
061745           SAA 143
061746 SPCON:    JMP 51		; -> 062017
061747 BD17R:    LDT ,B 36
061750           JPL I 77		; -> 062047
061751           STX ,B 40
061752           LDA ,X 2
061753           JPL I 67		; -> 062042
061754           LDA ,B 37
061755           LDT ,X 1
061756           SKP IF DA UEQ ST
061757           JMP 14		; -> 061773
061760           LDA ,X 1
061761           SAT -1
061762 BD17W:    SKP IF DA UEQ ST
061763           JMP 4		; -> 061767
061764           LDT ,B 36
061765           JPL I 63		; -> 062050
061766           JMP 37		; -> 062025
061767           LDT ,B 36
061770           LDA ,B 37
061771           JPL I 60		; -> 062051  [BD20R]
061772           JMP 33		; -> 062025
061773           LDA ,B 40
061774           ADD 56
061775 BD18R:    RADD CLD SA DX
061776           LDA 55
061777           RADD SB DA
062000           SAT 20
062001           JPL I 53		; -> 062054
062002           LDX ,B 40
062003           LDA ,X 2
062004           JPL I 41		; -> 062045
062005           LDX 46
062006           RADD SB DX
062007           SAA 20
062010 BD18W:    JPL I 45		; -> 062055
062011           JPL I 45		; -> 062056
062012           STD ,X 47
062013           MIN ,B 4
062014           JPL I 43		; -> 062057
062015           SAA -41
062016           JMP I 42		; -> 062060  [GDENS]
062017           STA ,B 2
062020           JMP -4		; -> 062014
062021           STA ,B 2
062022           LDA I 17
062023 BD19R:    JPL I 22		; -> 062045
062024           JMP -10		; -> 062014
062025           STA ,B 2
062026           LDA ,X 2
062027           JPL I 16		; -> 062045
062030 XLOAD:    JMP -14		; -> 062014
062031 TCCOM:    ROP NOOP
062032           STZ I ,B ,X -26
062033           LDT I ,X 47
062034           MIN I ,X -157
062035           STZ 6
062036 BD19W:    LDA ,B -1
062037           MIN I ,B ,X -14
062040           STF I ,B ,X 171
062041           MPY 27
062042           STT ,B 100
062043           LDA I ,B ,X 2
062044           STF -153
062045           STT ,B 106
062046           LDF I ,X 101
062047           LDT -24
062050           LDT ,B 76
062051 BD20R:    LDT ,B 7
062052           STZ 4
062053 MNSCF:    STZ 16
062054           STZ I -154
062055           MIN I ,B -46
062056           MIN ,B -50
062057           STF I ,B ,X -132
062060 GDENS:    STZ I ,B ,X -2
062061 JNALL:    STD I 143
062062           RADD CLD SL DA
062063           RADD CLD SB DD
062064 BD20W:    SAB 22
062065           JPL I 140		; -> 062225
062066           JPL I 140		; -> 062226
062067           JMP 121		; -> 062210  [NLOAD]
062070           LDA 137
062071           LDX 137
062072           RADD SB DX
062073           SAT 20
062074           JPL I 135		; -> 062231
062075           JMP 113		; -> 062210  [NLOAD]
062076           LDA 134
062077 BD21R:    JPL I 132		; -> 062231
062100           JMP 110		; -> 062210  [NLOAD]
062101           RADD CLD SD DA
062102           STA ,B 17
062103           LDA I 130
062104           JPL I 130		; -> 062234
062105           JPL I 130		; -> 062235
062106           JMP 106		; -> 062214  [BD24W]
062107 SCDTS:    STT ,B 16
062110           JPL I 126		; -> 062236
062111           LDA ,X 3
062112 BD21W:    STA ,B 21
062113           JPL I 121		; -> 062234
062114           LDA I 117
062115           JPL I 122		; -> 062237
062116           LDA ,X 0
062117           BSKP ONE 150 DA
062120           JMP 3		; -> 062123
062121           SAA 145
062122           JMP 70		; -> 062212
062123           JPL I 115		; -> 062240
062124           JMP 66		; -> 062212
062125 BD22R:    BSKP ONE 30 DA
062126           JMP 3		; -> 062131
062127           LDA 112
062130           JMP 62		; -> 062212
062131           JPL I 111		; -> 062242  [BD25W]
062132           JMP 60		; -> 062212
062133           RADD CM1 0 DD
062134           RADD ADC CLD SA DA
062135           AAA -1
062136           SAD ZIN SHR 10
062137           LDA ,B 17
062140 BD22W:    SKP IF DD LST SA
062141           JMP 3		; -> 062144
062142           SAA 143
062143           JMP 47		; -> 062212
062144           LDT ,B 16
062145           JPL I 76		; -> 062243
062146           STX ,B 20
062147           LDA ,X 2
062150           JPL I 64		; -> 062234
062151           LDA ,B 17
062152           LDT ,X 1
062153 BD23R:    SKP IF DA UEQ ST
062154           JMP 14		; -> 062170
062155           LDA ,X 1
062156           SAT -1
062157           SKP IF DA UEQ ST
062160           JMP 4		; -> 062164
062161           LDT ,B 16
062162           JPL I 62		; -> 062244
062163           JMP 35		; -> 062220
062164           LDT ,B 16
062165           LDA ,B 17
062166 BD23W:    JPL I 57		; -> 062245
062167           JMP 31		; -> 062220
062170           LDA ,B 20
062171           ADD 55
062172           RADD CLD SA DX
062173           SAA 20
062174           JPL I 53		; -> 062247
062175           LDT ,B 16
062176           JPL I 46		; -> 062244
062177           JMP 21		; -> 062220
062200           LDX ,B 20
062201 BD24R:    LDA ,X 2
062202           JPL I 35		; -> 062237
062203           MIN ,B 4
062204           LDA ,B 21
062205 SGWPR:    JPL I 32		; -> 062237
062206 CHNUS:    SAA -22
062207           JMP I 41		; -> 062250
062210 NLOAD:    STA ,B 2
062211 SGWPE:    JMP -3		; -> 062206  [CHNUS]
062212           STA ,B 2
062213           JMP -7		; -> 062204
062214 BD24W:    STA ,B 2
062215           LDA I 16
062216           JPL I 21		; -> 062237
062217 SCSID:    JMP -11		; -> 062206  [CHNUS]
062220           STA ,B 2
062221           LDA ,X 2
062222           JPL I 15		; -> 062237
062223           JMP -17		; -> 062204
062224           ROP NOOP
062225           STZ I ,B ,X -26
062226           LDT I ,X 47
062227 BD25R:    MIN I ,X -157
062230           STZ 6
062231           LDA ,B -1
062232           MIN I ,B ,X -14
062233           MPY 27
062234           STT ,B 100
062235           LDA I ,B ,X 2
062236           STF -153
062237           STT ,B 106
062240           LDT -55
062241           STZ I ,X -166
062242 BD25W:    LDF I ,X 101
062243           LDT -24
062244           LDT ,B 76
062245           LDT ,B 7
062246           STZ 4
062247           MIN ,X 3
062250           STZ I ,B ,X -2
062251           STD I 65
062252           RADD CLD SL DA
062253           RADD CLD SB DD
062254           SAB 52
062255 BD26R:    JPL I 62		; -> 062337
062256           JPL I 62		; -> 062340
062257           JMP 55		; -> 062334
062260           JPL I 61		; -> 062341
062261           JMP 53		; -> 062334
062262           STT ,B 6
062263           STA ,B 7
062264           LDA 56
062265           JPL I 56		; -> 062343
062266           JMP 46		; -> 062334
062267           SAD ZIN 10
062270 BD26W:    STA ,B 50
062271           SHD ZIN SHR 10
062272           LDA ,B 7
062273           SHA ZIN 10
062274           RADD SD DA
062275           STA ,B 51
062276           JPL I 46		; -> 062344  [BD28W]
062277           JMP 35		; -> 062334
062300           LDT ,B 6
062301           LDD ,B 50
062302           JPL I 43		; -> 062345
062303 BD27R:    JMP 31		; -> 062334
062304           LDA ,X 26
062305           JAF 3		; -> 062310
062306           LDA 40
062307           JMP 24		; -> 062333
062310           RADD CLD SX DA
062311           ADD 36
062312           RADD CLD SA DX
062313           LDA 35
062314 INSUS:    RADD SB DA
062315           SAT 40
062316 BD27W:    JPL I 33		; -> 062351
062317           JPL I 33		; -> 062352
062320           LDA 30
062321           RADD SB DA
062322           RADD CLD SA DX
062323           SAA 40
062324           JPL I 27		; -> 062353
062325 MNGCF:    JPL I 27		; -> 062354
062326           STD ,X 47
062327           MIN ,B 4
062330           JPL I 25		; -> 062355
062331 BD28R:    SAA -52
062332           JMP I 24		; -> 062356
062333           JPL I 17		; -> 062352
062334           STA ,B 2
062335           JMP -5		; -> 062330
062336           ROP NOOP
062337           STZ I ,B ,X -26
062340           LDT I ,X 47
062341           LDX ,B -37
062342           MIN I ,B ,X -113
062343           LDA ,B -1
062344 BD28W:    STF I ,B ,X 171
062345           LDX I ,B 166
062346           STZ -131
062347           STZ 26
062350           STZ 10
062351           STZ I -154
062352           LDX ,X -71
062353           MIN I ,B -46
062354           MIN ,B -50
062355           STF I ,B ,X -132
062356           STZ I ,B ,X -2
062357 BD29R:    STD I 67
062360           RADD CLD SL DA
062361           RADD CLD SB DD
062362           SAB 13
062363           JPL I 64		; -> 062447
062364           JPL I 64		; -> 062450
062365           JMP 57		; -> 062444
062366           JPL I 63		; -> 062451
062367           JMP 55		; -> 062444
062370           STT ,B 6
062371           STA ,B 7
062372 BD29W:    JPL I 60		; -> 062452
062373           STX ,B 10
062374           JPL I 57		; -> 062453
062375           JMP 47		; -> 062444
062376           BSKP ONE 30 DA
062377 DFHDL:    JMP 3		; -> 062402
062400 MSTOR:    LDA 54
062401           JMP 43		; -> 062444
062402           LDA 53
062403 LIHDL:    JPL I 53		; -> 062456
062404           JMP 36		; -> 062442
062405 BD30R:    SAD ZIN 10
062406           STA ,B 11
062407           SHD ZIN SHR 10
062410           LDA ,B 7
062411           SHA ZIN 10
062412           RADD SD DA
062413           STA ,B 12
062414           LDX ,B 10
062415           LDA ,X 3
062416           JPL I 41		; -> 062457
062417 RELOA:    LDT ,B 6
062420 BD30W:    LDD ,B 11
062421           JPL I 37		; -> 062460
062422           JMP 20		; -> 062442
062423           RADD CLD SX DA
062424           ADD 35
062425           RADD CLD SA DX
062426 PROJ1:    SAA 40
062427           JPL I 33		; -> 062462
062430           LDT ,B 6
062431           LDD ,B 11
062432           JPL I 31		; -> 062463
062433 BD31R:    JMP 7		; -> 062442
062434           MIN ,B 4
062435           LDX ,B 10
062436           LDA ,X 3
062437           JPL I 25		; -> 062464
062440           SAA -13
062441           JMP I 24		; -> 062465
062442           STA ,B 2
062443           JMP -6		; -> 062435
062444           STA ,B 2
062445           JMP -5		; -> 062440
062446 BD31W:    ROP NOOP
062447           STZ I ,B ,X -26
062450           LDT I ,X 47
062451           LDX ,B -37
062452           STF -153
062453           LDT -55
062454           STZ I ,X -166
062455           MIN I ,B ,X -113
062456           LDA ,B -1
062457           STT ,B 100
062460           LDX I ,B 166
062461 BD32R:    STZ 26
062462           MIN ,X 3
062463           LDX I ,B -30
062464           STT ,B 106
062465           STZ I ,B ,X -2
062466           STD I 76
062467           RADD CLD SL DA
062470 PROJ3:    RADD CLD SB DD
062471 SCEIO:    SAB 177
062472           JPL I 73		; -> 062565
062473           SAA -1
062474 BD32W:    STA ,B 174
062475           JMP 17		; -> 062514  [LDRAD]
062476           BSET ZRO SSK
062477           JMP 2		; -> 062501
062500 SCDI:     BSET ONE SSK
062501           STD I 63
062502           RADD CLD SL DA
062503           RADD CLD SB DD
062504           SAB 177
062505           JPL I 60		; -> 062565
062506           BSKP ONE SSK
062507 BD33R:    JMP 4		; -> 062513
062510           SAA 1
062511 ADR2B:    STA ,B 174
062512           JMP 2		; -> 062514  [LDRAD]
062513           STZ ,B 174
062514 LDRAD:    STZ ,B 147
062515 XSWTP:    LDA 51
062516           LDX 51
062517           RADD SB DX
062520           SAT 74
062521           JPL I 47		; -> 062570
062522 BD33W:    JMP I 47		; -> 062571
062523           LDA ,B 174
062524           JAN 13		; -> 062537
062525           JPL I 45		; -> 062572
062526           JMP I 43		; -> 062571
062527           LDX 40
062530           RADD SB DX
062531           JPL I 42		; -> 062573
062532           JMP 51		; -> 062603
062533           SAA 1
062534           STA ,B 147
062535 BD34R:    JMP I 37		; -> 062574
062536           JMP 45		; -> 062603
062537           JPL I 36		; -> 062575
062540           JMP 2		; -> 062542
062541           JMP 13		; -> 062554
062542           LDA 34
062543           SAT 3
062544           LDX 33
062545           RADD SB DX
062546           JPL I 22		; -> 062570
062547           JMP I 22		; -> 062571
062550 BD34W:    LDA 30
062551           JPL I 30		; -> 062601
062552           JMP 5		; -> 062557
062553           RAND 0 0
062554           SAA -2
062555           STA ,B 174
062556 RMVAL:    JMP 25		; -> 062603
062557           LDA 23
062560           JPL I 21		; -> 062601
062561           JMP 151		; -> 062732
062562           RAND 0 0
062563 BD35R:    JMP 20		; -> 062603
062564           ROP NOOP
062565           STZ I ,B ,X -26
062566           MIN I ,B ,X 74
062567           STZ 46
062570           LDA ,B -1
062571           SHT ZIN SHR 10
062572           STF I ,B ,X 171
062573           ADD I ,B 51
062574           SAD ZIN SHR 3
062575           LDT I ,X 47
062576 BD35W:    LDA 163
062577           STZ 136
062600           STT ,B -40
062601           MIN I ,B 152
062602           STT ,B -36
062603           LDA 102
062604           RADD SB DA
062605           LDX 101
062606           RADD SB DX
062607           JPL I 100		; -> 062707
062610 MMOVE:    JMP I 100		; -> 062710
062611 BD36R:    STT ,B 150
062612           STA ,B 152
062613 KLRC1:    RADD CLD SD DA
062614           STA ,B 153
062615           JPL I 74		; -> 062711
062616           STX ,B 151
062617           LDA ,B 151
062620           ADD 72
062621           RADD CLD SA DX
062622           LDA 64
062623           RADD SB DA
062624 BD36W:    SAT 20
062625 MNGLD:    JPL I 66		; -> 062713  [BD39R]
062626           LDA 66
062627           SAX 10
062630           STA ,X ,B 157
062631           LDT ,B 150
062632           LDA ,B 152
062633           JPL I 62		; -> 062715
062634           JMP I 54		; -> 062710
062635           LDA ,X 54
062636           AND 60
062637 BD37R:    STA ,B 154
062640           JPL I 57		; -> 062717  [LDEND]
062641           LDA ,B 152
062642           LDX 56
062643           RADD SB DX
062644           JPL I 55		; -> 062721
062645 KBLSZ:    JMP I 43		; -> 062710
062646           JPL I 54		; -> 062722
062647           JMP I 41		; -> 062710
062650           RADD CLD ST DA
062651           SUB I 52
062652 BD37W:    STA ,B 146
062653           SAA 20
062654           SAX 0
062655           STA ,X ,B 121
062656           SAA 4
062657           SAX 0
062660           STA ,X ,B 131
062661           SAA 5
062662           SAX 0
062663           STA ,X ,B 133
062664           LDX 21
062665 BD38R:    RADD SB DX
062666           LDT 36
062667           RADD SB DT
062670           LDA 35
062671           RADD SB DA
062672           RADD CLD SA DD
062673           LDA 33
062674           RADD SB DA
062675           JPL I 32		; -> 062727
062676 RMUSF:    JMP I 32		; -> 062730
062677           LDX 26
062700 BD38W:    RADD SB DX
062701           JPL I 30		; -> 062731
062702           JMP I 26		; -> 062730
062703           STA ,B 175
062704           JMP 30		; -> 062734
062705           STZ 104
062706           STZ 46
062707           LDX ,X ,B -133
062710           SHT ZIN SHR 10
062711           STF -153
062712           STZ 5
062713 BD39R:    STF 104
062714           STD I ,B ,X 40
062715           LDT I ,X -132
062716           STZ 17
062717 LDEND:    LDT I ,B ,X -57
062720           STZ 157
062721           LDX I 111
062722           LDX ,B 127
062723           RADD CM1 SX DL
062724 TNINI:    STZ 121
062725           STZ 133
062726 BD39W:    STZ 131
062727           MIN ,X ,B -156
062730           SHT ZIN SHR 5
062731           LDX I ,B ,X -151
062732           SAA 174
062733           JMP I 142		; -> 063075
062734           STZ ,B 155
062735           LDA ,B 155
062736           LDT ,B 154
062737           SKP IF DT GRE SA
062740           JMP 121		; -> 063061
062741 BD40R:    STZ ,B 156
062742           LDA ,B 155
062743           STA ,B 171
062744 MNRSR:    LDA ,B 156
062745           LDT 131
062746           AAT -1
062747           SKP IF DT GRE SA
062750           JMP 105		; -> 063055
062751           LDT ,B 150
062752           LDA ,B 152
062753           SHA ZIN 10
062754 BD40W:    ADD ,B 156
062755           STA ,B 172
062756           LDD ,B 171
062757           JPL I 120		; -> 063077
062760           JMP 112		; -> 063072
062761           STX ,B 173
062762           LDA ,X 26
062763           BSKP ONE 170 DA
062764           JMP 64		; -> 063050  [STMSY]
062765           LDA 113
062766           RADD SX DA
062767 BD41R:    LDX 112
062770           RADD SB DX
062771           SAT 20
062772           JPL I 110		; -> 063102
062773           JMP 55		; -> 063050  [STMSY]
062774           JMP 1		; -> 062775
062775           LDA 106
062776           ADD ,B 173
062777 MPM3M:    LDX 105
063000           RADD SB DX
063001           SAT 4
063002 BD41W:    JPL I 100		; -> 063102
063003 MPM4M:    JMP 45		; -> 063050  [STMSY]
063004           JMP 1		; -> 063005
063005           LDA ,B 173
063006           ADD 72
063007           RADD CLD SA DX
063010           LDA 75
063011           RADD SB DA
063012           SAT 40
063013           JPL I 73		; -> 063106
063014           SUB 64
063015 BD42R:    STA ,B 173
063016           JPL I 71		; -> 063107
063017           LDA ,B 175
063020           AAA -1
063021           STA ,B 176
063022 CPUST:    LDA ,B 175
063023           SKP IF DA UEQ 0
063024           JMP I 64		; -> 063110
063025           LDT ,B 150
063026           LDD ,B 171
063027           LDA ,B 155
063030 BD42W:    RADD CLD SD DX
063031           JPL I 60		; -> 063111
063032           JMP 17		; -> 063051  [MLCTA]
063033           SKP IF DD EQL SX
063034 NENTR:    JMP 6		; -> 063042
063035           LDA ,B 176
063036           JAF 2		; -> 063040
063037           JMP I 51		; -> 063110
063040           JMP 11		; -> 063051  [MLCTA]
063041           JMP 7		; -> 063050  [STMSY]
063042           RADD CLD SD DX
063043 BD43R:    LDA ,B 176
063044           AAA -1
063045           STA ,B 176
063046           JAN 3		; -> 063051  [MLCTA]
063047           JMP -20		; -> 063027
063050 STMSY:    JPL I 37		; -> 063107
063051 MLCTA:    LDA ,B 156
063052 FNO:      AAA 1
063053 MESMA:    STA ,B 156
063054           JMP -107		; -> 062745
063055           LDA ,B 155
063056 ORBIT:    AAA 1
063057           STA ,B 155
063060           JMP -122		; -> 062736
063061           MIN ,B 4
063062           LDX ,B 151
063063           LDA ,X 3
063064           JPL I 26		; -> 063112
063065           JPL I 26		; -> 063113
063066           SAA -177
063067           JMP I 25		; -> 063114  [MNOUS]
063070           STA ,B 2
063071 BD44R:    JMP -4		; -> 063065
063072           JPL I 15		; -> 063107
063073           STA ,B 2
063074           JMP -12		; -> 063062
063075           SHT ZIN SHR 10
063076 MNOUE:    STZ ,B 0
063077           LDX I ,B 166
063100           STZ 27
063101           STZ 121
063102           MIN I ,B 152
063103           STZ 37
063104 BD44W:    STZ 131
063105           STZ 6
063106           STZ I -154
063107           LDX ,X -71
063110           SHT ZIN 15
063111           LDX I ,B ,X 127
063112           STT ,B 106
063113           STF I ,B ,X -132
063114 MNOUS:    STZ I ,B ,X -2
063115 SCDEF:    LDT ,B 150
063116           LDD ,B 171
063117 BD45R:    LDX 102
063120           RADD SB DX
063121           JPL I 101		; -> 063222
063122           JMP -51		; -> 063051  [MLCTA]
063123           LDX ,B 151
063124           LDA ,X 3
063125           JPL I 76		; -> 063223
063126           JPL I 76		; -> 063224
063127           LDA ,B 174
063130           SAT -1
063131           SKP IF DA UEQ ST
063132 BD45W:    JMP I 73		; -> 063225
063133 SMEMT:    LDT ,B 150
063134           LDX ,B 153
063135           LDD ,B 171
063136           JPL I 70		; -> 063226
063137           JMP -47		; -> 063070
063140           JAF 7		; -> 063147
063141           LDA ,B 174
063142           SKP IF DA GRE 0
063143           JMP I 64		; -> 063227
063144           LDA ,B 146
063145 BD46R:    SKP IF DA EQL 0
063146           JMP I 62		; -> 063230  [NLEAV]
063147           JPL I 62		; -> 063231
063150           MIN I ,X 111
063151           LDA ,X 105
063152           STD 47
063153           LDA ,B 156
063154           SHA ZIN 10
063155           RADD CLD SA DD
063156           LDA ,B 155
063157           SAD ZIN SHR 10
063160 BD46W:    RADD CLD SD DA
063161           JPL I 51		; -> 063232
063162           JPL I 47		; -> 063231
063163           STD 72
063164           STD 50
063165           STD I ,B ,X 0
063166           LDA 45
063167           RADD SB DA
063170           RADD CLD SA DX
063171           SAT 20
063172 CH5CP:    JPL I 42		; -> 063234  [BD48W]
063173 BD47R:    JPL I 36		; -> 063231
063174           LDF I 47
063175           LDX 40
063176           RADD SB DX
063177           SAT 20
063200           JPL I 34		; -> 063234  [BD48W]
063201           JPL I 30		; -> 063231
063202           LDD ,B 47
063203           LDX 16
063204           RADD SB DX
063205           SAT 60
063206 BD47W:    JPL I 26		; -> 063234  [BD48W]
063207           LDA ,B 174
063210           SAT -2
063211           SKP IF DA UEQ ST
063212           JMP I 24		; -> 063236
063213           JPL I 16		; -> 063231
063214           STD ,X 47
063215           LDA ,B 174
063216           JAZ 2		; -> 063220
063217           JMP 20		; -> 063237
063220           JMP I 10		; -> 063230  [NLEAV]
063221 BD48R:    STZ 104
063222           ADD ,B -200
063223           STT ,B 106
063224           STF -133
063225           SHT LIN SHR 36
063226           LDX I ,B ,X -7
063227           SHT ZIN SHR 27
063230 NLEAV:    SAD ZIN SHR 21
063231           MIN ,B -50
063232           MIN ,B 50
063233           STZ 46
063234 BD48W:    MIN I 13
063235           STZ 157
063236           SHT LIN 23
063237           LDX ,B 173
063240           JPL I 126		; -> 063366
063241           STD 40
063242           STD 40
063243           STD 40
063244           STD 40
063245           STD 40
063246           STD 47
063247 BD49R:    LDA ,X 44
063250           BSKP ONE 0 DA
063251           JMP 10		; -> 063261
063252           JPL I 114		; -> 063366
063253           LDD 124
063254           MIN ,X ,B 122
063255           LDA ,X ,B 111
063256           LDA I ,X 101
063257           LDA ,X 51
063260           STD I ,B ,X 0
063261           BSKP ONE 10 DA
063262 BD49W:    JMP 11		; -> 063273
063263           JPL I 103		; -> 063366
063264           LDD 120
063265           MIN ,X ,B 122
063266           LDA ,B 120
063267           LDA 105
063270           LDT I 101
063271           LDA ,X 51
063272           STD I ,B ,X 0
063273           BSKP ONE 30 DA
063274           JMP 12		; -> 063306
063275 BD50R:    JPL I 71		; -> 063366
063276           LDD 111
063277           LDA I ,X 104
063300           MIN ,X ,B 130
063301           MIN ,X ,B 104
063302           STD 106
063303           LDA ,B 114
063304           MIN ,X ,B 51
063305           STD I ,B ,X 0
063306           BSKP ONE 40 DA
063307           JMP 13		; -> 063322
063310 BD50W:    JPL I 56		; -> 063366
063311           LDD 103
063312           LDA I ,B ,X 116
063313 CNEWV:    LDT ,X 111
063314           MIN I ,B ,X 125
063315 CHIGV:    LDA I ,B ,X 125
063316           LDT I ,B 40
063317 9BDSL:    MIN I ,X 111
063320 CBPOO:    LDA ,X 105
063321           LDD ,B 47
063322           BSKP ONE 50 DA
063323           JMP 13		; -> 063336  [IDMO1]
063324           JPL I 42		; -> 063366
063325           LDD 101
063326           LDA ,X 114
063327           LDA I ,B ,X 103
063330           MIN ,B 124
063331           MIN ,X ,B 104
063332           STD 106
063333           LDA ,B 114
063334           MIN ,X ,B 51
063335           STD I ,B ,X 0
063336 IDMO1:    BSKP ONE 20 DA
063337 EXRQS:    JMP 12		; -> 063351
063340           JPL I 26		; -> 063366
063341           LDD 123
063342           LDT 117
063343           LDA I ,B ,X 114
063344           LDA ,B 116
063345           MIN I ,B ,X 40
063346           MIN I ,X 111
063347           LDA ,X 105
063350           LDD ,B 47
063351           BSKP ONE 100 DA
063352           JMP 13		; -> 063365
063353           JPL I 13		; -> 063366
063354           LDD 124
063355           MIN ,X ,B 115
063356 CENTR:    LDT 117
063357           LDT I 101
063360           LDT I 131
063361           STD 106
063362           LDA ,B 114
063363           MIN ,X ,B 51
063364           STD I ,B ,X 0
063365           JMP 2		; -> 063367
063366           MIN ,B -50
063367           LDA ,X 43
063370           STA ,B 167
063371 EXINT:    LDA ,B 147
063372           JAF 12		; -> 063404
063373           LDT ,B 150
063374           JPL I 111		; -> 063505  [UDMO2]
063375           JMP I 111		; -> 063506
063376           RADD CLD SA DT
063377           LDA ,B 167
063400           BSKP ONE 30 DT
063401 UDMO1:    JMP 2		; -> 063403  [EXCOM]
063402           AND 105
063403 EXCOM:    STA ,B 167
063404           JPL I 104		; -> 063510
063405           JPL I 104		; -> 063511
063406           LDT 125
063407           MIN I 114
063410           LDA ,B 103
063411 MNLCP:    STD 101
063412           MIN I ,B 103
063413           MIN ,X ,B 123
063414           LDT I ,B 40
063415           LDF I 40
063416           STD I ,B ,X 0
063417           LDA ,B 167
063420 R2LOA:    AND 72
063421           SHA ZIN SHR 12
063422           JPL I 71		; -> 063513
063423           JPL I 65		; -> 063510
063424           JPL I 65		; -> 063511
063425           MIN I ,X 122
063426           LDA ,B 105
063427           LDA I ,X 104
063430           STD 101
063431 GUSCB:    MIN I ,B 103
063432           MIN ,X ,B 123
063433           LDT I ,B 40
063434           LDF I 40
063435           STD I ,B ,X 0
063436           LDA ,B 167
063437           AND 55
063440           SHA ZIN SHR 5
063441           JPL I 52		; -> 063513
063442 IDMO2:    JPL I 46		; -> 063510
063443           JPL I 46		; -> 063511
063444           LDA I ,B ,X 127
063445           LDA I ,X 40
063446           MIN ,B 103
063447           MIN I ,B 105
063450           LDT I ,B 123
063451           STD 72
063452           STD 47
063453           LDA ,B 167
063454           AND 41
063455           JPL I 36		; -> 063513
063456 FRUSE:    JPL I 32		; -> 063510
063457 DATIM:    JPL I 32		; -> 063511
063460 DOEXS:    LDA I ,B ,X 120
063461 BITTA:    MIN ,X ,B 116
063462           MIN ,X ,B 104
063463           STD 47
063464           LDX ,B 173
063465           LDA ,X 51
063466           RADD CLD SA DD
063467           RADD CLD 0 DA
063470           JPL I 26		; -> 063516
063471           JPL I 20		; -> 063511
063472           STD 124
063473           LDA ,B 115
063474           MIN ,X ,B 47
063475           SAT 1
063476           SKP IF DD EQL ST
063477           JMP 3		; -> 063502
063500           JAF 2		; -> 063502
063501           JMP 16		; -> 063517
063502           JPL I 7		; -> 063511
063503           LDT I ,B 47
063504           JMP 13		; -> 063517
063505 UDMO2:    LDT -55
063506           SHT ZIN SHR 10
063507           STD ,X ,B 51
063510           SHD LIN 14
063511           MIN ,B -50
063512           ORA ,X 0
063513           MIN I -112
063514           STZ I ,B -40
063515           STZ 37
063516           MIN ,B -162
063517           JPL I 147		; -> 063666
063520           JPL I 147		; -> 063667
063521           MIN I ,B 122
063522           MIN ,X ,B 101
063523           LDT ,X 105
063524           MIN ,X 40
063525           STD I ,B ,X 0
063526           LDD ,X 52
063527           JPL I 141		; -> 063670
063530           LDD ,X 54
063531 MNCCP:    JAF 3		; -> 063534
063532           SKP IF DD UEQ 0
063533           JMP 15		; -> 063550
063534           JPL I 132		; -> 063666
063535           JPL I 132		; -> 063667
063536           LDA I ,B ,X 120
063537 DPNCH:    MIN ,X ,B 116
063540           MIN ,X ,B 104
063541           STD 106
063542           LDA I ,B ,X 122
063543           STD 122
063544           MIN ,X ,B 101
063545           MIN ,X 40
063546           STD I ,B ,X 0
063547           JPL I 121		; -> 063670
063550           LDD ,X 56
063551           JAF 3		; -> 063554  [R2STO]
063552           SKP IF DD UEQ 0
063553           JMP 15		; -> 063570
063554 R2STO:    JPL I 112		; -> 063666
063555           JPL I 112		; -> 063667
063556           LDA I ,B ,X 120
063557           MIN ,X ,B 116
063560           MIN ,X ,B 104
063561           STD 106
063562 RTDTT:    LDA I ,B ,X 122
063563           STD 127
063564           LDT I 111
063565           LDT ,X 105
063566           STD 47
063567 CSPEE:    JPL I 101		; -> 063670
063570           JPL I 76		; -> 063666
063571           LDA ,X 44
063572           BSKP ZRO 0 DA
063573           JMP 3		; -> 063576
063574           BSKP ONE 10 DA
063575           JMP 17		; -> 063614
063576           LDA ,X 45
063577           JPL I 70		; -> 063667
063600           MIN ,X 105
063601           LDT I ,X 111
063602           MIN I ,B 105
063603           STD 116
063604           LDT ,X ,B 115
063605           MIN I 105
063606           LDT I 72
063607           STD 47
063610           JPL I 61		; -> 063671
063611           JPL I 56		; -> 063667
063612           STD ,X 47
063613           JMP 44		; -> 063657  [NUCST]
063614           LDD ,X 60
063615           JPL I 55		; -> 063672
063616           JPL I 51		; -> 063667
063617           STD 120
063620           MIN ,B 107
063621           MIN ,X ,B 47
063622           JAF 4		; -> 063626
063623           SAT 1
063624           SKP IF DD UEQ ST
063625           JMP 3		; -> 063630
063626           JPL I 41		; -> 063667
063627           LDT I ,B 47
063630           JPL I 37		; -> 063667
063631           STD 54
063632           STD 47
063633           LDD ,X 62
063634           RADD AD1 0 DD
063635           RADD ADC CLD SA DA
063636           JPL I 34		; -> 063672
063637           JPL I 30		; -> 063667
063640           STD 102
063641 MNHCP:    LDX ,B 124
063642           MIN ,X ,B 47
063643           JAF 4		; -> 063647
063644           SAT 1
063645           SKP IF DD UEQ ST
063646           JMP 3		; -> 063651
063647           JPL I 20		; -> 063667
063650           LDT I ,B 47
063651           JPL I 16		; -> 063667
063652           STD 111
063653           LDA I ,X 40
063654           MIN I ,X 111
063655           LDA ,X 105
063656           STD ,X 47
063657 NUCST:    LDA ,B 147
063660           JAF 5		; -> 063665
063661 GSPEE:    LDX ,B 151
063662           LDA ,X 3
063663           JPL I 10		; -> 063673
063664           JMP I 10		; -> 063674  [R4STO]
063665           JMP 15		; -> 063702
063666           SHD LIN 14
063667           MIN ,B -50
063670           MIN I -144
063671           MIN -42
063672           MIN ,B -162
063673           STT ,B 100
063674 R4STO:    SHT ZIN SHR 27
063675           STZ ,B 153
063676           STZ ,B 167
063677           SAA -1
063700           STA ,B 154
063701 MNCBE:    STA ,B 170
063702           LDA 100
063703           RADD SB DA
063704           LDX I 77
063705           STA ,X 30
063706           LDA 76
063707           RADD SB DA
063710           STA ,X 25
063711           LDA 74
063712           RADD SB DA
063713           STA ,X 27
063714           LDA 72
063715           RADD SB DA
063716           STA ,X 31
063717           LDA 70
063720           RADD SB DA
063721           STA ,X 32
063722           LDA 66
063723           RADD SB DA
063724           STA ,X 33
063725           LDA 64
063726 CROBJ:    RADD SB DA
063727           STA ,X 24
063730           LDA 62
063731           RADD SB DA
063732           STA ,X 26
063733           SAX 44
063734           JPL I 57		; -> 064013
063735           JMP 7		; -> 063744
063736           LDA 54
063737           RADD SB DA
063740           SUB 54
063741 ERIMA:    STA ,B 173
063742           MIN ,B 147
063743 ERSAV:    JMP I 52		; -> 064015
063744           LDT 52
063745           SKP IF DA UEQ ST
063746           JMP 4		; -> 063752  [ERIBA]
063747           SAT -1
063750 ERMBA:    SKP IF DA EQL ST
063751           JMP 3		; -> 063754
063752 ERIBA:    MIN ,B 4
063753           JMP I 44		; -> 064017
063754           LDT ,B 167
063755 ERSBA:    SKP IF DA EQL ST
063756           JMP 7		; -> 063765
063757 ERTDT:    LDX ,B 154
063760           LDT ,B 170
063761           SKP IF DX EQL ST
063762 ERTER:    JMP 3		; -> 063765
063763           STA ,B 2
063764           JMP I 33		; -> 064017
063765           SAT 73
063766           SKP IF DA EQL ST
063767           JMP 4		; -> 063773
063770           SAA 73
063771 MPM4D:    STA ,B 2
063772 S1PAR:    JMP I 25		; -> 064017
063773           STA ,B 167
063774           LDA ,B 154
063775 S2PAR:    JAN 2		; -> 063777
063776           MIN ,B 154
063777           LDA ,B 154
064000 NIPIT:    STA ,B 170
064001 E1BUF:    JMP -77		; -> 063702
064002           STZ 136
064003           ROP NOOP
064004           STZ 153
064005           STZ 147
064006           STZ 157
064007           STZ 121
064010           STZ 176
064011           STZ 46
064012           STZ 6
064013           STD -104
064014 R4LOA:    STZ 26
064015           SHT LIN 20
064016           STZ -73
064017           SHT ZIN SHR 13
064020           JPL I 66		; -> 064106  [MNWSC]
064021 CRARR:    JPL I 66		; -> 064107
064022           MIN I ,X 111
064023 CARRA:    LDA ,X 105
064024           STD 47
064025 MNRES:    LDA ,B 154
064026           JPL I 62		; -> 064110
064027           JPL I 60		; -> 064107
064030           STD 72
064031           STD 47
064032           LDA 57
064033           RADD SB DA
064034           RADD CLD SA DX
064035           SAT 20
064036           JPL I 54		; -> 064112
064037           JPL I 50		; -> 064107
064040           LDD I ,X 50
064041           STD I ,B ,X 0
064042           LDA 51
064043           RADD SB DA
064044           RADD CLD SA DX
064045           SAT 20
064046           JPL I 44		; -> 064112
064047           JPL I 40		; -> 064107
064050           LDF I 47
064051           LDX 43
064052           RADD SB DX
064053           SAT 20
064054           JPL I 36		; -> 064112
064055           JPL I 32		; -> 064107
064056           LDD ,B 47
064057 WBSEG:    LDA ,B 173
064060           ADD 35
064061 MESBU:    RADD CLD SA DX
064062           SAT 20
064063           JPL I 27		; -> 064112
064064           JPL I 23		; -> 064107
064065           LDF I 47
064066           LDA ,B 173
064067           ADD 27
064070           RADD CLD SA DX
064071           SAT 4
064072           JPL I 20		; -> 064112
064073           JPL I 14		; -> 064107
064074           LDF I ,B 47
064075           LDA ,B 176
064076           JPL I 12		; -> 064110
064077           JPL I 10		; -> 064107
064100           STD ,X 47
064101           MIN ,B 154
064102           LDA ,B 174
064103           JAZ 2		; -> 064105
064104           JMP I 13		; -> 064117
064105           JMP I 13		; -> 064120
064106 MNWSC:    STF -133
064107           MIN ,B -50
064110           MIN ,B 50
064111           STZ 136
064112           MIN I 13
064113 E2BUF:    STZ 121
064114           STZ 157
064115           STZ 27
064116           STZ 37
064117           SHD ZIN 37
064120           SAD ZIN 2
064121           JPL I 105		; -> 064226
064122           STD ,X 47
064123           LDA 104
064124           SAT 3
064125           LDX 103
064126 RCSWD:    RADD SB DX
064127           JPL I 102		; -> 064231
064130           JMP -7		; -> 064121
064131           LDA 101
064132           JPL I 101		; -> 064233
064133           JMP 3		; -> 064136
064134           RAND 0 0
064135           JMP I 77		; -> 064234
064136           LDA 77
064137           JPL I 74		; -> 064233
064140           JMP -17		; -> 064121
064141           RAND 0 0
064142           LDX ,B 151
064143           LDA ,X 3
064144           JPL I 72		; -> 064236
064145           LDT ,B 150
064146 DLOBJ:    LDX ,B 153
064147           LDD ,B 171
064150           JPL I 67		; -> 064237  [CM11]
064151           JMP 13		; -> 064164
064152           BSKP ZRO 40 DA
064153           JMP 3		; -> 064156
064154           SAA 70
064155           JMP 7		; -> 064164
064156           LDD ,B 171
064157           JPL I 61		; -> 064240
064160           JMP 4		; -> 064164
064161           JPL I 60		; -> 064241
064162           JMP 2		; -> 064164
064163           JMP I 57		; -> 064242
064164           JPL I 57		; -> 064243
064165           JPL I 41		; -> 064226
064166           STD 117
064167           MIN I 112
064170           MIN ,X ,B 103
064171           LDT ,X 40
064172           LDA ,B 116
064173           MIN ,X 105
064174           LDX 50
064175           LDA I ,B ,X 103
064176           LDT ,X 101
064177           LDA ,X 51
064200           LDF I 40
064201           STD I ,B ,X 0
064202           LDA ,B 156
064203           SHA ZIN 10
064204           RADD CLD SA DD
064205           LDA ,B 155
064206           SAD ZIN SHR 10
064207           RADD CLD SD DA
064210           JPL I 34		; -> 064244
064211           JPL I 15		; -> 064226
064212           STD ,X 47
064213           JMP I 27		; -> 064242
064214           RADD CLD SL DT
064215           JPL I 11		; -> 064226
064216           STD ,X 40
064217           STD 40
064220           STD 40
064221           STD 40
064222           STD 40
064223           STD 40
064224 MLAMU:    STD I ,B ,X 0
064225           RADD CLD ST DP
064226           MIN ,B -50
064227 EBUTD:    LDA ,B 153
064230           STZ 136
064231           LDA ,B -1
064232           STT ,B -36
064233           MIN I ,B 152
064234           SAD ZIN SHR 21
064235           STT ,B -40
064236           STT ,B 100
064237 CM11:     LDX I ,B ,X -7
064240           SUB 146
064241           LDT ,B 165
064242           SHT ZIN SHR 27
064243           LDA ,X 120
064244           MIN -42
064245           BSET ONE SSK
064246           JMP 2		; -> 064250  [EIOBU]
064247 MTRSD:    BSET ZRO SSK
064250 EIOBU:    STD I 124
064251           RADD CLD SL DA
064252 CM12:     RADD CLD SB DD
064253           SAB 14
064254           JPL I 121		; -> 064375
064255           BSKP ONE SSK
064256           JMP 4		; -> 064262
064257           SAA 1
064260           STA ,B 7
064261           JMP 2		; -> 064263
064262           STZ ,B 7
064263           LDA ,B 7
064264           JAF 5		; -> 064271
064265 CM13:     JPL I 111		; -> 064376
064266           JMP 104		; -> 064372
064267           STA ,B 6
064270           JMP 3		; -> 064273
064271           JPL I 106		; -> 064377
064272           JMP 100		; -> 064372
064273           LDA 105
064274           JPL I 105		; -> 064401
064275           JMP 75		; -> 064372
064276           STA ,B 11
064277 MTDFI:    LDA 103
064300 CM14:     JPL I 101		; -> 064401
064301           JMP 71		; -> 064372
064302           STA ,B 12
064303           LDA 100
064304           JPL I 75		; -> 064401
064305           JMP 65		; -> 064372
064306           STA ,B 13
064307           LDA ,B 7
064310           JAF 11		; -> 064321
064311           JPL I 73		; -> 064404
064312           JMP 60		; -> 064372
064313 CM15:     LDA ,B 6
064314           JPL I 71		; -> 064405
064315           JMP 55		; -> 064372
064316           LDA ,X 51
064317           STA ,B 10
064320           JMP 3		; -> 064323
064321           LDA I 65
064322           STA ,B 10
064323           LDA ,B 11
064324           JAF 3		; -> 064327
064325           LDA ,B 10
064326 CM16:     JMP 2		; -> 064330
064327           SHA ZIN 12
064330           AND 57
064331           RADD CLD SA DT
064332           LDA ,B 12
064333           JAF 3		; -> 064336
064334           LDA ,B 10
064335           JMP 2		; -> 064337
064336           SHA ZIN 5
064337           AND 51
064340           RADD SA DT
064341 CM17:     LDA ,B 13
064342           JAF 2		; -> 064344
064343           LDA ,B 10
064344           AND 45
064345           RADD SA DT
064346           STT ,B 10
064347           LDA ,B 7
064350           JAF 11		; -> 064361
064351 SCMAG:    LDA ,B 10
064352           STA ,X 51
064353           JPL I 31		; -> 064404
064354 CM18:     JMP 16		; -> 064372
064355           LDA ,B 6
064356           JPL I 34		; -> 064412
064357           JMP 13		; -> 064372
064360           JMP 7		; -> 064367  [CM19]
064361           LDA ,B 10
064362 MTMBI:    STA I 24
064363           LDX 23
064364           SAT 44
064365           JPL I 26		; -> 064413
064366           RAND 0 0
064367 CM19:     MIN ,B 4
064370           SAA -14
064371           JMP I 23		; -> 064414
064372           STA ,B 2
064373           JMP -3		; -> 064370
064374           ROP NOOP
064375           STZ I ,B ,X -26
064376           LDT I ,X 174
064377           LDT I ,X 47
064400           MIN I ,B ,X 151
064401           LDA ,B -1
064402 CM110:    MIN I ,B ,X -175
064403           MIN I ,B ,X -143
064404           LDA I ,B ,X -125
064405           LDT I ,X -132
064406           STA I ,B ,X -50
064407           ORA ,X 0
064410 CRNEW:    STZ I ,B -40
064411           STZ 37
064412           LDT I ,B ,X 10
064413           STX I 16
064414           STZ I ,B ,X -2
064415 CM111:    STD I 35
064416           RADD CLD SL DA
064417           RADD CLD SB DD
064420           SAB 71
064421           JPL I 32		; -> 064453
064422           LDA 32
064423           LDX 32
064424           RADD SB DX
064425           SAT 74
064426           JPL I 30		; -> 064456  [BDAT1]
064427           JMP I 30		; -> 064457  [BDAT2]
064430 CM112:    SAT -1
064431           LDA 27
064432           JPL I 27		; -> 064461
064433           JMP I 24		; -> 064457  [BDAT2]
064434           STT ,B 54
064435           RADD CLD SA DX
064436           LDD ,X 0
064437           STD ,B 55
064440           JPL I 22		; -> 064462
064441           JMP I 22		; -> 064463
064442           STX ,B 57
064443 CM113:    LDA ,X 44
064444           BSKP ZRO 10 DA
064445           JMP 4		; -> 064451
064446           LDA 16
064447           STA ,B 2
064450           JMP I 15		; -> 064465
064451           JMP 15		; -> 064466  [MTRSM]
064452           ROP NOOP
064453           STZ I ,B ,X -26
064454           MIN I ,B ,X 65
064455           STZ 6
064456 BDAT1:    LDA ,B -1
064457 BDAT2:    SAD LIN 4
064460 BFBPT:    STT 0
064461           LDX I ,X 173
064462           LDX I ,B 166
064463           SAD LIN 6
064464           STZ -172
064465           SAD LIN SHR 3
064466 MTRSM:    LDA ,X 45
064467           STA ,B 63
064470           STZ ,B 64
064471 CM115:    SAA 1
064472           STA ,B 65
064473           LDA 64
064474           RADD SB DA
064475           STA ,B 66
064476           AAA 1
064477           STA ,B 67
064500           AAA 1
064501           STA ,B 70
064502           LDA 56
064503           RADD SB DA
064504 CM116:    MON 122		; ReserveResource / RESRV (122B)
064505           JAF 25		; -> 064532
064506           LDA I 53
064507           LDX ,B 57
064510           STA ,X 46
064511           RADD CLD 0 DT
064512           LDA I 50
064513           JAZ 4		; -> 064517  [CM21]
064514           LDA I 47
064515           AND 47
064516           RADD CLD SA DT
064517 CM21:     LDA ,X 26
064520           BSET ONE 150 DA
064521           AND 44
064522           RADD ST DA
064523           STA ,X 26
064524           LDA ,X 45
064525           JAZ 4		; -> 064531
064526           SAT 4
064527 DLEV6:    JPL I 37		; -> 064566  [CDF01]
064530           JMP 160		; -> 064710
064531           JMP 135		; -> 064666
064532           SAT -1
064533           SKP IF DA EQL ST
064534           JMP 3		; -> 064537  [RCOL]
064535           SAA 33
064536 DLEV7:    JMP 146		; -> 064704
064537 RCOL:     RADD CLD 0 DD
064540           LDA I 22
064541           JAZ 4		; -> 064545  [DLEV8]
064542           LDA I 21
064543           AND 21
064544           RADD CLD SA DD
064545 DLEV8:    LDA I 14
064546 MAIL:     LDX ,B 57
064547           LDT ,X 46
064550           SKP IF DA EQL ST
064551           JMP 5		; -> 064556
064552           LDA ,X 26
064553           AND 11
064554 DLEV9:    SKP IF DA UEQ SD
064555           JMP 117		; -> 064674
064556           JMP 11		; -> 064567
064557           STZ 63
064560           STZ 66
064561           RADD CM1 SX DL
064562           STA 4
064563           SWAP SB DD
064564           STZ I ,B ,X -1
064565           BSET ZRO SSPTM
064566 CDF01:    STF I ,X -4
064567           LDX ,B 57
064570           LDA ,X 50
064571           STA ,B 60
064572           LDA ,X 46
064573           STA ,B 61
064574           LDA ,X 26
064575           AND 116
064576           STA ,B 62
064577           JPL I 115		; -> 064714
064600           LDT ,B 54
064601 CDF02:    JPL I 114		; -> 064715
064602           LDA ,X 3
064603           JPL I 113		; -> 064716  [CDF09]
064604           JPL I 113		; -> 064717
064605           STD ,X 101
064606           LDA ,X 122
064607           MIN ,X ,B 101
064610           MIN ,X 131
064611           STD 47
064612           LDA ,B 60
064613           JAF 10		; -> 064623
064614 CDF03:    JPL I 103		; -> 064717
064615           LDT I 105
064616           LDT I ,B 105
064617           LDT I 126
064620           MIN ,X ,B 104
064621           STD I ,B ,X 0
064622           JMP 6		; -> 064630
064623           JPL I 74		; -> 064717
064624           LDA I ,B ,X 120
064625           MIN ,X ,B 116
064626           MIN ,X ,B 104
064627 CDF04:    STD I ,B ,X 0
064630           JPL I 67		; -> 064717
064631           STD 102
064632           LDX ,B 40
064633           LDT ,X ,B 123
064634           MIN ,X ,B 122
064635           STD 47
064636 MTSTA:    LDT ,B 61
064637           SHT ZIN SHR 10
064640           LDA ,B 61
064641           AND 57
064642 CDF05:    LDX 57
064643           RADD SB DX
064644           JPL I 56		; -> 064722
064645           JMP 37		; -> 064704
064646           SAT 20
064647           JPL I 54		; -> 064723
064650           JPL I 47		; -> 064717
064651           STD 117
064652           LDA I ,X 40
064653           LDT ,X 105
064654           LDT I 115
064655 CDF06:    LDA ,B 116
064656           MIN ,B 114
064657           STD 47
064660           LDA ,B 62
064661           JPL I 43		; -> 064724
064662           JPL I 35		; -> 064717
064663           STD ,X 47
064664           MIN ,B 4
064665           JMP 15		; -> 064702
064666           LDT ,B 54
064667           LDD ,B 55
064670 GCFIL:    JPL I 35		; -> 064725
064671           JMP 15		; -> 064706
064672           MIN ,B 4
064673 RDIL:     JMP 3		; -> 064676
064674           MIN ,B 4
064675           JPL I 17		; -> 064714
064676           LDT ,B 54
064677           JPL I 16		; -> 064715
064700           LDA ,X 3
064701           JPL I 15		; -> 064716  [CDF09]
064702           SAA -71
064703 CDF08:    JMP I 23		; -> 064726
064704           STA ,B 2
064705           JMP -3		; -> 064702
064706           STA ,B 2
064707           JMP -11		; -> 064676
064710           LDA ,X 45
064711           JPL I 16		; -> 064727
064712           JMP -123		; -> 064567
064713           STZ I ,B ,X -1
064714           LDX ,X -71
064715           STF -153
064716 CDF09:    STT ,B 106
064717           MIN ,B -50
064720           STZ -1
064721           STZ 44
064722           LDX I 111
064723           MIN I 13
064724           MIN ,B 50
064725           LDX I ,B -30
064726           STZ I ,B ,X -2
064727           STF I ,X -31
064730           STD I 114
064731 CDF10:    RADD CLD SL DA
064732           RADD CLD SB DD
064733           SAB 21
064734           JPL I 111		; -> 065045  [MTINS]
064735           JPL I 111		; -> 065046
064736           JMP 64		; -> 065022
064737           LDA 110
064740           LDX 110
064741           RADD SB DX
064742           SAT 20
064743           JPL I 106		; -> 065051
064744 CDF11:    JMP 60		; -> 065024
064745           JPL I 105		; -> 065052
064746           JMP 56		; -> 065024
064747           RADD CLD SA DD
064750           LDA I 103
064751           JPL I 103		; -> 065054
064752           RADD CLD SD DA
064753           STT ,B 16
064754           JPL I 101		; -> 065055
064755           JMP 51		; -> 065026
064756           JMP 2		; -> 064760
064757 CDF12:    JMP 47		; -> 065026
064760           STT ,B 20
064761           JPL I 75		; -> 065056
064762           STX ,B 17
064763           LDA ,X 3
064764           JPL I 70		; -> 065054
064765           LDA ,X 4
064766           JAZ 5		; -> 064773
064767           MON 124		; ForceReserve / PRSRV (124B)
064770           JAP 3		; -> 064773
064771           SAA 147
064772 CDF13:    JMP 40		; -> 065032
064773           LDT ,B 16
064774           LDX 63
064775 CLACI:    JPL I 63		; -> 065060
064776           JMP 36		; -> 065034  [UUELO]
064777           BSKP ZRO 100 DA
065000           JMP 3		; -> 065003
065001           JPL I 60		; -> 065061
065002           JMP 32		; -> 065034  [UUELO]
065003           LDT ,B 20
065004           JPL I 56		; -> 065062  [0SEFI]
065005 CDF14:    JMP 27		; -> 065034  [UUELO]
065006           LDT ,B 20
065007           JPL I 54		; -> 065063
065010           JPL I 54		; -> 065064
065011           JMP 23		; -> 065034  [UUELO]
065012           MIN ,B 4
065013           LDA I 40
065014           JPL I 51		; -> 065065
065015           LDX ,B 17
065016           LDA ,X 3
065017           JPL I 46		; -> 065065
065020 CDF15:    SAA -21
065021           JMP I 45		; -> 065066  [SEMI2]
065022           JPL I 45		; -> 065067
065023           JMP -64		; -> 064737
065024           STA ,B 2
065025           JMP -5		; -> 065020  [CDF15]
065026           STA ,B 2
065027           LDA I 24
065030           JPL I 35		; -> 065065
065031           JMP -11		; -> 065020  [CDF15]
065032           STA ,B 2
065033 CDF16:    JMP -20		; -> 065013
065034 UUELO:    STA ,B 2
065035           LDA I 16
065036 MTIND:    JPL I 27		; -> 065065
065037           LDX ,B 17
065040           LDA ,X 4
065041           JAZ 2		; -> 065043
065042           MON 125		; ForceRelease / PRLRS (125B)
065043           JMP -26		; -> 065015
065044 RDEL:     ROP NOOP
065045 MTINS:    STZ I ,B ,X -26
065046           LDT I ,X 174
065047           MIN I ,X -157
065050 DF023:    STZ 6
065051           LDA ,B -1
065052           JPC 72		; -> 065144  [FFILE]
065053           MPY 27
065054           STT ,B 100
065055           JAF -46		; -> 065007
065056           STF -153
065057           STZ 13
065060           LDT -155
065061           LDT I ,X 47
065062 0SEFI:    LDF I ,X -1
065063           LDF I -147
065064           MIN 162
065065           STT ,B 106
065066 SEMI2:    STZ I ,B ,X -2
065067           LDA I ,B ,X -125
065070           STD I 65
065071           RADD CLD SL DA
065072 SEMI3:    RADD CLD SB DD
065073           SAB 12
065074           JPL I 62		; -> 065156  [SEM16]
065075           JPL I 62		; -> 065157
065076 SEMI4:    JMP 55		; -> 065153
065077           JPL I 61		; -> 065160
065100           JMP 53		; -> 065153
065101           STT ,B 6
065102 SEMI5:    STA ,B 11
065103           JPL I 56		; -> 065161
065104           LDA ,X 13
065105           BSKP ZRO 40 DA
065106 SEMI6:    JMP 3		; -> 065111
065107           LDA 53
065110           JMP 43		; -> 065153
065111           LDT ,B 6
065112 SEMI7:    LDA ,B 11
065113           JPL I 50		; -> 065163
065114           JMP 37		; -> 065153
065115           JMP 2		; -> 065117
065116 SEMI8:    JMP 35		; -> 065153
065117           LDA 45
065120           JPL I 45		; -> 065165
065121           JMP 32		; -> 065153
065122 SEMI9:    STD ,B 7
065123           LDT ,B 6
065124           JPL I 42		; -> 065166  [SEM18]
065125           JMP 26		; -> 065153
065126 SEM10:    JMP 2		; -> 065130
065127           JMP 15		; -> 065144  [FFILE]
065130           LDX 37
065131           JPL I 37		; -> 065170
065132 SEM11:    JMP 21		; -> 065153
065133           RADD CLD SA DT
065134           RADD CLD SD DL
065135           LDD ,B 7
065136 SEM12:    SKP IF DA EQL ST
065137           JMP 3		; -> 065142  [SEM13]
065140           SKP IF DD UEQ SL
065141           JMP 7		; -> 065150
065142 SEM13:    LDA 27
065143           JMP 10		; -> 065153
065144 FFILE:    LDD ,B 7
065145           LDX 22
065146 SEM14:    JPL I 24		; -> 065172  [SEM19]
065147           JMP 4		; -> 065153
065150           MIN ,B 4
065151           SAA -12
065152 SEM15:    JMP I 21		; -> 065173
065153           STA ,B 2
065154           JMP -3		; -> 065151
065155           ROP NOOP
065156 SEM16:    STZ I ,B ,X -26
065157           LDT I ,X 47
065160           JPC 72		; -> 065252  [SEM31]
065161           STF -143
065162 SEM17:    STZ -140
065163           JAF -46		; -> 065115
065164           MIN I ,X -35
065165           LDA ,B -1
065166 SEM18:    LDF I ,B ,X 165
065167           STZ 10
065170           LDT -160
065171           STZ I ,X -174
065172 SEM19:    LDT -152
065173           STZ I ,B ,X -2
065174           RADD CLD 0 DA
065175           JMP 2		; -> 065177
065176 SEM20:    SAA 1
065177           STD I 63
065200           RADD CLD SL DA
065201           RADD CLD SB DD
065202 SEM21:    SAB 22
065203           JPL I 60		; -> 065263
065204           STA ,B 16
065205           JMP 22		; -> 065227
065206 SEM22:    RADD CLD 0 DA
065207           JMP 2		; -> 065211
065210           SAA 1
065211           STD I 51
065212 SEM23:    RADD CLD SL DA
065213           RADD CLD SB DD
065214           SAB 22
065215           JPL I 46		; -> 065263
065216 UEPRE:    STA ,B 16
065217           LDA 45
065220           LDX 45
065221           RADD SB DX
065222 SEM25:    SAT 20
065223           JPL I 43		; -> 065266  [SEM34]
065224           JMP 34		; -> 065260
065225           JPL I 42		; -> 065267
065226 SEM26:    JMP 32		; -> 065260
065227           STT ,B 21
065230           JPL I 40		; -> 065270
065231           STX ,B 20
065232 SEM27:    JPL I 37		; -> 065271
065233           JMP 25		; -> 065260
065234           BSKP ZRO 100 DA
065235           JMP 3		; -> 065240
065236 SEM28:    JPL I 34		; -> 065272  [SEM35]
065237           JMP 21		; -> 065260
065240           LDX ,B 20
065241           LDA ,X 3
065242 SEM29:    JPL I 31		; -> 065273
065243           LDA ,X 27
065244           LDT ,B 16
065245           SKP IF DT EQL 0
065246 SEM30:    JMP 3		; -> 065251
065247           BSET ZRO 170 DA
065250           JMP 2		; -> 065252  [SEM31]
065251           BSET ONE 170 DA
065252 SEM31:    STA ,X 27
065253           LDA ,X 3
065254           JPL I 20		; -> 065274
065255           MIN ,B 4
065256 SEM32:    SAA -22
065257           JMP I 16		; -> 065275
065260           STA ,B 2
065261           JMP -3		; -> 065256  [SEM32]
065262 SEM33:    ROP NOOP
065263           STZ I ,B ,X -26
065264           MIN I ,X -157
065265           STZ 6
065266 SEM34:    LDA ,B -1
065267           LDA I ,B ,X 2
065270           STF -153
065271           LDT -55
065272 SEM35:    LDT I ,X 47
065273           STT ,B 100
065274           STT ,B 106
065275           STZ I ,B ,X -2
065276 SEM36:    STD I 133
065277           RADD CLD SL DA
065300           RADD CLD SB DD
065301           SAB 23
065302 SEM37:    JPL I 130		; -> 065432  [FS5]
065303           SAA 1
065304           STA ,B 21
065305           JPL I 126		; -> 065433
065306 SEM38:    STZ ,B 21
065307           LDA 125
065310           LDX 125
065311           RADD SB DX
065312 SEM39:    SAT 20
065313           JPL I 123		; -> 065436  [FS6]
065314           JMP 113		; -> 065427
065315           JPL I 122		; -> 065437
065316 SEM40:    JMP 111		; -> 065427
065317           LDA 121
065320           STA ,B 20
065321           STZ ,B 22
065322 SEM41:    LDA ,B 20
065323           LDT 116
065324           SKP IF DA MLST ST
065325           JMP 73		; -> 065420
065326 SEM42:    JPL I 114		; -> 065442  [FS7]
065327           LDT ,B 22
065330           LDX 113
065331 RCRS:     JPL I 113		; -> 065444
065332 SEM43:    JMP 75		; -> 065427
065333           BSKP ONE 170 DA
065334           JMP 57		; -> 065413  [UECMD]
065335           LDA ,B 20
065336 SEM44:    ADD 107
065337           LDX 76
065340 YOUHA:    RADD SB DX
065341           SAT 20
065342 SEM45:    JPL I 104		; -> 065446  [FS20]
065343           JMP 50		; -> 065413  [UECMD]
065344           LDA ,B 21
065345           JAF 12		; -> 065357
065346 SEM46:    LDX ,B 20
065347           LDA ,X 2
065350           AND 77
065351           RADD CLD SA DT
065352 SEM47:    LDX 76
065353           JPL I 76		; -> 065451
065354           JMP 53		; -> 065427
065355           BSKP ONE 150 DA
065356 SEM48:    JMP 35		; -> 065413  [UECMD]
065357           SAA -1
065360           STA ,B 16
065361           STZ ,B 17
065362 SEM49:    LDX ,B 16
065363           RADD CLD SX DD
065364           LDX ,B 17
065365           LDA ,B 22
065366 SEM50:    JPL I 64		; -> 065452  [FS21]
065367           JMP 14		; -> 065403
065370           SWAP SD DT
065371           STT ,B 16
065372 0SELA:    STX ,B 17
065373           LDT ,B 22
065374           SWAP SD DT
065375           JPL I 56		; -> 065453  [UEADM]
065376 MLHEL:    JPL I 44		; -> 065442  [FS7]
065377           LDA ,B 16
065400           AAA 1
065401           STA ,B 16
065402 SEM62:    JMP -20		; -> 065362  [SEM49]
065403           SAT -1
065404           SKP IF DA EQL ST
065405           JMP 22		; -> 065427
065406 SEM63:    SAT 100
065407           SKP IF DD GRE ST
065410           JMP 3		; -> 065413  [UECMD]
065411           JPL I 43		; -> 065454
065412 SEM64:    STD ,X 47
065413 UECMD:    LDA ,B 20
065414           AAA 30
065415           STA ,B 20
065416 9SFIS:    MIN ,B 22
065417           JMP -75		; -> 065322  [SEM41]
065420           JPL I 34		; -> 065454
065421           STD ,X 44
065422 RTLFI:    STD I ,B ,X 0
065423           MIN ,B 4
065424           JPL I 31		; -> 065455
065425           SAA -23
065426 FS4:      JMP I 30		; -> 065456  [FS27]
065427           STA ,B 2
065430           JMP -4		; -> 065424
065431           ROP NOOP
065432 FS5:      STZ I ,B ,X -26
065433           LDT I ,X 47
065434           MIN I ,X -157
065435           STZ 6
065436 FS6:      LDA ,B -1
065437           STF I ,B ,X 171
065440           JAP 143		; -> 065603
065441           JPC -115		; -> 065324
065442 FS7:      STF -133
065443           STZ 0
065444           LDT 124
065445           STZ 5
065446 FS20:     MIN I ,B 152
065447           STZ -1
065450 MLINI:    STZ 13
065451           LDT -155
065452 FS21:     FDV 36
065453 UEADM:    IOT 457
065454           MIN ,B -50
065455           STF I ,B ,X -132
065456 FS27:     STZ I ,B ,X -2
065457           STD I 173
065460           RADD CLD SL DA
065461           RADD CLD SB DD
065462 FS44:     SAB 43
065463           JPL I 170		; -> 065653
065464           SKP IF DX EQL 0
065465           JMP 14		; -> 065501
065466 FS45:     JPL I 166		; -> 065654
065467           STD ,X 122
065470           LDT ,X 40
065471           SUB I ,B ,X 160
065472 FS46:     ADD ,X ,B 156
065473           LDF I 40
065474           STD 40
065475           STD 40
065476 FS47:     STD 40
065477           STD I ,B ,X 0
065500           JMP 23		; -> 065523
065501           JPL I 153		; -> 065654
065502 FS50:     STD ,X 124
065503           ADD ,X ,B 162
065504           SUB ,X ,B 40
065505           SUB I ,X 157
065506 FS51:     STD 47
065507           RADD CLD SX DA
065510           JPL I 145		; -> 065655
065511           RADD CLD ST DD
065512 FS52:     JPL I 142		; -> 065654
065513           LDF I 47
065514           SAT 5
065515           SKP IF DT GRE SD
065516 FS53:     JMP 5		; -> 065523
065517           JPL I 135		; -> 065654
065520           STD 47
065521           RADD AD1 0 DD
065522 FS61:     JMP -6		; -> 065514
065523           LDT ,B 3
065524           JPL I 132		; -> 065656  [F1151]
065525           LDA 132
065526 FS62:     RADD SX DA
065527           RADD CLD SA DX
065530           LDA 130
065531           RADD SB DA
065532 F1101:    SAT 10
065533           JPL I 126		; -> 065661
065534           LDT ,B 3
065535 MLSTO:    LDA ,B 2
065536 F1102:    LDX 124
065537           RADD SB DX
065540           JPL I 123		; -> 065663
065541           JMP 107		; -> 065650
065542 MLRUN:    LDA ,B 2
065543           SHA ZIN 10
065544           RADD CLD SA DD
065545           LDA ,B 1
065546 F1114:    AND 116
065547           RORA SA DD
065550           LDA ,B 1
065551           SHA ZIN SHR 10
065552 F1117:    STD ,B 40
065553           LDT ,B 3
065554           JPL I 111		; -> 065665
065555           JMP 73		; -> 065650
065556 F1120:    LDA 110
065557           RADD SX DA
065560           RADD CLD SA DX
065561           LDA 106
065562 F1121:    RADD SB DA
065563           SAT 10
065564           JPL I 75		; -> 065661
065565           LDA 103
065566 F1122:    SUB 100
065567           RADD SX DA
065570           RADD CLD SA DX
065571           LDA 100
065572 F1123:    RADD SB DA
065573           SAT 2
065574           JPL I 65		; -> 065661
065575           JPL I 75		; -> 065672  [F1154]
065576 F1124:    SAA 1
065577           STA ,B 42
065600           LDD ,B 40
065601           RADD CLD SD DX
065602 F1127:    LDT ,B 3
065603           JPL I 70		; -> 065673
065604           JMP 44		; -> 065650
065605           SKP IF DD UEQ SX
065606 F1136:    JMP 4		; -> 065612  [F1137]
065607           RADD CLD SD DX
065610           MIN ,B 42
065611           JMP -7		; -> 065602  [F1127]
065612 F1137:    JPL I 42		; -> 065654
065613           LDD 47
065614 MLSEN:    LDX 44
065615           RADD SB DX
065616 MLBRO:    SAT 20
065617           JPL I 55		; -> 065674
065620           JPL I 34		; -> 065654
065621           LDF I 47
065622 F1141:    LDX 40
065623           RADD SB DX
065624           SAT 20
065625           JPL I 47		; -> 065674
065626 F1142:    JPL I 26		; -> 065654
065627           LDD ,B 47
065630           LDX 37
065631           RADD SB DX
065632 F1143:    SAT 20
065633           JPL I 41		; -> 065674
065634           JPL I 20		; -> 065654
065635           LDF I 47
065636 F1144:    LDX 33
065637           RADD SB DX
065640           SAT 4
065641           JPL I 33		; -> 065674
065642 F1147:    JPL I 12		; -> 065654
065643           LDF I ,B 47
065644           LDA ,B 42
065645           JPL I 30		; -> 065675
065646 F1160:    SAA -43
065647           JMP I 27		; -> 065676  [F1155]
065650           JPL I 27		; -> 065677
065651           JMP -3		; -> 065646  [F1160]
065652 F1150:    ROP NOOP
065653           STZ I ,B ,X -26
065654           MIN ,B -50
065655           MIN ,B 73
065656 F1151:    STF -153
065657           STZ 5
065660           STZ 6
065661           STZ I -154
065662 F1152:    STZ 16
065663           LDX I 111
065664           STZ -1
065665           LDX I ,B 166
065666 F1153:    STZ 27
065667           STZ 26
065670           STZ 37
065671           STZ 36
065672 F1154:    LDX ,X -71
065673           LDX I ,B ,X 127
065674           MIN I 13
065675           MIN ,B 50
065676 F1155:    STZ I ,B ,X -2
065677           LDA ,X 120
065700           STD I 70
065701           RADD CLD SL DA
065702 F1161:    RADD CLD SB DD
065703           SAB 17
065704           JPL I 65		; -> 065771
065705           LDA 65
065706 F1162:    SAT 3
065707           LDX 64
065710           RADD SB DX
065711           JPL I 63		; -> 065774
065712 F1163:    JMP I 63		; -> 065775
065713           STZ I 63
065714           LDA 63
065715           JPL I 63		; -> 066000  [DV000]
065716 F1164:    JMP 3		; -> 065721
065717           SAA 1
065720           STA I 56
065721           JPL I 60		; -> 066001
065722 F1165:    JMP 41		; -> 065763
065723 SCHT:     LDA 57
065724           SAT 3
065725           LDX 46
065726 F1166:    RADD SB DX
065727           JPL I 45		; -> 065774
065730           JMP I 53		; -> 066003
065731           STZ I 53
065732 F1171:    LDA 45
065733           JPL I 45		; -> 066000  [DV000]
065734           JMP 3		; -> 065737
065735           SAA 1
065736 F1172:    STA I 46
065737           LDA 46
065740 CHARE:    SAT 3
065741           LDX 32
065742 F1173:    RADD SB DX
065743           JPL I 31		; -> 065774
065744           JMP I 42		; -> 066006  [F1223]
065745           STZ ,B 16
065746 F1174:    LDA 31
065747           JPL I 31		; -> 066000  [DV000]
065750           JMP 3		; -> 065753
065751           SAA 1
065752 F1177:    STA ,B 16
065753           LDA I 34
065754           LDT ,B 16
065755           SKP IF DT UEQ 0
065756 D1201:    JMP 3		; -> 065761
065757           BSET ONE 0 DA
065760           JMP 2		; -> 065762  [F1202]
065761           BSET ZRO 0 DA
065762 F1202:    STA I 25
065763           MIN ,B 4
065764           SAA -17
065765           JMP I 23		; -> 066010
065766 F1204:    STA ,B 2
065767           JMP -3		; -> 065764
065770           ROP NOOP
065771           STZ I ,B ,X -26
065772 F1205:    LDA ,B -127
065773           STZ 6
065774           LDA ,B -1
065775           IOT 766
065776 F1222:    ROP NOOP
065777           STT ,B -40
066000 DV000:    MIN I ,B 152
066001           LDT I ,X 47
066002 F602:     LDA ,B -74
066003           IOT 766
066004           ROP NOOP
066005           LDA ,B -37
066006 F1223:    IOT 766
066007           STA ,B -42
066010           STZ I ,B ,X -2
066011           STD I 114
066012 FS532:    RADD CLD SL DA
066013           RADD CLD SB DD
066014           SAB 103
066015           JPL I 111		; -> 066126  [SACLE]
066016 FS533:    JPL I 111		; -> 066127
066017           JMP I 111		; -> 066130
066020           JPL I 111		; -> 066131
066021           JMP I 107		; -> 066130
066022 FS534:    STT ,B 6
066023           STD ,B 17
066024           STD ,B 15
066025           STX ,B 21
066026 FS535:    STZ ,B 22
066027           STZ ,B 102
066030           JPL I 102		; -> 066132  [F1337]
066031           JMP I 77		; -> 066130
066032 FS536:    STT ,B 7
066033           STA ,B 10
066034           STX ,B 16
066035           JPL I 76		; -> 066133
066036 FS537:    JMP I 76		; -> 066134
066037           STT ,B 11
066040 EXPAN:    STX ,B 12
066041           STA ,B 13
066042 F1262:    LDA 73
066043           RADD SB DA
066044           STA ,B 76
066045           LDA 71
066046 F1263:    RADD SB DA
066047           STA ,B 77
066050           SAA 1
066051           STA ,B 101
066052 F1264:    LDA 65
066053           ADD ,B 12
066054           STA ,B 100
066055           LDA ,B 7
066056 GLCAC:    JPL I 62		; -> 066140
066057 GAAC:     RADD CLD SD DX
066060           LDT ,X 3
066061           BSKP ONE 50 DT
066062 F1266:    JMP 12		; -> 066074
066063           RADD CLD SA DX
066064           LDT 55
066065 GLAPP:    JPL I 55		; -> 066142  [F1341]
066066 GAPP:     BSKP ONE 40 DA
066067           JMP 3		; -> 066072  [FOFT]
066070           LDA 53
066071           JMP 2		; -> 066073
066072 FOFT:     LDA 52
066073           JMP 2		; -> 066075
066074           LDA 50
066075           LDT ,B 11
066076 F1271:    JPL I 47		; -> 066145
066077           LDX ,B 13
066100           STA ,X 13
066101           LDT 42
066102 CHLID:    SKP IF DA UEQ ST
066103           JMP 14		; -> 066117
066104           LDA 42
066105           RADD SB DA
066106 F1301:    MON 124		; ForceReserve / PRSRV (124B)
066107           JAP 10		; -> 066117
066110           LDX 37
066111 MLDSE:    STX ,B 102
066112 F1333:    LDA ,B 20
066113           LDT ,B 21
066114           SKP IF DA UEQ ST
066115           JMP I 33		; -> 066150
066116 F1334:    JMP I 33		; -> 066151
066117           LDT ,B 6
066120           LDA ,B 10
066121           SHA ZIN SHR 10
066122 F1335:    JPL I 30		; -> 066152  [F1347]
066123 SOFT:     JMP I 5		; -> 066130
066124           JMP 27		; -> 066153
066125           ROP NOOP
066126 SACLE:    STZ I ,B ,X -26
066127           LDT I ,X 47
066130           IOT 1430
066131           IOX 1171
066132 F1337:    IOX 1307
066133           LDF -155
066134           IOT 1437
066135           STZ 7
066136 F1340:    STZ 101
066137           STZ 1
066140           STT -2
066141           BORA 130 DB
066142 F1341:    STA ,B 75
066143           AAB 135
066144           SAX -103
066145           STA ,B -43
066146 F1342:    STZ 76
066147           STZ -173
066150           IOT 1423
066151           IOT 1406
066152 F1347:    LDT I ,X -132
066153           LDD ,X 45
066154           RADD CLD SD DT
066155           RADD CLD SA DL
066156 F1350:    LDD ,X 43
066157           RSUB ST DD
066160           RADD ADC CLD SA DA
066161           AAA -1
066162 F1351:    RSUB SL DA
066163           JAP 2		; -> 066165
066164           JPL I 161		; -> 066345
066165           STD ,B 23
066166 F1722:    JAF 26		; -> 066214
066167           SAT 3
066170           SKP IF DD MLST ST
066171           JMP 23		; -> 066214
066172 F1723:    JPL I 154		; -> 066346
066173           STD ,X 116
066174           LDA I ,B ,X 40
066175           LDT 101
066176 DALAM:    MIN I ,B ,X 105
066177           LDT I ,B 40
066200           MIN I ,X 122
066201 EN000:    MIN ,X ,B 105
066202 F1725:    STD 106
066203           LDA I ,B ,X 122
066204           STD 123
066205           LDT 117
066206 F1726:    LDA I ,B ,X 114
066207           LDA ,B 116
066210           MIN I ,B ,X 44
066211           STD I ,B ,X 0
066212 F1727:    JPL I 135		; -> 066347
066213           JMP I 135		; -> 066350
066214           LDD ,B 23
066215           SAT 2
066216 F2130:    RSUB ST DD
066217           RADD ADC CLD SA DA
066220           AAA -1
066221           STD ,B 23
066222 F2131:    LDD I 127
066223           RADD CLD SA DL
066224           RADD CLD SD DT
066225 MTOUS:    LDD ,B 23
066226 F1731:    RSUB ST DD
066227           RADD ADC CLD SA DA
066230           AAA -1
066231           RSUB SL DA
066232 F2166:    JAP 3		; -> 066235
066233           LDD ,B 23
066234           STD I 115
066235           JPL I 112		; -> 066347
066236 F2167:    LDT ,B 6
066237           LDA ,B 10
066240           RADD CLD SA DD
066241           LDA ,B 15
066242 F1732:    JPL I 110		; -> 066352
066243           JMP 165		; -> 066430
066244           LDA ,X 26
066245           BSET ONE 150 DA
066246 F1734:    AND 105
066247           STA ,X 26
066250           LDA ,B 6
066251           SHA ZIN 10
066252 F1733:    RADD CLD SA DD
066253           LDA ,B 10
066254           SHA ZIN SHR 10
066255           RADD SD DA
066256 F1735:    STA ,X 46
066257           RADD CLD SX DL
066260           LDA 74
066261           RADD SX DA
066262 F1737:    RADD CLD SA DD
066263           RADD CLD 0 DX
066264           SAT 17
066265           SKP IF DT GRE SX
066266 F1741:    JMP 10		; -> 066276  [F1742]
066267           RADD CLD SD DT
066270           LBYT
066271           LDT 64
066272 F1740:    RADD SB DT
066273           SBYT
066274 LTSUB:    AAX 1
066275           JMP -11		; -> 066264
066276 F1742:    SAA 47
066277           LDT 56
066300           RADD SB DT
066301           SBYT
066302 DDEBU:    AAX 1
066303           SBYT
066304           RADD CLD SL DX
066305           LDT ,B 6
066306           LDA ,B 10
066307           RADD CLD SA DD
066310 MLDBR:    LDA ,B 15
066311           JPL I 45		; -> 066356
066312 OCITI:    JMP 116		; -> 066430
066313 SCOPT:    RADD CLD 0 DD
066314           BSET ONE 0 DD
066315           LDX 40
066316           RADD SB DX
066317           LDA 40
066320           RADD SB DA
066321           JPL I 37		; -> 066360
066322           JMP 106		; -> 066430
066323           RADD CLD 0 DX
066324           SAT 77
066325           SKP IF DT GRE SX
066326 NUCTI:    JMP 11		; -> 066337
066327           LDT 30
066330           RADD SB DT
066331           LBYT
066332           SAT 51
066333           SKP IF DA UEQ ST
066334           JMP 3		; -> 066337
066335           AAX 1
066336           JMP -12		; -> 066324
066337           AAX 1
066340           RADD CLD 0 DD
066341 P2RPI:    LDA ,B 13
066342 T1P15:    ADD 17
066343 MDLAM:    STA ,B 14
066344           JMP 16		; -> 066362
066345           STZ -163
066346           MIN ,B -50
066347           LDT I ,B ,X -57
066350           IOT 1432
066351           STA 172
066352           LDX I ,B 166
066353           BSET ZRO SSPTM
066354           STZ 27
066355 MCALL:    STZ 25
066356           LDX I ,B -30
066357           STZ 36
066360           ADD I 101
066361           STZ 35
066362           LDT 57
066363           RADD SB DT
066364           LBYT
066365           AAX 1
066366           SWAP SD DX
066367           LDT ,B 14
066370           SBYT
066371           AAX 1
066372           SWAP SD DX
066373           SAT 47
066374           SKP IF DA UEQ ST
066375           JMP 2		; -> 066377
066376           JMP -14		; -> 066362
066377           LDX ,B 12
066400           STZ ,X 6
066401           LDA 41
066402 EN200:    RADD SB DA
066403           MON 100		; StartRTProgram / RT (100B)
066404           MIN ,B 22
066405           RAND 0 0
066406           LDA ,B 20
066407           LDT ,B 21
066410 MEXIT:    SKP IF DA UEQ ST
066411           JMP 12		; -> 066423
066412           LDA ,B 10
066413           SKP IF DA UEQ ST
066414           JMP 7		; -> 066423
066415           LDX ,B 21
066416           LDD ,B 15
066417           LDT ,B 6
066420           JPL I 23		; -> 066443
066421 TLAMD:    JMP 2		; -> 066423
066422           JMP I 22		; -> 066444
066423           LDT ,B 22
066424           SKP IF DT UEQ 0
066425           JMP 2		; -> 066427
066426           JMP 4		; -> 066432
066427           LDA ,B 102
066430           STA ,B 2
066431           JMP 2		; -> 066433
066432           MIN ,B 4
066433           RADD CLD 0 DT
066434           JPL I 11		; -> 066445  [NAMSE]
066435           SAA -103
066436           JMP I 10		; -> 066446
066437           STA ,B 102
066440           JMP -32		; -> 066406
066441 UESEM:    STZ 36
066442           STZ 100
066443           IOX 1307
066444           IOT 1032
066445 NAMSE:    STA ,B -43
066446           STZ I ,B ,X -2
066447           STD I 102
066450           RADD CLD SL DA
066451 ACSEM:    RADD CLD SB DD
066452           SAB 17
066453           JPL I 77		; -> 066552
066454           JPL I 77		; -> 066553
066455 SEMDL:    JMP 54		; -> 066531  [F2510]
066456           JPL I 76		; -> 066554
066457           JMP 52		; -> 066531  [F2510]
066460           STD ,B 10
066461 BDSEM:    STD ,B 6
066462           STX ,B 12
066463 SGMTY:    STT ,B 13
066464           STZ ,B 14
066465 F601:     LDX ,B 12
066466           LDD ,B 6
066467           LDT ,B 13
066470           JPL I 65		; -> 066555  [F2515]
066471 F2500:    JMP 42		; -> 066533  [MTSDF]
066472           STX ,B 7
066473           JPL I 63		; -> 066556  [MTSMB]
066474           JMP 43		; -> 066537
066475 F2501:    STT ,B 16
066476           LDA 61
066477           JPL I 61		; -> 066560
066500           SAA 1
066501 F2502:    STA ,X 6
066502           LDX I 57
066503           RADD CLD 0 DA
066504           LDT 56
066505 F2503:    JPL I 56		; -> 066563
066506           LDX I 53
066507           LDA I 55
066510           LDT ,B 16
066511 F2504:    JPL I 54		; -> 066565  [F2517]
066512           JMP 17		; -> 066531  [F2510]
066513           MIN ,B 14
066514 TER20:    RAND 0 0
066515 F2505:    LDA ,B 11
066516           LDT ,B 12
066517           SKP IF DA UEQ ST
066520           JMP 4		; -> 066524
066521 F2506:    LDA ,B 7
066522           SKP IF DA EQL ST
066523           JMP -36		; -> 066465  [F601]
066524           MIN ,B 4
066525 F2507:    LDA 32
066526           JPL I 40		; -> 066566
066527           SAA -17
066530           JMP I 37		; -> 066567
066531 F2510:    STA ,B 2
066532           JMP -5		; -> 066525  [F2507]
066533 MTSDF:    LDT ,B 14
066534           SKP IF DT UEQ 0
066535 F2511:    JMP -4		; -> 066531  [F2510]
066536           JMP -12		; -> 066524
066537           RADD CLD SA DD
066540           LDA ,B 11
066541 F2512:    LDT ,B 12
066542           SKP IF DA UEQ ST
066543           JMP 4		; -> 066547
066544           LDA ,B 7
066545 F2513:    SKP IF DA EQL ST
066546           JMP -61		; -> 066465  [F601]
066547           RADD CLD SD DA
066550           JMP -15		; -> 066533  [MTSDF]
066551 F2514:    ROP NOOP
066552           STZ I ,B ,X -26
066553           LDT I ,X 47
066554           IOX 1171
066555 F2515:    IOX 1307
066556 MTSMB:    LDF -155
066557           STZ ,B 127
066560           STT ,B 100
066561 F2516:    STT -166
066562           STZ -170
066563           STF 164
066564           SWAP SB DD
066565 F2517:    LDF 104
066566           STT ,B 106
066567           STZ I ,B ,X -2
066570           STD I 30
066571 F2520:    RADD CLD SL DA
066572           RADD CLD SB DD
066573           SAB 34
066574           JPL I 25		; -> 066621  [F2526]
066575 F2521:    SAA 2
066576 MLLME:    STA ,B 22
066577           JMP 31		; -> 066630
066600 MLLBR:    STD I 20
066601 F2522:    RADD CLD SL DA
066602 CHSEN:    RADD CLD SB DD
066603 EN300:    SAB 34
066604           JPL I 15		; -> 066621  [F2526]
066605 F2523:    SAA 1
066606           STA ,B 22
066607           JMP 21		; -> 066630
066610           STD I 10
066611 F2524:    RADD CLD SL DA
066612           RADD CLD SB DD
066613           SAB 34
066614 MTSW0:    JPL I 5		; -> 066621  [F2526]
066615 F2525:    SAA 3
066616           STA ,B 22
066617           JMP 11		; -> 066630
066620           ROP NOOP
066621 F2526:    STZ I ,B ,X -26
066622           STD I 56
066623           RADD CLD SL DA
066624           RADD CLD SB DD
066625 F2527:    SAB 34
066626 LEGPI:    JPL I 53		; -> 066701  [F2542]
066627           STZ ,B 22
066630           JPL I 52		; -> 066702
066631 F2530:    JMP I 52		; -> 066703
066632           STD ,B 23
066633           STD ,B 26
066634           STX ,B 25
066635 F2531:    STT ,B 30
066636           LDA ,B 24
066637           SKP IF DA UEQ SX
066640           JMP 14		; -> 066654
066641 F2532:    LDD ,B 23
066642           JPL I 42		; -> 066704
066643           JMP I 40		; -> 066703
066644           RADD CLD SX DD
066645 F2533:    LDA ,B 26
066646           LDX ,B 25
066647           LDT ,B 30
066650           JPL I 34		; -> 066704
066651 F2534:    JMP 3		; -> 066654
066652           SAA 57
066653 MTSW3:    JMP I 30		; -> 066703
066654           LDT ,B 30
066655 F2535:    LDX ,B 25
066656           LDD ,B 23
066657           JPL I 25		; -> 066704
066660           JMP I 23		; -> 066703
066661 F2536:    JPL I 24		; -> 066705  [F2543]
066662           JMP I 21		; -> 066703
066663 BLOGO:    STT ,B 31
066664           STX ,B 17
066665 F2537:    STA ,B 20
066666           JPL I 20		; -> 066706
066667           JMP I 14		; -> 066703
066670           LDA ,X 2
066671 F2540:    JPL I 16		; -> 066707
066672           LDA ,X 1
066673           RADD CLD SD DX
066674 MTRW3:    LDT ,X 1
066675 F2541:    SKP IF DA EQL ST
066676           JMP I 12		; -> 066710
066677           JMP 12		; -> 066711  [F2544]
066700           ROP NOOP
066701 F2542:    STZ I ,B ,X -26
066702           IOX 1171
066703           IOT 2076
066704           IOX 1307
066705 F2543:    LDF -155
066706           LDF 32
066707           STT -2
066710           IOT 2070
066711 F2544:    LDT ,B 31
066712 MTSW6:    JPL I 166		; -> 067100
066713           RADD CLD SA DX
066714 0LEGS:    LDA ,X 1
066715 F2545:    BSKP ZRO 150 DA
066716           JMP 6		; -> 066724
066717           LDX ,B 20
066720           LDA ,X 14
066721 F2546:    JAF 3		; -> 066724
066722           SAA 174
066723           JMP 146		; -> 067071  [F2600]
066724           LDX ,B 20
066725 F2547:    LDA 154
066726           ADD 154
066727           RADD SX DA
066730           RADD CLD SA DX
066731 F2550:    RADD CLD 0 DT
066732           JPL I 151		; -> 067103
066733 MTRW6:    AAT 1
066734           JAZ 132		; -> 067066
066735 OFRND:    AAA -47
066736           JAZ 2		; -> 066740  [TER42]
066737           JMP -5		; -> 066732
066740 TER42:    STT ,B 21
066741 F2552:    RADD CLD 0 DD
066742           LDA 137
066743           ADD ,B 20
066744           ADD 136
066745 F2553:    RADD CLD SA DX
066746 MTP00:    LDT ,B 21
066747           JPL I 134		; -> 067103
066750           LDX 134
066751 F2554:    RADD SB DX
066752           RADD CLD SD DT
066753 R15ER:    JPL I 132		; -> 067105  [F2603]
066754           RADD AD1 0 DD
066755 BILCM:    MIN ,B 21
066756           AAA -47
066757 BILPA:    JAZ 2		; -> 066761  [F2556]
066760           JMP -16		; -> 066742
066761 F2556:    LDX ,B 20
066762           LDA ,X 71
066763           SHA ZIN SHR 10
066764           AND 122
066765 BOBOR:    JAZ 13		; -> 067000  [MTP14]
066766           LDX 116
066767           RADD SB DX
066770           JPL I 117		; -> 067107
066771 F2560:    JMP 100		; -> 067071  [F2600]
066772 RLEGS:    LDA I 116
066773           SKP IF DA UEQ ST
066774 MTP06:    JMP 3		; -> 066777
066775 F2561:    JPL I 114		; -> 067111  [F2604]
066776 MTP11:    JMP 70		; -> 067066
066777           JMP 3		; -> 067002  [FCON]
067000 MTP14:    JPL I 112		; -> 067112
067001 F2562:    JMP 65		; -> 067066
067002 FCON:     LDA ,B 22
067003           SAT 1
067004 EN400:    SKP IF DA UEQ ST
067005 F2563:    JMP 4		; -> 067011  [F2564]
067006 MTG00:    SAT 2
067007           SKP IF DA EQL ST
067010           JMP 23		; -> 067033
067011 F2564:    LDX ,B 17
067012           STA ,X 7
067013           LDA ,X 2
067014           JPL I 77		; -> 067113
067015 F2565:    RADD CLD SD DX
067016           LDA ,X 3
067017           BSKP ONE 120 DA
067020           JMP 12		; -> 067032
067021 F2566:    LDA ,X 22
067022           JPL I 71		; -> 067113
067023           RADD CLD SA DX
067024           SWAP SB DX
067025 F2567:    LDA ,B 3
067026           BSKP ONE 20 DA
067027           JMP 2		; -> 067031  [F2570]
067030           JPL I ,B 27		; -> 067057  [JAB2]
067031 F2570:    SWAP SB DX
067032           JMP 24		; -> 067056
067033           JAF 16		; -> 067051  [F2574]
067034           LDX ,B 17
067035 F2571:    LDX ,X 1
067036           LDT ,X 1
067037 MTG06:    BSKP ONE 150 DT
067040 MLDLM:    JMP 11		; -> 067051  [F2574]
067041 F2572:    STX ,B 33
067042 MLDLB:    LDA 52
067043 SPCHG:    RADD SB DA
067044           STA ,B 32
067045 F2573:    LDA 50
067046           RADD SB DA
067047           MON 100		; StartRTProgram / RT (100B)
067050           JMP 6		; -> 067056
067051 F2574:    LDX ,B 17
067052           STA ,X 7
067053           LDX ,B 20
067054           STZ ,X 25
067055 F2575:    STZ ,X 24
067056           LDT ,B 31
067057 JAB2:     JPL I 37		; -> 067116
067060           JMP 16		; -> 067076
067061 F2576:    MIN ,B 4
067062           RADD CLD 0 DT
067063           JPL I 15		; -> 067100
067064           SAA -34
067065 F2577:    JMP I 32		; -> 067117
067066           LDA 32
067067           JMP 2		; -> 067071  [F2600]
067070           LDA 31
067071 F2600:    STA ,B 2
067072           LDT ,B 31
067073           JPL I 23		; -> 067116
067074           JMP -12		; -> 067062
067075 F2601:    JMP -13		; -> 067062
067076           STA ,B 2
067077           JMP -15		; -> 067062
067100           STA ,B -43
067101 LOGOU:    STZ 70
067102           STZ 2
067103           STF 62
067104           STZ 6
067105 F2603:    STF 100
067106           STZ 7
067107           LDX ,B 127
067110           RADD CM1 SX DL
067111 F2604:    LDT I ,X 47
067112           LDT I ,X 114
067113           STT -2
067114           STZ 33
067115 F2605:    STZ 32
067116           LDF 62
067117           STZ I ,B ,X -2
067120           STZ -163
067121 F2606:    STZ -167
067122           STD I 137
067123           RADD CLD SL DA
067124           RADD CLD SB DD
067125 F2607:    SAB 140
067126           JPL I 134		; -> 067262
067127           JPL I 134		; -> 067263
067130 MOFIX:    JMP I 134		; -> 067264
067131 F2610:    STD ,B 116
067132           STD ,B 114
067133           STX ,B 120
067134           STT ,B 124
067135 F2611:    JPL I 130		; -> 067265  [F2637]
067136           JMP I 126		; -> 067264
067137           STA ,B 115
067140           STX ,B 121
067141 F2612:    JPL I 125		; -> 067266
067142           JMP I 122		; -> 067264
067143           JPL I 124		; -> 067267
067144           JMP I 120		; -> 067264
067145 F2613:    STT ,B 127
067146           STX ,B 125
067147           STA ,B 126
067150           LDA 120
067151 F2614:    JPL I 120		; -> 067271  [9EFIS]
067152           LDT ,B 127
067153           JPL I 117		; -> 067272
067154           JMP I 110		; -> 067264
067155 F2615:    STA ,B 137
067156           JPL I 115		; -> 067273  [MTA06]
067157           STD ,X 47
067160 SCLLD:    LDT ,B 127
067161 XLOGO:    JPL I 113		; -> 067274
067162           LDX ,B 126
067163           LDA ,X 14
067164           JAZ 74		; -> 067260
067165 F2617:    SAA 1
067166           STA ,B 133
067167           JPL I 104		; -> 067273  [MTA06]
067170           STD ,X 106
067171 F2620:    LDA ,B 114
067172           MIN ,X ,B 40
067173           MIN I ,B 125
067174           LDT I 122
067175 F2621:    MIN ,X ,B 116
067176           LDT ,X 114
067177           LDX ,B 40
067200           MIN I 105
067201 F2622:    LDA ,B 116
067202           MIN I ,B ,X 40
067203           LDT 122
067204           LDA ,B 116
067205 F2623:    LDT ,X 105
067206           MIN ,X 40
067207           LDA I ,B ,X 116
067210           LDF I 40
067211 F2624:    STD 47
067212           LDA ,B 126
067213           ADD 62
067214           RADD CLD SA DD
067215 F2625:    RADD CLD 0 DX
067216           SAT 21
067217           SKP IF DT GRE SX
067220           JMP 12		; -> 067232
067221 F2626:    RADD CLD SD DT
067222           LBYT
067223           SAT 47
067224           SKP IF DA UEQ ST
067225 F2627:    JMP 5		; -> 067232
067226           LDT I 50
067227           JPL I 50		; -> 067277
067230           AAX 1
067231 F2630:    JMP -13		; -> 067216
067232           LDT I 44
067233           LDA 45
067234           JPL I 43		; -> 067277
067235 ALOGO:    SAA 12
067236           JPL I 41		; -> 067277
067237           LDA ,B 126
067240           ADD 41
067241 F2632:    STA ,B 130
067242           RADD CLD 0 DX
067243           LDT 37
067244           SKP IF DT GRE SX
067245 F2633:    JMP 7		; -> 067254
067246           LDT ,B 130
067247 SCINT:    LBYT
067250           LDT I 33
067251 F2634:    SBYT
067252 MTA00:    AAX 1
067253           JMP -10		; -> 067243
067254           LDX I 27
067255 F2635:    JPL I 27		; -> 067304
067256           JPL I 15		; -> 067273  [MTA06]
067257 MTA03:    STD ,X 47
067260           JMP 25		; -> 067305
067261 F2636:    ROP NOOP
067262           STZ I ,B ,X -26
067263           IOX 1171
067264           IOT 2405
067265 F2637:    IOX 1307
067266           STF I ,B ,X 171
067267           LDF -155
067270           STZ ,B 127
067271 9EFIS:    STT ,B 100
067272           LDF 32
067273 MTA06:    MIN ,B -50
067274           STA ,B -43
067275 F1352:    STZ 35
067276           RADD CM1 SX DB
067277           STF I 30
067300 READM:    STZ -163
067301 ID01I:    STZ 70
067302           STZ ,B 17
067303           STT -166
067304           IOT 2444
067305           LDA ,B 117
067306           LDT ,B 120
067307           SKP IF DA UEQ ST
067310           JMP 23		; -> 067333  [MTC00]
067311           LDA ,B 115
067312           SKP IF DA UEQ ST
067313           JMP 20		; -> 067333  [MTC00]
067314           LDT ,B 124
067315           LDX ,B 120
067316           LDA ,B 121
067317           RADD CLD SA DD
067320           LDA ,B 114
067321           JPL I 102		; -> 067423
067322           JMP 11		; -> 067333  [MTC00]
067323           STA ,B 115
067324           STX ,B 121
067325           JPL I 77		; -> 067424
067326           JMP -21		; -> 067305
067327 MTA14:    STT ,B 127
067330           STX ,B 125
067331 ID01O:    STA ,B 126
067332           JMP -154		; -> 067156
067333 MTC00:    LDA ,B 137
067334           JAF 13		; -> 067347
067335           JPL I 70		; -> 067425
067336           LDT ,B 125
067337           MIN ,X ,B 125
067340           MIN ,X ,B 40
067341 MUNFI:    LDA ,B 123
067342           STD 105
067343           LDA ,X ,B 120
067344           LDT ,X 131
067345           STD I ,B ,X 0
067346           JMP I 60		; -> 067426
067347           STZ ,B 133
067350           LDT ,B 127
067351 MTC03:    LDX I 56
067352           LDA I 56
067353 MTC06:    JPL I 56		; -> 067431
067354           JMP 42		; -> 067416  [TST22]
067355 MTC11:    JPL I 55		; -> 067432  [FOPEN]
067356 MTC14:    LDT ,B 127
067357           LDX I 50
067360           LDA I 50
067361           JPL I 52		; -> 067433
067362 IB01I:    JMP 25		; -> 067407
067363           LDA ,B 137
067364           AAA -1
067365           JAZ 3		; -> 067370
067366           STA ,B 137
067367           JMP -17		; -> 067350
067370           LDT ,B 127
067371           JPL I 43		; -> 067434
067372           JMP 13		; -> 067405
067373           JPL I 32		; -> 067425
067374           STD ,X 47
067375 WMESS:    JPL I 40		; -> 067435
067376           MIN ,B 4
067377 IB01O:    LDA 37
067400           JPL I 37		; -> 067437
067401           RADD CLD 0 DT
067402           JPL I 36		; -> 067440
067403           SAA -140
067404           JMP I 35		; -> 067441
067405           STA ,B 2
067406 EN600:    JMP -7		; -> 067377  [IB01O]
067407           STA ,B 2
067410           LDT ,B 124
067411           LDX 31
067412           JPL I 31		; -> 067443  [ID02O]
067413 ID02I:    JMP 4		; -> 067417
067414           JPL I 23		; -> 067437
067415           JMP 2		; -> 067417
067416 TST22:    STA ,B 2
067417           LDT ,B 127
067420           JPL I 14		; -> 067434
067421           JMP -22		; -> 067377  [IB01O]
067422           JMP -23		; -> 067377  [IB01O]
067423           IOX 1307
067424           LDF -155
067425           MIN ,B -50
067426           IOT 2370
067427           STT -166
067430           SWAP SB DD
067431           LDF 147
067432 FOPEN:    IOT 2444
067433           LDF 113
067434           LDF 62
067435           STF I ,B ,X -132
067436           STZ ,B 127
067437           STT ,B 106
067440           STA ,B -43
067441           STZ I ,B ,X -2
067442           STZ 3
067443 ID02O:    LDT 124
067444           RADD CLD SL DA
067445           STA ,B 132
067446           STZ ,B 134
067447           LDA 100
067450           RADD SA DX
067451           JPL I 77		; -> 067550
067452           JMP 3		; -> 067455
067453           AAT 1
067454           STT ,B 134
067455           LDX I 74
067456           LDA 71
067457           SHA ZIN 1
067460 SMTFL:    RADD CLD SA DD
067461           RADD CLD SD DT
067462           JPL I 70		; -> 067552
067463           SKP IF DA UEQ 0
067464           JMP I ,B 132		; -> 067616
067465           LDA ,B 134
067466           JAF 13		; -> 067501
067467           RADD CLD SD DT
067470           JPL I 62		; -> 067552
067471 SCTIO:    RADD AD1 0 DD
067472           SAT 47
067473           SKP IF DA UEQ ST
067474 IB02I:    JMP 4		; -> 067500
067475           LDT I 56
067476           JPL I 56		; -> 067554
067477           JMP -10		; -> 067467
067500           JMP 2		; -> 067502  [RLTP2]
067501           JMP I 54		; -> 067555  [ID03O]
067502 RLTP2:    JPL I 54		; -> 067556
067503           STD ,X 40
067504           STD 40
067505           STD 40
067506           STD 47
067507           LDA ,X 1
067510           SHA ZIN SHR 13
067511 IB02O:    JAF 12		; -> 067523
067512           JPL I 44		; -> 067556
067513           LDA ,X 101
067514           LDT I ,B 124
067515           STD 125
067516           LDT I ,B 105
067517           MIN ,X 40
067520           MIN I 131
067521           STD 47
067522           JMP 11		; -> 067533
067523           JPL I 33		; -> 067556
067524           MIN ,B 120
067525 ID03I:    LDT 105
067526           LDA I ,X 104
067527           MIN ,X ,B 104
067530           STD 102
067531           LDX ,B 40
067532           STD I ,B ,X 0
067533           LDA ,X 1
067534           SHA ZIN SHR 10
067535           AND 22
067536           JAF 10		; -> 067546
067537           JPL I 17		; -> 067556
067540 MBZME:    LDT I 124
067541           LDD ,X ,B 120
067542           LDT I 117
067543           MIN I ,B ,X 122
067544           MIN ,B 115
067545           STD 47
067546           JMP 12		; -> 067560
067547           STZ 2
067550           ADD I ,B 51
067551           STT -166
067552           STF 62
067553           RADD CM1 SX DB
067554           STF I 30
067555 ID03O:    IOT 3131
067556           MIN ,B -50
067557           STZ 7
067560           RADD CLD SD DT
067561           JPL I 133		; -> 067714
067562           RADD AD1 0 DD
067563           SAT 47
067564           SKP IF DA UEQ ST
067565           JMP 4		; -> 067571
067566           LDT I 127
067567           JPL I 127		; -> 067716
067570           JMP -10		; -> 067560
067571           JPL I 126		; -> 067717
067572 SPCLO:    STD ,X 40
067573           STD 40
067574           STD 40
067575           STD 47
067576           LDA ,B 133
067577           JAZ 16		; -> 067615
067600           LDX ,B 126
067601           LDA ,X 70
067602 XFCLO:    SAT 1
067603 ID04I:    SKP IF DA EQL ST
067604 TWMES:    JMP 10		; -> 067614
067605           JPL I 112		; -> 067717
067606           LDA ,X 101
067607 EN700:    LDT I ,B 124
067610           STD 103
067611           LDA I ,B ,X 120
067612 FCLOS:    LDX ,B 47
067613           JMP 30		; -> 067643
067614           JMP 3		; -> 067617  [RSCOL]
067615           LDX I 103
067616           LDA ,X 0
067617 RSCOL:    JPL I 102		; -> 067721
067620           JPL I 77		; -> 067717
067621           STD 103
067622           LDA I ,B ,X 120
067623 REENT:    STD I ,B ,X 0
067624 IMREE:    SAT 1
067625           SKP IF DA EQL ST
067626           JMP 4		; -> 067632
067627           JPL I 70		; -> 067717
067630           LDX ,B 47
067631           JMP 4		; -> 067635
067632           JPL I 65		; -> 067717
067633 ID04O:    LDA ,B 105
067634           LDT I ,B 47
067635           LDA ,B 133
067636           JAZ 5		; -> 067643
067637           JPL I 60		; -> 067717
067640           STD 114
067641           MIN ,X ,B 106
067642           LDT ,X 47
067643           JPL I 54		; -> 067717
067644           STD 54
067645           STD 47
067646           LDA ,B 133
067647           JAZ 14		; -> 067663
067650           LDA I 52
067651           JAZ 12		; -> 067663
067652           JPL I 45		; -> 067717
067653           MIN I ,X 117
067654 MT5ST:    LDT I 103
067655           MIN ,X ,B 104
067656           STD 120
067657           LDT I 111
067660           LDA I ,X 124
067661 ID05I:    STD I ,B ,X 0
067662           JMP I ,B 132		; -> 070014
067663           LDA ,B 134
067664           JAF 50		; -> 067734
067665           RADD CLD 0 DD
067666           LDA I 32
067667           ADD 34
067670           RADD CLD SA DX
067671           LDA 33
067672           RADD SB DA
067673           JPL I 32		; -> 067725
067674           JMP I 32		; -> 067726
067675           LDX 27
067676           RADD SB DX
067677           SAT -1
067700           LDA 27
067701           JPL I 27		; -> 067730
067702           JMP I 24		; -> 067726
067703           STT ,B 136
067704           RADD CLD SA DX
067705           LDD ,X 0
067706           STD ,B 122
067707           LDX 22
067710           JPL I 22		; -> 067732
067711 ID05O:    JMP I ,B 132		; -> 070043
067712           JPL I 21		; -> 067733
067713           JMP 21		; -> 067734
067714           STF 62
067715           RADD CM1 SX DB
067716           STF I 30
067717           MIN ,B -50
067720           STT -166
067721           MIN ,B 50
067722           STA 175
067723           STZ 2
067724           STZ 16
067725           ADD I 101
067726           IOT 3031
067727           STA I ,B ,X -6
067730           LDX I ,X 173
067731           STZ 3
067732           LDT 124
067733           STT ,B 106
067734           LDA ,B 133
067735           JAZ 30		; -> 067765
067736 CHECP:    JPL I 160		; -> 070116
067737 ID06I:    MIN ,B 120
067740           LDT 122
067741 CMRFI:    LDA I ,B ,X 130
067742           LDD I ,X 40
067743 CMWFI:    STD I ,B ,X 0
067744           RADD CLD SX DL
067745           LDX ,B 126
067746           LDA ,X 15
067747           SUB ,X 16
067750           RADD CLD 0 DD
067751           AAA -1
067752           JAP 2		; -> 067754
067753           RADD CLD 0 DA
067754           RADD CLD SA DD
067755           RADD CLD 0 DA
067756           SAD 13
067757           SWAP SD DA
067760           ADD ,X 17
067761           RADD ADC CLD SD DD
067762           SWAP SD DA
067763           RADD CLD SL DX
067764 ENTSG:    JMP 44		; -> 070030
067765           LDA ,B 134
067766           JAF 10		; -> 067776
067767 ID06O:    LDT ,B 136
067770           LDD ,B 122
067771           JPL I 126		; -> 070117
067772 FCL1:     JMP I 126		; -> 070120
067773           LDD ,X 62
067774           JPL I 125		; -> 070121
067775           JMP 31		; -> 070026
067776           LDA ,B 135
067777           JAZ 23		; -> 070022
070000           JPL I 116		; -> 070116
070001           STD 122
070002 ST500:    MIN ,X ,B 115
070003           LDA I ,B ,X 124
070004           MIN ,X ,B 40
070005           LDT I ,B 131
070006 MTNUC:    LDT I ,B 124
070007           MIN ,X ,B 115
070010 E1000:    STD 111
070011           LDT I ,B 40
070012           LDT ,X ,B 116
070013           MIN ,B 126
070014           MIN ,B 111
070015 ID07I:    LDA ,X 101
070016           MIN I 114
070017           MIN ,X ,B 44
070020           STD I ,B ,X 0
070021           JMP 44		; -> 070065
070022           LDA 100
070023           RADD SB DA
070024           RADD CLD SA DX
070025           LDD ,X 62
070026           RADD AD1 0 DD
070027           RADD ADC CLD SA DA
070030           JPL I 73		; -> 070123  [ID08O]
070031           JPL I 65		; -> 070116
070032           STD 102
070033           LDX ,B 124
070034           MIN ,X ,B 47
070035           JAF 4		; -> 070041
070036           SAT 1
070037           SKP IF DD UEQ ST
070040           JMP 3		; -> 070043
070041           JPL I 55		; -> 070116
070042           LDT I ,B 47
070043           LDA ,B 133
070044           JAZ 13		; -> 070057
070045 ID07O:    JPL I 51		; -> 070116
070046           STD 114
070047           MIN ,X ,B 106
070050           LDT ,X 40
070051           LDT ,X 117
070052           STD 120
070053           LDT I 111
070054           LDA I ,X 124
070055           STD ,X 47
070056           JMP 7		; -> 070065
070057           JPL I 37		; -> 070116
070060           STD 111
070061           LDA I ,X 40
070062           MIN I ,X 111
070063           LDA ,X 105
070064           STD ,X 47
070065           LDA I 37
070066 ACOPT:    ADD 37
070067           RADD CLD SA DX
070070           LDA ,X 0
070071           SHA ZIN SHR 10
070072           AND 34
070073 NCOPT:    SAT 47
070074           SKP IF DA UEQ ST
070075           JMP 20		; -> 070115
070076           JPL I 20		; -> 070116
070077           LDD I 52
070100           LDD I 40
070101           LDT ,X ,B 123
070102           MIN ,X ,B 122
070103           STD 115
070104           MIN ,X ,B 123
070105           LDT I ,B 101
070106           MIN I ,B ,X 105
070107           LDF I 40
070110           STD I ,B ,X 0
070111           LDT 16
070112           JPL I 16		; -> 070130  [RECFI]
070113           JPL I 3		; -> 070116
070114           STD ,X 47
070115           JMP I ,B 132		; -> 070247
070116           MIN ,B -50
070117           LDX I ,B 166
070120           IOT 2407
070121           LDX ,X -71
070122           STZ 26
070123 ID08O:    MIN ,B -162
070124 PLPRO:    STT -166
070125           STZ 71
070126           STZ 177
070127           STZ -142
070130 RECFI:    MIN I 13
070131           STZ ,B 135
070132 FCL2:     LDA I 63
070133           ADD 63
070134 RECOV:    RADD CLD SA DX
070135           LDA 62
070136           RADD SB DA
070137           RADD CLD SA DD
070140           LDA 60
070141           RADD SB DA
070142           LDT 57
070143           RADD SB DT
070144           JPL I 56		; -> 070222
070145           JMP 35		; -> 070202
070146           RADD CLD SD DX
070147           SAT 20
070150           JPL I 53		; -> 070223
070151 ID09I:    LDT I 53
070152           SAA 56
070153           JPL I 52		; -> 070225
070154           LDA 44
070155           RADD SB DA
070156           RADD CLD SA DX
070157 BFYIC:    SAT 74
070160           JPL I 43		; -> 070223
070161           JPL I 45		; -> 070226
070162           STD ,X 40
070163           STD 40
070164           STD 40
070165 SELEC:    STD 47
070166           LDX I 27
070167           LDA 27
070170           SHA ZIN 1
070171           RADD CLD SA DD
070172           RADD CLD SD DT
070173           JPL I 34		; -> 070227  [ID10I]
070174           RADD AD1 0 DD
070175           SAT 47
070176           SKP IF DA UEQ ST
070177           JMP 2		; -> 070201  [ID09O]
070200           JMP -6		; -> 070172
070201 ID09O:    JMP I 27		; -> 070230
070202           LDT 27
070203           SKP IF DA EQL ST
070204           JMP 3		; -> 070207
070205 UREMS:    SAA 1
070206           STA ,B 135
070207           LDX I 6
070210           LDA 6
070211 E1100:    SHA ZIN 1
070212           RADD CLD SA DD
070213           RADD CLD SD DT
070214           JMP I 16		; -> 070232
070215           STT -166
070216 XREMS:    STZ 2
070217           STZ 6
070220           STZ 16
070221           STZ 54
070222           ADD I 101
070223           MIN I 13
070224           RADD CM1 SX DB
070225           STF I 30
070226           MIN ,B -50
070227 ID10I:    STF 62
070230           IOT 2523
070231           STZ -114
070232           IOT 2467
070233           BSET ONE SSK
070234           JMP 2		; -> 070236
070235           BSET ZRO SSK
070236           STD I 176
070237           RADD CLD SL DA
070240           RADD CLD SB DD
070241           SAB 131
070242           JPL I 173		; -> 070435
070243           BSKP ONE SSK
070244           JMP 4		; -> 070250  [RFWAQ]
070245           SAA 1
070246           STA ,B 41
070247           JMP 2		; -> 070251
070250 RFWAQ:    STZ ,B 41
070251           STZ ,B 42
070252           LDX 164
070253           RADD SB DX
070254 RBUFF:    SAT 63
070255 PIOMM:    LDA ,B 41
070256           JAF 5		; -> 070263
070257 ID10O:    LDA 160
070260           JPL I 160		; -> 070440
070261 INITO:    JMP I 160		; -> 070441  [ID13I]
070262           JMP 6		; -> 070270
070263           LDA ,B 2
070264           RADD CLD SA DD
070265           LDA 152
070266 WBUFF:    JPL I 154		; -> 070442
070267           JMP I 152		; -> 070441  [ID13I]
070270           JPL I 153		; -> 070443
070271           JMP 4		; -> 070275
070272           SAA 1
070273           STA ,B 42
070274           JMP 12		; -> 070306
070275           JPL I 147		; -> 070444
070276           JMP I 143		; -> 070441  [ID13I]
070277           STT ,B 40
070300           STD ,B 122
070301           STD ,B 125
070302           STX ,B 124
070303           JPL I 142		; -> 070445  [LAMFU]
070304           JMP I 135		; -> 070441  [ID13I]
070305 ID11I:    STT ,B 113
070306           LDX 140
070307           RADD SB DX
070310           SAT 74
070311           LDA ,B 41
070312           JAF 5		; -> 070317
070313           LDA 134
070314           JPL I 124		; -> 070440
070315           JMP I 124		; -> 070441  [ID13I]
070316           JMP 6		; -> 070324
070317           LDA ,B 0
070320           RADD CLD SA DD
070321 BTSTO:    LDA 126
070322           JPL I 120		; -> 070442
070323           JMP I 116		; -> 070441  [ID13I]
070324           SAA 1
070325           STA ,B 120
070326           JPL I 115		; -> 070443
070327           STZ ,B 120
070330           LDA ,B 41
070331           JAF 12		; -> 070343  [BTCLE]
070332           SAT 74
070333 SGAND:    LDA 115
070334           JPL I 104		; -> 070440
070335 ID11O:    JMP I 114		; -> 070451  [LAMP4]
070336           RADD CLD SD DA
070337           JAF 2		; -> 070341  [DCTHR]
070340           SAA 1
070341 DCTHR:    STA ,B 114
070342           JMP 4		; -> 070346
070343 BTCLE:    LDA ,B 1
070344           BSET ZRO 170 DA
070345           STA ,B 114
070346           LDA 104
070347           AAA -120
070350           RADD CLD SA DD
070351           LDA ,B 41
070352           JAF 164		; -> 070536  [ATRNS]
070353           RADD CLD 0 DT
070354           JPL I 77		; -> 070453  [LAPLI]
070355           AND 77
070356           SAT 15
070357           SKP IF DA EQL ST
070360           JMP 25		; -> 070405
070361           JPL I 74		; -> 070455
070362           LDT ,X 105
070363 LOUTT:    LDX 124
070364           STD 50
070365           LDT ,X 105
070366 XBTLO:    LDT I 115
070367           LDA ,B 116
070370           MIN ,B 124
070371           MIN ,X ,B 104
070372 XMLGR:    STD 127
070373           LDA ,B 124
070374           LDA 40
070375 RSTMR:    STD I ,B ,X 0
070376           SAT 1
070377           SAA 47
070400           JPL I 56		; -> 070456
070401           JPL I 54		; -> 070455
070402           LDD ,B 72
070403           STD 47
070404           JMP 53		; -> 070457
070405           RADD CLD 0 DX
070406           SAT 54
070407 BTLOA:    SKP IF DA UEQ ST
070410           JMP 4		; -> 070414
070411           SAT 40
070412 E1200:    SKP IF DA EQL ST
070413 ID12O:    JMP 52		; -> 070465
070414           RADD CLD 0 DT
070415           JPL I 36		; -> 070453  [LAPLI]
070416           AND 36
070417           SAT 54
070420           SKP IF DA UEQ ST
070421 ENTIM:    JMP 7		; -> 070430
070422           SAT 47
070423           SKP IF DA UEQ ST
070424           JMP 4		; -> 070430
070425           SAT 15
070426           SKP IF DA EQL ST
070427           JMP 30		; -> 070457
070430           RADD CLD SD DT
070431           SAA 47
070432           SBYT
070433           JMP 52		; -> 070505
070434           ROP NOOP
070435           STZ I ,B ,X -26
070436           STZ 6
070437           LDA 105
070440           LDA ,B -1
070441 ID13I:    IOX 33
070442           LDA ,X -145
070443           ADD I ,B 51
070444           IOX 1161
070445 LAMFU:    IOX 1307
070446 LAMPA:    STZ 54
070447 LAMP2:    MIN I ,B ,X 65
070450 LAMP3:    LDA 122
070451 LAMP4:    IOX 33
070452 LAMP5:    ROP NOOP
070453 LAPLI:    STF I 0
070454           STZ 177
070455           MIN ,B -50
070456           STF I 30
070457           RADD CLD 0 DX
070460           LDT 156
070461 NSLAR:    SKP IF DT GRE SX
070462           JMP 23		; -> 070505
070463           RADD CLD 0 DT
070464           JPL I 153		; -> 070637
070465           RADD CLD SD DT
070466           SBYT
070467           AND 151
070470           SAT 15
070471 ID13O:    SKP IF DA EQL ST
070472 LWIAR:    JMP 5		; -> 070477
070473           SAA 12
070474           AAX 1
070475           RADD CLD SD DT
070476           SBYT
070477           AND 141
070500 TEROP:    SAT 47
070501           SKP IF DA UEQ ST
070502           JMP 3		; -> 070505
070503 NFLAD:    AAX 1
070504           JMP -24		; -> 070460
070505           AAX 1
070506 MTA11:    RADD CLD SD DT
070507           SAA 47
070510           SBYT
070511           RADD CLD SD DX
070512           LDA ,X 0
070513           SHA ZIN SHR 10
070514           SAT 47
070515           SKP IF DA UEQ ST
070516           JMP 16		; -> 070534
070517 ID14I:    SAT 3
070520           LDX 121
070521           RADD SB DX
070522 TPPAG:    LDA 120
070523           JPL I 120		; -> 070643
070524           JMP I 120		; -> 070644
070525           LDA 120
070526           JPL I 120		; -> 070646  [DUMP]
070527           JMP 3		; -> 070532  [MTKPI]
070530 CONTI:    RAND 0 0
070531           JMP 3		; -> 070534
070532 MTKPI:    RADD CLD 0 DT
070533           JMP 2		; -> 070535
070534           SAT 47
070535           JMP 13		; -> 070550
070536 ATRNS:    RADD CLD SD DA
070537           LDX ,B 3
070540           LDT 107
070541 TNPAG:    JPL I 107		; -> 070650
070542           LDA ,B 1
070543           BSKP ONE 170 DA
070544           JMP 3		; -> 070547  [ID14O]
070545           RADD CLD 0 DT
070546           JMP 2		; -> 070550
070547 ID14O:    SAT 47
070550           STT ,B 130
070551           LDA 100
070552           JPL I 100		; -> 070652
070553           LDX 100
070554           RADD SB DX
070555           LDA ,B 42
070556 TLID:     JAF 110		; -> 070666
070557 EILCO:    LDA ,B 120
070560           JAF 11		; -> 070571  [OVERL]
070561           LDA I 73
070562           ADD 73
070563 DITIM:    RADD CLD 0 DD
070564           BSET ONE 0 DD
070565           LDT 71
070566           JPL I 71		; -> 070657
070567 TRFP:     JMP I 55		; -> 070644
070570           JMP 45		; -> 070635
070571 OVERL:    RADD CLD SX DA
070572           LDX I 66
070573           STA ,X 24
070574           LDA 45
070575 CHSML:    RADD SB DA
070576           STA ,X 25
070577           LDA 42
070600           RADD SB DA
070601           STA ,X 26
070602           LDA 57
070603           SAX 0
070604           STA ,X ,B 115
070605           LDA 55
070606           SAX 1
070607 SHRSO:    STA ,X ,B 115
070610           LDA 53
070611           SAX 2
070612           STA ,X ,B 115
070613 E1300:    SAX 37
070614           JPL I 50		; -> 070664
070615           JMP I 50		; -> 070665
070616           LDA 35
070617           RADD SB DA
070620           RADD CLD SA DT
070621           LDA I 33
070622           ADD 33
070623           RADD CLD SA DD
070624           RADD CLD 0 DX
070625 ID15O:    LBYT
070626           SWAP ST DD
070627           SBYT
070630           SWAP ST DD
070631           AAX 1
070632           AAA -47
070633           JAZ 2		; -> 070635
070634           JMP -7		; -> 070625  [ID15O]
070635           JMP 31		; -> 070666
070636           STZ -142
070637           STF I 0
070640           STZ 177
070641           STZ 115
070642           LDA ,B 76
070643           LDA ,B -1
070644           IOX 33
070645           STT ,B -36
070646 DUMP:     MIN I ,B 152
070647           STZ -200
070650           STF 104
070651           STZ ,B 127
070652           STT ,B 100
070653 ID16I:    STZ 54
070654 SSSWP:    STT -166
070655           STZ 2
070656           STA I ,B ,X -6
070657           ADD I 44
070660           ROP NOOP
070661           LDT I ,B 131
070662           LDA ,X ,B 102
070663           STD I ,B ,X 47
070664           STD -104
070665           IOX 33
070666           LDX 44
070667           RADD SB DX
070670           LDA I 43
070671           JAZ 10		; -> 070701
070672           JPL I 42		; -> 070734
070673           JMP I 42		; -> 070735  [PCON1]
070674           JPL I 42		; -> 070736
070675           JMP I 40		; -> 070735  [PCON1]
070676 PTABL:    JPL I 41		; -> 070737
070677           JMP I 36		; -> 070735  [PCON1]
070700           JMP 2		; -> 070702
070701           JPL I 37		; -> 070740
070702           LDA ,B 42
070703 ID16O:    JAF 53		; -> 070756
070704           LDT ,B 40
070705           LDX ,B 124
070706           LDD ,B 125
070707 PTLAM:    JPL I 32		; -> 070741
070710           JMP I 32		; -> 070742
070711           STX ,B 127
070712           STT ,B 113
070713           JPL I 30		; -> 070743
070714           JMP I 30		; -> 070744
070715           STT ,B 121
070716 LPPUT:    LDA 27
070717           STA ,B 53
070720           LDA I 26
070721           ADD 26
070722           RADD CLD SA DX
070723           RADD CLD 0 DT
070724           JPL I 24		; -> 070750
070725           AAT 1
070726           AAA -47
070727           JAZ 2		; -> 070731  [ID17I]
070730           JMP -4		; -> 070724
070731 ID17I:    JMP 20		; -> 070751
070732           STZ 43
070733           STA 4
070734           LDT I ,X 174
070735 PCON1:    IOX 35
070736           LDA I ,B ,X -125
070737           LDX I 111
070740           LDA I ,X -174
070741           IOX 1307
070742           IOX 42
070743           LDF -155
070744           IOX 54
070745           STD I ,B ,X 47
070746           STT -166
070747           STZ 2
070750           STF 62
070751           LDA 43
070752           RADD SB DA
070753           JPL I 42		; -> 071015  [9EBAD]
070754           SAA 47
070755           JPL I 41		; -> 071016
070756           LDA I 41
070757           ADD 41
070760           LDX 41
070761 ID17O:    AAX -120
070762           LDT 40
070763           JPL I 40		; -> 071023
070764           LDT ,B 130
070765           LDA I 37
070766           SHA ZIN 10
070767           RADD SA DT
070770           BSET ONE 130 DT
070771 MPRIN:    LDX I 26
070772           STT ,X 1
070773           LDA ,B 42
070774           SKP IF DA EQL 0
070775           JMP I 30		; -> 071025
070776           JPL I 30		; -> 071026
070777           JMP 34		; -> 071033
071000           LDX I 17
071001 LOAD:     LDA ,B 113
071002           LDT ,B 121
071003 PLACE:    LDA ,B 114
071004           STA ,X 0
071005           JPL I 22		; -> 071027
071006           JMP 25		; -> 071033
071007 ID18I:    MIN ,B 4
071010           LDA 20
071011           JPL I 20		; -> 071031
071012           SAA -131
071013           JMP I 17		; -> 071032  [MOCTU]
071014 E1400:    STZ 43
071015 9EBAD:    MIN I ,B 121
071016           STF 100
071017           STT -166
071020           STZ 71
071021           ROP NOOP
071022           STZ -142
071023           STF 104
071024           STA 4
071025           IOX 56
071026           LDA I ,X -116
071027           LDF 104
071030           STZ ,B 127
071031           STT ,B 106
071032 MOCTU:    STZ I ,B ,X -2
071033           STA ,B 2
071034           JMP -24		; -> 071010
071035           LDT ,B 40
071036           LDX 66
071037 ID18O:    JPL I 66		; -> 071125
071040           JMP 2		; -> 071042
071041           JPL I 65		; -> 071126
071042           LDA ,B 123
071043           LDT ,B 124
071044           SKP IF DA UEQ ST
071045           JMP 7		; -> 071054
071046           LDA ,B 126
071047           SKP IF DA UEQ ST
071050           JMP 4		; -> 071054
071051           LDA ,B 127
071052           STA ,B 126
071053           JMP I 54		; -> 071127
071054           LDA 54
071055           JMP -22		; -> 071033
071056           LDX I 53
071057           LDA ,X 1
071060           AND 52
071061           JAF 4		; -> 071065  [ID19I]
071062           LDA ,B 114
071063           BSET ONE 170 DA
071064           STA ,B 114
071065 ID19I:    JPL I 46		; -> 071133
071066 SPLRE:    JMP -33		; -> 071033
071067           STX ,B 127
071070           LDA I 41
071071           ADD 43
071072           SWAP SX DA
071073           LDT 42
071074           JPL I 42		; -> 071136
071075           LDA 42
071076           JPL I 30		; -> 071126
071077           LDA 41
071100           RADD SB DA
071101 WPUNC:    LDX I 40
071102           STA ,X 26
071103           LDA 37
071104           RADD SB DA
071105           STA ,X 24
071106           LDA 35
071107           RADD SB DA
071110           STA ,X 25
071111           LDA ,B 127
071112           STA ,X 27
071113           SAX 45
071114           JPL I 30		; -> 071144
071115 ID19O:    JMP 3		; -> 071120
071116           MIN ,B 4
071117           JMP 2		; -> 071121
071120           STA ,B 2
071121           LDX ,B 127
071122           JPL I 23		; -> 071145
071123           JMP -111		; -> 071012
071124           STZ 3
071125           LDT 124
071126           STT ,B 106
071127           IOT 3704
071130           STZ -167
071131           STT -166
071132           STZ -1
071133           AND I ,B 21
071134           STZ 71
071135           STZ -200
071136           STF 104
071137           STZ ,B 127
071140           STZ 114
071141           ROP NOOP
071142           STZ 54
071143 ID20I:    STZ 6
071144           STD -104
071145           AND I ,B -7
071146           BSET ONE SSK
071147           JMP 2		; -> 071151  [MEMOR]
071150           BSET ZRO SSK
071151 MEMOR:    STD I 66
071152           RADD CLD SL DA
071153 ENT13:    RADD CLD SB DD
071154           SAB 165
071155           JPL I 63		; -> 071240
071156           BSKP ONE SSK
071157           JMP 4		; -> 071163
071160           SAA 1
071161           STA ,B 156
071162           JMP 2		; -> 071164
071163           STZ ,B 156
071164           JPL I 55		; -> 071241
071165           JMP I 55		; -> 071242
071166           STT ,B 6
071167           STD ,B 11
071170           STD ,B 7
071171           STX ,B 13
071172           JPL I 51		; -> 071243
071173 ID20O:    JMP I 47		; -> 071242
071174 ZMEMO:    LDA 50
071175           LDX 50
071176           RADD SB DX
071177           SAT 74
071200           JPL I 46		; -> 071246
071201 SETME:    JMP I 41		; -> 071242
071202           SAA 1
071203           STA ,B 154
071204           LDA 43
071205           RADD SB DA
071206           RADD CLD SA DD
071207           LDA 41
071210           RADD SB DA
071211           JPL I 40		; -> 071251  [ID21O]
071212           JMP I 30		; -> 071242
071213           STZ ,B 154
071214           LDT ,B 6
071215 E1500:    LDX ,B 13
071216           LDD ,B 11
071217           JPL I 24		; -> 071243
071220           JMP I 32		; -> 071252
071221 ID21I:    STX ,B 14
071222           JPL I 31		; -> 071253
071223           JMP I 27		; -> 071252
071224           STT ,B 157
071225           STX ,B 151
071226           STA ,B 152
071227           LDA 25
071230           JPL I 25		; -> 071255
071231           JPL I 25		; -> 071256
071232           JMP I 25		; -> 071257
071233 MGOTA:    STA ,B 147
071234           STZ ,B 146
071235           STZ ,B 150
071236           JMP 22		; -> 071260
071237           ROP NOOP
071240           STZ I ,B ,X -26
071241           IOX 1171
071242           IOX 706
071243           IOX 1307
071244           MIN I ,B ,X 65
071245           STZ 75
071246           LDA ,B -1
071247           STZ 16
071250           STZ 26
071251 ID21O:    ADD I 71
071252           IOX 715
071253           LDF -155
071254           STZ ,B 127
071255           STT ,B 100
071256           LDF 32
071257           IOX 704
071260           LDA ,B 147
071261           SKP IF 0 LST SA
071262           JMP 154		; -> 071436  [CSTAT]
071263           LDT ,B 157
071264           LDX I 153
071265           LDA I 153
071266           JPL I 153		; -> 071441
071267           JMP I 153		; -> 071442
071270           MIN ,B 150
071271           LDA ,B 146
071272           SKP IF 0 GRE SA
071273           JMP 132		; -> 071425
071274           LDA 147
071275           RADD SA DX
071276           LDA ,X 0
071277 ID22I:    JAZ 126		; -> 071425
071300           SAA 1
071301           STA ,B 155
071302           LDA 142
071303           RADD SB DA
071304           RADD CLD SA DD
071305           LDA 140
071306           RADD SB DA
071307           JPL I 137		; -> 071446
071310           JMP I 132		; -> 071442
071311           STZ ,B 155
071312           LDA ,B 154
071313           LDT ,B 155
071314           SKP IF DA EQL ST
071315           JMP 110		; -> 071425
071316           LDA 131
071317           RADD SB DA
071320           LDX 125
071321           RADD SB DX
071322           SAT 74
071323           JPL I 125		; -> 071450  [PFLAM]
071324           JMP 101		; -> 071425
071325 XRTLO:    JMP 100		; -> 071425
071326           LDA ,B 154
071327 ID22O:    JAZ 11		; -> 071340
071330           LDA 121
071331           RADD SB DA
071332 ZRTLO:    LDX 112
071333           RADD SB DX
071334           SAT 20
071335           JPL I 113		; -> 071450  [PFLAM]
071336           JMP 67		; -> 071425
071337 WRTLO:    JMP 66		; -> 071425
071340           MIN ,B 146
071341           LDA ,B 150
071342           SAT 1
071343           SKP IF DA EQL ST
071344 PYRTL:    JMP 5		; -> 071351  [PZRTL]
071345           LDX ,B 151
071346           LDA ,X 7
071347           BSET ONE 120 DA
071350           STA ,X 7
071351 PZRTL:    LDX I 66
071352           LDA ,X 1
071353           SHA ZIN SHR 10
071354           JAF 5		; -> 071361
071355 ID23I:    JPL I 75		; -> 071452
071356 YRTLO:    JMP 43		; -> 071421  [GBUF]
071357           JMP 53		; -> 071432
071360           JMP 44		; -> 071424
071361           RADD CLD 0 DT
071362           LDA I 55
071363           ADD 60
071364           RADD CLD SA DX
071365           JPL I 66		; -> 071453
071366           AAT 1
071367           AAA -47
071370           JAZ 2		; -> 071372
071371           JMP -4		; -> 071365
071372           STT ,B 64
071373           RADD CLD 0 DD
071374           LDA I 43
071375           ADD 46
071376           RADD CLD SA DX
071377           LDT ,B 64
071400           JPL I 53		; -> 071453
071401           LDX 53
071402           RADD SB DX
071403           RADD CLD SD DT
071404           JPL I 51		; -> 071455
071405 ID23O:    RADD AD1 0 DD
071406           MIN ,B 64
071407           AAA -47
071410           JAZ 2		; -> 071412
071411           JMP -15		; -> 071374
071412           LDX 42
071413 STDUO:    RADD SB DX
071414           JPL I 42		; -> 071456
071415 LAMIE:    JMP I 25		; -> 071442
071416 E1600:    LDA I 41
071417           SKP IF DA UEQ ST
071420           JMP 3		; -> 071423  [GBUFS]
071421 GBUF:     JPL I 37		; -> 071460
071422           JMP 2		; -> 071424
071423 GBUFS:    JMP 7		; -> 071432
071424           JPL I 35		; -> 071461
071425           LDT ,B 157
071426           LDX I 11
071427           LDA I 11
071430           JPL I 32		; -> 071462
071431           JMP I 11		; -> 071442
071432           LDA ,B 147
071433 ID24I:    AAA -1
071434           STA ,B 147
071435           JMP -155		; -> 071260
071436 CSTAT:    JMP 25		; -> 071463  [ID24O]
071437           STT -166
071440           SWAP SB DD
071441           LDF 147
071442           IOX 710
071443           STZ 2
071444           STZ 65
071445           STZ 75
071446           ADD I 71
071447           STZ 26
071450 PFLAM:    MIN I ,B 152
071451           STZ 16
071452           LDT I ,X 114
071453           STF 62
071454           STZ 133
071455           STF 100
071456           LDX ,B 127
071457           RADD CM1 SX DL
071460           LDT I ,X 47
071461           LDA ,X 120
071462           LDF 113
071463 ID24O:    LDT ,B 157
071464           JPL I 137		; -> 071623
071465           JMP I 137		; -> 071624
071466           LDA ,B 146
071467           JAF 3		; -> 071472
071470           LDA 135
071471           JMP I 133		; -> 071624
071472           LDA ,B 154
071473           SKP IF DA EQL 0
071474           JMP I 132		; -> 071626
071475           LDX 132
071476           RADD SB DX
071477           LDA 131
071500           SAT -1
071501           JPL I 130		; -> 071631
071502           JMP I 130		; -> 071632
071503           STX ,B 153
071504           RADD CLD SA DX
071505           LDD ,X 0
071506           STD ,B 7
071507           STT ,B 6
071510           LDT ,B 153
071511 ID25I:    SHT ZIN SHR 10
071512           LDA ,B 153
071513           AND 120
071514           LDX 120
071515           RADD SB DX
071516           JPL I 117		; -> 071635
071517           JMP 165		; -> 071704
071520           LDT ,B 6
071521           JPL I 115		; -> 071636
071522           JMP 162		; -> 071704
071523 STMLE:    STT ,B 144
071524           LDT ,B 6
071525 YTRNS:    LDD ,B 7
071526           JPL I 111		; -> 071637
071527           JMP 155		; -> 071704
071530           STX ,B 15
071531           LDA ,X 44
071532           BSKP ONE 20 DA
071533           JMP 67		; -> 071622
071534           LDA ,B 156
071535           JAF 65		; -> 071622
071536           LDD ,X 64
071537 WSEG:     RADD CLD 0 DX
071540           JPL I 100		; -> 071640
071541 ID25O:    JMP 143		; -> 071704
071542           STD ,B 163
071543           RADD CLD SA DL
071544           RADD CLD SD DT
071545           RADD CLD 0 DA
071546           RADD CLD 0 DD
071547           RSUB ST DD
071550           RADD ADC CLD SA DA
071551           AAA -1
071552           RSUB SL DA
071553           LDT ,B 6
071554           LDX ,B 144
071555           JPL I 64		; -> 071641
071556           JMP 126		; -> 071704
071557           SAA -1
071560           RADD CLD SA DD
071561           LDX ,B 15
071562           STD ,X 62
071563           LDA I 57
071564           JPL I 57		; -> 071643
071565           LDD ,B 163
071566           RADD CLD SA DL
071567 ID26I:    RADD CLD SD DT
071570 PDATC:    LDD I 54
071571           RADD ST DD
071572           RADD ADC SL DA
071573           STD I 51
071574           LDA I 46
071575           JPL I 50		; -> 071645  [ID27I]
071576           LDT ,B 6
071577           STZ ,B 162
071600           LDA 46
071601           SAX 0
071602           STA ,X ,B 160
071603           LDA 44
071604           RADD SB DA
071605           SAX 1
071606 WSOUT:    STA ,X ,B 160
071607 WSEGX:    LDA 41
071610           RADD SB DA
071611           MON 125		; ForceRelease / PRLRS (125B)
071612           LDX ,B 15
071613           LDA ,X 26
071614 DATCL:    BSET ZRO 140 DA
071615           STA ,X 26
071616           RADD CLD 0 DA
071617 ID26O:    RADD CLD SA DD
071620           STD ,X 60
071621           STD ,X 64
071622           JMP 27		; -> 071651
071623           LDF 62
071624           IOX 706
071625           STZ -171
071626           IOX 677	; ND500_3 Return Gate (RETG5) (Write) [b1=Stop microclock]
071627           STZ 26
071630           STA I ,B ,X -6
071631           LDX I ,X 173
071632           IOX 704
071633 SRESE:    STZ -1
071634           STZ 133
071635           LDX I 111
071636           LDT I ,B ,X -40
071637           LDX I ,B 166
071640           ADD 151
071641           LDX I -172
071642           MPY 22
071643           STT ,B 100
071644           STA 172
071645 ID27I:    STT ,B 106
071646           MPY 25
071647           STZ 162
071650           STZ 160
071651           SAA 1
071652           STA ,B 156
071653           LDX ,B 15
071654           LDA ,X 44
071655           BSKP ZRO 20 DA
071656           JMP 2		; -> 071660
071657           STZ ,B 156
071660           LDD ,B 7
071661           JPL I 50		; -> 071731
071662           JMP 22		; -> 071704
071663           LDA ,B 156
071664           JAZ 6		; -> 071672
071665           LDA I 45
071666           SKP IF 0 LST SA
071667           JMP 3		; -> 071672
071670           AAA -1
071671           STA I 41
071672           LDT ,B 6
071673           LDX 40
071674           JPL I 40		; -> 071734
071675 ID27O:    JMP 3		; -> 071700
071676 FCOPY:    JPL I 37		; -> 071735
071677           MIN ,B 4
071700           LDA 36
071701           JPL I 34		; -> 071735
071702           SAA -165
071703           JMP I 34		; -> 071737
071704           STA ,B 2
071705           JMP -13		; -> 071672
071706           STA ,B 2
071707           JMP -5		; -> 071702
071710           STA ,B 2
071711           LDT ,B 157
071712           JPL I 26		; -> 071740
071713           JMP -13		; -> 071700
071714 ZSREL:    JMP -14		; -> 071700
071715           LDA ,B 10
071716           LDT ,B 13
071717 SRELE:    SKP IF DA UEQ ST
071720           JMP 7		; -> 071727
071721           LDA ,B 12
071722           SKP IF DA UEQ ST
071723 ID28I:    JMP 4		; -> 071727
071724 RINFO:    LDA ,B 14
071725           STA ,B 12
071726           JMP I 13		; -> 071741
071727           LDA 13
071730           JMP -24		; -> 071704
071731           LDX I ,B -30
071732           STA 174
071733           STZ 3
071734           LDT 124
071735           STT ,B 106
071736           STZ ,B 127
071737           STZ I ,B ,X -2
071740           LDF 62
071741           IOX 214
071742           STZ -167
071743           STD I 52
071744           RADD CLD SL DA
071745           RADD CLD SB DD
071746 SCMPE:    SAB 13
071747           JPL I 47		; -> 072016  [RMAXB]
071750           JPL I 47		; -> 072017
071751           JMP 42		; -> 072013  [BFDIS]
071752           LDA 46
071753 ID28O:    JPL I 46		; -> 072021
071754 SCIDE:    JMP 37		; -> 072013  [BFDIS]
071755           JAP 3		; -> 071760
071756           SAA 174
071757           JMP 34		; -> 072013  [BFDIS]
071760           STD ,B 11
071761           LDA I 41
071762 CRSYL:    JPL I 41		; -> 072023
071763           LDD ,B 11
071764 CRLAM:    RADD CLD SA DL
071765           RADD CLD SD DT
071766           LDD I 36
071767           RADD ST DD
071770           RADD ADC CLD SA DA
071771 RBUF:     RADD SL DA
071772           STD I 32
071773           LDA 32
071774           SAX 0
071775           STA ,X ,B 6
071776 ERRMO:    LDA 30
071777           RADD SB DA
072000           SAX 1
072001 ID29I:    STA ,X ,B 6
072002           STZ ,B 10
072003           LDA 24
072004           RADD SB DA
072005           MON 125		; ForceRelease / PRLRS (125B)
072006           LDA I 14
072007 LISTT:    JPL I 21		; -> 072030
072010           MIN ,B 4
072011           SAA -13
072012           JMP I 17		; -> 072031  [ID29O]
072013 BFDIS:    STA ,B 2
072014 RBYTE:    JMP -3		; -> 072011
072015           ROP NOOP
072016 RMAXB:    STZ I ,B ,X -26
072017           LDT I ,X 47
072020 E2000:    MIN I ,X -35
072021           LDA ,B -1
072022           MPY 22
072023           STT ,B 100
072024           STA 172
072025           MPY 25
072026           STZ 10
072027           STZ 6
072030           STT ,B 106
072031 ID29O:    STZ I ,B ,X -2
072032           STD I 46
072033           RADD CLD SL DA
072034           RADD CLD SB DD
072035           SAB 10
072036 GTRT:     JPL I 43		; -> 072101
072037           JPL I 43		; -> 072102
072040           JMP 36		; -> 072076
072041           LDA 42
072042           JPL I 42		; -> 072104
072043           JMP 33		; -> 072076
072044           JAP 3		; -> 072047
072045 RTON:     SAA 174
072046           JMP 30		; -> 072076
072047           STD ,B 6
072050           LDA I 35
072051           JPL I 35		; -> 072106
072052 RTOFF:    LDD ,B 6
072053           RADD CLD SA DL
072054           RADD CLD SD DT
072055           LDD I 32
072056           RSUB ST DD
072057 ID30I:    RADD ADC CLD SA DA
072060           AAA -1
072061           RSUB SL DA
072062           JAP 6		; -> 072070
072063           LDA I 22
072064           JPL I 24		; -> 072110
072065           LDA 24
072066           JMP 10		; -> 072076
072067           JMP 7		; -> 072076
072070           STD I 17
072071           LDA I 14
072072 SBLOP:    JPL I 16		; -> 072110
072073           MIN ,B 4
072074           SAA -10
072075           JMP I 15		; -> 072112
072076           STA ,B 2
072077           JMP -3		; -> 072074
072100           ROP NOOP
072101           STZ I ,B ,X -26
072102           LDT I ,X 47
072103 DELAM:    MIN I ,X -35
072104           LDA ,B -1
072105           MPY 22
072106           STT ,B 100
072107 ID30O:    STA 172
072110           STT ,B 106
072111           STZ -170
072112           STZ I ,B ,X -2
072113           STD I 40
072114           RADD CLD SL DA
072115           RADD CLD SB DD
072116           SAB 6
072117           JPL I 35		; -> 072154
072120           JPL I 35		; -> 072155
072121           STD ,X 47
072122           LDD I 34
072123           JPL I 34		; -> 072157
072124           JPL I 31		; -> 072155
072125           STD 123
072126           LDT 117
072127           LDA I ,B ,X 114
072130           LDA ,B 116
072131           MIN I ,B ,X 40
072132           LDT 101
072133           MIN I ,B ,X 105
072134           STD I ,B ,X 0
072135 IIBMI:    JAF 4		; -> 072141
072136           SAT 1
072137           SKP IF DD UEQ ST
072140           JMP 3		; -> 072143
072141           JPL I 14		; -> 072155
072142           LDT I ,B 47
072143           JPL I 12		; -> 072155
072144           STD 114
072145           MIN ,X ,B 106
072146           LDT ,X 44
072147           STD I ,B ,X 0
072150           MIN ,B 4
072151           SAA -6
072152           JMP I 6		; -> 072160
072153           ROP NOOP
072154           STZ I ,B ,X -26
072155           MIN ,B -50
072156           STA 172
072157           MIN ,B -162
072160           STZ I ,B ,X -2
072161 DOPSC:    STD I 107
072162           RADD CLD SL DA
072163 OPSCR:    RADD CLD SB DD
072164           SAB 51
072165 IIBMO:    JPL I 104		; -> 072271  [IUNII]
072166           JMP 31		; -> 072217
072167 ENT14:    BSET ONE SSK
072170           JMP 2		; -> 072172  [RET14]
072171           BSET ZRO SSK
072172 RET14:    STD I 76
072173           RADD CLD SL DA
072174           RADD CLD SB DD
072175           SAB 51
072176           JPL I 73		; -> 072271  [IUNII]
072177           BSKP ONE SSK
072200           JMP 11		; -> 072211
072201           RADD CLD SX DD
072202           LDA 70
072203           LDX 70
072204           RADD SB DX
072205           SAT 74
072206           JPL I 66		; -> 072274
072207           JMP 57		; -> 072266
072210           JMP 7		; -> 072217
072211           LDA 61
072212           LDX 61
072213 ICDCI:    RADD SB DX
072214           SAT 74
072215           JPL I 60		; -> 072275
072216           JMP 50		; -> 072266
072217           LDA 57
072220           SAT -1
072221 E2100:    JPL I 56		; -> 072277
072222           JMP 44		; -> 072266
072223           STT ,B 44
072224           RADD CLD SD DT
072225           RADD CLD SA DX
072226           LDD ,X 0
072227           STD ,B 45
072230           RADD CLD ST DX
072231           LDD ,X 0
072232           STD ,B 47
072233           LDT ,B 44
072234           LDX 44
072235           JPL I 44		; -> 072301
072236           JMP 30		; -> 072266
072237           JPL I 43		; -> 072302
072240           LDD ,B 45
072241           JPL I 42		; -> 072303
072242           JMP 24		; -> 072266
072243 ICDCO:    LDA ,X 44
072244           BSKP ZRO 10 DA
072245           JMP 7		; -> 072254
072246           BSKP ZRO 20 DA
072247           JMP 5		; -> 072254
072250           LDA 34
072251           STA ,B 2
072252           JMP 11		; -> 072263
072253           JMP 13		; -> 072266
072254           LDA ,B 44
072255           STA ,B 1
072256           LDD ,B 45
072257           STD ,B 2
072260           LDA ,B 50
072261           STA ,B 0
072262           MIN ,B 4
072263           JPL I 22		; -> 072305
072264           SAA -51
072265           JMP I 21		; -> 072306
072266           STA ,B 2
072267           JMP -3		; -> 072264
072270           ROP NOOP
072271 IUNII:    STZ I ,B ,X -26
072272           LDA 105
072273           STZ 6
072274           LDA ,X -145
072275           LDA ,B -1
072276           STA I ,B ,X -6
072277           LDX I ,X 173
072300           STZ 3
072301           LDT 124
072302           STT ,B 106
072303           LDX I ,B 166
072304           STZ -172
072305           LDX ,X -71
072306           STZ I ,B ,X -2
072307           STD I 44
072310           RADD CLD SL DA
072311           RADD CLD SB DD
072312           SAB 10
072313           JPL I 41		; -> 072354
072314           STD ,B 6
072315           LDD ,B 6
072316           LDT ,B 1
072317           JPL I 36		; -> 072355
072320           JMP 31		; -> 072351  [SBLSZ]
072321 IUNIO:    LDA ,X 44
072322           BSKP ONE 10 DA
072323           JMP 13		; -> 072336
072324           LDA ,X 45
072325           STA ,B 1
072326           LDA ,X 41
072327           STA ,B 0
072330           LDA ,B 7
072331           STA ,B 2
072332           JPL I 24		; -> 072356
072333           MIN ,B 4
072334           SAA -10
072335           JMP I 22		; -> 072357
072336           LDA ,B 7
072337           LDT ,B 0
072340           SKP IF DA EQL ST
072341           JMP 4		; -> 072345
072342           JPL I 14		; -> 072356
072343           LDA 15
072344           JMP 5		; -> 072351  [SBLSZ]
072345           LDT ,X 41
072346           STT ,B 7
072347 IHONI:    JPL I 7		; -> 072356
072350           JMP -33		; -> 072315
072351 SBLSZ:    STA ,B 2
072352           JMP -16		; -> 072334
072353           ROP NOOP
072354           STZ I ,B ,X -26
072355           LDX I ,B 166
072356           LDX ,X -71
072357           STZ I ,B ,X -2
072360           STZ -172
072361           STD I 167
072362           RADD CLD SL DA
072363           RADD CLD SB DD
072364           SAB 64
072365           JPL I 164		; -> 072551
072366           RADD CLD SA DX
072367 LAREA:    LDA ,X 0
072370           STA ,B 10
072371           LDA ,X 1
072372           STA ,B 11
072373           STZ ,B 13
072374           SKP IF DT UEQ 0
072375           JMP 2		; -> 072377  [IHONO]
072376           SAT 1
072377 IHONO:    STT ,B 7
072400           STZ ,B 12
072401           LDA ,B 11
072402           SKP IF 0 LST SA
072403           JMP 134		; -> 072537
072404           LDX I 146
072405           LDA I 146
072406           LDT ,B 10
072407           JPL I 145		; -> 072554
072410           JMP 136		; -> 072546
072411           MIN ,B 12
072412 LISTS:    LDA ,B 13
072413           JAF 113		; -> 072526
072414           LDA 141
072415           RADD SA DX
072416           LDA ,X 0
072417           JAZ 107		; -> 072526
072420           SAA 1
072421           STA ,B 6
072422 E2200:    LDA 134
072423           RADD SB DA
072424 9BPTM:    RADD CLD SA DD
072425 F1203:    LDA 132
072426           RADD SB DA
072427           JPL I 131		; -> 072560
072430           JMP 116		; -> 072546
072431 URERT:    STZ ,B 6
072432           LDA ,B 6
072433           LDT ,B 7
072434           SKP IF DA EQL ST
072435           JMP 71		; -> 072526
072436           LDX 121
072437           RADD SB DX
072440 SBANK:    LDA ,B 0
072441 SBUF:     SAT 74
072442 DFBLC:    JPL I 117		; -> 072561
072443           JMP 63		; -> 072526
072444 DTBLC:    JMP 62		; -> 072526
072445           LDA ,B 7
072446 XFUNC:    JAZ 10		; -> 072456
072447 NBLCK:    LDX 107
072450 TNBLC:    RADD SB DX
072451 RPAR:     LDA ,B 1
072452           SAT 20
072453           JPL I 106		; -> 072561
072454           JMP 52		; -> 072526
072455 WPAR:     JMP 51		; -> 072526
072456           MIN ,B 13
072457           LDA ,B 12
072460           STA ,B 1
072461 9SBDF:    LDA ,B 3
072462           JAZ 44		; -> 072526
072463           RADD CLD 0 DX
072464           LDA I 66
072465 SETPO:    ADD 70
072466           RADD CLD SA DT
072467           LBYT
072470           AND 72
072471           AAA -47
072472           JAZ 7		; -> 072501
072473 IICPF:    SAT 120
072474           SKP IF DX EQL ST
072475           JMP 2		; -> 072477  [BT01R]
072476           JPL I 65		; -> 072563
072477 BT01R:    AAX 1
072500           JMP -14		; -> 072464
072501           AAX 1
072502           RADD CLD 0 DD
072503           LDA I 47
072504           ADD 51
072505           RADD CLD SA DT
072506           LBYT
072507           LDT ,B 3
072510           SWAP SD DX
072511           SBYT
072512           AND 50
072513           SAT 47
072514           SKP IF DA UEQ ST
072515           JMP 11		; -> 072526
072516           SAT 120
072517           SKP IF DX EQL ST
072520           JMP 2		; -> 072522
072521           JPL I 42		; -> 072563
072522           AAX 1
072523           RADD AD1 0 DD
072524           SWAP SD DX
072525           JMP -22		; -> 072503
072526           LDT ,B 10
072527           LDX I 23
072530           LDA I 23
072531           JPL I 33		; -> 072564
072532           JMP 14		; -> 072546
072533           LDA ,B 11
072534           AAA -1
072535           STA ,B 11
072536           JMP -135		; -> 072401
072537           LDA ,B 13
072540           JAF 3		; -> 072543
072541           LDA 24
072542 BT01W:    JMP 4		; -> 072546
072543           MIN ,B 4
072544           SAA -64
072545           JMP I 21		; -> 072566
072546           STA ,B 2
072547           JMP -3		; -> 072544
072550           ROP NOOP
072551           STZ I ,B ,X -26
072552 LIDEV:    STT -166
072553           SWAP SB DD
072554           LDF 147
072555           STZ 2
072556           STZ 14
072557           STZ 24
072560           ADD I 71
072561           MIN I ,B 152
072562           STZ 177
072563           STZ -163
072564           LDF 113
072565           STZ -171
072566           STZ I ,B ,X -2
072567 BT01O:    STD I 163
072570           RADD CLD SL DA
072571           RADD CLD SB DD
072572           SAB 156
072573           JPL I 160		; -> 072753
072574           JPL I 160		; -> 072754
072575           JMP I 160		; -> 072755  [BT02I]
072576           STT ,B 155
072577           STD ,B 152
072600           STD ,B 147
072601           STX ,B 151
072602           JPL I 154		; -> 072756
072603 BT01I:    JMP I 152		; -> 072755  [BT02I]
072604           LDA 153
072605           LDX 153
072606           RADD SB DX
072607           SAT 74
072610 STCEE:    JPL I 151		; -> 072761
072611           JMP I 144		; -> 072755  [BT02I]
072612           SAA 1
072613           STA ,B 114
072614           LDA 146
072615           RADD SB DA
072616           RADD CLD SA DD
072617           LDA 141
072620 SMAXB:    RADD SB DA
072621           JPL I 142		; -> 072763
072622 SBYTE:    JMP I 133		; -> 072755  [BT02I]
072623 E2300:    STZ ,B 114
072624 STCER:    LDX 140
072625           RADD SB DX
072626           SAT 6
072627           LDA 136
072630           JPL I 131		; -> 072761
072631           JMP I 124		; -> 072755  [BT02I]
072632           LDA 134
072633           JPL I 134		; -> 072767
072634           JMP 6		; -> 072642
072635           RAND 0 0
072636           SAA 1
072637 BURET:    STA ,B 135
072640           LDA 130
072641           JMP 7		; -> 072650
072642           LDA 127
072643           JPL I 124		; -> 072767
072644           JMP I 126		; -> 072772
072645           RAND 0 0
072646           STZ ,B 135
072647           LDA 124
072650           LDX 124
072651 BT02R:    RADD SB DX
072652           SAT 74
072653 FINET:    JPL I 106		; -> 072761
072654           JMP I 101		; -> 072755  [BT02I]
072655           SAA 1
072656           STA ,B 113
072657           LDA 116
072660           RADD SB DA
072661           RADD CLD SA DD
072662           LDA 112
072663           RADD SB DA
072664           JPL I 77		; -> 072763
072665           JMP I 70		; -> 072755  [BT02I]
072666           STZ ,B 113
072667           LDT ,B 155
072670 FUNIL:    LDX ,B 151
072671           LDD ,B 152
072672           JPL I 64		; -> 072756
072673           JMP I 103		; -> 072776
072674           STX ,B 154
072675           JPL I 102		; -> 072777
072676           JMP I 100		; -> 072776
072677           STT ,B 143
072700           STX ,B 136
072701           STA ,B 137
072702           LDA 76
072703           JPL I 76		; -> 073001
072704 COMEA:    JPL I 76		; -> 073002
072705           JMP I 50		; -> 072755  [BT02I]
072706           LDT 56
072707           RADD SB DT
072710           RADD CLD ST DD
072711           STA ,B 144
072712           LDA 71
072713           RADD SB DA
072714 BT02W:    LDT ,B 114
072715 GLAIN:    SKP IF DT UEQ 0
072716           JMP 3		; -> 072721
072717           LDT 43
072720           RADD SB DT
072721           LDX 37
072722           RADD SB DX
072723           JPL I 61		; -> 073004  [EFJOB]
072724           JMP I 61		; -> 073005
072725           STT ,B 140
072726           LDT ,B 113
072727           SKP IF DT UEQ 0
072730           JMP 3		; -> 072733
072731           LDT 44
072732           RADD SB DT
072733           RADD CLD 0 DD
072734           LDX 40
072735           RADD SB DX
072736           JPL I 46		; -> 073004  [EFJOB]
072737 LAINF:    JMP I 46		; -> 073005
072740           STT ,B 141
072741 BT02O:    LDA ,B 141
072742           LDT ,B 140
072743           SKP IF DA EQL ST
072744 LRTPR:    JMP 3		; -> 072747
072745           SAA 144
072746           JMP I 37		; -> 073005
072747           JPL I 37		; -> 073006
072750           JMP 37		; -> 073007
072751           JMP 54		; -> 073025
072752           ROP NOOP
072753           STZ I ,B ,X -26
072754           IOX 1171
072755 BT02I:    IOX 2173
072756           IOX 1307
072757           MIN I ,B ,X 65
072760           STZ 6
072761           LDA ,B -1
072762           STZ 115
072763           ADD I 71
072764           STZ 102
072765           LDA ,B 63
072766           STT ,B -34
072767           MIN I ,B 152
072770           LDA ,B 34
072771           STT ,B -30
072772           IOX 2172
072773           LDA ,B 50
072774           STZ 44
072775 ERR14:    STZ 125
072776           IOX 2223
072777           LDF -155
073000           STZ ,B 127
073001           STT ,B 100
073002           LDF 32
073003           STZ 143
073004 EFJOB:    IOX 1361
073005           IOX 2214
073006           LDT I ,X 47
073007           LDA ,B 141
073010           LDT ,B 140
073011           SKP IF DA MGRE ST
073012 COMEB:    JMP I 163		; -> 073175  [BT04R]
073013           LDA 163
073014           SAX 10
073015           STA ,X ,B 102
073016           LDX 161
073017           RADD SB DX
073020           JPL I 160		; -> 073200
073021           JMP 173		; -> 073214
073022           LDA I 157
073023 BT03R:    SKP IF DA EQL ST
073024 E2400:    JMP 167		; -> 073213
073025           LDA ,B 140
073026           SAT 1
073027           SKP IF DA UEQ ST
073030           JMP 11		; -> 073041
073031           LDA ,B 141
073032           SAT 1
073033           SKP IF DA EQL ST
073034           JMP 11		; -> 073045
073035           LDA ,B 135
073036           SAT 1
073037           SKP IF DA EQL ST
073040           JMP 5		; -> 073045
073041           LDX ,B 136
073042           LDA ,X 7
073043           BSET ONE 120 DA
073044           STA ,X 7
073045           LDX I 135
073046           LDA ,B 144
073047           STA ,B 142
073050           STZ ,B 145
073051           LDA ,B 142
073052           SKP IF 0 LST SA
073053           JMP 26		; -> 073101
073054           LDT ,B 143
073055           LDA I 126
073056           JPL I 126		; -> 073204  [STRNS]
073057           JMP 135		; -> 073214
073060           MIN ,B 145
073061           LDA ,B 145
073062           LDT ,B 140
073063           SKP IF DA EQL ST
073064           JMP 5		; -> 073071
073065           RADD CLD SX DA
073066 BT03W:    ADD 117
073067           RADD CLD SA DX
073070           JMP 5		; -> 073075  [COMEC]
073071           LDT ,B 143
073072           LDA I 111
073073           JPL I 113		; -> 073206
073074           JMP 120		; -> 073214
073075 COMEC:    LDA ,B 142
073076           AAA -1
073077           STA ,B 142
073100           JMP -27		; -> 073051
073101           LDA ,B 144
073102 CPFIL:    AAA -1
073103           STA ,B 142
073104           SAA 1
073105           STA ,B 145
073106           LDA ,B 141
073107           LDT ,B 140
073110           SKP IF DT MLST SA
073111 GETSW:    JMP 3		; -> 073114
073112           AAA -1
073113 BT03O:    STA ,B 141
073114           LDA ,B 142
073115           SKP IF 0 LST SA
073116           JMP 44		; -> 073162
073117           LDA ,B 145
073120           LDT ,B 141
073121 GETFR:    SKP IF DA EQL ST
073122           JMP 25		; -> 073147  [COMED]
073123           LDA ,B 135
073124           SAT 1
073125           SKP IF DA EQL ST
073126           JMP 7		; -> 073135
073127 BT03I:    LDX I 53
073130           LDT ,B 143
073131 BMFRT:    LDA I 52
073132           JPL I 54		; -> 073206
073133           JMP 61		; -> 073214
073134           JMP 13		; -> 073147  [COMED]
073135           LDT ,B 143
073136           LDA I 45
073137 STOPT:    JPL I 45		; -> 073204  [STRNS]
073140           JMP 54		; -> 073214
073141           JPL I 45		; -> 073206
073142           JMP 52		; -> 073214
073143 BMTRT:    LDX I 37
073144           JPL I 42		; -> 073206
073145           JMP 47		; -> 073214
073146           JMP 7		; -> 073155  [BMOR]
073147 COMED:    LDT ,B 143
073150 PUTFR:    LDA I 33
073151           JPL I 33		; -> 073204  [STRNS]
073152           JMP 42		; -> 073214
073153           JPL I 33		; -> 073206
073154           JMP 40		; -> 073214
073155 BMOR:     MIN ,B 145
073156           LDA ,B 142
073157           AAA -1
073160           STA ,B 142
073161           JMP -45		; -> 073114
073162           LDT ,B 143
073163           JPL I 24		; -> 073207
073164           JMP 35		; -> 073221  [TERWA]
073165           MIN ,B 4
073166           LDA 22
073167           JPL I 22		; -> 073211  [XXONC]
073170           SAA -156
073171           JMP I 21		; -> 073212
073172           SAA 174
073173           STA ,B 2
073174           JMP -6		; -> 073166
073175 BT04R:    IOX 2213
073176           STD I ,B ,X 47
073177           STZ 102
073200           LDX ,B 127
073201           RADD CM1 SX DL
073202           STT -166
073203           SWAP SB DD
073204 STRNS:    LDF 147
073205           STZ -170
073206           LDF 113
073207           LDF 62
073210           STZ ,B 127
073211 XXONC:    STT ,B 106
073212           STZ I ,B ,X -2
073213           LDA 24
073214           STA ,B 2
073215           LDT ,B 143
073216 LLACO:    JPL I 22		; -> 073240  [BT04W]
073217           RAND 0 0
073220           JMP -32		; -> 073166
073221 TERWA:    STA ,B 2
073222           JMP -34		; -> 073166
073223           LDA ,B 150
073224           LDT ,B 151
073225 E2500:    SKP IF DA UEQ ST
073226           JMP 7		; -> 073235
073227           LDA ,B 153
073230           SKP IF DA UEQ ST
073231           JMP 4		; -> 073235
073232           LDA ,B 154
073233           STA ,B 153
073234 COMEX:    JMP I 5		; -> 073241
073235           LDA 5
073236           JMP -43		; -> 073173
073237           STZ -163
073240 BT04W:    LDF 62
073241           IOX 1667
073242           STZ -167
073243           STD I 152
073244           RADD CLD SL DA
073245           RADD CLD SB DD
073246           SAB 141
073247           JPL I 147		; -> 073416
073250           JPL I 147		; -> 073417
073251           JMP I 147		; -> 073420
073252           STD ,B 132
073253           STD ,B 135
073254           STT ,B 131
073255           STX ,B 134
073256           JPL I 143		; -> 073421
073257 STARE:    JMP I 141		; -> 073420
073260           LDA 142
073261           LDX 142
073262 READC:    RADD SB DX
073263           SAT 74
073264           JPL I 140		; -> 073424
073265 BT04O:    JMP I 133		; -> 073420
073266           SAA 1
073267           STA ,B 6
073270           LDA 135
073271           RADD SB DA
073272           RADD CLD SA DD
073273           LDA 133
073274           RADD SB DA
073275           JPL I 132		; -> 073427
073276 ENTRT:    JMP I 122		; -> 073420
073277           STZ ,B 6
073300           LDA 130
073301 BT04I:    JPL I 123		; -> 073424
073302           JMP I 116		; -> 073420
073303           RADD CLD SD DA
073304           STA ,B 124
073305           LDT ,B 131
073306           LDX ,B 134
073307           LDD ,B 135
073310           JPL I 111		; -> 073421
073311           JMP I 120		; -> 073431
073312           STX ,B 137
073313 ENTRC:    JPL I 117		; -> 073432
073314           JMP I 115		; -> 073431
073315           STT ,B 125
073316           LDA 115
073317           JPL I 115		; -> 073434
073320           JPL I 115		; -> 073435
073321 STRET:    JMP I 77		; -> 073420
073322           STA ,B 126
073323           LDA 113
073324           RADD SB DA
073325           LDT ,B 6
073326           SKP IF DT UEQ 0
073327           JMP 3		; -> 073332
073330           LDT 75
073331           RADD SB DT
073332           LDX 105
073333           RADD SB DX
073334           RADD CLD SX DD
073335           LDX 71
073336           RADD SB DX
073337           JPL I 101		; -> 073440
073340           JMP I 101		; -> 073441
073341           STT ,B 127
073342           STZ ,B 140
073343           LDA ,B 126
073344           SKP IF 0 LST SA
073345           JMP 40		; -> 073405
073346           LDX I 74
073347 BT05R:    LDA I 74
073350           LDT ,B 125
073351           JPL I 73		; -> 073444
073352           JMP 127		; -> 073501
073353           MIN ,B 140
073354           LDA ,B 140
073355 WHOIS:    LDT ,B 127
073356           SKP IF DA EQL ST
073357           JMP 15		; -> 073374
073360           LDX 57
073361           RADD SB DX
073362           JPL I 63		; -> 073445
073363           JMP 72		; -> 073455
073364 CCM02:    LDA I 62
073365           SKP IF DA UEQ ST
073366           JMP 3		; -> 073371
073367           JPL I 60		; -> 073447
073370           JMP 65		; -> 073455
073371           LDA ,B 124
073372           LDX I 50
073373           STA ,X 0
073374           LDX I 46
073375           LDA I 46
073376           LDT ,B 125
073377           JPL I 51		; -> 073450
073400           JMP 101		; -> 073501
073401           LDA ,B 126
073402           AAA -1
073403           STA ,B 126
073404           JMP -41		; -> 073343
073405           LDT ,B 125
073406           JPL I 43		; -> 073451
073407           JMP 70		; -> 073477
073410           MIN ,B 4
073411           LDA 22
073412 BT05W:    JPL I 40		; -> 073452
073413           SAA -141
073414           JMP I 37		; -> 073453  [BT05I]
073415           ROP NOOP
073416           STZ I ,B ,X -26
073417           IOX 1171
073420           IOX 2477
073421           IOX 1307
073422           MIN I ,B ,X 65
073423           STZ 17
073424           LDA ,B -1
073425           STZ 7
073426 E2600:    STZ 55
073427           ADD I 71
073430           LDA 122
073431           IOX 2506
073432           LDF -155
073433           STZ ,B 127
073434           STT ,B 100
073435           LDF 32
073436           STZ 125
073437 BT05O:    STZ 113
073440           IOX 1361
073441           IOX 2501
073442           STT -166
073443           SWAP SB DD
073444           LDF 147
073445           LDX ,B 127
073446           RADD CM1 SX DL
073447           LDT I ,X 47
073450           LDF 113
073451           LDF 62
073452           STT ,B 106
073453 BT05I:    STZ I ,B ,X -2
073454 BDMTR:    LDA 46
073455           STA ,B 2
073456           LDT ,B 125
073457           LDX I 44
073460 STACH:    LDA I 44
073461           JPL I 44		; -> 073525
073462           JMP 20		; -> 073502
073463           LDA ,B 126
073464           AAA -1
073465           JAZ 11		; -> 073476
073466           STA ,B 126
073467           LDA I 35
073470           LDT ,B 125
073471           JPL I 35		; -> 073526
073472           JMP 10		; -> 073502
073473           JPL I 32		; -> 073525
073474           JMP 6		; -> 073502
073475           JMP -12		; -> 073463
073476           JMP 4		; -> 073502
073477           STA ,B 2
073500           JMP -67		; -> 073411
073501           STA ,B 2
073502           LDT ,B 125
073503           JPL I 24		; -> 073527  [CCDUM]
073504           JMP -73		; -> 073411
073505           JMP -74		; -> 073411
073506           LDA ,B 133
073507           LDT ,B 134
073510           SKP IF DA UEQ ST
073511           JMP 7		; -> 073520
073512           LDA ,B 136
073513 GETRN:    SKP IF DA UEQ ST
073514           JMP 4		; -> 073520
073515           LDA ,B 137
073516           STA ,B 136
073517           JMP I 11		; -> 073530  [UNEXT]
073520           LDA 11
073521 BT06R:    JMP -22		; -> 073477
073522           STZ -163
073523           STT -166
073524           SWAP SB DD
073525           LDF 113
073526           LDF 147
073527 CCDUM:    LDF 62
073530 UNEXT:    IOX 2305
073531           STZ -167
073532           STD I 42
073533           RADD CLD SL DA
073534           RADD CLD SB DD
073535           SAB 32
073536           JPL I 37		; -> 073575
073537           SAA 4
073540           JMP 7		; -> 073547
073541           STD I 33
073542           RADD CLD SL DA
073543           RADD CLD SB DD
073544           SAB 32
073545 LLAMC:    JPL I 30		; -> 073575
073546           SAA 5
073547           STA ,B 21
073550           JPL I 26		; -> 073576
073551           JMP I 26		; -> 073577
073552           STD ,B 25
073553           STX ,B 27
073554           STT ,B 30
073555           JPL I 23		; -> 073600
073556           JMP I 21		; -> 073577
073557           STT ,B 22
073560           LDA ,B 26
073561           LDT ,B 27
073562           SKP IF DA UEQ ST
073563           JMP 16		; -> 073601
073564 BT06W:    LDT ,B 30
073565 BDMFU:    RADD CLD SX DD
073566           LDX ,B 27
073567           LDA ,B 25
073570           JPL I 10		; -> 073600
073571           JMP 10		; -> 073601
073572           SAA 57
073573           JMP I 4		; -> 073577
073574           ROP NOOP
073575           STZ I ,B ,X -26
073576           IOX 1171
073577           IOX 2761
073600           IOX 1307
073601           LDA 166
073602           JPL I 166		; -> 073770
073603           JMP 156		; -> 073761
073604           RADD CLD SD DA
073605           STA ,B 17
073606           LDA 163
073607           JPL I 161		; -> 073770
073610           JMP 151		; -> 073761
073611 BT06O:    RADD CLD SD DA
073612           STA ,B 20
073613           LDT ,B 22
073614           JPL I 156		; -> 073772
073615           JMP 144		; -> 073761
073616 SETUN:    STT ,B 31
073617 PANEL:    STX ,B 23
073620           STA ,B 24
073621           JPL I 152		; -> 073773
073622           JMP 137		; -> 073761
073623           LDA ,X 2
073624           JPL I 150		; -> 073774
073625 BT06I:    LDA ,X 1
073626           RADD CLD SD DX
073627 E2700:    LDT ,X 1
073630 CCM14:    SKP IF DA UEQ ST
073631           JMP 3		; -> 073634
073632           LDA 143
073633           JMP 130		; -> 073763  [BT07O]
073634           LDT ,B 31
073635           JPL I 141		; -> 073776
073636           LDX ,B 24
073637           LDA ,X 30
073640           JAF 125		; -> 073765
073641           LDX ,X 1
073642           LDA ,X 1
073643           BSKP ZRO 150 DA
073644           JMP 4		; -> 073650
073645           LDX ,B 24
073646           LDA ,X 14
073647           JAZ 116		; -> 073765
073650           LDX ,B 24
073651           LDA ,X 71
073652           SHA ZIN SHR 10
073653           AND 124
073654 SETAV:    JAF 4		; -> 073660
073655           JPL I 123		; -> 074000  [NDTPI]
073656           JMP 47		; -> 073725
073657           JMP 50		; -> 073727
073660           LDA 121
073661           ADD ,B 24
073662           ADD 120
073663           RADD CLD SA DT
073664           RADD CLD 0 DX
073665           LBYT
073666           AND 115
073667           AAA -47
073670           JAZ 3		; -> 073673  [BT07R]
073671 SSETE:    AAX 1
073672           JMP -5		; -> 073665
073673 BT07R:    AAX 1
073674 SETER:    RADD CLD 0 DD
073675           LDA 104
073676           ADD ,B 24
073677           ADD 103
073700 MBUIL:    RADD CLD SA DT
073701           LBYT
073702           LDT 102
073703 SLAMC:    RADD SB DT
073704           SWAP SD DX
073705           SBYT
073706           AND 75
073707           SAT 47
073710           SKP IF DA UEQ ST
073711           JMP 5		; -> 073716
073712           AAX 1
073713           RADD AD1 0 DD
073714           SWAP SD DX
073715           JMP -20		; -> 073675
073716           LDX 66
073717           RADD SB DX
073720           JPL I 65		; -> 074005
073721           JMP 42		; -> 073763  [BT07O]
073722           LDA I 64
073723           SKP IF DA UEQ ST
073724           JMP 3		; -> 073727
073725           JPL I 62		; -> 074007
073726           JMP 35		; -> 073763  [BT07O]
073727           LDX ,B 23
073730           LDA ,X 7
073731           RADD CLD SA DD
073732           LDA ,B 21
073733           AAA -4
073734           JAF 4		; -> 073740
073735           BSET ONE 110 DD
073736 BT07W:    BSET ZRO 100 DD
073737           JMP 3		; -> 073742  [WIDIS]
073740           BSET ONE 100 DD
073741           BSET ZRO 110 DD
073742 WIDIS:    RADD CLD SD DA
073743           STA ,X 7
073744           LDA ,B 17
073745           LDX ,B 24
073746           STA ,X 24
073747           LDA ,B 20
073750 DCNVA:    STA ,X 25
073751           MIN ,B 4
073752           LDT ,B 31
073753           JPL I 35		; -> 074010
073754           JMP 5		; -> 073761
073755           RADD CLD 0 DT
073756           JPL I 20		; -> 073776
073757           SAA -32
073760           JMP I 31		; -> 074011
073761           STA ,B 2
073762           JMP -5		; -> 073755
073763 BT07O:    STA ,B 2
073764           JMP -12		; -> 073752
073765           SAA 174
073766           JMP -3		; -> 073763  [BT07O]
073767 SGPIB:    LDA ,B 10
073770           LDA ,B -1
073771           LDA ,B 22
073772           LDF -155
073773           LDF 32
073774           STT -2
073775           STZ -167
073776           STA ,B -43
073777 BT07I:    STZ 7
074000 NDTPI:    LDT I ,X 114
074001           STZ 70
074002           STZ 2
074003           STZ 177
074004           STZ 6
074005           LDX ,B 127
074006           RADD CM1 SX DL
074007           LDT I ,X 47
074010           LDF 62
074011           STZ I ,B ,X -2
074012 BDTRA:    STD I 147
074013           RADD CLD SL DA
074014           RADD CLD SB DD
074015           SAB 25
074016           JPL I 144		; -> 074162
074017           JPL I 144		; -> 074163
074020           JMP 137		; -> 074157
074021           JPL I 143		; -> 074164
074022           JMP 135		; -> 074157
074023           STD ,B 17
074024 BD12T:    STD ,B 14
074025           STX ,B 16
074026           STT ,B 12
074027           LDD ,B 14
074030 E3000:    JPL I 135		; -> 074165
074031           JMP 126		; -> 074157
074032           SAT 3
074033           LDX 133
074034           RADD SB DX
074035           LDA 132
074036           JPL I 132		; -> 074170
074037 MGTMR:    JMP 120		; -> 074157
074040           LDA 131
074041           JPL I 131		; -> 074172
074042           JMP 5		; -> 074047
074043           RAND 0 0
074044           SAA 1
074045 BT08R:    STA ,B 11
074046           JMP 6		; -> 074054
074047           LDA 124
074050           JPL I 122		; -> 074172
074051           JMP 105		; -> 074156
074052           RAND 0 0
074053           STZ ,B 11
074054           SAT 3
074055           LDX 111
074056           RADD SB DX
074057           LDA 115
074060           JPL I 110		; -> 074170
074061           JMP 76		; -> 074157
074062           LDA 107
074063           JPL I 107		; -> 074172
074064           JMP 11		; -> 074075
074065           RAND 0 0
074066           LDA ,B 11
074067           SAT 1
074070           SKP IF DA EQL ST
074071           JMP 65		; -> 074156
074072 STRBD:    SAA 2
074073 STMRS:    STA ,B 11
074074           JMP 5		; -> 074101
074075           LDA 76
074076           JPL I 74		; -> 074172
074077           JMP 57		; -> 074156
074100           RAND 0 0
074101           LDA 74
074102           JPL I 66		; -> 074170
074103           JMP 54		; -> 074157
074104 GETER:    RADD CLD SD DA
074105           JAF 2		; -> 074107
074106           SAA 104
074107           STA ,B 22
074110 BT08W:    STZ ,B 21
074111           LDT ,B 12
074112           LDX ,B 16
074113           LDD ,B 17
074114           JPL I 51		; -> 074165
074115           JMP 30		; -> 074145
074116           STX ,B 13
074117           JPL I 57		; -> 074176
074120           JMP 13		; -> 074133
074121           STX ,B 24
074122           STA ,B 23
074123 INIBU:    JPL I 54		; -> 074177  [ACLEA]
074124           LDA ,B 11
074125           LDX ,B 23
074126           STA ,X 26
074127           LDA ,B 22
074130           STA ,X 27
074131           SAA 1
074132           STA ,B 21
074133           LDA ,B 15
074134           LDT ,B 16
074135 BT08O:    SKP IF DA UEQ ST
074136           JMP 7		; -> 074145
074137 CBF1:     LDA ,B 20
074140           SKP IF DA UEQ ST
074141           JMP 4		; -> 074145
074142           LDA ,B 13
074143           STA ,B 20
074144           JMP -33		; -> 074111
074145           LDA ,B 21
074146           JAF 3		; -> 074151  [BT08I]
074147           LDA 31
074150           JMP 7		; -> 074157
074151 BT08I:    MIN ,B 4
074152           RADD CLD 0 DT
074153           JPL I 24		; -> 074177  [ACLEA]
074154           SAA -25
074155           JMP I 24		; -> 074201
074156           SAA 174
074157           STA ,B 2
074160           JMP -6		; -> 074152
074161           ROP NOOP
074162           STZ I ,B ,X -26
074163           LDT I ,X 47
074164           IOX 1171
074165           IOX 1307
074166           STZ 7
074167           LDA -65
074170           LDA ,B -1
074171           STT ,B -40
074172           MIN I ,B 152
074173           STT ,B -36
074174           LDA -43
074175           LDA -7
074176           LDF -155
074177 ACLEA:    STA ,B -43
074200           STZ -167
074201           STZ I ,B ,X -2
074202           STD I 117
074203           RADD CLD SL DA
074204           RADD CLD SB DD
074205           SAB 130
074206           JPL I 114		; -> 074322
074207           JPL I 114		; -> 074323  [BT09I]
074210           JMP 101		; -> 074311
074211           JPL I 113		; -> 074324
074212           JMP 77		; -> 074311
074213           JPL I 112		; -> 074325
074214           JMP 75		; -> 074311
074215           JPL I 111		; -> 074326  [INCOM]
074216           JMP 73		; -> 074311
074217 BT09R:    STT ,B 127
074220           STX ,B 6
074221           LDT 106
074222           LDX 106
074223           RADD SB DX
074224           LDA 105
074225           JPL I 105		; -> 074332  [CAOCL]
074226           JMP 63		; -> 074311
074227 CBPUT:    LDT ,B 127
074230           JPL I 103		; -> 074333
074231 E3100:    JMP 60		; -> 074311
074232           STA ,B 126
074233           LDA I 101
074234           JPL I 101		; -> 074335
074235           LDT ,B 127
074236           JPL I 100		; -> 074336
074237           LDA 100
074240           RADD CLD SA DL
074241           LDX 67
074242           RADD SB DX
074243           LDA ,X 0
074244           SWAP SL DX
074245           STA ,X 3
074246 REBDI:    SWAP SL DX
074247           SHA ZIN SHR 10
074250           SAT 47
074251           SKP IF DA UEQ ST
074252           JMP 5		; -> 074257
074253           LDA ,X 0
074254           AND 64
074255           SAT 47
074256           SKP IF DA UEQ ST
074257           JMP 4		; -> 074263
074260           AAX 1
074261           RADD AD1 0 DL
074262 BT09W:    JMP -17		; -> 074243
074263           LDA ,B 126
074264           JAZ 13		; -> 074277
074265           LDT ,B 127
074266           LDX I 53
074267           JPL I 53		; -> 074342
074270 CAICL:    JMP 25		; -> 074315
074271           JPL I 52		; -> 074343
074272           JMP 23		; -> 074315
074273           LDA ,B 126
074274           AAA -1
074275           STA ,B 126
074276           JMP -13		; -> 074263
074277           LDT ,B 127
074300           JPL I 44		; -> 074344
074301           JMP 12		; -> 074313
074302           MIN ,B 4
074303           LDA I 31
074304           JPL I 41		; -> 074345
074305           RADD CLD 0 DT
074306           JPL I 30		; -> 074336
074307 BT09O:    SAA -130
074310           JMP I 36		; -> 074346
074311           STA ,B 2
074312           JMP -5		; -> 074305
074313           STA ,B 2
074314           JMP -11		; -> 074303
074315           STA ,B 2
074316 INSQB:    LDT ,B 127
074317           JPL I 25		; -> 074344
074320           JMP -15		; -> 074303
074321 CAIC4:    ROP NOOP
074322           STZ I ,B ,X -26
074323 BT09I:    LDT I ,X 47
074324           IOX 1171
074325           IOX 1307
074326 INCOM:    LDF -155
074327 NEXIN:    STZ -143
074330           STZ 7
074331           LDA ,B 132
074332 CAOCL:    LDA ,B -1
074333           LDF 32
074334           MPY 26
074335           STT ,B 100
074336           STA ,B -43
074337           IOX 343
074340           STZ -1
074341           STT -166
074342           LDF 147
074343           LDF 113
074344           LDF 62
074345           STT ,B 106
074346           STZ I ,B ,X -2
074347           STD I 73
074350           RADD CLD SL DA
074351           RADD CLD SB DD
074352           SAB 130
074353           JPL I 70		; -> 074443  [GPUPI]
074354           JPL I 70		; -> 074444  [KGPIB]
074355           JMP 63		; -> 074440
074356           JPL I 67		; -> 074445
074357           JMP 61		; -> 074440
074360           JPL I 66		; -> 074446
074361           JMP 57		; -> 074440
074362           STT ,B 127
074363           STX ,B 6
074364           LDA I 63
074365           JPL I 63		; -> 074450
074366           LDT ,B 127
074367           JPL I 62		; -> 074451
074370           LDA 62
074371 LIICO:    RADD CLD SA DX
074372           LDA 61
074373           RADD SB DA
074374           RADD CLD SA DL
074375           LDA ,X 3
074376           SWAP SL DX
074377           STA ,X 0
074400           SWAP SL DX
074401           SHA ZIN SHR 10
074402           SAT 47
074403           SKP IF DA UEQ ST
074404           JMP 5		; -> 074411
074405           LDA ,X 3
074406           AND 46
074407           SAT 47
074410           SKP IF DA UEQ ST
074411           JMP 4		; -> 074415
074412           AAX 1
074413           RADD AD1 0 DL
074414           JMP -17		; -> 074375
074415           LDA I 32
074416           JPL I 37		; -> 074455
074417           LDT 37
074420           LDA 33
074421           RADD SB DA
074422           RADD CLD SA DX
074423           JPL I 34		; -> 074457
074424           SAT 1
074425           LDA 33
074426           STA ,B 7
074427           LDA 32
074430           RADD SB DA
074431           RADD CLD SA DX
074432 E3300:    JPL I 25		; -> 074457
074433 D3500:    MIN ,B 4
074434 BT10W:    RADD CLD 0 DT
074435 D3700:    JPL I 14		; -> 074451
074436 EN999:    SAA -130
074437           JMP I 23		; -> 074462
074440           STA ,B 2
074441           JMP -5		; -> 074434  [BT10W]
074442           ROP NOOP
074443 GPUPI:    STZ I ,B ,X -26
074444 KGPIB:    IOX 1171
074445           IOX 1307
074446           LDF -155
074447           MPY 26
074450           STT ,B 100
074451           STA ,B -43
074452           IOX 343
074453           STZ 10
074454           STZ -1
074455           STT ,B 106
074456           STZ -142
074457           MIN I 13
074460           STD ,X 47
074461 BT10O:    STZ 7
074462           STZ I ,B ,X -2
074463           BSET ONE SSPTM
074464           LDA 77
074465           RADD CLD SA DB
074466           LDX I 76
074467 SGPBS:    LDA ,X 14
074470           LDX 75
074471           LDT 75
074472           AAT -12
074473           SKP IF DT MGRE SX
074474           JMP 6		; -> 074502
074475 BT10I:    LDT ,X 3
074476           SKP IF DA UEQ ST
074477           JMP 5		; -> 074504
074500           AAX 12
074501           JMP -10		; -> 074471
074502           LDA 65
074503           MON 65		; ErrorMessage / QERMS (65B)
074504           STX ,B 67
074505           LDA 63
074506           MON 122		; ReserveResource / RESRV (122B)
074507 MGETP:    JAP 2		; -> 074511
074510 DFPAG:    JPL I 61		; -> 074571  [BQ02O]
074511           LDA ,X 1
074512           STA ,B 1
074513 GPCOP:    LDA ,X 2
074514           STA ,B 2
074515           LDA ,X 3
074516 GPREA:    STA ,B 3
074517 HELP:     LDA ,X 10
074520           STA ,B 10
074521 GPADR:    LDA ,X 4
074522           STA ,B 4
074523           LDA ,X 5
074524           STA ,B 5
074525 BQ01O:    LDA 43
074526           MON 123		; ReleaseResource / RELES (123B)
074527 HITMR:    JAP 2		; -> 074531
074530           JPL I 41		; -> 074571  [BQ02O]
074531           LDA I 41
074532           JPL I 41		; -> 074573
074533           JAF 2		; -> 074535
074534           RADD CLD SD DA
074535           JAZ 5		; -> 074542  [HOTMR]
074536           RADD CLD SA DX
074537           LDA ,X 3
074540           BSET ONE 30 DA
074541 BQ01I:    STA ,X 3
074542 HOTMR:    LDA 32
074543           JPL I 32		; -> 074575
074544           SAT 5
074545           JPL I 31		; -> 074576
074546 MMOVI:    JPL I 31		; -> 074577  [MSTOR]
074547           LDA ,X ,B -12
074550           LDA 30
074551           LDX 30
074552           LDT 30
074553           JPL I 30		; -> 074603
074554           RADD CLD 0 DT
074555           JPL I 21		; -> 074576
074556           LDA 16
074557           JPL I 25		; -> 074604
074560           LDA ,B 14
074561           JAF 154		; -> 074735
074562           JMP 23		; -> 074605  [BQ02I]
074563           IOX 43
074564           STA 7
074565 DMSLP:    MPY ,X ,B 162
074566           MPY I ,X 34
074567 GVAL:     STZ -167
074570           IOX 607
074571 BQ02O:    STZ -163
074572           STA 161
074573           STT -2
074574           STZ ,B 107
074575           STT ,B 100
074576           STA ,B -16
074577 MSTOR:    STX ,X -116
074600           IOX 466
074601           STT 105
074602           STZ -200
074603           STF 104
074604           STT ,B 106
074605 BQ02I:    STZ ,B 14
074606           LDX ,B 67
074607           LDA ,X 6
074610           SKP IF DA EQL 0
074611           JMP I 146		; -> 074757
074612           STZ ,X 7
074613 BDISK:    STZ ,B 30
074614           LDA 144
074615           JPL I 144		; -> 074761  [BQ05I]
074616           STA ,B 32
074617           STA ,B 33
074620           LDA ,B 33
074621           JAZ 21		; -> 074642
074622           LDA 140
074623           JPL I 136		; -> 074761  [BQ05I]
074624           LDA ,B 70
074625           JAZ 6		; -> 074633
074626           JPL I 135		; -> 074763
074627           JMP 22		; -> 074651  [BQ03I]
074630           LDA 134
074631           JPL I 130		; -> 074761  [BQ05I]
074632           JMP 4		; -> 074636
074633           LDA ,B 32
074634           AAA -1
074635 BQ03O:    STA ,B 32
074636           LDA ,B 33
074637           AAA -1
074640 MGETM:    STA ,B 33
074641 DMTLP:    JMP -21		; -> 074620
074642           LDX ,B 67
074643 TERMO:    LDA ,X 6
074644           SKP IF DA EQL 0
074645           JMP I 112		; -> 074757
074646 GEPNE:    LDA 117
074647           JPL I 112		; -> 074761  [BQ05I]
074650           JMP -32		; -> 074616
074651 BQ03I:    LDA ,B 26
074652           SAT 2
074653           SKP IF DA UEQ ST
074654           JMP 6		; -> 074662
074655           LDA ,B 71
074656           AND 110
074657           SAT 47
074660           SKP IF DA UEQ ST
074661 VEICL:    JMP 45		; -> 074726
074662           LDA 105
074663           JPL I 76		; -> 074761  [BQ05I]
074664           JPL I 104		; -> 074770
074665           LDA 73
074666           JPL I 73		; -> 074761  [BQ05I]
074667           LDA 75
074670           JPL I 71		; -> 074761  [BQ05I]
074671           LDA ,B 32
074672 GPIIM:    JAZ 15		; -> 074707
074673           AAA -1
074674           STA ,B 32
074675           LDA ,B 32
074676           JAZ 11		; -> 074707
074677           LDA 72
074700           JPL I 61		; -> 074761  [BQ05I]
074701 BQ04O:    LDA 63
074702           JPL I 57		; -> 074761  [BQ05I]
074703           LDA ,B 32
074704           AAA -1
074705           STA ,B 32
074706           JMP -11		; -> 074675
074707           LDA 60
074710           JPL I 51		; -> 074761  [BQ05I]
074711           JPL I 61		; -> 074772
074712           LDT 61
074713           JPL I 61		; -> 074774
074714           JPL I 56		; -> 074772
074715 BQ04I:    MON 135		; WaitForRestart / RTWT (135B)
074716           LDX ,B 67
074717           LDA ,X 7
074720           BSKP ONE 120 DA
074721 VETMR:    JMP 2		; -> 074723
074722 T1P09:    JMP -115		; -> 074605  [BQ02I]
074723           LDA 52
074724           JPL I 35		; -> 074761  [BQ05I]
074725           JMP 10		; -> 074735
074726           LDA 41
074727           JPL I 32		; -> 074761  [BQ05I]
074730           LDA ,B 26
074731           SAT 1
074732           SKP IF DA EQL ST
074733 BDTMO:    JMP 2		; -> 074735
074734           JPL I 34		; -> 074770
074735           LDA 41
074736           JPL I 41		; -> 074777
074737           LDT ,B 2
074740           LDA 40
074741           JPL I 40		; -> 075001
074742           JMP I 40		; -> 075002
074743           STD ,B 22
074744           STT ,B 21
074745 BQ05O:    LDA 31
074746           JPL I 35		; -> 075003
074747           LDA ,B 14
074750           JAF 2		; -> 074752  [OPERA]
074751           STZ ,B 16
074752 OPERA:    STZ ,B 14
074753           JPL I 31		; -> 075004
074754           LDA 31
074755           MON 164		; SaveSegment / WSEG (164B)
074756           JMP 30		; -> 075006
074757           SAT 1
074760           LDD ,X 116
074761 BQ05I:    SAT -4
074762           LDD ,X 136
074763           AAT 104
074764           LDD ,X 130
074765           LDD ,X 106
074766           STZ -1
074767           LDD ,X -76
074770           SAX 5
074771 CLPUT:    LDD ,X 125
074772           SAX -151
074773           IOX 756
074774           SAX -172
074775           LDD ,X 146
074776           STZ ,B 107
074777           STT ,B 100
075000           STZ ,X 0
075001           LDF ,B -135
075002           SAT -175
075003           STT ,B 106
075004           SAX -141
075005           IOX 647
075006           JPL I 35		; -> 075043
075007           LDA ,B 11
075010 BDTTY:    JAZ 20		; -> 075030
075011 BQ06O:    SAT 1
075012           SKP IF DA UEQ ST
075013           JMP 15		; -> 075030
075014           LDT ,B 14
075015           LDA 27
075016           RADD SB DA
075017           STA ,B 54
075020           MON 41		; ReadObjectEntry / ROBJE (41B)
075021           JMP I 24		; -> 075045  [CLCLO]
075022           LDA 24
075023           JPL I 24		; -> 075047
075024           JPL I ,B 11		; -> 075035
075025 BQ06I:    LDA 21
075026           JPL I 22		; -> 075050
075027           JMP 12		; -> 075041
075030           STZ ,B 20
075031           JAZ 10		; -> 075041
075032           LDD ,B 22
075033           RADD CLD SA DT
075034           RADD CLD SD DX
075035           LDA 14
075036           STATX
075037           SAA 2
075040 BD8MO:    STA ,B 20
075041           JPL I ,B 13		; -> 075054
075042           JMP 10		; -> 075052
075043           SAT -123
075044           BORA
075045 CLCLO:    SAT -170
075046           STZ ,B 107
075047           STT ,B 100
075050           STT ,B 106
075051           STA ,X 15
075052           LDX ,B 67
075053           LDA ,X 7
075054           SKP IF DA EQL 0
075055 BQ07O:    JMP I 120		; -> 075175
075056           LDX 120
075057 WFOPE:    LDA ,B 16
075060           LDT ,B 15
075061           SKP IF DA EQL ST
075062           JMP 7		; -> 075071  [BQ07I]
075063           LDA I 114
075064           JAZ 4		; -> 075070
075065           LDA ,B 71
075066           SHA ZIN SHR 13
075067           JAZ 2		; -> 075071  [BQ07I]
075070           LDX ,B 17
075071 BQ07I:    STX ,B 20
075072           LDA 106
075073           MON 164		; SaveSegment / WSEG (164B)
075074           LDA 105
075075           JPL I 105		; -> 075202  [MXMSG]
075076           LDA ,B 16
075077           LDT ,B 14
075100           LDX ,B 21
075101           JPL I 102		; -> 075203
075102           JMP I 102		; -> 075204  [CHDVB]
075103           STD ,B 65
075104           STX ,B 64
075105           JPL I 100		; -> 075205
075106           LDA 73
075107           JPL I 77		; -> 075206
075110           LDA ,B 16
075111           JAF 45		; -> 075156
075112           LDT ,B 22
075113           LDX ,B 23
075114           LDATX
075115           AAA -10
075116           JAF 40		; -> 075156
075117           STATX
075120           SAA 2
075121 BQ08O:    STA ,B 20
075122           AAX 1
075123           LDATX
075124           SAD ZIN SHR 10
075125           SHD ZIN SHR 10
075126           JAZ 7		; -> 075135  [BQ08I]
075127           MIN ,B 20
075130           SKP IF DD UEQ 0
075131           JMP 4		; -> 075135  [BQ08I]
075132 BDDES:    MIN ,B 20
075133           AAX 1
075134           JMP -11		; -> 075123
075135 BQ08I:    JPL I ,B 13		; -> 075150
075136           LDA ,B 2
075137           JPL I 50		; -> 075207
075140           RADD CLD SD DX
075141           LDA ,X 3
075142           BSKP ONE 120 DA
075143           JMP 5		; -> 075150
075144           LDT ,X 22
075145           LDA 43
075146           MON 131		; DataTransfer / ABSTR (131B)
075147           JAP 4		; -> 075153
075150           LDA 41
075151           MON 64		; WarningMessage / ERMSG (64B)
075152           JMP 40		; -> 075212
075153           SAA 1
075154           STA ,B 30
075155           JMP 2		; -> 075157
075156           JPL I ,B 13		; -> 075171
075157           LDA ,B 16
075160 REUSE:    LDT ,B 15
075161           SKP IF DA EQL ST
075162           JMP 10		; -> 075172
075163 BDDUM:    LDA I 14
075164           JAZ 4		; -> 075170
075165 BQ09O:    LDA ,B 71
075166 DLPTM:    SHA ZIN SHR 13
075167           JAZ 3		; -> 075172
075170           MIN ,B 16
075171           JMP 21		; -> 075212
075172           MIN ,B 16
075173           JMP -121		; -> 075052
075174           JMP 16		; -> 075212
075175           SAA 15
075176           STA 0
075177           STA 175
075200           IOX 647
075201 BQ09I:    STZ ,B 107
075202 MXMSG:    STT ,B 100
075203           LDF I ,X 157
075204 CHDVB:    SAT -151
075205           SAT -72
075206           STT ,B 106
075207           STT -2
075210           STA I -112
075211           STZ -177
075212           LDX ,B 67
075213           LDA ,X 7
075214           SKP IF DA EQL 0
075215           JMP I 122		; -> 075337
075216           LDA I 122
075217           JAZ 21		; -> 075240
075220           LDA ,B 71
075221           SHA ZIN SHR 13
075222           JAF 16		; -> 075240
075223           LDT ,B 14
075224           MON 43		; CloseFile / CLOSE (43B)
075225 RECST:    MON 64		; WarningMessage / ERMSG (64B)
075226           LDA 113
075227           MON 122		; ReserveResource / RESRV (122B)
075230           JAP 2		; -> 075232
075231 BQ10O:    JPL I 111		; -> 075342
075232           LDA 107
075233           MON 123		; ReleaseResource / RELES (123B)
075234           JAP 2		; -> 075236  [EXECI]
075235           JPL I 105		; -> 075342
075236 EXECI:    JPL I 105		; -> 075343
075237           JMP I 105		; -> 075344
075240           LDA ,B 12
075241           JAZ 14		; -> 075255
075242           SAT 1
075243 DRXAC:    SKP IF DA UEQ ST
075244           JMP 11		; -> 075255
075245 BQ10I:    JPL I 100		; -> 075345
075246           LDA 100
075247           JPL I 100		; -> 075347
075250           JPL I ,B 12		; -> 075262
075251           JMP 35		; -> 075306  [HDOF1]
075252           LDA 74
075253           JPL I 75		; -> 075350  [T1P14]
075254           JMP 16		; -> 075272
075255           STZ ,B 20
075256           LDX ,B 30
075257           SKP IF DX EQL 0
075260           JMP 12		; -> 075272
075261           LDX ,B 23
075262           LDT ,B 22
075263           JAZ 3		; -> 075266
075264           LDA 65
075265           JMP 2		; -> 075267
075266           LDA 64
075267           STATX
075270           SAA 2
075271 STADO:    STA ,B 20
075272           JPL I ,B 13		; -> 075305
075273 STADI:    JPL I 60		; -> 075353  [CGTTY]
075274           LDX ,B 67
075275 9EBDF:    LDA ,X 7
075276           SAT 1
075277           SKP IF DA EQL ST
075300           JMP 6		; -> 075306  [HDOF1]
075301           LDT ,B 14
075302 CSTTY:    MON 43		; CloseFile / CLOSE (43B)
075303           MON 64		; WarningMessage / ERMSG (64B)
075304           STZ ,B 14
075305           JMP 53		; -> 075360
075306 HDOF1:    LDA 40
075307           JPL I 41		; -> 075350  [T1P14]
075310           LDA ,B 70
075311           AAA -1
075312           JAZ 16		; -> 075330  [INIBD]
075313           STA ,B 70
075314           STZ ,B 16
075315           LDA 37
075316           MON 164		; SaveSegment / WSEG (164B)
075317           LDT ,B 14
075320           MON 62		; GetBytesInFile / RMAX (62B)
075321           JMP I 34		; -> 075355
075322           LDT 34
075323           RDIV ST
075324           STA ,B 15
075325           RADD CLD SD DA
075326 BDTMU:    STA ,B 17
075327           JMP I 30		; -> 075357
075330 INIBD:    LDT ,B 14
075331           SKP IF DT UEQ 0
075332           JMP 3		; -> 075335
075333           MON 43		; CloseFile / CLOSE (43B)
075334           MON 64		; WarningMessage / ERMSG (64B)
075335           STZ ,B 14
075336           JMP 22		; -> 075360
075337           SAA 15
075340           STA 175
075341           IOX 612
075342           STZ -163
075343           SAX -141
075344           SAB 52
075345           SAT -123
075346           STZ ,B 107
075347           STT ,B 100
075350 T1P14:    STT ,B 106
075351           STA ,X 15
075352           FSB ,X ,B 12
075353 CGTTY:    AAT -140
075354           IOX 647
075355           SAT -170
075356 BDTMV:    STA 0
075357           SAB 6
075360           LDT ,B 2
075361           LDA 142
075362           JPL I 142		; -> 075524
075363           JPL I 142		; -> 075525
075364           JMP I 142		; -> 075526
075365           LDA 136
075366           JPL I 141		; -> 075527
075367           LDA 141
075370           MON 164		; SaveSegment / WSEG (164B)
075371           LDA 140
075372           MON 122		; ReserveResource / RESRV (122B)
075373           JAP 2		; -> 075375
075374           JPL I 136		; -> 075532
075375           LDA ,B 71
075376           SHA ZIN SHR 13
075377           JAF 11		; -> 075410
075400           LDA I 133
075401           SKP IF 0 LST SA
075402           JMP 3		; -> 075405
075403           AAA -1
075404           STA I 127
075405           JAF 3		; -> 075410
075406           LDA 126
075407           MON 125		; ForceRelease / PRLRS (125B)
075410           LDA 121
075411           MON 123		; ReleaseResource / RELES (123B)
075412           JAP 2		; -> 075414
075413           JPL I 117		; -> 075532
075414           JMP I 121		; -> 075535
075415           AND 121
075416           SAT 1
075417           SKP IF DA UEQ ST
075420 INISN:    JMP I 117		; -> 075537
075421           SAT 2
075422           SKP IF DA EQL ST
075423 XBDTU:    JMP 5		; -> 075430
075424           LDX ,B 67
075425 CDSPF:    STZ ,X 7
075426           STZ ,B 16
075427 HOLI1:    JMP I 111		; -> 075540
075430           SAT 3
075431           SKP IF DA EQL ST
075432           JMP 47		; -> 075501
075433           LDA ,B 2
075434           JPL I 105		; -> 075541
075435           RADD CLD SD DX
075436           LDA ,X 3
075437           BSKP ONE 120 DA
075440           JMP 26		; -> 075466
075441           LDA ,X 22
075442           JPL I 77		; -> 075541
075443           LDT 77
075444           SKP IF DA UEQ ST
075445           JMP 12		; -> 075457
075446           LDT 75
075447           SKP IF DA UEQ ST
075450 HDIF1:    JMP 7		; -> 075457
075451           LDT 73
075452           SKP IF DA UEQ ST
075453           JMP 4		; -> 075457
075454           LDT 71
075455           SKP IF DA EQL ST
075456           JMP 10		; -> 075466
075457           LDA 67
075460           LDT ,B 22
075461           LDX ,B 23
075462 XBDTV:    STATX
075463           SAA 2
075464           STA ,B 20
075465           JPL I ,B 13		; -> 075500
075466           MON 135		; WaitForRestart / RTWT (135B)
075467           LDX ,B 67
075470           LDA ,X 7
075471           AND 45
075472           SAT 3
075473           SKP IF DA EQL ST
075474           JMP -57		; -> 075415
075475           LDA ,X 7
075476           AND 51
075477           STA ,X 7
075500           JMP I 50		; -> 075550
075501           LDA ,B 30
075502           SKP IF DA EQL 0
075503           JMP I 46		; -> 075551
075504           LDA ,B 25
075505           JAF 6		; -> 075513
075506 DEFES:    LDA ,B 24
075507           JAF 4		; -> 075513
075510           LDX ,B 67
075511 BDRIN:    STZ ,X 7
075512 TDRIN:    JMP I 36		; -> 075550
075513           LDA ,X 7
075514           BSKP ZRO 100 DA
075515           JMP 5		; -> 075522
075516           BSKP ZRO 110 DA
075517           JMP 3		; -> 075522
075520           STZ ,X 7
075521 MOSTI:    JMP I 27		; -> 075550
075522           JMP 30		; -> 075552
075523           STZ ,B 107
075524           STT ,B 100
075525           LDF I 112
075526           SAT -175
075527           STT ,B 106
075530           IOX 647
075531           IOX 607
075532           STZ -163
075533           STA 174
075534           IOX 601
075535           IOX 3605
075536           STZ -1
075537           SAB -162
075540           SAB 6
075541           STT -2
075542           FSB I ,X -161
075543           FSB I ,B ,X 165
075544           STZ 0
075545           STZ 0
075546           FSB ,X ,B 12
075547           BORC SSPTM
075550           SAB 52
075551           SAB -166
075552           LDA ,X 7
075553           BSKP ONE 100 DA
075554           JMP 4		; -> 075560
075555           LDA ,B 16
075556           AAA -1
075557           STA ,B 16
075560           LDA ,B 16
075561           STA ,B 31
075562 T1P10:    LDA ,B 25
075563           STA ,B 32
075564           LDA ,B 24
075565           STA ,B 33
075566           STZ ,B 34
075567           STZ ,B 64
075570           LDA ,B 33
075571           JAZ 61		; -> 075652
075572           JPL I 126		; -> 075720
075573 MOTMI:    STA ,B 63
075574           STX ,B 53
075575           LDT ,B 22
075576           LDX ,B 23
075577           JPL I 122		; -> 075721
075600 HILI1:    STX ,B 54
075601           LDX ,B 53
075602 DEFLO:    LDA ,B 63
075603           RADD CLD SA DL
075604           LDT ,B 54
075605           LBYT
075606           AND 114
075607           SAT 12
075610           SKP IF DA EQL ST
075611           JMP 7		; -> 075620  [MOSTO]
075612           MIN ,B 34
075613           LDA ,B 34
075614           LDT ,B 27
075615           SKP IF DA UEQ ST
075616           JMP 5		; -> 075623
075617           JMP 14		; -> 075633
075620 MOSTO:    SAT 14
075621           SKP IF DA EQL ST
075622           JMP 11		; -> 075633
075623           LDA ,B 33
075624           AAA -1
075625           JAF 4		; -> 075631
075626           LDA ,B 32
075627           JAZ 75		; -> 075724
075630           JMP 50		; -> 075700
075631           STA ,B 33
075632           STZ ,B 34
075633           SKP IF DX UEQ SL
075634           JMP 3		; -> 075637
075635           RADD SD DX
075636           JMP -32		; -> 075604
075637           LDA ,B 16
075640           RADD SD DA
075641           STA ,B 16
075642           SAT -1
075643           SKP IF DA EQL ST
075644           JMP 5		; -> 075651
075645           SKP IF DA EQL SD
075646           JMP 3		; -> 075651
075647           STZ ,B 16
075650           JMP I 53		; -> 075723
075651           JMP -61		; -> 075570
075652           LDA ,B 32
075653           JAZ 44		; -> 075717
075654           JPL I 44		; -> 075720
075655 HDOF2:    STA ,B 63
075656           STX ,B 53
075657           LDT ,B 22
075660           LDX ,B 23
075661           JPL I 40		; -> 075721
075662           STX ,B 54
075663           LDX ,B 53
075664           LDA ,B 63
075665           RADD CLD SA DL
075666           LDT ,B 54
075667           LBYT
075670           AND 32
075671 CDESC:    SAT 12
075672           SKP IF DA EQL ST
075673           JMP 5		; -> 075700
075674           LDA ,B 32
075675           AAA -1
075676 CEESC:    JAZ 26		; -> 075724
075677           STA ,B 32
075700           SKP IF DX UEQ SL
075701           JMP 3		; -> 075704
075702           RADD SD DX
075703           JMP -15		; -> 075666
075704           LDA ,B 16
075705           RADD SD DA
075706           STA ,B 16
075707           SAT -1
075710           SKP IF DA EQL ST
075711           JMP 5		; -> 075716
075712           SKP IF DA EQL SD
075713           JMP 3		; -> 075716
075714 MOTMO:    STZ ,B 16
075715           JMP I 6		; -> 075723
075716           JMP -44		; -> 075652
075717           JMP 5		; -> 075724
075720           SAT 14
075721           STT I -142
075722           STZ 177
075723           SAB 52
075724           STX ,B 53
075725           LDX ,B 67
075726           LDA ,X 7
075727           AND 45
075730           STA ,X 7
075731           STZ ,B 25
075732           STZ ,B 24
075733           LDA ,B 16
075734           LDT ,B 15
075735           SKP IF DA EQL ST
075736           JMP 13		; -> 075751
075737           LDA I 36
075740           JAZ 4		; -> 075744
075741           LDA ,B 71
075742 HOSTI:    SHA ZIN SHR 13
075743           JAZ 4		; -> 075747
075744           LDA ,B 17
075745           AAA -1
075746           JMP 2		; -> 075750
075747           LDA 27
075750           JMP 2		; -> 075752
075751           LDA 25
075752           RADD CLD SA DL
075753 T1P11:    RADD CLD 0 DD
075754           LDX ,B 53
075755           SKP IF DL GRE SX
075756           JMP 11		; -> 075767
075757           LDT ,B 54
075760           LBYT
075761           SWAP SD DX
075762           SBYT
075763           SWAP SD DX
075764           RADD AD1 0 DD
075765           AAX 1
075766           JMP -11		; -> 075755
075767           RADD CLD SD DA
075770           STA ,B 20
075771 TECBU:    LDA 6
075772           MON 164		; SaveSegment / WSEG (164B)
075773           JMP I 5		; -> 076000
075774           STZ -1
075775           STA 175
075776 HOLI2:    STZ I ,B ,X -1
075777           IOX 647
076000           SAB 156
076001           LDA 11
076002           MON 122		; ReserveResource / RESRV (122B)
076003           JAP 2		; -> 076005
076004           JPL I 7		; -> 076013  [WBACK]
076005           LDA 5
076006           MON 123		; ReleaseResource / RELES (123B)
076007           JAP 2		; -> 076011
076010           JPL I 3		; -> 076013  [WBACK]
076011           MON 0		; ExitFromProgram / LEAVE (0B)
076012           IOX 607
076013 WBACK:    STZ -163
076014           RADD CLD SL DA
076015           STA ,B 61
076016           LDX ,B 67
076017 HDIF2:    LDA ,X 7
076020           AND 147
076021           SAT 1
076022           SKP IF DA UEQ ST
076023           JMP I 145		; -> 076170
076024           SAT 2
076025           SKP IF DA UEQ ST
076026           JMP 60		; -> 076106
076027           SAT 3
076030           SKP IF DA EQL ST
076031 HOTMI:    JMP 5		; -> 076036
076032           MON 135		; WaitForRestart / RTWT (135B)
076033           LDA ,X 7
076034           AND 135
076035           STA ,X 7
076036           LDA ,X 7
076037 MASKE:    BSKP ONE 110 DA
076040 HOTRI:    JMP 14		; -> 076054  [HOSTO]
076041           LDA ,B 16
076042           LDT ,B 15
076043           SKP IF DT MLST SA
076044           JMP 7		; -> 076053
076045           LDA I 125
076046           JAZ 4		; -> 076052
076047           LDA ,B 71
076050           SHA ZIN SHR 13
076051           SKP IF DA EQL 0
076052           JMP 32		; -> 076104
076053           JMP 5		; -> 076060
076054 HOSTO:    LDA ,B 16
076055           SAT -1
076056           SKP IF DA UEQ ST
076057           JMP 25		; -> 076104
076060           LDA 113
076061           JPL I 113		; -> 076174
076062           LDT ,B 14
076063           LDA ,B 16
076064           LDX ,B 21
076065           JPL I 110		; -> 076175  [NTERM]
076066           JMP 7		; -> 076075
076067 DTSLI:    STX ,B 64
076070           STD ,B 65
076071           JPL I 105		; -> 076176
076072           LDA 101
076073           JPL I 104		; -> 076177
076074           JMP 24		; -> 076120
076075           RADD CLD SA DT
076076           LDA 75
076077           JPL I 100		; -> 076177
076100           RADD CLD ST DA
076101           SAT 22
076102           SKP IF DA EQL ST
076103           JMP 11		; -> 076114
076104           LDA 74
076105           MON 64		; WarningMessage / ERMSG (64B)
076106           LDA ,B 31
076107           STA ,B 16
076110           LDX ,B 67
076111           STZ ,X 7
076112           JMP I 67		; -> 076201  [HOTMO]
076113           JMP 5		; -> 076120
076114           MON 64		; WarningMessage / ERMSG (64B)
076115           LDX ,B 67
076116           STZ ,X 7
076117           JMP I 51		; -> 076170
076120           LDX ,B 67
076121           LDA ,X 7
076122           BSKP ONE 110 DA
076123           JMP 24		; -> 076147  [HILI2]
076124           SAA 1
076125           RADD CLD SA DD
076126           RADD CLD 0 DX
076127           LDA ,B 16
076130           LDT ,B 15
076131           SKP IF DA EQL ST
076132           JMP 13		; -> 076145
076133           LDA I 37
076134           JAZ 4		; -> 076140
076135           LDA ,B 71
076136           SHA ZIN SHR 13
076137           JAZ 4		; -> 076143
076140           LDA ,B 17
076141           AAA -1
076142           JMP 2		; -> 076144
076143           LDA 37
076144           JMP 2		; -> 076146
076145           LDA 35
076146           JMP 20		; -> 076166
076147 HILI2:    LDX 33
076150           LDA ,B 16
076151           LDT ,B 15
076152           SKP IF DA EQL ST
076153           JMP 10		; -> 076163
076154           LDA I 16
076155           JAZ 4		; -> 076161
076156           LDA ,B 71
076157           SHA ZIN SHR 13
076160           JAZ 3		; -> 076163
076161           LDX ,B 17
076162           AAX -1
076163           SAA -1
076164           RADD CLD SA DD
076165           RADD CLD 0 DA
076166           JMP I ,B 61		; -> 076247
076167           STZ -1
076170           SAB -166
076171 HOTRO:    BORC SSPTM
076172           STA 175
076173           STZ ,B 107
076174           STT ,B 100
076175 NTERM:    LDF I ,X 157
076176           SAT -72
076177           STT ,B 106
076200           STZ -143
076201 HOTMO:    SAB 52
076202           STZ I ,B ,X -1
076203           RADD CLD SA DT
076204           LDA 66
076205 GPAGE:    JPL I 66		; -> 076273
076206 DEFTE:    RADD CLD ST DA
076207           MON 65		; ErrorMessage / QERMS (65B)
076210           LDT 64
076211           SKP IF DA EQL ST
076212           JMP 13		; -> 076225
076213           LDA 62
076214           JPL I 62		; -> 076276
076215           LDA 62
076216           JPL I 60		; -> 076276
076217           LDA 61
076220           JPL I 56		; -> 076276
076221           STZ ,B 14
076222           LDA 57
076223 IO023:    MON 104		; SuspendProgram / HOLD (104B)
076224 HDOF3:    JMP I 56		; -> 076302
076225           MON 64		; WarningMessage / ERMSG (64B)
076226           JMP I 54		; -> 076302
076227           RADD CLD SA DT
076230           LDA 42
076231           JPL I 42		; -> 076273
076232           RADD CLD ST DA
076233           SAT 22
076234           SKP IF DA UEQ ST
076235           JMP I 46		; -> 076303
076236           LDT 36
076237           SKP IF DA EQL ST
076240           JMP 13		; -> 076253
076241           LDA 34
076242           JPL I 34		; -> 076276
076243           LDA 34
076244           JPL I 32		; -> 076276
076245           LDA 33
076246           JPL I 30		; -> 076276
076247           STZ ,B 14
076250           LDA 31
076251           MON 104		; SuspendProgram / HOLD (104B)
076252           JMP I 31		; -> 076303
076253           MON 64		; WarningMessage / ERMSG (64B)
076254           JMP I 27		; -> 076303
076255           RADD CLD SL DX
076256           LDA ,B 2
076257           JPL I 25		; -> 076304
076260           RADD CLD SX DL
076261           RADD CLD SD DX
076262           LDA ,X 3
076263           BSKP ONE 120 DA
076264           JMP 4		; -> 076270
076265           LDT ,X 22
076266           LDA 17
076267           MON 131		; DataTransfer / ABSTR (131B)
076270           STZ ,B 30
076271           EXIT
076272           STZ ,B 107
076273           STT ,B 106
076274           STZ -114
076275           LDD ,X 116
076276           SAT -4
076277           LDD ,X 130
076300           LDD ,X -76
076301           IOX 630
076302           SAB -70
076303           SAB -166
076304           STT -2
076305           STA I -106
076306           LDX ,B 64
076307           LDA ,X 4
076310           BSKP ONE 100 DA
076311           JMP 2		; -> 076313
076312           EXIT
076313           RADD CLD SL DA
076314           STA ,B 62
076315           LDA 52
076316           STA ,B 60
076317           SAX 0
076320           LDA I ,X 50
076321           SHA ZIN SHR 10
076322           SAT 4
076323           SKP IF DA UEQ ST
076324           JMP 4		; -> 076330
076325           SAT 5
076326           SKP IF DA EQL ST
076327           JMP 10		; -> 076337
076330           LDA ,B 60
076331           RADD CLD SA DL
076332           LDX ,B 22
076333           LDT ,B 23
076334 LITER:    LDD ,B 65
076335           MOVEW
076336           JMP 22		; -> 076360
076337           LDA ,B 60
076340           RADD AD1 CM1 CLD SA DA
076341           STA ,B 60
076342 FIXC:     LDD ,B 22
076343           RADD CLD SA DL
076344           LDT ,B 65
076345 HOLI3:    LDX ,B 66
076346           LDATX
076347           SWAP SL DT
076350           SWAP SX DD
076351           STATX
076352           AAX 1
076353           RADD AD1 0 DD
076354           SWAP ST DL
076355           SWAP SD DX
076356           MIN ,B 60
076357           JMP -11		; -> 076346
076360           LDX ,B 64
076361           JPL I 10		; -> 076371
076362           LDA 10
076363           JPL I 10		; -> 076373
076364           STZ ,B 64
076365           LDA ,B 62
076366 HDIF3:    RADD CLD SA DP
076367           STZ ,X 0
076370           STA 55
076371           LDF I ,B 76
076372           STZ ,B 107
076373           STT ,B 106
076374           RADD CLD SA DT
076375           RADD CLD SL DA
076376           STA ,B 61
076377           RADD CLD ST DL
076400           LDX 154
076401           RADD SB DX
076402           SWAP SP DL
076403           MON 65		; ErrorMessage / QERMS (65B)
076404           JMP I ,B 61		; -> 076465
076405           RADD CLD SL DA
076406           STA ,B 61
076407           JPL I 146		; -> 076555
076410           LDT 146
076411           JPL I 146		; -> 076557
076412           LDT 146
076413           RADD SB DT
076414           JPL I 143		; -> 076557
076415           JPL I 140		; -> 076555
076416           LDT 143
076417           JPL I 140		; -> 076557
076420           LDT 142
076421           RADD SB DT
076422           JPL I 135		; -> 076557
076423           LDA ,B 71
076424 DEFEL:    SHA ZIN SHR 13
076425           JAZ 3		; -> 076430
076426           LDT 135
076427           JMP 2		; -> 076431
076430           LDT 134
076431           JPL I 126		; -> 076557
076432           RADD CLD 0 DX
076433           SAT 117
076434           SKP IF DT GRE SX
076435           JMP 11		; -> 076446
076436           LDT 124
076437           RADD SB DT
076440           LBYT
076441           AND 124
076442           AAA -47
076443           JAZ 3		; -> 076446
076444           AAX 1
076445           JMP -12		; -> 076433
076446           AAX 1
076447           JPL I 117		; -> 076566
076450 ENTRM:    LDT 117
076451           JPL I 106		; -> 076557
076452 DITRM:    LDA 116
076453           JPL I 116		; -> 076571
076454           LDA ,B 70
076455           LDT I 115
076456           JPL I 115		; -> 076573  [SAVE]
076457           LDA ,B 70
076460           SAT 1
076461           SKP IF DA EQL ST
076462           JMP 3		; -> 076465
076463           LDT 111
076464           JMP 2		; -> 076466
076465           LDT 110
076466           JPL I 71		; -> 076557
076467           JPL I 66		; -> 076555
076470           LDT 71
076471           JPL I 66		; -> 076557
076472           LDA 76
076473           JPL I 103		; -> 076576
076474           LDX 66
076475           RADD SB DX
076476           MON 274		; GetFileIndexes / FOBJN (274B)
076477           JMP 54		; -> 076553
076500           RADD CLD SA DX
076501           LDA 76
076502           RADD SB DA
076503           MON 215		; GetObjectEntry / DROBJ (215B)
076504           JMP 47		; -> 076553
076505           RADD CLD SA DX
076506           LDD ,X 34
076507           RADD AD1 0 DD
076510           RADD ADC CLD SA DA
076511           RADD CLD SA DX
076512           LDA 56
076513           JPL I 56		; -> 076571
076514           RADD CLD SX DA
076515           LDT I 55
076516 HILI3:    JPL I 62		; -> 076600
076517           JAF 6		; -> 076525
076520           SAT 1
076521           SKP IF DD EQL ST
076522           JMP 3		; -> 076525
076523           LDT 56
076524           JMP 2		; -> 076526
076525           LDT 55
076526           JPL I 31		; -> 076557
076527           LDA 41
076530           JPL I 46		; -> 076576
076531           LDT 52
076532           JPL I 25		; -> 076557
076533           SAX 0
076534           LDA ,X ,B 161
076535           SHA ZIN SHR 10
076536           SAT 47
076537           SKP IF DA UEQ ST
076540 FIXC5:    JMP 10		; -> 076550
076541 BERES:    JPL I 14		; -> 076555
076542           LDT 42
076543           JPL I 14		; -> 076557
076544           JPL I 11		; -> 076555
076545 GETVA:    LDT 40
076546           RADD SB DT
076547           JPL I 10		; -> 076557
076550           JPL I 5		; -> 076555
076551           JPL I 4		; -> 076555
076552           JMP I ,B 61		; -> 076633
076553           MON 65		; ErrorMessage / QERMS (65B)
076554           STZ 70
076555           SAX -151
076556           IOX 660	; ND500_3 Read MAR x2 (Read)
076557           SAX -172
076560           STZ 35
076561           IOX 726
076562           STZ 72
076563           IOX 716
076564           IOX 705
076565           STZ 177
076566           SAX -166
076567           IOX 754
076570           STZ ,B 107
076571           STT ,B 100
076572           STA 161
076573 SAVE:     MIN ,B 40
076574 DSTOT:    IOX 735
076575           IOX 731
076576           STT ,B 106
076577           BORA
076600           MIN ,B -172
076601           IOX 744
076602           IOX 740
076603           IOX 747
076604           IOX 674	; ND500_3 Read Locked (Read)
076605           STZ 161
076606           RADD CLD 0 DX
076607           LDA 56
076610 CHKRN:    SKP IF DA GRE SX
076611           JMP 15		; -> 076626
076612           LBYT
076613           RADD CLD ST DD
076614           AND 52
076615           SAT 47
076616           SKP IF DA UEQ ST
076617           JMP 7		; -> 076626
076620           LDT I 47
076621           MON 2		; OutByte / OUTBT (2B)
076622           MON 65		; ErrorMessage / QERMS (65B)
076623           RADD CLD SD DT
076624           AAX 1
076625           JMP -16		; -> 076607
076626           EXIT
076627           LDT I 40
076630           SAA 15
076631           MON 2		; OutByte / OUTBT (2B)
076632           MON 65		; ErrorMessage / QERMS (65B)
076633           SAA 12
076634           MON 2		; OutByte / OUTBT (2B)
076635           MON 65		; ErrorMessage / QERMS (65B)
076636 CHCLA:    EXIT
076637           LDA 31
076640           SAT 3
076641           LDX 30
076642           RADD SB DX
076643           MON 220		; DirectOpen / DOPEN (220B)
076644           JMP I 26		; -> 076672
076645           RADD CLD SA DT
076646           STA ,B 14
076647           MON 236		; SetPermanentOpen / SPERD (236B)
076650           JMP I 22		; -> 076672
076651           LDA 22
076652           MON 76		; SetBlockSize / SETBS (76B)
076653           JMP I 17		; -> 076672
076654           LDT ,B 14
076655           MON 62		; GetBytesInFile / RMAX (62B)
076656 BDLOU:    JMP I 14		; -> 076672
076657           LDT 15
076660           RDIV ST
076661           STA ,B 15
076662           RADD CLD SD DA
076663           STA ,B 17
076664           EXIT
076665           STZ -142
076666           STZ 177
076667           STA 161
076670           STA I ,B ,X -6
076671           STZ 72
076672           SAT -170
076673           STZ ,X 0
076674           STA 0
076675           LDA ,B 20
076676           JAF 2		; -> 076700
076677           EXIT
076700           LDA ,B 2
076701           RADD CLD SL DX
076702           JPL I 154		; -> 077056
076703           RADD CLD SX DL
076704           RADD CLD SD DX
076705           LDA ,X 3
076706           BSKP ZRO 120 DA
076707           JMP 11		; -> 076720
076710           BSKP ZRO 50 DA
076711           JMP 3		; -> 076714  [HOLI4]
076712           BSKP ONE 40 DA
076713           JMP 4		; -> 076717
076714 HOLI4:    LDA 143
076715           SKP IF DA EQL 0
076716           JMP I 142		; -> 077060
076717           JMP 151		; -> 077070
076720           LDA ,B 20
076721           SHA ZIN SHR 1
076722           STA ,B 20
076723           BSKP ONE SSM
076724           JMP 10		; -> 076734
076725           LDT ,B 22
076726           LDX ,B 23
076727           RADD SA DX
076730           LDATX
076731           AND 130
076732           STATX
076733           MIN ,B 20
076734           SAA 1
076735 HDIF4:    LDX ,B 21
076736           STA ,X 15
076737           LDA ,B 20
076740           STA ,X 12
076741 BDDSC:    RADD CLD SD DX
076742 TDDSC:    LDT ,X 22
076743           LDA ,B 21
076744           ADD 116
076745           MON 131		; DataTransfer / ABSTR (131B)
076746           JAP 5		; -> 076753
076747           LDT ,B 2
076750           SAA 15
076751           MON 2		; OutByte / OUTBT (2B)
076752           MON 65		; ErrorMessage / QERMS (65B)
076753           EXIT
076754           LDA 107
076755           RADD SB DA
076756           STA ,B 55
076757           LDA 105
076760           RADD SB DA
076761           STA ,B 56
076762           LDA 103
076763           RADD SB DA
076764           STA ,B 57
076765           LDA ,B 23
076766           RADD CLD SA DD
076767           LDA ,B 20
076770           SKP IF 0 LST SA
076771           JMP 64		; -> 077055
076772           LDX ,B 67
076773           LDA ,X 7
076774           SAT 1
076775           SKP IF DA UEQ ST
076776           JMP 57		; -> 077055
076777           SAT 2
077000 REBUF:    SKP IF DA UEQ ST
077001           JMP 54		; -> 077055
077002           LDA ,B 20
077003           SAT 100
077004           SKP IF DA LST ST
077005           JMP 2		; -> 077007
077006           RADD CLD SA DT
077007           STT ,B 60
077010           LDT ,B 22
077011           RADD CLD 0 DX
077012           LDA ,B 60
077013           SHA ZIN SHR 1
077014           AAA -1
077015           SKP IF DA GRE SX
077016 BMAIR:    JMP 10		; -> 077026
077017           SWAP SD DX
077020           LDATX
077021           RADD AD1 0 DX
077022           SWAP SD DX
077023           STA ,X ,B -40
077024           AAX 1
077025           JMP -13		; -> 077012
077026           LDA ,B 60
077027           BSKP ONE 0 DA
077030           JMP 13		; -> 077043
077031           SWAP SX DD
077032           LDATX
077033           SHA ZIN SHR 10
077034           RADD CLD SD DX
077035           SWAP SA DX
077036           SHA ZIN 1
077037           SWAP SA DX
077040           LDT 24
077041           RADD SB DT
077042           SBYT
077043           LDA ,B 20
077044           SUB ,B 60
077045           STA ,B 20
077046           LDA 20
077047           RADD SB DA
077050           MON 162		; OutString / OUTST (162B)
077051           JAP 3		; -> 077054
077052           AND 15
077053           MON 65		; ErrorMessage / QERMS (65B)
077054           JMP -65		; -> 076767
077055           EXIT
077056           STT -2
077057           FMU ,X ,B -107
077060           SAX -24
077061           BORC SSPTM
077062           STZ 16
077063           STZ 2
077064           BORA
077065 HILI4:    STZ 60
077066           STZ 55
077067           STZ -1
077070           LDA ,B 20
077071           AAA -1
077072           STA ,B 20
077073           STZ ,B 53
077074           LDA ,B 53
077075           LDT ,B 20
077076           SKP IF DT GRE SA
077077           JMP 33		; -> 077132
077100           RADD CLD SA DD
077101           SHA ZIN SHR 1
077102           LDX ,B 23
077103           RADD SA DX
077104           LDT ,B 22
077105           LDATX
077106           BSKP ZRO 0 DD
077107 TMAGT:    JMP 3		; -> 077112
077110           SHA ZIN SHR 10
077111           JMP 2		; -> 077113
077112           AND 22
077113           LDT ,B 2
077114           MON 2		; OutByte / OUTBT (2B)
077115           JMP 16		; -> 077133
077116           LDX ,B 67
077117           LDA ,X 7
077120           SAT 1
077121           SKP IF DA UEQ ST
077122           JMP 10		; -> 077132
077123           SAT 2
077124           SKP IF DA UEQ ST
077125           JMP 5		; -> 077132
077126           LDA ,B 53
077127           AAA 1
077130           STA ,B 53
077131 LIPBU:    JMP -34		; -> 077075
077132           EXIT
077133           MON 65		; ErrorMessage / QERMS (65B)
077134           STZ -1
077135 MSNDB:    RADD CLD SL DA
077136           STA ,B 61
077137           JPL I 153		; -> 077312
077140           LDA ,B 1
077141           JAZ 3		; -> 077144
077142 HDOF5:    RADD CLD 0 DX
077143           JPL I 150		; -> 077313
077144           RADD CLD ST DX
077145           LDX ,X 1
077146           JPL I 146		; -> 077314
077147           JAN 52		; -> 077221
077150           RADD CLD ST DB
077151           LDT ,B 2
077152           SAA 33
077153           MON 2		; OutByte / OUTBT (2B)
077154           MON 64		; WarningMessage / ERMSG (64B)
077155 CMLTS:    SAA 121
077156           MON 2		; OutByte / OUTBT (2B)
077157           MON 64		; WarningMessage / ERMSG (64B)
077160           SAA 33
077161           MON 2		; OutByte / OUTBT (2B)
077162           MON 64		; WarningMessage / ERMSG (64B)
077163           SAA 133
077164           MON 2		; OutByte / OUTBT (2B)
077165           MON 64		; WarningMessage / ERMSG (64B)
077166           SAA 65
077167           MON 2		; OutByte / OUTBT (2B)
077170           MON 64		; WarningMessage / ERMSG (64B)
077171           SAA 151
077172           MON 2		; OutByte / OUTBT (2B)
077173           MON 64		; WarningMessage / ERMSG (64B)
077174           LDA ,B 20
077175           RADD CLD SA DD
077176           RADD CLD 0 DA
077177           SAT 100
077200           RDIV ST
077201           AAA 1
077202           STA I 113
077203           JPL -113		; -> 077070
077204           LDT ,B 2
077205           SAA 33
077206           MON 2		; OutByte / OUTBT (2B)
077207           MON 64		; WarningMessage / ERMSG (64B)
077210 MRELB:    SAA 133
077211           MON 2		; OutByte / OUTBT (2B)
077212           MON 64		; WarningMessage / ERMSG (64B)
077213           SAA 64
077214           MON 2		; OutByte / OUTBT (2B)
077215           MON 64		; WarningMessage / ERMSG (64B)
077216 DEFLI:    SAA 151
077217           MON 2		; OutByte / OUTBT (2B)
077220           MON 64		; WarningMessage / ERMSG (64B)
077221           JPL I 75		; -> 077316
077222           LDX ,B 1
077223           JXZ 13		; -> 077236
077224           RADD CLD 0 DX
077225           JPL I 72		; -> 077317
077226           RADD CLD ST DB
077227           JPL I 71		; -> 077320
077230 WRBUF:    RADD CLD SA DX
077231           LDX ,X 1
077232           JPL I 67		; -> 077321
077233           JAN 3		; -> 077236
077234           RADD CLD ST DB
077235           SAA 1
077236           SKP IF 0 GRE SA
077237           JMP 2		; -> 077241
077240           MON 134		; ExitRTProgram / RTEXT (134B)
077241           LDA 61
077242           MON 104		; SuspendProgram / HOLD (104B)
077243           JMP I ,B 61		; -> 077324
077244           RADD CLD SL DX
077245           LDA ,B 2
077246           JPL I 55		; -> 077323
077247           JAZ 3		; -> 077252
077250           SKP IF DD EQL 0
077251           JMP 2		; -> 077253
077252           JMP -14		; -> 077236
077253           RADD CLD SB DT
077254           RADD CLD SD DB
077255           RADD CLD SX DL
077256           EXIT
077257           BSET ZRO SSK
077260           JMP 2		; -> 077262
077261           BSET ONE SSK
077262           IOF
077263 HOLI5:    STT I 41
077264           RADD CLD SL DA
077265           STA I 40
077266           BSKP ONE SSK
077267           JMP 11		; -> 077300
077270           SKP IF DB UEQ 0
077271           JMP 5		; -> 077276
077272           LDA ,B 1
077273           JAZ 3		; -> 077276
077274           JPL I 32		; -> 077326
077275           JMP 2		; -> 077277
077276           RADD CLD 0 DA
077277           JMP 6		; -> 077305
077300           SKP IF DB UEQ 0
077301           JMP 3		; -> 077304  [HDIF5]
077302 BDCH5:    JPL I 25		; -> 077327
077303           JMP 2		; -> 077305
077304 HDIF5:    RADD CLD 0 DA
077305           LDT I 20
077306           RADD CLD ST DL
077307           LDT I 15
077310           ION
077311 LISLI:    EXIT
077312           AAB -134
077313           AAB -117
077314           AAB -121
077315           IOX 627
077316           AAB -134
077317           AAB -117
077320           AAB -134
077321           AAB -121
077322           IOX 625
077323           STT -2
077324           STA I ,B ,X -15
077325           STA I ,B ,X -14
077326           STT ,B -170
077327           STT ,B 163
077330           RADD CLD SL DA
077331           STA ,B 61
077332           LDT ,B 22
077333           LDX ,B 23
077334           LDA 113
077335           STATX
077336           RADD AD1 0 DX
077337           JPL I 111		; -> 077450
077340           JPL I 110		; -> 077450
077341           JPL I 107		; -> 077450
077342           JPL I 107		; -> 077451
077343           JPL I 106		; -> 077451
077344           JPL I 105		; -> 077451
077345           JPL I 104		; -> 077451
077346           JPL I 103		; -> 077451
077347           JPL I 102		; -> 077451
077350           JPL I 101		; -> 077451
077351           JPL I 100		; -> 077451
077352 ENLIP:    JPL I 77		; -> 077451
077353           JPL I 75		; -> 077450
077354 DILIP:    JPL I 74		; -> 077450
077355           JPL I 73		; -> 077450
077356           LDA 71
077357           STATX
077360           RADD AD1 0 DX
077361           RADD CLD SX DA
077362           SUB ,B 23
077363           SHA ZIN 1
077364           STA ,B 20
077365           SAA 2
077366           ADD ,B 23
077367           LDX 63
077370           JPL I 63		; -> 077453
077371           SAA 122
077372           ADD ,B 23
077373           LDX 61
077374           JPL I 57		; -> 077453
077375           LDA 60
077376           ADD ,B 23
077377           LDX 55
077400 FAERO:    JPL I 53		; -> 077453
077401           LDX 55
077402 FAERR:    RADD SB DX
077403           JPL I 54		; -> 077457
077404 BDRWT:    JMP 60		; -> 077464  [VERDR]
077405           LDA 53
077406           SAT 74
077407           JPL I 52		; -> 077461
077410           AAA 70
077411           RADD CLD SA DD
077412           LDX 46
077413           RADD CLD SX DA
077414           JPL I 46		; -> 077462
077415           JMP 47		; -> 077464  [VERDR]
077416           JMP 46		; -> 077464  [VERDR]
077417           LDT ,B 22
077420           RADD CLD SD DX
077421           LDA 42
077422           ADD ,B 23
077423           JPL I 30		; -> 077453
077424 CPTSL:    RADD CLD SD DX
077425           SAA 56
077426           STATX
077427           RADD AD1 CLD SX DA
077430 FLOME:    LDX 30
077431           JPL I 22		; -> 077453
077432           LDT 24
077433           RADD SB DT
077434 HILI5:    RADD CLD 0 DX
077435           LBYT
077436 SETSI:    AAX 1
077437           AAA -47
077440           JAZ 2		; -> 077442
077441           JMP -4		; -> 077435
077442           SWAP ST DX
077443           SHT ZIN SHR 1
077444           SWAP ST DX
077445           RADD ST DX
077446           JMP 24		; -> 077472
077447           STA ,X 15
077450           AAA -26
077451           AAA -10
077452           IOX 466
077453           AAT 14
077454           IOX 777	; ND500_4 Return Gate (RETG5) (Write) [b1=Stop microclock]
077455           STZ I ,B 72
077456           STZ 72
077457           ADD I ,B 51
077460           STT 105
077461           STF 104
077462           ADD I 71
077463           STZ ,B -166
077464 VERDR:    LDT ,B 22
077465           LDA 134
077466           ADD ,B 23
077467           LDX 133
077470           RADD SB DX
077471           JPL I 132		; -> 077623
077472           LDA ,B 71
077473 CHPAR:    SHA ZIN SHR 10
077474           AND 130
077475           RADD CLD SA DT
077476           LDA 127
077477           ADD ,B 23
077500           SKP IF DT EQL 0
077501           JMP 2		; -> 077503
077502           AAA 3
077503           RADD CLD SA DD
077504           LDT ,B 22
077505           RADD CLD ST DL
077506           RADD CLD 0 DT
077507           SWAP SX DT
077510           LBYT
077511 HDOF6:    AAA -47
077512           JAF 5		; -> 077517  [CHSIZ]
077513           AAX 1
077514           LBYT
077515           AAA -47
077516           JAZ 11		; -> 077527
077517 CHSIZ:    ADD 107
077520           SWAP SD DX
077521           SWAP SL DT
077522           STATX
077523           RADD AD1 0 DX
077524           SWAP SX DD
077525           SWAP SL DT
077526           JMP -13		; -> 077513
077527           LDX ,B 54
077530           LDD ,X 30
077531           RADD CLD 0 DT
077532           JPL I 75		; -> 077627
077533           SWAP ST DX
077534           SAA 47
077535           SBYT
077536           LDT ,B 22
077537           LDA 71
077540           ADD ,B 23
077541           LDX ,B 54
077542 FREA:     JPL I 61		; -> 077623
077543           LDT 66
077544           AAT 1
077545           RADD SB DT
077546           RADD CLD 0 DX
077547           LBYT
077550 REJEC:    LDA ,B 71
077551           SHA ZIN SHR 13
077552           JAF 3		; -> 077555
077553           LDX 57
077554           JMP 2		; -> 077556
077555           LDX 56
077556           LDA 56
077557           ADD ,B 23
077560           LDT ,B 22
077561           JPL I 42		; -> 077623
077562           LDA ,B 71
077563           SHA ZIN SHR 10
077564           AND 40
077565           JAF 3		; -> 077570
077566           LDX 47
077567           JMP 2		; -> 077571
077570           LDX 46
077571           LDA 46
077572           ADD ,B 23
077573           JPL I 30		; -> 077623
077574           LDX 44
077575           LDA 44
077576           ADD ,B 23
077577           JPL I 24		; -> 077623
077600           LDX 42
077601           LDA 42
077602           ADD ,B 23
077603           JPL I 20		; -> 077623
077604           JPL I 40		; -> 077644
077605           LDX ,B 54
077606           RADD CLD 0 DT
077607           JPL I 20		; -> 077627
077610           SWAP ST DX
077611           SAA 47
077612           SBYT
077613           LDX ,B 54
077614           LDA 31
077615           ADD ,B 23
077616           LDT ,B 22
077617           JPL I 4		; -> 077623
077620           JMP I ,B 61		; -> 077701
077621           STZ ,B -166
077622           STZ 72
077623           AAT 14
077624           STZ 7
077625           STZ ,B 25
077626           STD 47
077627           MIN I 141
077630           STZ I 13
077631           STZ 70
077632 HOLI6:    IOX 1021
077633           IOX 1023
077634           STZ ,B -170
077635           IOX 1035
077636           IOX 1025
077637 ITB11:    STZ ,B 14
077640           IOX 1050
077641           STZ I 4
077642           IOX 1055
077643 PASET:    STZ I -200
077644           LDF -55
077645           STZ I -171
077646           RADD CLD SL DA
077647           STA ,B 61
077650           LDX ,B 23
077651           LDT ,B 22
077652           LDA 174
077653 HDIF6:    STATX
077654           RADD AD1 0 DX
077655           JPL I 172		; -> 100047
077656           JPL I 172		; -> 100050
077657           JPL I 172		; -> 100051
077660           JPL I 172		; -> 100052
077661 ITE11:    JPL I 172		; -> 100053
077662 MFISI:    JPL I 172		; -> 100054
077663           JPL I 172		; -> 100055
077664           JPL I 172		; -> 100056
077665           JPL I 172		; -> 100057
077666           JPL I 172		; -> 100060  [HDOF7]
077667           JPL I 172		; -> 100061
077670           JPL I 172		; -> 100062
077671           JPL I 172		; -> 100063
077672           JPL I 172		; -> 100064
077673           JPL I 172		; -> 100065
077674           JMP 1		; -> 077675
077675           LDA 171
077676           STA I 171
077677           JMP 26		; -> 077725
077700           RADD CLD ST DD
077701           LDA I 166
077702           AND 166
077703           AAA 1
077704           LDT 165
077705           SKP IF DT LST SA
077706 ERINI:    JMP 12		; -> 077720  [ERPRI]
077707 MFERS:    SAT 172
077710           SKP IF DT LST SA
077711 LTSPR:    JMP 3		; -> 077714
077712           LDA 160
077713           JMP 5		; -> 077720  [ERPRI]
077714           SAT 141
077715           SKP IF DA LST ST
077716           JMP 2		; -> 077720  [ERPRI]
077717           SAA 141
077720 ERPRI:    RADD CLD SA DT
077721           SHA ZIN 10
077722           RORA ST DA
077723 EIPIT:    STA I 144
077724           RADD CLD SD DT
077725           LDA 121
077726           STATX
077727           RADD AD1 0 DX
077730           RADD CLD SX DA
077731           SUB ,B 23
077732           SHA ZIN 1
077733           STA ,B 20
077734 MEMLI:    MIN ,B 61
077735           SAA 2
077736           ADD ,B 23
077737           LDX 134
077740           JPL I 134		; -> 100074
077741           SAA 122
077742           ADD ,B 23
077743           LDX 132
077744           JPL I 132		; -> 100076
077745           LDA 132
077746           ADD ,B 23
077747           LDX 126
077750           JPL I 130		; -> 100100
077751           JMP I ,B 61		; -> 100032
077752           SAA 76
077753           AAA -2
077754           RADD SX DA
077755           RADD CLD SA DD
077756           LDA I 111
077757           SKP IF DD GRE SX
077760           JMP 4		; -> 077764
077761           STATX
077762           AAX 1
077763           JMP -4		; -> 077757
077764           LDA 115
077765           STATX
077766           RADD AD1 0 DX
077767           EXIT
077770 RNGCL:    LDA I 77
077771           STATX
077772           RADD AD1 0 DX
077773 CAON:     SAA 76
077774           AAA -4
077775           RADD SX DA
077776           RADD CLD SA DD
077777 PCRMA:    LDA 103
100000 SILFO:    SKP IF DD GRE SX
100001           JMP 4		; -> 100005
100002           STATX
100003 HILI6:    AAX 1
100004           JMP -4		; -> 100000  [SILFO]
100005           LDA I 62
100006           STATX
100007           RADD AD1 0 DX
100010           LDA 71
100011           STATX
100012           RADD AD1 0 DX
100013 CAOFF:    EXIT
100014           RADD CLD SA DD
100015           LDA ,X 0
100016           SHA ZIN SHR 10
100017           AAA -47
100020           JAF 2		; -> 100022
100021           EXIT
100022           LDA ,X 0
100023           AND 45
100024           AAA -47
100025           JAF 4		; -> 100031
100026           LDA ,X 0
100027 CCOLD:    AND 54
100030           JMP 10		; -> 100040
100031           LDA ,X 0
100032           SWAP SD DX
100033           STATX
100034           RADD AD1 0 DX
100035           RADD AD1 0 DD
100036           SWAP SX DD
100037           JMP -22		; -> 100015
100040           SWAP SD DX
100041           STATX
100042           RADD AD1 0 DD
100043           RADD AD1 0 DX
100044           SWAP SX DD
100045           EXIT
100046           STA ,X 15
100047           AAA -26
100050           AAA -26
100051           AAA -26
100052           AAA -26
100053           AAA -26
100054           AAA -26
100055           AAA -26
100056           AAA -26
100057           AAA -26
100060 HDOF7:    AAA -26
100061           AAA -26
100062           AAA -26
100063           AAA -26
100064           AAA -26
100065           AAA -26
100066           LDD I 52
100067           IOX 644
100070           STZ -1
100071           LDX I 40
100072           MIN ,B 15
100073           IOX 466
100074           AAT 14
100075           IOX 777	; ND500_4 Return Gate (RETG5) (Write) [b1=Stop microclock]
100076           AAT 14
100077           STZ I ,B 72
100100           AAT 14
100101           STA ,X ,B 12
100102           STD 40
100103           BORC SSQ
100104           RADD CLD SL DA
100105           STA ,B 61
100106           LDX 127
100107           RADD CLD SX DL
100110           LDA ,X 0
100111           SAT -1
100112           SKP IF DA UEQ ST
100113           JMP 116		; -> 100231
100114           SKP IF DA EQL SB
100115           JMP 103		; -> 100220
100116           LDA 120
100117           MON 122		; ReserveResource / RESRV (122B)
100120           RADD CLD 0 DD
100121           JMP 16		; -> 100137
100122           RADD AD1 0 DD
100123           LDA ,X 3
100124           SHA ZIN SHR 10
100125           BSET ZRO 70 DA
100126           SAT 47
100127           SKP IF DA EQL ST
100130 FWRT:     JMP 16		; -> 100146
100131           LDA ,B 161
100132           SHA ZIN SHR 10
100133           BSET ZRO 70 DA
100134           SKP IF DA EQL ST
100135           JMP 66		; -> 100223
100136           JMP 44		; -> 100202
100137           RADD AD1 0 DD
100140           LDA ,X 3
100141           SHA ZIN SHR 10
100142           BSET ZRO 70 DA
100143           SAT 47
100144           SKP IF DA UEQ ST
100145           JMP 43		; -> 100210
100146           LDA ,B 161
100147           SHA ZIN SHR 10
100150           BSET ZRO 70 DA
100151           SAT 47
100152           SKP IF DA UEQ ST
100153           JMP 50		; -> 100223
100154           SWAP ST DA
100155           LDA ,X 3
100156           SHA ZIN SHR 10
100157           BSET ZRO 70 DA
100160           SKP IF DA EQL ST
100161           JMP 42		; -> 100223
100162           LDA ,X 3
100163           AND 54
100164           SAT 47
100165           SKP IF DA UEQ ST
100166           JMP 14		; -> 100202
100167           LDA ,B 161
100170           AND 47
100171           SAT 47
100172           SKP IF DA UEQ ST
100173           JMP 30		; -> 100223
100174           RADD CLD SA DT
100175           LDA ,X 3
100176           AND 41
100177           SKP IF DA EQL ST
100200           JMP 23		; -> 100223
100201 HOLI7:    JMP 4		; -> 100205
100202           LDA 34
100203           MON 123		; ReleaseResource / RELES (123B)
100204           JMP 25		; -> 100231
100205           AAX 1
100206           AAB 1
100207           JMP 4		; -> 100213
100210           LDA 26
100211           MON 123		; ReleaseResource / RELES (123B)
100212           JMP 17		; -> 100231
100213           SAT 117
100214           SKP IF DD UEQ ST
100215           JMP 2		; -> 100217
100216           JMP -57		; -> 100137
100217           JMP 4		; -> 100223
100220           AAX 122
100221           RADD CLD SX DL
100222 HDIF7:    JMP -112		; -> 100110
100223           RADD CLD SL DX
100224           LDA ,X 0
100225           RADD CLD SA DB
100226           LDA 10
100227           MON 123		; ReleaseResource / RELES (123B)
100230           MIN ,B 61
100231           RADD CLD SL DX
100232           LDA ,X 0
100233           RADD CLD SA DB
100234           JMP I ,B 61		; -> 100315
100235           IOX 343
100236           IOX 604
100237           STZ 177
100240           RADD CLD SL DA
100241           STA ,B 61
100242           LDA 65
100243           RADD SB DA
100244           STA ,B 54
100245           LDA I 63
100246           SKP IF DA UEQ 0
100247           JMP I 62		; -> 100331
100250           LDA ,B 151
100251           SKP IF DA UEQ 0
100252           JMP I 57		; -> 100331
100253           LDA ,B 71
100254           SHA ZIN SHR 10
100255           AND 55
100256           JAF 46		; -> 100324
100257           LDA I 54
100260           SKP IF DA UEQ 0
100261           JMP I 50		; -> 100331
100262           LDA 52
100263           MON 122		; ReserveResource / RESRV (122B)
100264           SAT 3
100265           LDX 50
100266           MON 220		; DirectOpen / DOPEN (220B)
100267           JMP I 47		; -> 100336
100270           RADD CLD SA DT
100271           STA ,B 62
100272           SAA 14
100273           MON 76		; SetBlockSize / SETBS (76B)
100274           JMP I 43		; -> 100337
100275           LDA ,B 152
100276           SKP IF DA UEQ 0
100277           JMP I 41		; -> 100340
100300           STA ,B 16
100301           LDT ,B 62
100302           LDX ,B 54
100303           MON 7		; ReadBlock / RPAGE (7B)
100304           JMP I 33		; -> 100337
100305           MON 43		; CloseFile / CLOSE (43B)
100306           JMP I 31		; -> 100337
100307           LDA 25
100310           MON 123		; ReleaseResource / RELES (123B)
100311           LDA 30
100312           JPL I 30		; -> 100342
100313           LDX ,B 54
100314           AAX 4
100315           LDA 26
100316           RADD SB DA
100317           SAT 10
100320           JPL I 24		; -> 100344
100321           LDA 20
100322           JPL I 23		; -> 100345
100323           JMP 3		; -> 100326
100324           LDA I 22
100325           JAZ 175		; -> 100522
100326           JMP 21		; -> 100347
100327           BORA
100330           STA -144
100331           AAX 122
100332           STZ 7
100333           STA -160
100334           STA I -115
100335           IOX 1061	; ND500_2 Load MAR x2 (Write)
100336           AAX 130
100337           AAX 123
100340           AAX 124
100341           STZ ,B 107
100342           STT ,B 100
100343           STZ 151
100344           STZ I -154
100345           STT ,B 106
100346           STA -161
100347           LDA 163
100350           MON 122		; ReserveResource / RESRV (122B)
100351           LDX 162
100352 HILI7:    SAT 2
100353           MON 220		; DirectOpen / DOPEN (220B)
100354           JMP 154		; -> 100530
100355           RADD CLD SA DT
100356           STA ,B 62
100357           SAA 36
100360           MON 76		; SetBlockSize / SETBS (76B)
100361           JMP 142		; -> 100523
100362           RADD CLD 0 DA
100363           STA ,B 16
100364           LDX ,B 54
100365           MON 7		; ReadBlock / RPAGE (7B)
100366           JMP 135		; -> 100523
100367           LDX ,B 54
100370           MIN ,X 0
100371           LDA ,X 0
100372           LDT ,X 2
100373           SKP IF DA GRE ST
100374           JMP 3		; -> 100377
100375           LDA 137
100376           JMP 125		; -> 100523
100377           LDA ,X 0
100400           LDT ,X 1
100401           SKP IF DA GRE ST
100402           JMP 3		; -> 100405
100403           LDA 132
100404           MON 64		; WarningMessage / ERMSG (64B)
100405           LDT ,B 62
100406           RADD CLD 0 DA
100407           MON 10		; WriteBlock / WPAGE (10B)
100410           JMP 113		; -> 100523
100411           LDA ,X 0
100412           STA ,B 16
100413           LDA 123
100414           JPL I 123		; -> 100537
100415           LDX ,B 54
100416           RADD CLD 0 DA
100417           SAT 36
100420           JPL I 120		; -> 100540
100421           RADD CLD 0 DT
100422           LDX 117
100423           RADD SB DX
100424           JPL I 116		; -> 100542
100425           AAT 1
100426           AAA -47
100427 HOF10:    JAZ 2		; -> 100431
100430           JMP -4		; -> 100424
100431           RADD CLD ST DD
100432           RADD CLD 0 DT
100433           LDX 106
100434           RADD SB DX
100435           SWAP SD DT
100436           JPL I 104		; -> 100542
100437           SWAP SD DT
100440           AAA -47
100441           JAZ 12		; -> 100453
100442           AAA 47
100443           LDX ,B 54
100444           JPL I 77		; -> 100543
100445           SAA 20
100446           SKP IF DT LST SA
100447           JMP 4		; -> 100453
100450           AAT 1
100451           RADD AD1 0 DD
100452           JMP -17		; -> 100433
100453           LDX ,B 54
100454           SAA 20
100455           SKP IF DT LST SA
100456           JMP 5		; -> 100463
100457           SAA 40
100460           JPL I 63		; -> 100543
100461           AAT 1
100462           JMP -6		; -> 100454
100463           LDX 61
100464           RADD SB DX
100465           LDA ,B 54
100466           AAA 20
100467           SAT 10
100470           JPL I 55		; -> 100545
100471           LDX ,B 54
100472           SAA 2
100473           STA ,X 10
100474           JPL I 52		; -> 100546
100475           ADD 52
100476           STD ,X 11
100477 LOGSY:    LDA 37
100500           JPL I 50		; -> 100550  [HOL10]
100501           LDA ,B 2
100502           STA ,X 15
100503           LDA ,B 15
100504           LDT ,B 17
100505           SKP IF DT UEQ 0
100506           JMP 2		; -> 100510
100507           AAA 1
100510           STA ,X 17
100511           LDT ,B 62
100512           LDA ,B 16
100513           LDX ,B 54
100514           MON 10		; WriteBlock / WPAGE (10B)
100515           JMP 6		; -> 100523
100516           MON 43		; CloseFile / CLOSE (43B)
100517           JMP 11		; -> 100530
100520           LDA 12
100521           MON 123		; ReleaseResource / RELES (123B)
100522           JMP I ,B 61		; -> 100603
100523           MON 64		; WarningMessage / ERMSG (64B)
100524           LDT ,B 62
100525           MON 43		; CloseFile / CLOSE (43B)
100526           JMP 1		; -> 100527
100527           JMP -7		; -> 100520
100530           MON 64		; WarningMessage / ERMSG (64B)
100531           JMP -11		; -> 100520
100532           STA I -115
100533           IOX 1073	; ND500_2 Write DATAX (Write)
100534           STZ -134
100535           STZ -135
100536           STZ ,B 107
100537           STT ,B 100
100540           STF 164
100541           STZ 72
100542           STF 62
100543           STF 100
100544           STZ 151
100545           STZ I -154
100546           LDF -55
100547           SWAP 0 0
100550 HOL10:    STT ,B 106
100551           LDA I 11
100552           AAA 1
100553           JAZ 5		; -> 100560
100554 CPFTS:    AAA -1
100555           SKP IF DA EQL ST
100556           JMP I 5		; -> 100563
100557           JMP I 5		; -> 100564
100560           SAA 62
100561 CPITS:    JMP I 4		; -> 100565
100562           RADD CM1 SX DL
100563           LDT I ,X 144
100564           LDT I ,X 135
100565           LDT I ,X 162
100566 FDREA:    STZ 0
100567           STZ 0
100570 FDWRT:    STZ 0
100571 HIF10:    STZ 0
100572           STZ 0
100573           STZ 0
100574           STZ 0
100575           STZ 0
100576           STZ 0
100577           STZ 0
100600           STZ 0
100601           STZ 0
100602           STZ 0
100603           STZ 0
100604           STZ 0
100605           STZ 0
100606           STZ 0
100607           STZ 0
100610           STZ 0
100611           STZ 0
100612           STZ 0
100613           STZ 0
100614           STZ 0
100615           STZ 0
100616           STZ 0
100617           STZ 0
100620           STZ 0
100621           STZ 0
100622           STZ 0
100623           STZ 0
100624           STZ 0
100625           STZ 0
100626           STZ 0
100627           STZ 0
100630           STZ 0
100631           STZ 0
100632           STZ 0
100633           STZ 0
100634           STZ 0
100635           STZ 0
100636           STZ 0
100637           STZ 0
100640           STZ 0
100641           STZ 0
100642           STZ 0
100643           STZ 0
100644           STZ 0
100645           STZ 0
100646           STZ 0
100647           STZ 0
100650           STZ 0
100651           STZ 0
100652           STZ 0
100653           STZ 0
100654           STZ 0
100655           STZ 0
100656           STZ 0
100657           STZ 0
100660           STZ 0
100661           STZ 0
100662           STZ 0
100663           STZ 0
100664           STZ 0
100665 ITSLI:    STZ 0
100666           STZ 0
100667           STZ 0
100670           STZ 0
100671           STZ 0
100672           STZ 0
100673           STZ 0
100674           STZ 0
100675           STZ 0
100676           STZ 0
100677           STZ 0
100700           STZ 0
100701           STZ 0
100702           STZ 0
100703           STZ 0
100704           STZ 0
100705           STZ 0
100706           STZ 0
100707           STZ 0
100710           STZ 0
100711           STZ 0
100712           STZ 0
100713           STZ 0
100714           STZ 0
100715           STZ 0
100716           STZ 0
100717           STZ 0
100720           STZ 0
100721 HIL10:    STZ 0
100722           STZ 0
100723           STZ 0
100724           STZ 0
100725           STZ 0
100726           STZ 0
100727           STZ 0
100730           STZ 0
100731           STZ 0
100732           STZ 0
100733           STZ 0
100734           STZ 0
100735           STZ 0
100736           STZ 0
100737           STZ 0
100740           STZ 0
100741           STZ 0
100742           STZ 0
100743           STZ 0
100744           STZ 0
100745           STZ 0
100746           STZ 0
100747           STZ 0
100750           STZ 0
100751           STZ 0
100752           STZ 0
100753           STZ 0
100754           STZ 0
100755           STZ 0
100756           STZ 0
100757           STZ 0
100760           STZ 0
100761           STZ 0
100762           STZ 0
100763           STZ 0
100764           STZ 0
100765           STZ 0
100766           STZ 0
100767           STZ 0
100770           STZ 0
100771           STZ 0
100772           STZ 0
100773           STZ 0
100774           STZ 0
100775           STZ 0
100776 HOF11:    STZ 0
100777           STZ 0
101000           STZ 0
101001           STZ 0
101002 ILLTY:    STZ 0
101003 NOMSG:    STZ 0
101004 ILLNO:    STZ 0
101005           STZ 0
101006 ERDIS:    STZ 0
101007           STZ 0
101010           STZ 0
101011           STZ 0
101012           STZ 0
101013           STZ 0
101014 NOACC:    STZ 0
101015           STZ 0
101016           STZ 0
101017           STZ 0
101020           STZ 0
101021 NREJE:    STZ 0
101022           STZ 0
101023 ERLOC:    STZ 0
101024 NNOTE:    STZ 0
101025 NNOTI:    STZ 0
101026           STZ 0
101027           STZ 0
101030           STZ 0
101031           STZ 0
101032 PORTC:    STZ 0
101033 NILLF:    STZ 0
101034 NPROT:    STZ 0
101035 ILLHA:    STZ 0
101036 NFATA:    STZ 0
101037           STZ 0
101040           STZ 0
101041           STZ 0
101042 ERKLO:    STZ 0
101043 FOPTB:    STZ 0
101044           STZ 0
101045           STZ 0
101046           STZ 0
101047           STZ 0
101050           STZ 0
101051           STZ 0
101052           STZ 0
101053           STZ 0
101054           STZ 0
101055           STZ 0
101056           STZ 0
101057           STZ 0
101060           STZ 0
101061           STZ 0
101062           STZ 0
101063           STZ 0
101064           STZ 0
101065 L4GPH:    STZ 0
101066 PILER:    STZ 0
101067           STZ 0
101070           STZ 0
101071           STZ 0
101072           STZ 0
101073           STZ 0
101074           STZ 0
101075           STZ 0
101076           STZ 0
101077           STZ 0
101100           STZ 0
101101           STZ 0
101102           STZ 0
101103           STZ 0
101104           STZ 0
101105           STZ 0
101106           STZ 0
101107           STZ 0
101110           STZ 0
101111           STZ 0
101112           STZ 0
101113           STZ 0
101114           STZ 0
101115           STZ 0
101116           STZ 0
101117 HOL11:    STZ 0
101120 INCTS:    STZ 0
101121           STZ 0
101122           STZ 0
101123           STZ 0
101124           STZ 0
101125           STZ 0
101126           STZ 0
101127 DECTS:    STZ 0
101130           STZ 0
101131           STZ 0
101132           STZ 0
101133           STZ 0
101134           STZ 0
101135 STAPL:    STZ 0
101136           STZ 0
101137           STZ 0
101140 HIF11:    STZ 0
101141           STZ 0
101142           STZ 0
101143           STZ 0
101144           STZ 0
101145           STZ 0
101146           STZ 0
101147           STZ 0
101150           STZ 0
101151           STZ 0
101152           STZ 0
101153           STZ 0
101154           STZ 0
101155           STZ 0
101156           STZ 0
101157           STZ 0
101160           STZ 0
101161           STZ 0
101162           STZ 0
101163           STZ 0
101164           STZ 0
101165           STZ 0
101166 PDRIV:    STZ 0
101167           STZ 0
101170           STZ 0
101171           STZ 0
101172           STZ 0
101173           STZ 0
101174           STZ 0
101175           STZ 0
101176           STZ 0
101177 INENT:    STZ 0
101200           STZ 0
101201 DEENT:    STZ 0
101202           STZ 0
101203           STZ 0
101204           STZ 0
101205           STZ 0
101206           STZ 0
101207           STZ 0
101210           STZ 0
101211           STZ 0
101212           STZ 0
101213           STZ 0
101214           STZ 0
101215           STZ 0
101216           STZ 0
101217           STZ 0
101220           STZ 0
101221           STZ 0
101222           STZ 0
101223           STZ 0
101224           STZ 0
101225           STZ 0
101226           STZ 0
101227           STZ 0
101230           STZ 0
101231           STZ 0
101232           STZ 0
101233           STZ 0
101234           STZ 0
101235           STZ 0
101236           STZ 0
101237           STZ 0
101240           STZ 0
101241           STZ 0
101242           STZ 0
101243           STZ 0
101244           STZ 0
101245           STZ 0
101246           STZ 0
101247           STZ 0
101250           STZ 0
101251           STZ 0
101252           STZ 0
101253           STZ 0
101254           STZ 0
101255           STZ 0
101256           STZ 0
101257           STZ 0
101260           STZ 0
101261           STZ 0
101262           STZ 0
101263 DIS12:    STZ 0
101264           STZ 0
101265           STZ 0
101266           STZ 0
101267           STZ 0
101270 HIL11:    STZ 0
101271           STZ 0
101272           STZ 0
101273           STZ 0
101274           STZ 0
101275           STZ 0
101276           STZ 0
101277           STZ 0
101300           STZ 0
101301           STZ 0
101302           STZ 0
101303 CHDUO:    STZ 0
101304           STZ 0
101305           STZ 0
101306           STZ 0
101307 XRTSL:    STZ 0
101310           STZ 0
101311           STZ 0
101312           STZ 0
101313 STOPL:    STZ 0
101314           STZ 0
101315 XPUT:     STZ 0
101316           STZ 0
101317           STZ 0
101320           STZ 0
101321           STZ 0
101322 MODIN:    STZ 0
101323 MODI1:    STZ 0
101324           STZ 0
101325           STZ 0
101326           STZ 0
101327           STZ 0
101330           STZ 0
101331           STZ 0
101332           STZ 0
101333           STZ 0
101334           STZ 0
101335           STZ 0
101336           STZ 0
101337           STZ 0
101340           STZ 0
101341           STZ 0
101342           STZ 0
101343           STZ 0
101344           STZ 0
101345 HOF12:    STZ 0
101346           STZ 0
101347           STZ 0
101350           STZ 0
101351           STZ 0
101352           STZ 0
101353           STZ 0
101354           STZ 0
101355           STZ 0
101356           STZ 0
101357           STZ 0
101360           STZ 0
101361           STZ 0
101362           STZ 0
101363           STZ 0
101364           STZ 0
101365           STZ 0
101366           STZ 0
101367           STZ 0
101370           STZ 0
101371 XCSGM:    STZ 0
101372           STZ 0
101373 CHSGM:    STZ 0
101374           STZ 0
101375           STZ 0
101376           STZ 0
101377           STZ 0
101400           STZ 0
101401           STZ 0
101402           STZ 0
101403           STZ 0
101404           STZ 0
101405           STZ 0
101406           STZ 0
101407           STZ 0
101410           STZ 0
101411           STZ 0
101412           STZ 0
101413           STZ 0
101414           STZ 0
101415           STZ 0
101416           STZ 0
101417           STZ 0
101420           STZ 0
101421           STZ 0
101422           STZ 0
101423           STZ 0
101424           STZ 0
101425           STZ 0
101426           STZ 0
101427           STZ 0
101430           STZ 0
101431           STZ 0
101432           STZ 0
101433           STZ 0
101434           STZ 0
101435           STZ 0
101436           STZ 0
101437           STZ 0
101440           STZ 0
101441           STZ 0
101442           STZ 0
101443           STZ 0
101444           STZ 0
101445           STZ 0
101446           STZ 0
101447           STZ 0
101450           STZ 0
101451 TSEGN:    STZ 0
101452           STZ 0
101453           STZ 0
101454           STZ 0
101455           STZ 0
101456           STZ 0
101457           STZ 0
101460           STZ 0
101461           STZ 0
101462           STZ 0
101463           STZ 0
101464           STZ 0
101465           STZ 0
101466 HOL12:    STZ 0
101467           STZ 0
101470           STZ 0
101471           STZ 0
101472           STZ 0
101473           STZ 0
101474           STZ 0
101475           STZ 0
101476           STZ 0
101477           STZ 0
101500           STZ 0
101501           STZ 0
101502           STZ 0
101503           STZ 0
101504           STZ 0
101505           STZ 0
101506           STZ 0
101507 HIF12:    STZ 0
101510           STZ 0
101511           STZ 0
101512           STZ 0
101513           STZ 0
101514           STZ 0
101515           STZ 0
101516           STZ 0
101517           STZ 0
101520           STZ 0
101521           STZ 0
101522           STZ 0
101523           STZ 0
101524           STZ 0
101525           STZ 0
101526           STZ 0
101527           STZ 0
101530           STZ 0
101531           STZ 0
101532           STZ 0
101533           STZ 0
101534           STZ 0
101535           STZ 0
101536           STZ 0
101537 CHLDN:    STZ 0
101540           STZ 0
101541           STZ 0
101542           STZ 0
101543           STZ 0
101544           STZ 0
101545           STZ 0
101546           STZ 0
101547           STZ 0
101550           STZ 0
101551           STZ 0
101552           STZ 0
101553           STZ 0
101554           STZ 0
101555           STZ 0
101556           STZ 0
101557           STZ 0
101560           STZ 0
101561           STZ 0
101562           STZ 0
101563           STZ 0
101564           STZ 0
101565           STZ 0
101566           STZ 0
101567           STZ 0
101570           STZ 0
101571           STZ 0
101572           STZ 0
101573           STZ 0
101574           STZ 0
101575           STZ 0
101576           STZ 0
101577           STZ 0
101600           STZ 0
101601           STZ 0
101602           STZ 0
101603           STZ 0
101604           STZ 0
101605           STZ 0
101606           STZ 0
101607           STZ 0
101610           STZ 0
101611           STZ 0
101612           STZ 0
101613           STZ 0
101614           STZ 0
101615           STZ 0
101616           STZ 0
101617           STZ 0
101620           STZ 0
101621           STZ 0
101622           STZ 0
101623           STZ 0
101624           STZ 0
101625           STZ 0
101626           STZ 0
101627           STZ 0
101630           STZ 0
101631           STZ 0
101632           STZ 0
101633           STZ 0
101634           STZ 0
101635           STZ 0
101636           STZ 0
101637 HIL12:    STZ 0
101640           STZ 0
101641           STZ 0
101642           STZ 0
101643           STZ 0
101644           STZ 0
101645           STZ 0
101646           STZ 0
101647           STZ 0
101650           STZ 0
101651           STZ 0
101652           STZ 0
101653           STZ 0
101654           STZ 0
101655           STZ 0
101656           STZ 0
101657           STZ 0
101660           STZ 0
101661           STZ 0
101662           STZ 0
101663           STZ 0
101664           STZ 0
101665           STZ 0
101666           STZ 0
101667           STZ 0
101670           STZ 0
101671           STZ 0
101672           STZ 0
101673           STZ 0
101674           STZ 0
101675           STZ 0
101676           STZ 0
101677           STZ 0
101700           STZ 0
101701           STZ 0
101702           STZ 0
101703           STZ 0
101704           STZ 0
101705           STZ 0
101706           STZ 0
101707 RPAGE:    STZ 0
101710           STZ 0
101711 WPAGE:    STZ 0
101712           STZ 0
101713           STZ 0
101714 HOF13:    STZ 0
101715           STZ 0
101716           STZ 0
101717           STZ 0
101720           STZ 0
101721           STZ 0
101722           STZ 0
101723           STZ 0
101724           STZ 0
101725           STZ 0
101726           STZ 0
101727           STZ 0
101730           STZ 0
101731           STZ 0
101732           STZ 0
101733           STZ 0
101734           STZ 0
101735           STZ 0
101736           STZ 0
101737           STZ 0
101740           STZ 0
101741           STZ 0
101742           STZ 0
101743           STZ 0
101744           STZ 0
101745           STZ 0
101746           STZ 0
101747           STZ 0
101750           STZ 0
101751           STZ 0
101752           STZ 0
101753           STZ 0
101754           STZ 0
101755           STZ 0
101756           STZ 0
101757           STZ 0
101760           STZ 0
101761           STZ 0
101762 OUTLI:    STZ 0
101763           STZ 0
101764           STZ 0
101765           STZ 0
101766           STZ 0
101767           STZ 0
101770           STZ 0
101771           STZ 0
101772           STZ 0
101773           STZ 0
101774           STZ 0
101775           STZ 0
101776           STZ 0
101777           STZ 0
102000           STZ 0
102001           STZ 0
102002           STZ 0
102003           STZ 0
102004           STZ 0
102005           STZ 0
102006           STZ 0
102007           STZ 0
102010           STZ 0
102011           STZ 0
102012           STZ 0
102013           STZ 0
102014           STZ 0
102015           STZ 0
102016           STZ 0
102017           STZ 0
102020           STZ 0
102021 RDISK:    STZ 0
102022           STZ 0
102023 WDISK:    STZ 0
102024           STZ 0
102025           STZ 0
102026           STZ 0
102027           STZ 0
102030           STZ 0
102031           STZ 0
102032           STZ 0
102033           STZ 0
102034           STZ 0
102035 HOL13:    STZ 0
102036           STZ 0
102037           STZ 0
102040 X5LIN:    STZ 0
102041           STZ 0
102042 DEFSH:    STZ 0
102043 XALIN:    STZ 0
102044           STZ 0
102045           STZ 0
102046 DEFHI:    STZ 0
102047           STZ 0
102050           STZ 0
102051           STZ 0
102052           STZ 0
102053           STZ 0
102054           STZ 0
102055           STZ 0
102056 HIF13:    STZ 0
102057           STZ 0
102060           STZ 0
102061           STZ 0
102062           STZ 0
102063           STZ 0
102064           STZ 0
102065           STZ 0
102066           STZ 0
102067           STZ 0
102070           STZ 0
102071           STZ 0
102072           STZ 0
102073           STZ 0
102074           STZ 0
102075           STZ 0
102076           STZ 0
102077           STZ 0
102100           STZ 0
102101           STZ 0
102102           STZ 0
102103           STZ 0
102104           STZ 0
102105           STZ 0
102106           STZ 0
102107           STZ 0
102110           STZ 0
102111           STZ 0
102112           STZ 0
102113           STZ 0
102114           STZ 0
102115           STZ 0
102116           STZ 0
102117           STZ 0
102120           STZ 0
102121           STZ 0
102122           STZ 0
102123           STZ 0
102124           STZ 0
102125           STZ 0
102126           STZ 0
102127           STZ 0
102130 RFILE:    STZ 0
102131           STZ 0
102132 WFILE:    STZ 0
102133           STZ 0
102134           STZ 0
102135           STZ 0
102136           STZ 0
102137           STZ 0
102140           STZ 0
102141           STZ 0
102142           STZ 0
102143           STZ 0
102144           STZ 0
102145           STZ 0
102146           STZ 0
102147           STZ 0
102150           STZ 0
102151           STZ 0
102152           STZ 0
102153           STZ 0
102154           STZ 0
102155           STZ 0
102156           STZ 0
102157           STZ 0
102160           STZ 0
102161           STZ 0
102162           STZ 0
102163           STZ 0
102164 INTCH:    STZ 0
102165           STZ 0
102166           STZ 0
102167           STZ 0
102170           STZ 0
102171           STZ 0
102172           STZ 0
102173           STZ 0
102174           STZ 0
102175           STZ 0
102176           STZ 0
102177           STZ 0
102200           STZ 0
102201           STZ 0
102202           STZ 0
102203           STZ 0
102204           STZ 0
102205           STZ 0
102206 HIL13:    STZ 0
102207           STZ 0
102210           STZ 0
102211           STZ 0
102212           STZ 0
102213           STZ 0
102214           STZ 0
102215           STZ 0
102216           STZ 0
102217           STZ 0
102220           STZ 0
102221           STZ 0
102222 STAHI:    STZ 0
102223 MODUT:    STZ 0
102224           STZ 0
102225           STZ 0
102226 STOHI:    STZ 0
102227           STZ 0
102230           STZ 0
102231           STZ 0
102232           STZ 0
102233           STZ 0
102234           STZ 0
102235           STZ 0
102236           STZ 0
102237           STZ 0
102240           STZ 0
102241           STZ 0
102242           STZ 0
102243           STZ 0
102244           STZ 0
102245           STZ 0
102246           STZ 0
102247           STZ 0
102250           STZ 0
102251           STZ 0
102252           STZ 0
102253           STZ 0
102254           STZ 0
102255           STZ 0
102256           STZ 0
102257           STZ 0
102260           STZ 0
102261           STZ 0
102262           STZ 0
102263 HOF14:    STZ 0
102264           STZ 0
102265 EDTRM:    STZ 0
102266           STZ 0
102267           STZ 0
102270           STZ 0
102271           STZ 0
102272           STZ 0
102273           STZ 0
102274           STZ 0
102275           STZ 0
102276 PRHIS:    STZ 0
102277           STZ 0
102300           STZ 0
102301           STZ 0
102302           STZ 0
102303           STZ 0
102304           STZ 0
102305           STZ 0
102306           STZ 0
102307 HODIN:    STZ 0
102310 HODI1:    STZ 0
102311           STZ 0
102312           STZ 0
102313           STZ 0
102314           STZ 0
102315           STZ 0
102316           STZ 0
102317           STZ 0
102320 XPRHI:    STZ 0
102321           STZ 0
102322           STZ 0
102323           STZ 0
102324           STZ 0
102325           STZ 0
102326           STZ 0
102327           STZ 0
102330           STZ 0
102331           STZ 0
102332           STZ 0
102333           STZ 0
102334           STZ 0
102335           STZ 0
102336           STZ 0
102337           STZ 0
102340           STZ 0
102341           STZ 0
102342           STZ 0
102343           STZ 0
102344           STZ 0
102345           STZ 0
102346           STZ 0
102347           STZ 0
102350           STZ 0
102351           STZ 0
102352           STZ 0
102353           STZ 0
102354           STZ 0
102355           STZ 0
102356           STZ 0
102357           STZ 0
102360           STZ 0
102361           STZ 0
102362           STZ 0
102363 MPASE:    STZ 0
102364           STZ 0
102365 MPAGE:    STZ 0
102366           STZ 0
102367           STZ 0
102370           STZ 0
102371           STZ 0
102372           STZ 0
102373           STZ 0
102374           STZ 0
102375           STZ 0
102376           STZ 0
102377           STZ 0
102400           STZ 0
102401           STZ 0
102402           STZ 0
102403           STZ 0
102404 HOL14:    STZ 0
102405           STZ 0
102406           STZ 0
102407           STZ 0
102410           STZ 0
102411           STZ 0
102412           STZ 0
102413 RERRP:    STZ 0
102414           STZ 0
102415           STZ 0
102416           STZ 0
102417           STZ 0
102420           STZ 0
102421           STZ 0
102422           STZ 0
102423           STZ 0
102424           STZ 0
102425 HIF14:    STZ 0
102426           STZ 0
102427           STZ 0
102430           STZ 0
102431           STZ 0
102432           STZ 0
102433           STZ 0
102434           STZ 0
102435           STZ 0
102436           STZ 0
102437           STZ 0
102440           STZ 0
102441           STZ 0
102442           STZ 0
102443           STZ 0
102444           STZ 0
102445           STZ 0
102446           STZ 0
102447           STZ 0
102450           STZ 0
102451           STZ 0
102452           STZ 0
102453 MSG:      STZ 0
102454           STZ 0
102455           STZ 0
102456           STZ 0
102457           STZ 0
102460           STZ 0
102461           STZ 0
102462           STZ 0
102463           STZ 0
102464           STZ 0
102465           STZ 0
102466           STZ 0
102467           STZ 0
102470           STZ 0
102471           STZ 0
102472           STZ 0
102473           STZ 0
102474           STZ 0
102475           STZ 0
102476           STZ 0
102477           STZ 0
102500           STZ 0
102501           STZ 0
102502           STZ 0
102503           STZ 0
102504           STZ 0
102505           STZ 0
102506           STZ 0
102507           STZ 0
102510           STZ 0
102511           STZ 0
102512           STZ 0
102513           STZ 0
102514           STZ 0
102515           STZ 0
102516           STZ 0
102517 FGET:     STZ 0
102520           STZ 0
102521           STZ 0
102522           STZ 0
102523           STZ 0
102524           STZ 0
102525 GERDV:    STZ 0
102526           STZ 0
102527           STZ 0
102530           STZ 0
102531           STZ 0
102532           STZ 0
102533           STZ 0
102534           STZ 0
102535           STZ 0
102536           STZ 0
102537           STZ 0
102540           STZ 0
102541           STZ 0
102542           STZ 0
102543           STZ 0
102544           STZ 0
102545           STZ 0
102546           STZ 0
102547           STZ 0
102550           STZ 0
102551           STZ 0
102552           STZ 0
102553           STZ 0
102554           STZ 0
102555 MODE:     STZ 0
102556           STZ 0
102557           STZ 0
102560           STZ 0
102561           STZ 0
102562           STZ 0
102563           STZ 0
102564           STZ 0
102565           STZ 0
102566 XTLX:     STZ 0
102567           STZ 0
102570           STZ 0
102571           STZ 0
102572           STZ 0
102573           STZ 0
102574           STZ 0
102575           STZ 0
102576           STZ 0
102577           STZ 0
102600           STZ 0
102601           STZ 0
102602           STZ 0
102603           STZ 0
102604           STZ 0
102605           STZ 0
102606           STZ 0
102607           STZ 0
102610           STZ 0
102611           STZ 0
102612           STZ 0
102613           STZ 0
102614           STZ 0
102615           STZ 0
102616           STZ 0
102617           STZ 0
102620           STZ 0
102621 SEMPI:    STZ 0
102622           STZ 0
102623           STZ 0
102624           STZ 0
102625 FPUT:     STZ 0
102626           STZ 0
102627           STZ 0
102630           STZ 0
102631           STZ 0
102632           STZ 0
102633           STZ 0
102634           STZ 0
102635           STZ 0
102636           STZ 0
102637           STZ 0
102640           STZ 0
102641           STZ 0
102642           STZ 0
102643           STZ 0
102644           STZ 0
102645           STZ 0
102646           STZ 0
102647           STZ 0
102650           STZ 0
102651           STZ 0
102652           STZ 0
102653           STZ 0
102654           STZ 0
102655           STZ 0
102656           STZ 0
102657           STZ 0
102660           STZ 0
102661           STZ 0
102662           STZ 0
102663           STZ 0
102664           STZ 0
102665           STZ 0
102666 PIO01:    STZ 0
102667           STZ 0
102670           STZ 0
102671           STZ 0
102672           STZ 0
102673           STZ 0
102674           STZ 0
102675           STZ 0
102676           STZ 0
102677           STZ 0
102700           STZ 0
102701           STZ 0
102702           STZ 0
102703           STZ 0
102704           STZ 0
102705           STZ 0
102706           STZ 0
102707           STZ 0
102710           STZ 0
102711           STZ 0
102712           STZ 0
102713           STZ 0
102714           STZ 0
102715           STZ 0
102716           STZ 0
102717           STZ 0
102720           STZ 0
102721           STZ 0
102722           STZ 0
102723 EXHEN:    STZ 0
102724           STZ 0
102725           STZ 0
102726           STZ 0
102727           STZ 0
102730           STZ 0
102731           STZ 0
102732           STZ 0
102733           STZ 0
102734           STZ 0
102735           STZ 0
102736           STZ 0
102737 Z0PHY:    STZ 0
102740           STZ 0
102741           STZ 0
102742           STZ 0
102743           STZ 0
102744           STZ 0
102745           STZ 0
102746           STZ 0
102747           STZ 0
102750           STZ 0
102751           STZ 0
102752           STZ 0
102753           STZ 0
102754 LOGDI:    STZ 0
102755           STZ 0
102756           STZ 0
102757           STZ 0
102760           STZ 0
102761           STZ 0
102762           STZ 0
102763           STZ 0
102764           STZ 0
102765           STZ 0
102766           STZ 0
102767           STZ 0
102770           STZ 0
102771           STZ 0
102772           STZ 0
102773           STZ 0
102774           STZ 0
102775           STZ 0
102776           STZ 0
102777           STZ 0
103000           STZ 0
103001           STZ 0
103002           STZ 0
103003           STZ 0
103004 PIO02:    STZ 0
103005           STZ 0
103006           STZ 0
103007           STZ 0
103010           STZ 0
103011           STZ 0
103012           STZ 0
103013           STZ 0
103014           STZ 0
103015           STZ 0
103016           STZ 0
103017           STZ 0
103020           STZ 0
103021           STZ 0
103022           STZ 0
103023           STZ 0
103024 Z0USR:    STZ 0
103025           STZ 0
103026 DOPEN:    STZ 0
103027           STZ 0
103030           STZ 0
103031 SCROP:    STZ 0
103032           STZ 0
103033           STZ 0
103034 OPFIL:    STZ 0
103035           STZ 0
103036           STZ 0
103037 OLDOP:    STZ 0
103040           STZ 0
103041           STZ 0
103042           STZ 0
103043           STZ 0
103044           STZ 0
103045           STZ 0
103046           STZ 0
103047 BATCH:    STZ 0
103050           STZ 0
103051           STZ 0
103052           STZ 0
103053           STZ 0
103054           STZ 0
103055           STZ 0
103056           STZ 0
103057           STZ 0
103060           STZ 0
103061           STZ 0
103062           STZ 0
103063           STZ 0
103064           STZ 0
103065           STZ 0
103066           STZ 0
103067           STZ 0
103070           STZ 0
103071           STZ 0
103072           STZ 0
103073           STZ 0
103074           STZ 0
103075           STZ 0
103076           STZ 0
103077           STZ 0
103100           STZ 0
103101           STZ 0
103102           STZ 0
103103           STZ 0
103104           STZ 0
103105           STZ 0
103106           STZ 0
103107           STZ 0
103110           STZ 0
103111           STZ 0
103112 HDLC:     STZ 0
103113           STZ 0
103114           STZ 0
103115           STZ 0
103116           STZ 0
103117           STZ 0
103120           STZ 0
103121           STZ 0
103122 PIO03:    STZ 0
103123           STZ 0
103124           STZ 0
103125           STZ 0
103126           STZ 0
103127           STZ 0
103130           STZ 0
103131           STZ 0
103132           STZ 0
103133           STZ 0
103134           STZ 0
103135           STZ 0
103136           STZ 0
103137           STZ 0
103140           STZ 0
103141           STZ 0
103142           STZ 0
103143           STZ 0
103144           STZ 0
103145           STZ 0
103146           STZ 0
103147           STZ 0
103150           STZ 0
103151           STZ 0
103152           STZ 0
103153           STZ 0
103154           STZ 0
103155           STZ 0
103156           STZ 0
103157           STZ 0
103160           STZ 0
103161           STZ 0
103162           STZ 0
103163           STZ 0
103164           STZ 0
103165           STZ 0
103166           STZ 0
103167           STZ 0
103170           STZ 0
103171           STZ 0
103172           STZ 0
103173           STZ 0
103174           STZ 0
103175           STZ 0
103176           STZ 0
103177           STZ 0
103200           STZ 0
103201           STZ 0
103202           STZ 0
103203           STZ 0
103204           STZ 0
103205           STZ 0
103206           STZ 0
103207           STZ 0
103210           STZ 0
103211           STZ 0
103212           STZ 0
103213           STZ 0
103214           STZ 0
103215           STZ 0
103216           STZ 0
103217           STZ 0
103220           STZ 0
103221           STZ 0
103222           STZ 0
103223           STZ 0
103224           STZ 0
103225           STZ 0
103226           STZ 0
103227           STZ 0
103230           STZ 0
103231           STZ 0
103232           STZ 0
103233           STZ 0
103234           STZ 0
103235           STZ 0
103236           STZ 0
103237           STZ 0
103240 PIO04:    STZ 0
103241           STZ 0
103242           STZ 0
103243           STZ 0
103244           STZ 0
103245           STZ 0
103246           STZ 0
103247           STZ 0
103250           STZ 0
103251           STZ 0
103252           STZ 0
103253 MODXX:    STZ 0
103254           STZ 0
103255           STZ 0
103256           STZ 0
103257           STZ 0
103260           STZ 0
103261           STZ 0
103262           STZ 0
103263           STZ 0
103264           STZ 0
103265           STZ 0
103266           STZ 0
103267 HODUT:    STZ 0
103270 CHFTR:    STZ 0
103271           STZ 0
103272           STZ 0
103273           STZ 0
103274           STZ 0
103275           STZ 0
103276           STZ 0
103277           STZ 0
103300           STZ 0
103301           STZ 0
103302           STZ 0
103303           STZ 0
103304           STZ 0
103305           STZ 0
103306           STZ 0
103307           STZ 0
103310           STZ 0
103311           STZ 0
103312           STZ 0
103313           STZ 0
103314           STZ 0
103315           STZ 0
103316           STZ 0
103317           STZ 0
103320           STZ 0
103321           STZ 0
103322           STZ 0
103323           STZ 0
103324           STZ 0
103325           STZ 0
103326           STZ 0
103327           STZ 0
103330           STZ 0
103331           STZ 0
103332           STZ 0
103333           STZ 0
103334           STZ 0
103335 APREB:    STZ 0
103336           STZ 0
103337           STZ 0
103340           STZ 0
103341           STZ 0
103342 PZCRA:    STZ 0
103343           STZ 0
103344           STZ 0
103345           STZ 0
103346           STZ 0
103347           STZ 0
103350 BCLOS:    STZ 0
103351           STZ 0
103352           STZ 0
103353 SPERM:    STZ 0
103354 APPBA:    STZ 0
103355 CLOFI:    STZ 0
103356 ETRN1:    STZ 0
103357           STZ 0
103360 HDMOD:    STZ 0
103361           STZ 0
103362           STZ 0
103363           STZ 0
103364           STZ 0
103365           STZ 0
103366           STZ 0
103367           STZ 0
103370           STZ 0
103371           STZ 0
103372           STZ 0
103373           STZ 0
103374 HDTM2:    STZ 0
103375           STZ 0
103376           STZ 0
103377 HDTM3:    STZ 0
103400           STZ 0
103401           STZ 0
103402           STZ 0
103403           STZ 0
103404 ZBINI:    STZ 0
103405           STZ 0
103406           STZ 0
103407           STZ 0
103410           STZ 0
103411           STZ 0
103412           STZ 0
103413           STZ 0
103414           STZ 0
103415           STZ 0
103416           STZ 0
103417 SETUP:    STZ 0
103420           STZ 0
103421           STZ 0
103422           STZ 0
103423           STZ 0
103424           STZ 0
103425           STZ 0
103426           STZ 0
103427           STZ 0
103430           STZ 0
103431           STZ 0
103432 XAPPB:    STZ 0
103433           STZ 0
103434           STZ 0
103435           STZ 0
103436           STZ 0
103437           STZ 0
103440           STZ 0
103441           STZ 0
103442           STZ 0
103443 ZBGET:    STZ 0
103444           STZ 0
103445           STZ 0
103446           STZ 0
103447           STZ 0
103450           STZ 0
103451           STZ 0
103452           STZ 0
103453           STZ 0
103454           STZ 0
103455           STZ 0
103456           STZ 0
103457           STZ 0
103460           STZ 0
103461           STZ 0
103462           STZ 0
103463 WCI:      STZ 0
103464           STZ 0
103465           STZ 0
103466 PQMT1:    STZ 0
103467           STZ 0
103470           STZ 0
103471           STZ 0
103472           STZ 0
103473           STZ 0
103474           STZ 0
103475           STZ 0
103476           STZ 0
103477           STZ 0
103500           STZ 0
103501           STZ 0
103502           STZ 0
103503 ETRN2:    STZ 0
103504           STZ 0
103505           STZ 0
103506           STZ 0
103507           STZ 0
103510           STZ 0
103511           STZ 0
103512           STZ 0
103513           STZ 0
103514           STZ 0
103515           STZ 0
103516           STZ 0
103517           STZ 0
103520           STZ 0
103521           STZ 0
103522           STZ 0
103523           STZ 0
103524           STZ 0
103525           STZ 0
103526           STZ 0
103527           STZ 0
103530           STZ 0
103531           STZ 0
103532           STZ 0
103533 ZBREL:    STZ 0
103534           STZ 0
103535           STZ 0
103536           STZ 0
103537           STZ 0
103540           STZ 0
103541           STZ 0
103542           STZ 0
103543           STZ 0
103544           STZ 0
103545           STZ 0
103546           STZ 0
103547           STZ 0
103550           STZ 0
103551 HDMID:    STZ 0
103552           STZ 0
103553           STZ 0
103554           STZ 0
103555           STZ 0
103556           STZ 0
103557           STZ 0
103560           STZ 0
103561           STZ 0
103562           STZ 0
103563           STZ 0
103564           STZ 0
103565           STZ 0
103566           STZ 0
103567           STZ 0
103570           STZ 0
103571           STZ 0
103572           STZ 0
103573           STZ 0
103574           STZ 0
103575           STZ 0
103576           STZ 0
103577           STZ 0
103600           STZ 0
103601           STZ 0
103602 SETW:     STZ 0
103603           STZ 0
103604           STZ 0
103605           STZ 0
103606           STZ 0
103607           STZ 0
103610           STZ 0
103611           STZ 0
103612           STZ 0
103613 PQMT2:    STZ 0
103614           STZ 0
103615           STZ 0
103616           STZ 0
103617           STZ 0
103620           STZ 0
103621           STZ 0
103622           STZ 0
103623           STZ 0
103624           STZ 0
103625           STZ 0
103626           STZ 0
103627 SIM2O:    STZ 0
103630 ETRN3:    STZ 0
103631           STZ 0
103632           STZ 0
103633           STZ 0
103634           STZ 0
103635           STZ 0
103636 HDSTA:    STZ 0
103637 FALSE:    STZ 0
103640           STZ 0
103641           STZ 0
103642           STZ 0
103643           STZ 0
103644           STZ 0
103645           STZ 0
103646           STZ 0
103647           STZ 0
103650           STZ 0
103651           STZ 0
103652           STZ 0
103653           STZ 0
103654           STZ 0
103655           STZ 0
103656           STZ 0
103657 CHIOP:    STZ 0
103660           STZ 0
103661           STZ 0
103662           STZ 0
103663           STZ 0
103664           STZ 0
103665           STZ 0
103666           STZ 0
103667           STZ 0
103670           STZ 0
103671           STZ 0
103672           STZ 0
103673           STZ 0
103674           STZ 0
103675 MAPSI:    STZ 0
103676           STZ 0
103677           STZ 0
103700           STZ 0
103701           STZ 0
103702           STZ 0
103703 BACKX:    STZ 0
103704           STZ 0
103705           STZ 0
103706 SMAX:     STZ 0
103707           STZ 0
103710           STZ 0
103711           STZ 0
103712           STZ 0
103713           STZ 0
103714           STZ 0
103715           STZ 0
103716 XMPAT:    STZ 0
103717           STZ 0
103720 SETBY:    STZ 0
103721           STZ 0
103722           STZ 0
103723           STZ 0
103724           STZ 0
103725           STZ 0
103726           STZ 0
103727           STZ 0
103730           STZ 0
103731           STZ 0
103732           STZ 0
103733           STZ 0
103734           STZ 0
103735 SETBC:    STZ 0
103736           STZ 0
103737           STZ 0
103740 PQMT3:    STZ 0
103741           STZ 0
103742           STZ 0
103743 LTOUT:    STZ 0
103744           STZ 0
103745           STZ 0
103746           STZ 0
103747           STZ 0
103750           STZ 0
103751           STZ 0
103752 SBSIZ:    STZ 0
103753 SBYTC:    STZ 0
103754           STZ 0
103755           STZ 0
103756           STZ 0
103757 X21F1:    STZ 0
103760           STZ 0
103761           STZ 0
103762 SCRET:    STZ 0
103763           STZ 0
103764           STZ 0
103765 RACTB:    STZ 0
103766           STZ 0
103767 RMAX:     STZ 0
103770 RBYTC:    STZ 0
103771           STZ 0
103772           STZ 0
103773 DRERR:    STZ 0
103774           STZ 0
103775           STZ 0
103776           STZ 0
103777           STZ 0
104000           STZ 0
104001           STZ 0
104002           STZ 0
104003           STZ 0
104004           STZ 0
104005 REABT:    STZ 0
104006           STZ 0
104007           STZ 0
104010           STZ 0
104011           STZ 0
104012           STZ 0
104013           STZ 0
104014           STZ 0
104015           STZ 0
104016 LIBAT:    STZ 0
104017           STZ 0
104020           STZ 0
104021           STZ 0
104022           STZ 0
104023           STZ 0
104024           STZ 0
104025           STZ 0
104026           STZ 0
104027           STZ 0
104030           STZ 0
104031           STZ 0
104032           STZ 0
104033           STZ 0
104034           STZ 0
104035 MROBJ:    STZ 0
104036 XSSDA:    STZ 0
104037 DROBJ:    STZ 0
104040           STZ 0
104041           STZ 0
104042           STZ 0
104043           STZ 0
104044           STZ 0
104045           STZ 0
104046           STZ 0
104047           STZ 0
104050           STZ 0
104051           STZ 0
104052           STZ 0
104053           STZ 0
104054           STZ 0
104055           STZ 0
104056           STZ 0
104057           STZ 0
104060           STZ 0
104061           STZ 0
104062           STZ 0
104063           STZ 0
104064           STZ 0
104065           STZ 0
104066           STZ 0
104067           STZ 0
104070           STZ 0
104071           STZ 0
104072           STZ 0
104073           STZ 0
104074           STZ 0
104075           STZ 0
104076           STZ 0
104077           STZ 0
104100           STZ 0
104101           STZ 0
104102           STZ 0
104103           STZ 0
104104           STZ 0
104105           STZ 0
104106           STZ 0
104107           STZ 0
104110           STZ 0
104111           STZ 0
104112           STZ 0
104113           STZ 0
104114           STZ 0
104115           STZ 0
104116           STZ 0
104117           STZ 0
104120           STZ 0
104121           STZ 0
104122           STZ 0
104123 LIREQ:    STZ 0
104124           STZ 0
104125           STZ 0
104126 X21F2:    STZ 0
104127           STZ 0
104130           STZ 0
104131           STZ 0
104132           STZ 0
104133           STZ 0
104134           STZ 0
104135           STZ 0
104136           STZ 0
104137           STZ 0
104140           STZ 0
104141           STZ 0
104142           STZ 0
104143           STZ 0
104144 LIBQU:    STZ 0
104145           STZ 0
104146           STZ 0
104147           STZ 0
104150           STZ 0
104151           STZ 0
104152           STZ 0
104153           STZ 0
104154           STZ 0
104155           STZ 0
104156           STZ 0
104157           STZ 0
104160           STZ 0
104161           STZ 0
104162           STZ 0
104163           STZ 0
104164           STZ 0
104165           STZ 0
104166           STZ 0
104167           STZ 0
104170           STZ 0
104171           STZ 0
104172           STZ 0
104173           STZ 0
104174           STZ 0
104175           STZ 0
104176           STZ 0
104177           STZ 0
104200           STZ 0
104201           STZ 0
104202           STZ 0
104203           STZ 0
104204           STZ 0
104205           STZ 0
104206           STZ 0
104207           STZ 0
104210           STZ 0
104211           STZ 0
104212           STZ 0
104213           STZ 0
104214           STZ 0
104215           STZ 0
104216           STZ 0
104217           STZ 0
104220           STZ 0
104221 MSIBB:    STZ 0
104222           STZ 0
104223           STZ 0
104224           STZ 0
104225           STZ 0
104226           STZ 0
104227           STZ 0
104230           STZ 0
104231           STZ 0
104232           STZ 0
104233 HOINT:    STZ 0
104234           STZ 0
104235           STZ 0
104236           STZ 0
104237           STZ 0
104240           STZ 0
104241           STZ 0
104242           STZ 0
104243           STZ 0
104244           STZ 0
104245           STZ 0
104246           STZ 0
104247           STZ 0
104250           STZ 0
104251           STZ 0
104252           STZ 0
104253           STZ 0
104254           STZ 0
104255           STZ 0
104256           STZ 0
104257           STZ 0
104260           STZ 0
104261           STZ 0
104262           STZ 0
104263           STZ 0
104264           STZ 0
104265           STZ 0
104266           STZ 0
104267           STZ 0
104270           STZ 0
104271           STZ 0
104272           STZ 0
104273           STZ 0
104274           STZ 0
104275           STZ 0
104276           STZ 0
104277           STZ 0
104300           STZ 0
104301           STZ 0
104302           STZ 0
104303           STZ 0
104304 IDHM1:    STZ 0
104305           STZ 0
104306           STZ 0
104307           STZ 0
104310           STZ 0
104311           STZ 0
104312           STZ 0
104313           STZ 0
104314           STZ 0
104315 TISIB:    STZ 0
104316           STZ 0
104317 POFTO:    STZ 0
104320           STZ 0
104321           STZ 0
104322 DELBE:    STZ 0
104323           STZ 0
104324           STZ 0
104325           STZ 0
104326           STZ 0
104327           STZ 0
104330           STZ 0
104331 XSSND:    STZ 0
104332           STZ 0
104333           STZ 0
104334           STZ 0
104335           STZ 0
104336           STZ 0
104337           STZ 0
104340           STZ 0
104341           STZ 0
104342           STZ 0
104343           STZ 0
104344           STZ 0
104345 DELRE:    STZ 0
104346           STZ 0
104347 UDHM1:    STZ 0
104350           STZ 0
104351           STZ 0
104352           STZ 0
104353           STZ 0
104354           STZ 0
104355 CUIDX:    STZ 0
104356           STZ 0
104357           STZ 0
104360           STZ 0
104361           STZ 0
104362           STZ 0
104363           STZ 0
104364           STZ 0
104365           STZ 0
104366           STZ 0
104367           STZ 0
104370           STZ 0
104371 HDREC:    STZ 0
104372           STZ 0
104373           STZ 0
104374           STZ 0
104375           STZ 0
104376           STZ 0
104377           STZ 0
104400           STZ 0
104401           STZ 0
104402           STZ 0
104403           STZ 0
104404           STZ 0
104405           STZ 0
104406           STZ 0
104407           STZ 0
104410 DWOBJ:    STZ 0
104411           STZ 0
104412           STZ 0
104413           STZ 0
104414           STZ 0
104415           STZ 0
104416           STZ 0
104417           STZ 0
104420           STZ 0
104421           STZ 0
104422           STZ 0
104423           STZ 0
104424           STZ 0
104425           STZ 0
104426           STZ 0
104427           STZ 0
104430           STZ 0
104431           STZ 0
104432           STZ 0
104433           STZ 0
104434           STZ 0
104435           STZ 0
104436           STZ 0
104437           STZ 0
104440           STZ 0
104441           STZ 0
104442           STZ 0
104443           STZ 0
104444           STZ 0
104445           STZ 0
104446           STZ 0
104447           STZ 0
104450           STZ 0
104451           STZ 0
104452           STZ 0
104453 UDHM2:    STZ 0
104454 CCM09:    STZ 0
104455           STZ 0
104456           STZ 0
104457           STZ 0
104460           STZ 0
104461           STZ 0
104462           STZ 0
104463           STZ 0
104464           STZ 0
104465           STZ 0
104466           STZ 0
104467           STZ 0
104470           STZ 0
104471           STZ 0
104472           STZ 0
104473           STZ 0
104474           STZ 0
104475           STZ 0
104476           STZ 0
104477           STZ 0
104500           STZ 0
104501           STZ 0
104502           STZ 0
104503           STZ 0
104504           STZ 0
104505           STZ 0
104506           STZ 0
104507           STZ 0
104510           STZ 0
104511           STZ 0
104512           STZ 0
104513           STZ 0
104514 IDHM3:    STZ 0
104515           STZ 0
104516           STZ 0
104517           STZ 0
104520           STZ 0
104521           STZ 0
104522           STZ 0
104523           STZ 0
104524           STZ 0
104525           STZ 0
104526           STZ 0
104527           STZ 0
104530           STZ 0
104531           STZ 0
104532           STZ 0
104533           STZ 0
104534           STZ 0
104535           STZ 0
104536           STZ 0
104537           STZ 0
104540           STZ 0
104541           STZ 0
104542           STZ 0
104543           STZ 0
104544           STZ 0
104545           STZ 0
104546           STZ 0
104547           STZ 0
104550           STZ 0
104551           STZ 0
104552           STZ 0
104553           STZ 0
104554 BRPNT:    STZ 0
104555           STZ 0
104556           STZ 0
104557 UDHM3:    STZ 0
104560           STZ 0
104561           STZ 0
104562           STZ 0
104563           STZ 0
104564           STZ 0
104565           STZ 0
104566           STZ 0
104567           STZ 0
104570           STZ 0
104571           STZ 0
104572           STZ 0
104573           STZ 0
104574           STZ 0
104575           STZ 0
104576           STZ 0
104577           STZ 0
104600           STZ 0
104601           STZ 0
104602           STZ 0
104603           STZ 0
104604           STZ 0
104605           STZ 0
104606           STZ 0
104607           STZ 0
104610           STZ 0
104611           STZ 0
104612           STZ 0
104613           STZ 0
104614           STZ 0
104615           STZ 0
104616           STZ 0
104617           STZ 0
104620 IDHM4:    STZ 0
104621           STZ 0
104622           STZ 0
104623           STZ 0
104624           STZ 0
104625           STZ 0
104626           STZ 0
104627           STZ 0
104630           STZ 0
104631           STZ 0
104632           STZ 0
104633           STZ 0
104634           STZ 0
104635           STZ 0
104636 HIINT:    STZ 0
104637           STZ 0
104640           STZ 0
104641           STZ 0
104642           STZ 0
104643           STZ 0
104644           STZ 0
104645           STZ 0
104646           STZ 0
104647           STZ 0
104650 ABJOB:    STZ 0
104651           STZ 0
104652 CCM10:    STZ 0
104653           STZ 0
104654           STZ 0
104655           STZ 0
104656           STZ 0
104657           STZ 0
104660           STZ 0
104661           STZ 0
104662           STZ 0
104663 UDHM4:    STZ 0
104664           STZ 0
104665           STZ 0
104666           STZ 0
104667           STZ 0
104670           STZ 0
104671           STZ 0
104672           STZ 0
104673           STZ 0
104674           STZ 0
104675           STZ 0
104676           STZ 0
104677           STZ 0
104700           STZ 0
104701           STZ 0
104702           STZ 0
104703           STZ 0
104704           STZ 0
104705           STZ 0
104706           STZ 0
104707           STZ 0
104710           STZ 0
104711           STZ 0
104712           STZ 0
104713           STZ 0
104714           STZ 0
104715           STZ 0
104716           STZ 0
104717           STZ 0
104720           STZ 0
104721           STZ 0
104722           STZ 0
104723           STZ 0
104724 IDHM5:    STZ 0
104725           STZ 0
104726           STZ 0
104727 CCM11:    STZ 0
104730           STZ 0
104731           STZ 0
104732           STZ 0
104733           STZ 0
104734           STZ 0
104735           STZ 0
104736           STZ 0
104737           STZ 0
104740           STZ 0
104741           STZ 0
104742           STZ 0
104743           STZ 0
104744           STZ 0
104745 ABBA:     STZ 0
104746           STZ 0
104747           STZ 0
104750           STZ 0
104751           STZ 0
104752           STZ 0
104753           STZ 0
104754           STZ 0
104755           STZ 0
104756           STZ 0
104757           STZ 0
104760           STZ 0
104761           STZ 0
104762           STZ 0
104763           STZ 0
104764           STZ 0
104765           STZ 0
104766           STZ 0
104767 UDHM5:    STZ 0
104770           STZ 0
104771           STZ 0
104772           STZ 0
104773           STZ 0
104774           STZ 0
104775           STZ 0
104776           STZ 0
104777           STZ 0
105000           STF 0
105001 CHBAT:    BORA 170 DX
105002           MPY I ,X -126
105003           JAZ 17		; -> 105022
105004           IOF
105005           RADD CLD SX DD
105006           RADD CLD SA DX
105007           LDA ,X 13
105010 MRUSE:    JAF 7		; -> 105017
105011           LDA ,X 0
105012 MUIDI:    JAF 5		; -> 105017
105013           RADD CLD SD DX
105014 SCEDU:    STZ ,X 0
105015           ION
105016           RADD AD1 CLD SL DP
105017           ION
105020           LDA 43
105021           EXIT
105022           LDA 42
105023           EXIT
105024           STZ 0
105025           STZ 0
105026           STZ 0
105027           STZ 0
105030 IDHM6:    STZ 0
105031           IOF
105032           STX -6
105033           STF -5
105034           RADD CLD SL DA
105035           STA -10
105036           LDX ,X 0
105037           JXZ 20		; -> 105057
105040           LDT 25
105041           JPL I 25		; -> 105066
105042           JAZ 11		; -> 105053
105043           LDX -17
105044           LDX ,X 0
105045           LDT ,X 1
105046           SKP IF DA EQL ST
105047           JMP 4		; -> 105053
105050           LDA -23
105051           RADD CLD SA DL
105052           JMP -33		; -> 105017
105053           LDX -27
105054           STZ ,X 0
105055           LDA -30
105056           RADD CLD SA DL
105057           LDX -33
105060           LDF -32
105061           ION
105062           RADD AD1 CLD SL DP
105063           STF ,X ,B -135
105064           STF ,X -73
105065           STZ 24
105066           STA ,B 75
105067           SUB ,X ,B -131
105070           STZ 124
105071           RADD CLD SA DT
105072           SAA 4
105073 UDHM6:    MCL PIE
105074           RADD CLD SL DA
105075 DEBUG:    STA -6
105076           STX -6
105077           SKP IF DT UEQ 0
105100           JMP 13		; -> 105113
105101           RADD CLD ST DX
105102           LDA ,X 1
105103           LDT I 16
105104           SKP IF DA EQL ST
105105 HXST:     JMP 6		; -> 105113
105106           RADD CLD SX DB
105107           LDX I 12
105110           JPL I 12		; -> 105122  [XSHDR]
105111           LDA 12
105112           RADD CLD SA DB
105113           LDA -24
105114           RADD CLD SA DL
105115           LDX -25
105116           SAA 4
105117           MST PIE
105120           EXIT
105121           STA 7
105122 XSHDR:    STT ,B -170
105123           SWAP CM1 0 0
105124           SWAP CM1 0 0
105125           SUB I ,B 111
105126           RAND SA 0
105127           STZ 0
105130           RADD CLD SA DD
105131           IOF
105132           SWAP SB DD
105133 SMCLE:    STT -4
105134           RADD CLD SD DT
105135           STT -11
105136           RADD CLD SL DT
105137           STT -12
105140           STX -12
105141           LDX I 24
105142           JPL I 24		; -> 105166
105143           JAP 12		; -> 105155
105144           LDA -15
105145           JAF 11		; -> 105156
105146           JPL I 21		; -> 105167
105147           JPL I 21		; -> 105170
105150           JPL I 21		; -> 105171
105151           LDA 21
105152           IRW 20 DP
105153           SAA 4
105154           MST PID
105155           MIN -30
105156           LDX -30
105157           LDA -33
105160           RADD CLD SA DB
105161 CLEBA:    LDA -34
105162 UDI01:    RADD CLD SA DL
105163           ION
105164           EXIT
105165           STA 7
105166           STT ,B 163
105167           STT I 16
105170           STT ,B -20
105171           STT I -66
105172           STF ,X 34
105173           IOF
105174           LDA ,X 13
105175           JAF 5		; -> 105202
105176           LDA ,X 1
105177           BSET ONE 110 DA
105200           STA ,X 1
105201           RADD AD1 0 DL
105202           ION
105203           EXIT
105204           IOF
105205           LDA ,X 1
105206           BSET ZRO 110 DA
105207 UDO01:    STA ,X 1
105210           ION
105211           EXIT
105212           STZ 0
105213           STD I ,X -41
105214           STZ 1
105215           RADD CLD SL DD
105216           JPL I ,B -37		; -> 105157
105217           SAA 4
105220           MCL PIE
105221           RADD CLD SX DB
105222           JPL I 107		; -> 105331
105223           JMP 101		; -> 105324
105224           RADD CLD SD DA
105225           STA -11
105226           LDX 104
105227 HDSIN:    SWAP SB DX
105230           SAA 1
105231           STA -17
105232           JMP 6		; -> 105240
105233           RADD CLD SL DD
105234           JPL I ,B -37		; -> 105175
105235           SAA 4
105236           MCL PIE
105237 LIVER:    STZ -25
105240           LDT 73
105241           JPL I 73		; -> 105334
105242           JAZ 4		; -> 105246
105243           RADD CLD SA DX
105244           LDA ,X 1
105245           BSKP ZRO 110 DA
105246           JMP 56		; -> 105324
105247           RADD CLD SX DA
105250           STA -35
105251           SUB 64
105252           RADD CLD SA DD
105253           RADD CLD 0 DA
105254           SAT 26
105255           RDIV ST
105256           MPY 60
105257           ADD I 60
105260           RADD CLD SA DX
105261           LDT I 57
105262           LDATX
105263           LDT -51
105264           SKP IF DT EQL 0
105265           JMP 7		; -> 105274
105266           BSET ZRO 60 DA
105267           LDT I 51
105270 UDF01:    STATX
105271           SAA 4
105272           MST PIE
105273           JMP I ,B -36		; -> 105235
105274           BSET ONE 60 DA
105275           LDT I 43
105276           STATX
105277           LDX -64
105300           LDT -64
105301 GUSNA:    SAA 4
105302           MST PIE
105303           STX ,B -200
105304           STT ,B -177
105305           LDT ,X 12
105306           LDX 33
105307           JPL I 33		; -> 105342
105310           JMP 4		; -> 105314
105311           LDT ,B -177
105312           SKP IF DA UEQ ST
105313           JMP 7		; -> 105322
105314           LDX ,B -200
105315           SAA 4
105316           MCL PIE
105317           STZ -105
105320           RADD CLD SX DA
105321           JMP -51		; -> 105250
105322           LDX ,B -200
105323           JMP I 20		; -> 105343
105324           LDA 6
105325           RADD CLD SA DB
105326           SAA 4
105327           MST PIE
105330           JMP I ,B -36		; -> 105272
105331           STX I ,B ,X 27
105332           SWAP CM1 0 0
105333           STZ 24
105334           STA ,B 75
105335           STD I ,X -41
105336           STZ 14
105337           STA ,X ,B -153
105340 CCM12:    STA ,X ,B -154
105341           SWAP SB DD
105342           STX I 13
105343           LDD I ,B ,X 4
105344           LDT 101
105345           LDT I ,B 123
105346           LDT I ,B ,X 117
105347           LDT I 104
105350           LDF I 40
105351           STD I ,B ,X 0
105352           LDT ,X ,B 116
105353           LDA I ,B 116
105354           LDA I ,B ,X 127
105355           LDA I ,X 40
105356           LDT 122
105357 UDI02:    LDA I ,B ,X 112
105360           MIN ,X ,B 103
105361           LDT ,X 40
105362           LDT 101
105363           LDT I ,B 123
105364           LDT I ,B ,X 117
105365           LDT I 104
105366           STD I ,B ,X 0
105367           STD ,X 124
105370           LDA 105
105371           LDT I 105
105372           STD 111
105373           LDT I ,B 40
105374           LDA I ,X 117
105375           STD 125
105376           LDT I ,B 105
105377           LDT I 40
105400           STD I ,B ,X 0
105401           LDT I ,B 40
105402           STD I ,B ,X 0
105403           LDA ,B 104
105404 UDO02:    STD I ,B ,X 0
105405 OLDST:    STD 105
105406 TRASE:    LDA I ,X 124
105407           MIN ,X ,B 122
105410           MIN ,X ,B 104
105411           STD 101
105412           LDT ,X 47
105413           STD ,X 40
105414           LDD ,X ,B 55
105415           LDD ,X ,B 40
105416           LDT I ,B 111
105417           LDA I ,X 124
105420           LDT I 101
105421           LDA I ,X 40
105422           LDA ,B 111
105423           LDA ,B 40
105424           MIN I 101
105425           LDT ,X 103
105426           LDA 40
105427           LDT 122
105430           LDA I ,B ,X 103
105431           MIN ,X ,B 123
105432 GUIOI:    LDT I ,B 117
105433 RECSE:    LDT I 40
105434           LDD ,X ,B 55
105435           LDD ,X ,B 44
105436           STD ,X 40
105437           LDT ,X ,B 123
105440           MIN ,X ,B 122
105441           STD 47
105442           STD ,X 44
105443           LDA ,X ,B 101
105444           LDX 111
105445           LDA ,X ,B 125
105446           LDA ,X ,B 40
105447           LDT ,X 111
105450           LDA ,X ,B 105
105451           STD 111
105452           LDT I ,B 47
105453           STD 115
105454           LDA ,B 116
105455           LDT ,X ,B 124
105456           MIN ,X ,B 123
105457           STD ,X 47
105460           STD ,X 105
105461           LDA I ,X 124
105462           MIN ,X ,B 122
105463           STD 47
105464           STD ,X 120
105465 UDF02:    LDT I 117
105466           LDA I 105
105467           MIN I ,B 124
105470           STD 116
105471           MIN ,B 115
105472           MIN ,X ,B 72
105473           STD 47
105474           STD ,X 120
105475           LDT I 117
105476           LDA I 105
105477           MIN I ,B 124
105500           STD 120
105501           MIN ,B 123
105502           LDT I ,B 127
105503           LDA I ,B ,X 122
105504           MIN ,X 72
105505           STD 47
105506           STD 127
105507           LDA ,B 124
105510           LDA 40
105511           LDT ,X 110
105512           MIN ,X ,B 40
105513           LDT I ,B 120
105514           MIN ,X ,B 103
105515           LDA ,B 106
105516           LDA ,B 105
105517           MIN ,X 40
105520           LDT 101
105521           LDT I ,B 123
105522           LDT I ,B ,X 117
105523           LDT I 104
105524           STD ,X 47
105525 SPSTA:    STD ,X 44
105526           STD 124
105527           LDA I ,B ,X 117
105530           STD 115
105531           MIN ,B 116
105532           LDX ,B 40
105533           MIN ,B 124
105534           LDT ,X 105
105535           LDA ,X ,B 120
105536           LDT ,X 123
105537           STD 124
105540           LDA I ,B ,X 40
105541           MIN ,X ,B 116
105542           LDT ,X 105
105543           LDT I 44
105544           STD I ,B ,X 0
105545           STD 124
105546           LDA I ,B ,X 117
105547           STD 115
105550           MIN ,B 116
105551           LDX ,B 40
105552 SFACC:    MIN ,B 124
105553           LDT ,X 105
105554 UDI03:    LDA ,X ,B 120
105555 EXPFI:    LDT ,X 123
105556           STD 124
105557           LDA I ,B ,X 40
105560 CRALN:    MIN ,X ,B 116
105561           LDT ,X 105
105562 CRALF:    LDT I 40
105563           LDA I ,B ,X 116
105564           STD 124
105565           MIN ,X ,B 122
105566           LDA ,X ,B 111
105567           LDA I ,X 101
105570           LDA ,X 72
105571           STD I ,B ,X 0
105572           STD ,X 52
105573           LDD I 52
105574           LDD I 52
105575           MIN I 101
105576           LDT ,X 103
105577           LDA 40
105600           MIN ,X ,B 122
105601 UDO03:    LDT I 117
105602           LDT I 73
105603           STD 102
105604           MIN ,B 124
105605           MIN I ,B 110
105606           STD 116
105607           LDT ,X ,B 115
105610           MIN I 105
105611 X2A00:    LDT I 47
105612           STD ,X 100
105613           MIN ,X ,B 116
105614           LDT ,X 105
105615           LDT I 40
105616           MIN I ,B 117
105617           LDA ,X ,B 115
105620           MIN ,B 116
105621           MIN ,X 40
105622           LDA I ,X 117
105623           LDT ,X 40
105624           MIN I ,X 111
105625           LDT I 123
105626           LDT ,X 40
105627           MIN I ,B 117
105630           LDA ,X ,B 115
105631 X2A02:    MIN ,B 116
105632           MIN ,X 44
105633           LDA ,B 116
105634           STD 102
105635           MIN ,B 124
105636           MIN I ,B 110
105637           LDD ,X ,B 111
105640           LDA I ,X 120
105641           LDT ,X ,B 124
105642           STD 106
105643           LDA ,B 114
105644           MIN ,X ,B 72
105645           STD 47
105646           STD ,X 125
105647           LDT I ,B 105
105650           LDT I 123
105651 X2A05:    STD 127
105652           LDA ,B 124
105653           LDA 117
105654           LDT ,X ,B 124
105655           STD 120
105656           MIN ,B 123
105657           LDT I ,B 127
105660           LDA I ,B ,X 122
105661           MIN ,X 40
105662 UDF03:    MIN ,B 122
105663           MIN ,X ,B 40
105664           LDA I ,X 117
105665           LDT ,X 40
105666           MIN ,B 114
105667           LDA ,X 117
105670           LDT I ,B ,X 105
105671 X2A10:    MIN ,X 40
105672           LDT ,X 117
105673           STD 114
105674           LDA I ,B ,X 107
105675           STD 111
105676           LDA I ,X 44
105677           STD ,X 47
105700           STD ,X 102
105701           MIN ,B 124
105702           MIN I ,B 110
105703           LDD ,X ,B 111
105704           LDA I ,X 120
105705           LDT ,X ,B 124
105706           STD 106
105707           LDA ,B 114
105710           MIN ,X ,B 72
105711 X2A11:    STD 47
105712           STD ,X 122
105713           MIN ,X ,B 115
105714           MIN ,X ,B 115
105715           MIN I 105
105716           LDT I 40
105717           LDT ,X 117
105720 CMMCL:    STD 104
105721           MIN ,X ,B 106
105722           LDA ,B 116
105723           MIN ,X ,B 40
105724           MIN ,B 40
105725           LDT 101
105726           LDT I ,B 123
105727           LDT I ,B ,X 117
105730           LDT I 104
105731 X2A12:    STD 102
105732           MIN ,X ,B 106
105733           LDA I ,B ,X 122
105734           MIN ,X ,B 40
105735           LDA ,X 117
105736           MIN I ,B ,X 107
105737           LDA ,B 116
105740           MIN I ,B ,X 40
105741           LDA I ,B ,X 125
105742           LDT ,X 44
105743           STD ,X 47
105744           LDA I ,X 117
105745           STD 125
105746           LDT I ,B 105
105747           LDT I 47
105750           STD ,X 116
105751 UDI04:    LDA I ,B ,X 40
105752           LDT I ,B 103
105753           LDT I 101
105754           LDT ,X 103
105755           LDA 40
105756           MIN I ,X 111
105757           LDA ,X 105
105760           STD I ,B ,X 0
105761           LDT ,X ,B 123
105762           MIN ,X ,B 122
105763           STD 125
105764           LDT I ,B 105
105765           LDT I 55
105766           MIN ,X ,B 116
105767           LDT I ,X 111
105770           LDT I 117
105771 X2ATL:    LDA I ,X 115
105772           MIN ,X ,B 116
105773           LDT ,X 40
105774           MIN ,X 117
105775           MIN ,X ,B 123
105776 UDO04:    STD 116
105777           LDA I ,B ,X 124
106000           STD 105
106001           LDX 111
106002           LDT I ,B 124
106003           STD ,X 47
106004           LDT ,X ,B 105
106005           LDD ,X ,B 114
106006           LDA I ,B ,X 107
106007           LDA ,B 116
106010           STD 120
106011 X2PAT:    LDT I 117
106012           MIN I ,B 105
106013           MIN ,X 125
106014           LDT I 105
106015           STD 111
106016           LDT I ,B 40
106017           LDA ,X ,B 111
106020           LDT I ,B 123
106021           LDA ,B 116
106022           MIN I ,B ,X 44
106023           STD I ,B ,X 0
106024           STD ,X 40
106025           MIN I 101
106026           LDT ,X 103
106027           LDA 40
106030           LDT ,X ,B 123
106031           MIN ,X ,B 122
106032           STD 114
106033           LDA I ,B ,X 107
106034           MIN I ,B ,X 105
106035           MIN ,X 40
106036           LDA I ,B ,X 125
106037           LDT ,X 40
106040           MIN ,B 124
106041           STD I ,B ,X 0
106042           STD ,X 102
106043 SETTF:    MIN ,B 124
106044           MIN I ,B 110
106045           STD 111
106046           LDA I ,X 120
106047           LDT ,X ,B 124
106050           STD 105
106051           LDT I 122
106052 STEFI:    LDA I ,B ,X 122
106053           LDF I 47
106054           STD ,X 40
106055 SPEFI:    LDD I 52
106056           LDD I 40
106057 UDF04:    MIN I 101
106060 MRNFI:    LDT ,X 103
106061           LDA 40
106062           LDA I 117
106063 MDLFI:    MIN I 40
106064           MIN ,B 102
106065           LDA I ,B ,X 122
106066           LDT ,X 105
106067           MIN ,X 40
106070           LDD I 52
106071           LDD I 44
106072           STD I ,B ,X 0
106073           STD ,X 111
106074           LDA ,X 114
106075           MIN ,X ,B 107
106076           MIN ,B 114
106077           STD 103
106100           LDA I ,B ,X 115
106101           LDA ,X ,B 101
106102           LDA I ,X 104
106103 UKPAR:    STD I ,B ,X 0
106104 UDDEV:    STD 52
106105 USUNI:    LDD I 52
106106           STD 102
106107           MIN ,B 124
106110           MIN I ,B 110
106111 X2PAF:    STD 120
106112           LDT I 117
106113           MIN I ,B 105
106114           LDT I ,B 123
106115           STD 101
106116           MIN I 117
106117 STORE:    LDT I 124
106120 EWLIM:    MIN ,X ,B 104
106121 EDIER:    STD 52
106122           LDD I 52
106123           STD ,X 47
106124           STD ,X 55
106125           LDD ,X ,B 105
106126           LDX 111
106127           LDT ,X 55
106130           LDD ,X ,B 44
106131           STD I ,B ,X 0
106132           LDA ,B 117
106133           MIN I ,X 111
106134           LDA ,X 105
106135           STD 116
106136           LDT ,X ,B 115
106137           MIN I 105
106140 CLTHI:    LDT I 40
106141           LDD 117
106142           MIN I ,B 124
106143           LDD ,B 72
106144           STD 47
106145           LDA ,B 117
106146 UDI05:    LDA ,X ,B 105
106147           LDA ,X ,B 117
106150           LDT I 131
106151           STD 101
106152           MIN ,X 104
106153           LDT I 105
106154 DFCEN:    LDT I ,B 123
106155           STD 50
106156           LDA I ,B ,X 103
106157           LDT ,X 51
106160 UKFNC:    LDF I 40
106161 UKTAG:    STD I ,B ,X 0
106162 NWTAG:    LDA ,B 117
106163 NAUT:     MIN I 114
106164 CLCNG:    LDA I ,B ,X 103
106165           LDA I ,B 40
106166           LDA I ,X 125
106167           LDA ,X ,B 102
106170 DTRER:    MIN ,X ,B 122
106171 NOVAL:    STD 50
106172 MBDCN:    LDA I ,B ,X 103
106173 ILADR:    LDT ,X 51
106174 ILDWD:    LDF I 40
106175           STD I ,B ,X 0
106176 NOMIR:    LDA ,B 117
106177           LDA I ,X 117
106200           LDD I ,X 40
106201           LDA I ,B ,X 106
106202           STD 127
106203           LDA I ,B ,X 122
106204           MIN ,X 123
106205           STD 50
106206           LDA I ,B ,X 103
106207           LDT ,X 51
106210           LDF I 40
106211           STD I ,B ,X 0
106212 RSPQE:    STD ,X 105
106213           LDT I 122
106214           LDA I ,B ,X 122
106215           STD 111
106216           LDA I ,X 40
106217           LDT I 105
106220           MIN ,X ,B 116
106221           LDT ,X 122
106222           MIN ,B 116
106223           LDT ,X 40
106224           LDT I ,B 125
106225           MIN I 123
106226           LDX ,B 123
106227           LDT ,X 105
106230           LDA ,X ,B 40
106231           LDT ,X 101
106232           MIN I 114
106233           MIN ,X ,B 44
106234           STD I ,B ,X 0
106235           STD ,X 116
106236           LDA I ,B ,X 40
106237           LDA I ,X 104
106240           LDD ,X ,B 65
106241           STF 60
106242           STD 120
106243           LDT I 117
106244           MIN I ,B 105
106245           LDT I ,B 123
106246           STD 101
106247           LDT I ,X 101
106250           LDA ,B 114
106251           MIN ,B 102
106252           LDA ,X 105
106253           STD I ,B ,X 0
106254 UDF05:    STD ,X 105
106255           LDT I 122
106256           LDA I ,B ,X 122
106257           STD 104
106260           MIN ,X ,B 124
106261           MIN ,X ,B 103
106262           LDT ,X 105
106263           MIN ,X 40
106264           LDA ,B 116
106265           STD 116
106266           MIN ,X 55
106267           STF ,X ,B 60
106270           STF 40
106271           LDT I ,B 131
106272           LDT I ,B 124
106273           MIN ,X ,B 115
106274 X2NEW:    LDD ,X 40
106275 X2OLD:    MIN ,X ,B 122
106276           LDT I 117
106277           LDT I 40
106300           MIN I ,B 117
106301 X212S:    MIN ,X 105
106302           LDF I 47
106303           LDT I ,B 40
106304           LDT I ,B 125
106305           MIN I 123
106306           LDX ,B 123
106307 APSPF:    LDT ,X 105
106310           LDA ,X ,B 40
106311           LDA I ,X 101
106312 X213S:    LDA ,X ,B 105
106313           LDF I 40
106314           STD I ,B ,X 0
106315           STD ,X 103
106316           LDA I ,B ,X 115
106317           LDA ,X ,B 101
106320           LDA I ,X 104
106321           STD 111
106322           LDA ,X 114
106323           MIN ,X ,B 107
106324           MIN ,B 114
106325           STD 127
106326           LDA 105
106327           LDA I ,X 40
106330           MIN I ,B 125
106331           LDT I 122
106332           MIN ,X ,B 116
106333           LDT ,X 40
106334           LDT 122
106335           LDA I ,B ,X 107
106336           LDT I 101
106337           LDA ,X ,B 40
106340           LDA ,B 123
106341           STD 101
106342           LDA I ,X 40
106343 UDI06:    LDA I ,X 104
106344           LDD ,X ,B 65
106345           STF 60
106346           STD 120
106347           LDT I 117
106350           MIN I ,B ,X 122
106351           MIN ,B 115
106352           STD ,X 47
106353           MIN I ,B 110
106354           MIN ,X ,B 103
106355           LDA I ,B 123
106356           LDT ,X ,B 115
106357           STD 105
106360           LDT I 122
106361           LDA I ,B ,X 122
106362           STD I ,B ,X 0
106363           LDT I ,B 40
106364           LDT ,X 117
106365 UESUS:    STD 104
106366           MIN ,X ,B 126
106367           LDA ,B 103
106370 UDO06:    MIN ,X ,B 72
106371           STD 47
106372           LDT I ,B 40
106373           MIN I ,X 122
106374           LDA I ,B ,X 115
106375           STD 104
106376           MIN ,X ,B 126
106377 SUSCN:    LDA ,B 103
106400 X2SND:    MIN ,X ,B 72
106401           STD 47
106402           LDA ,B 114
106403           LDA ,X 105
106404           MIN I ,B ,X 101
106405           LDA ,X 40
106406           LDT I ,B 105
106407           MIN I ,B ,X 115
106410           MIN ,X ,B 116
106411           LDT ,X 40
106412           LDA I ,X 125
106413           LDA ,X ,B 102
106414           MIN ,X ,B 122
106415           STD I ,B ,X 0
106416           STD 110
106417           LDA I ,B ,X 125
106420           LDT I 123
106421           STD I ,B ,X 0
106422 X21PG:    STD 115
106423           LDA ,B 116
106424           LDT I ,B 47
106425           STD 123
106426           MIN ,X ,B 103
106427           LDT I ,B 47
106430           LDA ,B 104
106431           LDA ,X 117
106432           MIN I ,B ,X 111
106433           MIN I ,B 101
106434           LDA ,X 40
106435           LDT ,X ,B 116
106436           LDA ,B 124
106437           STD 116
106440           LDT ,X ,B 115
106441           MIN I 105
106442           LDT I 72
106443           STD 47
106444           LDA ,B 117
106445 X2SSS:    LDA ,B 116
106446           LDT 125
106447           LDT ,X 57
106450           LDA I ,B ,X 125
106451 UDF06:    LDT ,X 120
106452           LDT ,X ,B 124
106453           LDD 60
106454           STD 117
106455           LDT I 40
106456           STF ,B 51
106457           LDF I 40
106460           STD I ,B ,X 0
106461           LDT I 105
106462           LDT I ,B 105
106463           LDT I 126
106464           MIN ,X ,B 104
106465 MLOGI:    STD 102
106466           LDX ,B 72
106467           STD 47
106470           LDT I ,B ,X 101
106471           LDA ,B 124
106472           LDA ,B 116
106473           MIN I ,B ,X 40
106474           LDT I 124
106475           LDD ,X ,B 120
106476           LDT I 117
106477           MIN I ,B ,X 122
106500           MIN ,B 115
106501           LDT I ,B 72
106502           STD ,X 47
106503           LDA I ,X 117
106504           LDT ,X 40
106505           LDT I 105
106506           LDT I ,B 105
106507           LDT I 126
106510 X32ST:    MIN ,X ,B 104
106511           STD I ,B ,X 0
106512 DTGP0:    LDA I ,X 117
106513           STD 123
106514           LDT ,X ,B 103
106515           LDA 40
106516           MIN ,X 105
106517           LDT I ,X 111
106520           MIN I ,B 105
106521           STD I ,B ,X 0
106522           STD 122
106523           LDT ,X 127
106524           MIN ,B 111
106525           LDT ,X 40
106526           STD I ,B ,X 0
106527           STD 120
106530           MIN ,B 123
106531           LDT I ,B 111
106532           LDT I ,X 105
106533           STD I ,B ,X 0
106534           STD 111
106535           LDA I ,B ,X 55
106536           LDT I ,B ,X 101
106537           LDA ,B 124
106540           STD I ,B ,X 0
106541           STD 122
106542           MIN ,X ,B 101
106543           MIN ,X 131
106544           STD 40
106545           STD I ,B ,X 0
106546           STD 127
106547           LDD ,X ,B 121
106550           LDT ,X ,B 105
106551           LDT ,X ,B 105
106552           STD I ,B ,X 0
106553           STD 40
106554 X21ER:    STD 40
106555           STD 40
106556           STD 47
106557           STD 122
106560           LDT ,X 117
106561           MIN I ,X 106
106562 RUSCN:    STD I ,B ,X 0
106563           LDA I ,X 40
106564           MIN ,X ,B 130
106565           LDT ,X 122
106566           MIN ,B 40
106567           LDT ,X 105
106570 X21UT:    LDX 124
106571           LDF I 40
106572           STD I ,B ,X 0
106573           LDA ,B 114
106574           LDA ,X 105
106575           MIN I ,B ,X 101
106576           LDA ,X 40
106577           LDT ,X ,B 116
106600           LDA ,B 124
106601           STD I ,B ,X 0
106602           MIN ,X ,B 122
106603           LDT I 117
106604           LDT I 40
106605           MIN ,X 105
106606 X2SBY:    LDT I ,X 111
106607           MIN I ,B 105
106610           LDF I 47
106611           MIN I 125
106612 X2RAC:    MIN I ,X 106
106613           MIN ,X ,B 122
106614           STD 106
106615           LDT ,X ,B 114
106616 X2RBY:    LDA ,X 47
106617           LDT ,X ,B 123
106620           MIN ,X ,B 40
106621           LDA ,X 117
106622 XTSTC:    MIN I ,B 101
106623           LDA ,X 40
106624           LDA ,X ,B 117
106625           MIN ,X 105
106626           STD I ,B ,X 0
106627           LDA I ,X 40
106630           MIN I ,B 101
106631           LDT 111
106632           LDT ,X 101
106633           LDA ,X 40
106634           LDA ,X 105
106635           LDT ,X 124
106636           MIN ,X ,B 122
106637           LDT I ,B 77
106640           STD 47
106641           LDA I ,X 40
106642           MIN ,X 105
106643           LDA ,X 101
106644 X21AA:    LDX ,B 40
106645           MIN ,B 106
106646           LDT ,X 105
106647           LDT I 40
106650           MIN I ,B 122
106651           LDF I ,B ,X 40
106652           STD I ,B ,X 0
106653           LDA I ,X 40
106654           LDT I ,B 124
106655           LDA I ,B ,X 120
106656           STD 117
106657           LDA I ,X 40
106660 SSDES:    MIN I ,X 125
106661           LDA ,X 114
106662           STD 120
106663           MIN ,B 107
106664           MIN ,X ,B 77
106665           STD 47
106666           LDA I ,X 40
106667           LDA ,X 117
106670           MIN I ,B ,X 117
106671           LDT ,X ,B 124
106672           STD 117
106673           LDA I ,X 40
106674           LDA ,X ,B 111
106675           LDT I ,B 123
106676           LDA ,B 116
106677           MIN I ,B ,X 40
106700           MIN I ,B 101
106701           LDT I 122
106702 MLGTM:    LDA ,B 105
106703           LDT I 77
106704           STD 47
106705           LDA I ,X 40
106706           LDA ,X ,B 105
106707           LDT I ,B 123
106710           MIN ,B 107
106711           MIN ,X ,B 72
106712           STD 47
106713           LDA I ,X 117
106714           STD 124
106715 TREPP:    MIN ,X ,B 122
106716 DP100:    LDA ,X ,B 111
106717           LDA I ,X 101
106720           LDA ,X 47
106721           LDA I ,X 117
106722           LDT ,X 40
106723           LDT ,X ,B 123
106724           MIN ,X ,B 104
106725           STD I ,B ,X 0
106726           LDA ,B 117
106727           LDT I ,X 101
106730           LDA ,X 125
106731           MIN ,X ,B 40
106732 FDFDI:    LDA I ,B ,X 106
106733 GPMSL:    STD 42
106734 FDINA:    MIN ,X ,B 123
106735 GPXRL:    MIN I ,B 101
106736 GPP01:    LDT 105
106737 GPPNA:    STD I 40
106740           MIN I ,B 110
106741           MIN ,B 122
106742           LDD I ,X 40
106743 GPSCR:    LDD 117
106744           MIN I ,B 124
106745           LDD ,B 72
106746           STD 47
106747           LDA ,B 117
106750           LDT I ,X 101
106751           LDA ,X 125
106752           MIN ,X ,B 40
106753           LDA I ,B ,X 106
106754           STD 42
106755           LDA ,X 117
106756           MIN I ,B 101
106757           LDA ,X 42
106760           STD 103
106761           LDA 101
106762           LDT I 56
106763           STD 50
106764           LDA I ,B ,X 103
106765           LDT ,X 51
106766           LDF I 40
106767           STD I ,B ,X 0
106770           LDA ,B 117
106771           LDT I ,X 101
106772           LDA ,X 125
106773           MIN ,X ,B 40
106774 SWPLO:    LDD 117
106775 SSTAR:    MIN I ,B 124
106776           LDD ,B 72
106777           STD 47
107000           LDA ,B 117
107001           MIN ,X 105
107002           LDT I ,X 111
107003           MIN I ,B 105
107004           STD 116
107005           LDT ,X ,B 115
107006 DMLP1:    MIN I 105
107007           LDT I 40
107010           LDD 117
107011           MIN I ,B 124
107012           LDD ,B 72
107013           STD 47
107014           LDA ,B 114
107015           LDA ,X 105
107016           MIN I ,B ,X 101
107017           LDA ,X 40
107020 STSRV:    MIN ,X 105
107021           LDT I ,X 111
107022           MIN I ,B 105
107023           STD 116
107024           LDA I ,B ,X 56
107025           STD I ,B ,X 0
107026           LDA ,B 117
107027           MIN I ,B 117
107030           LDA I ,X 124
107031           MIN ,X ,B 116
107032           LDT ,X 123
107033           STD 50
107034           LDA I ,B ,X 103
107035           LDT ,X 51
107036           LDF I 40
107037           STD I ,B ,X 0
107040           LDA ,B 104
107041           LDT ,X 105
107042           LDT I 115
107043           LDA ,B 116
107044           MIN ,B 114
107045           STD 124
107046           LDX ,B 120
107047           MIN ,X ,B 72
107050           STD 47
107051           LDA ,X ,B 105
107052           LDT I ,B 123
107053 LSSRV:    MIN ,B 107
107054           MIN ,X ,B 72
107055           STD 47
107056           LDA I ,X 40
107057           LDT 122
107060 X21RE:    LDA ,B 116
107061           LDT ,X 111
107062           LDA I ,X 107
107063           STD 115
107064           MIN ,X ,B 123
107065           LDT I ,B 101
107066           MIN I ,B ,X 105
107067           STD 111
107070           LDA I ,X 104
107071           MIN ,X ,B 120
107072           MIN ,X ,B 116
107073           MIN ,X 105
107074           LDA I ,X 124
107075           STD 117
107076           MIN I ,X 40
107077           LDT I ,B 120
107100           LDA I ,B ,X 117
107101           LDA ,X 111
107102 DILP1:    LDA I ,X 107
107103           STD 103
107104 GDEVT:    LDA I ,B ,X 116
107105           MIN ,X 111
107106 WDIEN:    LDT ,X 111
107107           LDA I ,B ,X 116
107110           LDT I ,B 77
107111 GDIEN:    STD 47
107112           LDA ,B 104
107113           MIN I 101
107114 GNAEN:    MIN I ,B 113
107115           MIN I ,B ,X 122
107116           LDA I ,B ,X 125
107117           LDA I ,X 104
107120           STD 123
107121           MIN ,X ,B 107
107122           LDA ,X ,B 105
107123           LDA I ,X 124
107124           STD 123
107125           LDA ,B 132
107126           MIN ,X ,B 40
107127           LDA ,B 116
107130           STD 120
107131 X21CL:    MIN ,B 107
107132           MIN ,X ,B 123
107133           LDF I 40
107134           STD I ,B ,X 0
107135           STD ,X 116
107136           LDA I ,B ,X 124
107137           STD 102
107140           MIN ,B 103
107141           LDA I ,B 107
107142           LDT I 117
107143           LDT ,X ,B 116
107144           MIN ,X 40
107145           LDT I ,B 105
107146           MIN I ,B ,X 115
107147           MIN ,X ,B 116
107150           LDT ,X 44
107151           STD I ,B ,X 0
107152           STD ,X 116
107153           LDA I ,B ,X 40
107154           MIN I 101
107155           MIN I ,B 113
107156           MIN I ,B ,X 122
107157           LDA I ,B ,X 125
107160           LDA I ,X 104
107161           STD 120
107162           LDT I 117
107163           MIN I ,B ,X 122
107164           MIN ,B 115
107165           STD 127
107166           LDA ,B 114
107167           LDA ,X 40
107170           LDT ,X ,B 123
107171           MIN ,X ,B 40
107172           LDT ,X 110
107173           LDA ,B 123
107174           STD 123
107175           MIN ,X ,B 107
107176           LDA ,X ,B 105
107177           LDA I ,X 124
107200           STD ,X 47
107201           STD ,X 123
107202           MIN ,X ,B 107
107203           LDA ,X ,B 105
107204           LDA I ,X 124
107205           STD 127
107206           LDA ,B 114
107207 X21CN:    LDA ,X 40
107210           LDA I ,X 117
107211           LDT ,X 40
107212           MIN I 105
107213           STD 125
107214           LDT I ,B 105
107215           MIN ,X 40
107216           MIN I 131
107217 DMPR1:    STD 101
107220           LDA I ,X 131
107221           STD 102
107222           MIN ,B 103
107223           LDA I ,B 107
107224           LDT I 117
107225           LDT ,X ,B 116
107226           MIN ,X 40
107227           LDT 122
107230           LDA I ,B ,X 107
107231           LDT I 101
107232           LDA ,X ,B 123
107233           STD ,X 47
107234           STD ,X 111
107235           LDA ,X 114
107236           MIN ,X ,B 107
107237 GTXT:     MIN ,B 114
107240           STD 123
107241           MIN ,X ,B 107
107242           LDA ,X ,B 105
107243           LDA I ,X 124
107244           STD 123
107245           LDA ,B 132
107246           MIN ,X ,B 44
107247           STD I ,B ,X 0
107250 IDMP1:    STD ,X 50
107251           LDA I ,X 117
107252           LDT ,X 40
107253           MIN ,X ,B 116
107254           LDA I ,B ,X 125
107255           MIN I ,B ,X 110
107256           STD 123
107257           LDT 101
107260           MIN I ,B 105
107261           STD 111
107262           LDA I ,X 40
107263           LDT I ,B 105
107264           MIN I ,B ,X 115
107265           MIN ,X ,B 116
107266           LDT ,X 40
107267           MIN I ,X 111
107270           LDA ,X 105
107271           LDT I ,B 77
107272           STD ,X 123
107273 GETXM:    MIN ,X ,B 107
107274           LDA ,X ,B 105
107275           LDA I ,X 124
107276           STD 123
107277           MIN ,X ,B 124
107300           STD 124
107301           LDA I ,B ,X 40
107302           STF I ,X 64
107303           LDA I ,B 51
107304           STD ,X 47
107305           LDA I ,X 117
107306           STD 102
107307           MIN ,B 103
107310           LDA I ,B 107
107311           LDT I 117
107312           LDT ,X ,B 116
107313           MIN ,X 40
107314           LDT 122
107315           LDA I ,B ,X 107
107316           LDT I 101
107317           LDA ,X ,B 40
107320           MIN ,X 105
107321           MIN I ,X 111
107322           LDA I ,X 105
107323           MIN ,X 41
107324           STD ,X 47
107325           STD ,X 105
107326           LDT I 122
107327           LDA I ,B ,X 122
107330           STD 111
107331           LDA I ,X 40
107332           LDA I ,B ,X 120
107333           MIN ,X ,B 122
107334           MIN ,B 124
107335           LDA ,B 117
107336           LDA I ,X 40
107337           LDT I ,B ,X 110
107340           MIN ,X ,B 116
107341 INBAC:    STD 101
107342           MIN I ,B 103
107343           MIN ,X ,B 123
107344 X21RD:    LDT I ,B 111
107345           LDA I ,X 107
107346 X21DC:    STD 123
107347           MIN ,X ,B 107
107350           LDA ,X ,B 105
107351           LDA I ,X 124
107352           STD 47
107353           LDT I 40
107354 DMLP2:    LDT I 124
107355           LDD ,X ,B 120
107356           LDT I 117
107357           MIN I ,B ,X 122
107360           MIN ,B 115
107361           STD 50
107362           LDA I ,X 101
107363           LDA ,X ,B 105
107364           STD 117
107365           LDT I 40
107366           MIN ,B 104
107367           MIN ,X 122
107370           MIN ,X ,B 123
107371           LDT I ,B 40
107372           LDD 117
107373           MIN I ,B 124
107374           LDD ,B 51
107375           LDF I 40
107376 X21CH:    STD I ,B ,X 0
107377           STD ,X 125
107400           LDT I ,B 105
107401 RESDI:    LDT I 55
107402           MIN I 122
107403 RELDI:    MIN ,X ,B 101
107404           LDA I ,B 40
107405           STD I ,B ,X 0
107406           STD ,X 106
107407           MIN ,B 124
107410           MIN ,B 114
107411           LDD ,X ,B 105
107412           LDT I 122
107413           LDA I ,B ,X 122
107414           STD 47
107415           LDT ,X 105
107416           LDT I 115
107417           LDA ,B 116
107420           MIN ,B 124
107421           LDA ,B 117
107422           LDA I ,X 40
107423           MIN ,X ,B 116
107424           MIN ,B 102
107425           LDA ,X 105
107426           MIN ,X 44
107427           STD I ,B ,X 0
107430           LDT ,X 105
107431           LDT I 115
107432           LDA ,B 116
107433           MIN ,B 124
107434 500RD:    LDA ,B 117
107435           LDA I ,X 40
107436 500WD:    MIN ,X 111
107437           LDT I ,B 101
107440           MIN I 114
107441           MIN ,X ,B 104
107442           STD ,X 47
107443           LDA I ,X 40
107444           MIN I ,B 117
107445 X21BR:    LDA ,X ,B 115
107446           MIN ,B 116
107447 RDPAG:    MIN ,X 72
107450 DILP2:    STD 47
107451 WDPAG:    MIN I ,B 117
107452           LDA ,X ,B 115
107453           MIN ,B 116
107454           MIN ,X 40
107455           LDA ,B 116
107456           STD 125
107457 X21C:     LDT I ,B 105
107460           STD ,B 47
107461           STD ,X 44
107462           LDA I ,X 117
107463           STD 124
107464           MIN ,X ,B 122
107465           LDA ,X ,B 111
107466           LDA I ,X 101
107467           LDT ,X 111
107470           LDA I ,B ,X 116
107471           STD 104
107472 MOVSY:    MIN ,X ,B 106
107473           LDA ,B 116
107474           MIN ,X ,B 104
107475           STD ,B 44
107476           STD I ,B ,X 0
107477           LDA I ,X 40
107500           LDT I ,B 125
107501           MIN I 123
107502           LDX ,B 123
107503           LDT ,X 105
107504           LDA ,X ,B 40
107505           LDA I ,X 101
107506           LDA ,X ,B 105
107507           LDF I 40
107510           STD I ,B ,X 0
107511           STD ,X 116
107512           LDA I ,B ,X 40
107513           LDT I ,B 125
107514           MIN I 123
107515           LDX ,B 123
107516           LDT ,X 105
107517           LDA ,X ,B 40
107520           MIN ,X 105
107521           MIN I ,X 111
107522           LDA I ,X 105
107523           MIN ,X 41
107524           STD ,X 47
107525           LDA ,B 117
107526           LDA ,X 117
107527           LDT I ,B ,X 105
107530           LDT I 40
107531           LDT 122
107532           LDA I ,B ,X 107
107533 X21LV:    LDT I 101
107534           LDA ,X ,B 40
107535           MIN ,B 104
107536           MIN ,X 122
107537           MIN ,X ,B 123
107540           LDT I ,B 40
107541           LDD 117
107542 X321I:    MIN I ,B 124
107543           LDD ,B 72
107544           STD 47
107545           LDA ,B 117
107546           LDT ,X ,B 120
107547           LDT 105
107550           LDT I 40
107551           LDT 122
107552           LDA I ,B ,X 107
107553           LDT I 101
107554           LDA ,X ,B 40
107555           MIN ,B 104
107556           MIN ,X 122
107557           MIN ,X ,B 123
107560           LDT I ,B 40
107561           LDD 117
107562           MIN I ,B 124
107563           LDD ,B 72
107564           STD 47
107565 DMPR2:    LDA ,B 117
107566           LDA ,X 117
107567           LDT I ,B ,X 105
107570           LDT I 40
107571           MIN ,X 101
107572           LDT ,X 101
107573           STD 101
107574           MIN ,X 104
107575           LDT I 105
107576           LDT I ,B 123
107577           STD 50
107600           LDA I ,B ,X 103
107601           LDT ,X 51
107602           LDF I 40
107603           STD I ,B ,X 0
107604           LDA ,B 117
107605           LDT ,X ,B 120
107606           LDT 105
107607           LDT I 40
107610           MIN ,X 101
107611           LDT ,X 101
107612           STD 101
107613           MIN ,X 104
107614           LDT I 105
107615           LDT I ,B 123
107616 IDMP2:    STD 50
107617           LDA I ,B ,X 103
107620           LDT ,X 51
107621           LDF I 40
107622           STD I ,B ,X 0
107623           LDT I ,B 40
107624           MIN I ,B 117
107625           LDA ,X ,B 115
107626           MIN ,B 116
107627           MIN ,X 72
107630           STD 47
107631           STD ,X 116
107632           LDA I ,B ,X 124
107633           STD 123
107634           LDX ,B 123
107635           LDT ,X 105
107636           LDA ,X ,B 40
107637           LDT I ,B 105
107640           MIN I ,B ,X 115
107641           MIN ,X ,B 116
107642           LDT ,X 47
107643           STD ,X 102
107644           MIN ,B 103
107645           LDA I ,B 107
107646           LDT I 117
107647           LDT ,X ,B 116
107650           MIN ,X 40
107651           LDT 122
107652           LDA I ,B ,X 107
107653           LDT I 101
107654           LDA ,X ,B 40
107655           LDA ,B 123
107656           STD 101
107657           MIN I ,B 124
107660           LDA ,B 126
107661           MIN ,X ,B 44
107662           STD I ,B ,X 0
107663           STD ,X 105
107664           LDT I 122
107665           LDA I ,B ,X 122
107666           STD 104
107667           MIN ,X ,B 124
107670 DLPR:     MIN ,X ,B 103
107671           LDT ,X 105
107672           MIN ,X 40
107673           MIN I 131
107674           STD 122
107675           LDT ,X 55
107676           LDA ,X 117
107677           MIN ,B 104
107700           MIN ,X ,B 122
107701           STD 111
107702           LDA I ,X 40
107703           MIN I 125
107704           LDA ,B 114
107705           MIN ,X 111
107706           LDA I ,X 107
107707           STD 123
107710           MIN ,X ,B 107
107711           LDA ,X ,B 105
107712           LDA I ,X 124
107713 GET5M:    STD I ,B ,X 0
107714           MIN I ,B ,X 107
107715           LDT I ,B 105
107716           MIN I ,B ,X 115
107717           MIN ,X ,B 116
107720           LDT ,X 40
107721           LDD 116
107722           MIN ,B 115
107723 DLPR2:    MIN ,X ,B 40
107724           LDA I ,B ,X 122
107725           STD 116
107726           LDT ,X ,B 115
107727           MIN I 105
107730           LDT I 40
107731           LDD 117
107732           MIN I ,B 124
107733           LDD ,B 51
107734           LDF I 40
107735           STD I ,B ,X 0
107736           MIN I ,B ,X 123
107737           LDT I ,B 105
107740           MIN I ,B ,X 115
107741           MIN ,X ,B 116
107742           LDT ,X 40
107743           LDA I ,X 101
107744           LDA ,X ,B 105
107745           LDF I 40
107746 5DQAC:    STD I ,B ,X 0
107747           LDT I ,B 40
107750           LDA I ,X 101
107751           LDA ,X ,B 105
107752           LDF I 40
107753 X21GC:    STD I ,B ,X 0
107754           LDA I ,X 117
107755           STD 123
107756           LDT ,X ,B 103
107757           LDA 40
107760           LDT I 105
107761           MIN ,X ,B 116
107762           LDT ,X 122
107763           MIN ,B 116
107764           LDT ,X 40
107765           LDT I ,B 105
107766           MIN I ,B ,X 115
107767           MIN ,X ,B 116
107770           LDT ,X 47
107771           STD ,X 122
107772           MIN ,X ,B 105
107773 CPLAM:    LDA I ,X 124
107774           LDT I 101
107775           LDA I ,X 124
107776           STD 123
107777           LDT ,X ,B 102
110000 SG36S:    LDT I ,B 131
110001 BADM:     LDT I ,B 124
110002           MIN ,X ,B 115
110003 5NAMS:    STD 124
110004           MIN ,B 102
110005           LDA ,X 105
110006           STD 111
110007 CSSEM:    LDT I ,B 40
110010           MIN I ,X 125
110011           LDA ,X 114
110012           STD I ,B ,X 0
110013 PLSSE:    LDA I ,X 101
110014           LDA ,X ,B 105
110015           STD 101
110016           LDA ,X 122
110017 FIXSE:    MIN ,X ,B 101
110020           MIN ,X 131
110021           STD 125
110022           LDT I ,B 105
110023 SYDSE:    MIN ,X 40
110024           LDA I ,B ,X 116
110025           STD 122
110026           MIN ,X ,B 105
110027 SWORK:    LDA I ,X 124
110030           LDT I 101
110031           LDA I ,X 124
110032           STD 123
110033 ABSLI:    LDT ,X ,B 102
110034           LDT I ,B 131
110035 X321T:    LDT I ,B 124
110036           MIN ,X ,B 115
110037 XSDUN:    STD I ,B ,X 0
110040           STD ,X 124
110041 XABSF:    LDA I ,B ,X 117
110042 XSWME:    STD 114
110043           LDA I ,B ,X 116
110044 XABLO:    MIN I ,B ,X 40
110045           LDT I ,B 125
110046 XHABL:    MIN I 123
110047 XABLN:    LDX ,B 123
110050 COPAG:    LDT ,X 105
110051 CKFLI:    LDA ,X ,B 40
110052 DSWMS:    LDA I ,X 101
110053           LDA ,X ,B 105
110054 SWMSG:    STD ,X 47
110055 5HIFL:    STD ,X 123
110056 5HRTP:    MIN ,X ,B 107
110057 5HINT:    LDA ,X ,B 105
110060 5HICH:    LDA I ,X 124
110061 5HRTB:    STD 116
110062 5HIST:    LDT ,X ,B 115
110063           MIN I 105
110064 5HIDA:    LDT I 40
110065           STD I ,B ,X 0
110066 EXABS:    STD 111
110067           LDT I ,B 40
110070           LDA I ,X 117
110071           LDT ,X 40
110072           MIN I ,B 114
110073           MIN ,X ,B 101
110074           LDT I 105
110075           MIN ,X 47
110076           STD ,X 116
110077           LDA I ,B ,X 40
110100           LDT I ,B 125
110101           MIN I ,B 110
110102           STD 122
110103           MIN ,X ,B 105
110104           LDA I ,X 124
110105           LDT I 101
110106           LDA I ,X 124
110107           STD 123
110110           MIN ,X ,B 107
110111           LDA ,X ,B 105
110112           LDA I ,X 124
110113           STD I ,B ,X 0
110114           LDA I ,X 40
110115           LDA I ,X 101
110116           LDA ,X ,B 105
110117           LDF I 40
110120           STD I ,B ,X 0
110121           LDA I ,X 117
110122           STD 123
110123           LDT ,X ,B 103
110124           LDA 40
110125           LDA I ,X 101
110126           LDA ,X ,B 105
110127           STD I ,B ,X 0
110130           STD ,X 116
110131           MIN ,X 55
110132           STF ,X ,B 60
110133           STF 40
110134           LDT I ,B 124
110135           MIN ,B 116
110136           MIN ,X 101
110137           LDT I 104
110140           STD 104
110141           LDA I ,B ,X 115
110142           MIN ,B 111
110143           LDA I ,X 54
110144           STD ,X 125
110145           LDT I ,B 105
110146           STD 124
110147           LDA 105
110150           STD 116
110151           MIN ,X 55
110152           STF ,X ,B 60
110153           STF 55
110154           LDA ,X ,B 117
110155           LDA I ,X 111
110156           LDT ,X 117
110157           LDT I 40
110160           MIN I ,B 117
110161           LDA ,X ,B 115
110162           MIN ,B 116
110163           MIN ,X 40
110164           MIN ,X 105
110165           LDA ,X 105
110166           LDT ,X 105
110167           LDD ,X ,B 123
110170           LDT ,X 101
110171           LDA I ,X 104
110172           MIN ,B 122
110173           MIN ,X 55
110174           MIN ,X 117
110175           LDA ,X ,B 101
110176           LDA ,B 116
110177           STD I ,B ,X 0
110200           MIN ,B 114
110201           LDT I 105
110202 X2GET:    MIN ,B 104
110203           LDX ,B 40
110204           LDA ,B 116
110205           STD 125
110206           LDT I ,B 105
110207           STD I ,B ,X 0
110210           STD ,X 122
110211           LDT ,X 55
110212           LDA ,X 117
110213           MIN ,B 104
110214           MIN ,X ,B 122
110215           STD 101
110216           LDA ,X 122
110217           MIN ,X ,B 101
110220           MIN ,X 131
110221           STD 111
110222           LDA I ,X 40
110223           LDT ,X ,B 123
110224           MIN ,X ,B 47
110225           LDA ,B 114
110226           LDA ,X 105
110227           MIN I ,B ,X 101
110230           LDA ,X 40
110231           MIN ,B 104
110232           MIN ,X 122
110233           MIN ,X ,B 123
110234           LDT I ,B 47
110235           LDA ,B 114
110236           LDA ,X 105
110237           MIN I ,B ,X 101
110240           LDA ,X 40
110241           LDT 101
110242           LDT I 101
110243           LDA ,X ,B 105
110244           LDT ,X 105
110245 X211:     LDT I 47
110246           LDA ,B 117
110247           LDT I ,B 124
110250           MIN ,B 122
110251           LDT ,X 40
110252           MIN ,B 104
110253           MIN ,X 122
110254           MIN ,X ,B 123
110255           LDT I ,B 40
110256           LDD 117
110257           MIN I ,B 124
110260           LDD ,B 72
110261           STD 47
110262           LDA ,B 117
110263           LDT I 105
110264           LDT I ,B 124
110265           MIN ,B 122
110266           LDT ,X 40
110267           MIN ,B 104
110270           MIN ,X 122
110271           MIN ,X ,B 123
110272           LDT I ,B 40
110273           LDD 117
110274           MIN I ,B 124
110275           LDD ,B 72
110276           STD 47
110277           LDA ,B 117
110300           LDA 111
110301           MIN I ,B ,X 110
110302 ELON:     STD 101
110303           MIN ,X 104
110304           LDT I 105
110305           LDT I ,B 123
110306           STD 50
110307           LDA I ,B ,X 103
110310           LDT ,X 51
110311           LDF I 40
110312           STD I ,B ,X 0
110313           LDA ,B 117
110314           LDA ,X 117
110315           LDT I ,B ,X 40
110316           MIN ,B 104
110317           MIN ,X 122
110320           MIN ,X ,B 123
110321           LDT I ,B 40
110322           LDD 117
110323           MIN I ,B 124
110324           LDD ,B 72
110325           STD 47
110326           LDT I ,B 40
110327           LDA I ,B ,X 125
110330           LDT ,X 120
110331           LDT ,X ,B 124
110332           STD 106
110333 T2P07:    LDA ,B 114
110334           MIN ,X ,B 72
110335           STD 47
110336           LDA ,B 104
110337           LDT ,X 105
110340           LDT I 115
110341           LDA ,B 116
110342           MIN ,B 114
110343           STD 116
110344           LDT ,X ,B 115
110345           MIN I 105
110346           LDT I 72
110347           STD 47
110350           MIN ,B 115
110351           MIN I 111
110352 X2118:    MIN I ,B ,X 125
110353           LDA I ,B ,X 125
110354           LDT I ,B 40
110355           LDT I ,B 125
110356           MIN I 123
110357           LDX ,B 123
110360 FCPUL:    LDT ,X 105
110361           LDA ,X ,B 44
110362 ELOFF:    STD I ,B ,X 0
110363           MIN I ,B ,X 107
110364           LDT I ,B 105
110365           MIN I ,B ,X 115
110366           MIN ,X ,B 116
110367           LDT ,X 40
110370           LDD 116
110371           MIN ,B 115
110372           MIN ,X ,B 40
110373 X2114:    LDA I ,B ,X 122
110374           STD 116
110375           LDT ,X ,B 115
110376           MIN I 105
110377           LDT I 40
110400           LDD 117
110401           MIN I ,B 124
110402           LDD ,B 51
110403           LDF I 40
110404           STD I ,B ,X 0
110405           LDA I ,X 117
110406           LDT ,X 40
110407           LDA ,X 117
110410           MIN ,B 104
110411           MIN ,X ,B 104
110412           STD I ,B ,X 0
110413           LDT I ,B 40
110414           MIN I ,X 111
110415           LDA ,X 105
110416           STD 116
110417           MIN ,B 115
110420 ELOFU:    MIN ,X ,B 72
110421           STD I ,B ,X 0
110422 DLOFU:    LDA ,B 117
110423           LDA I ,X 125
110424 X21SH:    LDA ,X ,B 102
110425           MIN ,X ,B 122
110426           STD 50
110427           LDA I ,B ,X 103
110430           LDT ,X 51
110431 CPULG:    LDF I 47
110432           STD ,X 124
110433           LDA I ,B ,X 117
110434           STD 114
110435           LDA I ,B ,X 116
110436           MIN I ,B ,X 40
110437           LDT I ,B 124
110440           LDT I 111
110441           LDA I ,X 107
110442           STD ,X 47
110443           LDA I ,X 40
110444           LDT I 124
110445           STD 117
110446           LDT I 40
110447           MIN I 101
110450           MIN I ,B 113
110451           MIN I ,B ,X 122
110452           LDA I ,B ,X 125
110453           LDA I ,X 104
110454           LDF I ,B ,X 40
110455           STD I ,B ,X 0
110456 X2119:    LDA I ,X 40
110457           LDT ,X ,B 123
110460           MIN ,X ,B 122
110461           LDD ,X ,B 102
110462           LDT I 105
110463           MIN ,B 113
110464           STD 117
110465 X2120:    LDT I 40
110466           MIN I ,X 101
110467           LDT ,X 101
110470           LDA ,X 55
110471 EUSEL:    MIN ,X ,B 122
110472 DELPG:    LDT I 117
110473 DUSEL:    LDT I 77
110474           STD 47
110475           STD ,X 40
110476           LDA I ,X 104
110477           LDD ,X ,B 61
110500           STF 60
110501           STD 103
110502           LDT 125
110503           STD 124
110504           LDA ,B 115
110505 X2121:    MIN ,X ,B 40
110506           LDT ,X ,B 123
110507           MIN ,X ,B 104
110510           STD 111
110511 FLOGD:    LDT I ,B 47
110512           LDA ,B 104
110513           LDA I ,X 125
110514           LDA ,X ,B 102
110515           MIN ,X ,B 122
110516           STD 117
110517           MIN I ,X 40
110520           MIN ,B 103
110521           MIN I ,B 117
110522           LDT ,X ,B 116
110523           LDT ,X 123
110524           STD 102
110525           MIN ,X ,B 106
110526           LDA I ,B ,X 122
110527           MIN ,X ,B 40
110530           LDT I ,B ,X 101
110531           LDT I 116
110532           LDA ,B 116
110533           MIN I ,B ,X 72
110534 X2116:    STD 47
110535           LDA ,B 104
110536           LDA ,X ,B 101
110537           LDX 111
110540           LDA ,X ,B 125
110541           LDA ,X ,B 40
110542 FFLOG:    LDA I ,X 125
110543 IBRSI:    LDA ,X ,B 102
110544           MIN ,X ,B 122
110545           STD 117
110546           MIN I ,X 40
110547           MIN ,B 103
110550           MIN I ,B 117
110551           LDT ,X ,B 116
110552           LDT ,X 123
110553           LDF I 40
110554           STD I ,B ,X 0
110555           LDA ,B 104
110556           LDA ,X 117
110557           MIN I ,B ,X 107
110560 X212:     LDA ,B 116
110561           MIN I ,B ,X 40
110562           LDA ,B 116
110563           LDT ,X 105
110564           LDT I 126
110565           MIN ,B 114
110566           STD 50
110567           LDT I ,B 105
110570           MIN I ,B 56
110571           LDD ,B 72
110572           STD 47
110573           LDA I ,X 40
110574           MIN I 101
110575           MIN I ,B 113
110576           MIN I ,B ,X 122
110577           LDA I ,B ,X 125
110600           LDA I ,X 104
110601           STD 72
110602           STD I ,B ,X 0
110603           LDA I ,X 40
110604           LDT I 124
110605           LDF I 40
110606           STD I ,B ,X 0
110607           LDA I ,X 40
110610           MIN I ,B 114
110611           MIN ,X ,B 101
110612           LDT I 40
110613           LDA ,X 117
110614           MIN I ,B ,X 107
110615           MIN ,X ,B 104
110616           STD 111
110617           LDA I ,X 106
110620           LDA I ,B ,X 122
110621           LDA ,X ,B 101
110622           LDT ,X 111
110623           LDA I ,B ,X 116
110624           LDF I 40
110625           STD I ,B ,X 0
110626           LDA I ,X 40
110627           LDT I ,B 120
110630           LDA I ,B ,X 117
110631           LDA ,X 111
110632           LDA I ,X 107
110633           STD 72
110634           STD I ,B ,X 0
110635           LDT I ,B 40
110636           LDT I 124
110637           STD 120
110640           LDT I 117
110641           MIN I ,B ,X 122
110642           MIN ,B 115
110643           LDF I 47
110644           STD ,X 111
110645           LDA ,X 114
110646           MIN ,X ,B 107
110647           MIN ,B 114
110650           STD 122
110651           LDT ,X 40
110652           LDT I 105
110653           MIN I ,X 105
110654           LDT I 105
110655           LDA I ,X 103
110656           MIN ,X ,B 47
110657           STD ,X 122
110660           LDT ,X 40
110661           LDT 122
110662           LDA I ,B ,X 107
110663           STD 116
110664           LDA I ,B ,X 124
110665           STD 111
110666           LDA I ,X 40
110667           MIN I ,X 111
110670           LDA ,X 105
110671           STD I ,B ,X 0
110672           STD ,X 116
110673           LDA I ,B ,X 40
110674           LDT I 124
110675           STD 120
110676           LDT I 117
110677           LDA I 105
110700           MIN I ,B 124
110701           LDT I ,B 40
110702           MIN ,X 105
110703           MIN I ,X 111
110704           LDA I ,X 105
110705           MIN ,X 47
110706 T2P06:    LDT I ,B 40
110707           LDA ,B 116
110710           LDT 125
110711           LDT ,X 40
110712           MIN I ,X 111
110713           LDA ,X 105
110714           LDF I 40
110715           STD I ,B ,X 0
110716           STD ,X 116
110717           LDA I ,B ,X 40
110720           MIN I 101
110721           LDT ,X 103
110722           LDA 40
110723           MIN ,B 126
110724           MIN ,B 111
110725           LDA ,X 101
110726           MIN I 114
110727           MIN ,X ,B 47
110730           STD ,X 102
110731           MIN ,B 124
110732           MIN I ,B 110
110733           STD 123
110734           MIN ,X ,B 107
110735           LDA ,X ,B 105
110736           LDA I ,X 124
110737           STD 116
110740           LDA I ,B ,X 124
110741           STD 111
110742           LDA I ,X 111
110743           LDT ,X 111
110744           MIN ,B 114
110745           LDA ,B 132
110746           MIN ,X ,B 104
110747 X217:     STD I ,B ,X 0
110750           STD ,X 102
110751           MIN ,B 124
110752           MIN I ,B 110
110753           STD 116
110754           LDT ,X ,B 115
110755           MIN I 105
110756           LDT I 40
110757           LDF ,X ,B 47
110760           STD ,X 102
110761           MIN ,B 124
110762           MIN I ,B 110
110763           STD 116
110764           LDA I ,B ,X 124
110765           STD 101
110766           LDT I ,X 101
110767           LDA ,B 114
110770 UDMA:     MIN ,B 102
110771           LDA ,X 105
110772           STD I ,B ,X 0
110773           STD ,X 102
110774           MIN ,B 124
110775           MIN I ,B 110
110776           STD 121
110777           LDT ,X ,B 105
111000           LDT ,X ,B 105
111001           STD 106
111002           LDT ,X ,B 114
111003           LDA ,X 47
111004           STD ,X 102
111005           MIN ,B 124
111006           MIN I ,B 110
111007           STD 120
111010           MIN ,B 123
111011           LDT I ,B 111
111012           LDT I ,X 105
111013 MGFIL:    STD I ,B ,X 0
111014           STD ,X 111
111015 DEABF:    LDA I ,X 120
111016           LDT ,X ,B 124
111017           STD 106
111020 RTRAN:    LDA ,B 114
111021           MIN ,X ,B 40
111022           MIN ,X ,B 122
111023           LDT I 117
111024           LDT I 72
111025           STD 47
111026           STD ,X 117
111027           LDT ,X ,B 124
111030           LDT 125
111031           LDT ,X 40
111032           MIN I ,X 111
111033           LDA ,X 105
111034           STD 105
111035           LDT I 122
111036           LDA I ,B ,X 122
111037           LDF I 40
111040           STD I ,B ,X 0
111041           STD ,X 127
111042           MIN ,B 122
111043           LDA I ,X 111
111044 WTRAN:    LDA I ,X 107
111045           LDD ,X 40
111046           MIN I ,X 111
111047           LDA ,X 105
111050           STD 104
111051           LDA I ,B ,X 105
111052           LDT I ,B 40
111053           LDA I ,X 117
111054           LDT ,X 40
111055           MIN ,X ,B 130
111056           LDA ,B 123
111057           LDT ,X 72
111060 X2110:    STD 47
111061           LDA I ,X 117
111062           STD 123
111063           LDT ,X ,B 103
111064 5HIOU:    LDA 40
111065           MIN ,X ,B 116
111066 5MLOG:    LDT ,X 122
111067 5MLOP:    LDX ,B 47
111070 5LOGP:    STD ,X 40
111071 D5FXB:    LDT ,X ,B 123
111072 WXTRA:    MIN ,X ,B 122
111073 5DSPS:    STD 116
111074 CERNE:    LDA I ,B ,X 124
111075 5DBFL:    STD 114
111076 HIMES:    LDA I ,B ,X 107
111077 PROCA:    MIN I ,B ,X 105
111100 5MSIN:    MIN ,X 40
111101 5MMES:    LDA ,B 116
111102 5FPMA:    STD I ,B ,X 0
111103 5NPMA:    STD ,X 40
111104 5FPM6:    MIN I 101
111105 5NPM6:    LDT ,X 103
111106 5SWOW:    LDA 40
111107 5SUSP:    LDT 122
111110 SUSPA:    LDA I ,B ,X 103
111111 IBM41:    MIN ,X ,B 123
111112           LDT I ,B 40
111113 IBM5P:    LDT 101
111114           LDT I ,B 123
111115 IBMM6:    LDA ,B 126
111116           MIN ,X ,B 47
111117 IBMIN:    STD ,X 40
111120 IBMPR:    LDA I ,X 117
111121 IBMWN:    STD 123
111122 IBMLG:    LDT ,X ,B 103
111123 RTPWO:    LDA 40
111124           MIN I 101
111125           LDT ,X 103
111126           LDA 47
111127           LDA ,B 117
111130           STD I ,B ,X 0
111131           LDA ,B 104
111132 X2112:    MIN I 101
111133           LDT ,X 103
111134           LDA 40
111135           LDA I ,X 125
111136           LDA ,X ,B 102
111137           MIN ,X ,B 122
111140           LDF I 40
111141           STD I ,B ,X 0
111142           LDT I ,B 40
111143           LDA ,B 116
111144           LDT 125
111145           LDT ,X 40
111146           LDT 101
111147           LDT I 124
111150           STD 117
111151           MIN I ,X 40
111152           LDT ,B 125
111153           MIN ,X ,B 125
111154           MIN ,X ,B 40
111155           MIN ,X ,B 116
111156           LDT ,X 122
111157           LDX ,B 40
111160           LDD 105
111161           LDX 101
111162           MIN I ,B 124
111163           STD 115
111164           MIN ,B 124
111165           MIN I ,B 110
111166           STD 122
111167           MIN ,X ,B 121
111170           LDT ,X ,B 111
111171           LDT I 105
111172           MIN ,X 51
111173           LDF I 40
111174           STD I ,B ,X 0
111175           LDT I ,B 40
111176           LDA I ,B ,X 125
111177           LDT ,X 120
111200           LDT ,X ,B 124
111201           STD 120
111202           MIN ,B 122
111203           LDT ,X 40
111204           LDA I ,B ,X 106
111205           STD 121
111206           LDT ,X ,B 105
111207 LOGFI:    LDT ,X ,B 105
111210 FOBJN:    STD 105
111211 COMRT:    LDA I ,X 124
111212 FOPFN:    LDT I 131
111213 MBLGA:    STD 50
111214 ALGAR:    MIN ,X ,B 130
111215           MIN ,B 103
111216 UPDSI:    LDT ,X 40
111217           LDA ,X ,B 101
111220           LDT ,X 103
111221           LDA 40
111222           LDT I 105
111223           LDT ,B 125
111224           LDA ,B 122
111225           MIN ,X ,B 104
111226           LDD ,B 72
111227           STD 47
111230 HISTO:    LDT I ,B 40
111231           LDT ,X ,B 123
111232           MIN ,X ,B 122
111233           STD 116
111234           MIN ,B 115
111235           MIN ,X ,B 72
111236           STD 47
111237           LDT I ,B 40
111240           LDT I 105
111241           LDA ,X ,B 117
111242           LDT ,X 105
111243           STD 103
111244           LDA I ,B ,X 115
111245           LDT 125
111246           LDT ,X 105
111247           LDT I 72
111250           STD 47
111251           STD 111
111252           MIN ,X 114
111253           MIN ,X ,B 54
111254           STD 40
111255 INBRP:    STD 40
111256           LDA I ,X 117
111257           STD 125
111260           LDT I ,B 105
111261           LDT I 47
111262           STD 101
111263           MIN I ,B 124
111264           LDA ,B 126
111265           MIN ,X ,B 54
111266           STD 47
111267           LDT ,X ,B 123
111270           MIN ,X ,B 122
111271           STD 47
111272           STD 114
111273           LDA I ,B ,X 107
111274           MIN I ,B ,X 105
111275           MIN ,X 40
111276           LDA ,B 116
111277           STD I ,B ,X 0
111300           MIN ,X ,B 115
111301           LDT 124
111302           LDX ,B 47
111303           STD ,X 101
111304           LDA I ,X 117
111305           LDT ,X 110
111306           MIN ,X ,B 122
111307           STD 104
111310           MIN ,X ,B 126
111311           LDA ,B 103
111312           MIN ,X ,B 40
111313 X21RT:    MIN ,B 114
111314           LDT I 105
111315           MIN ,B 104
111316           LDX ,B 40
111317           LDT I 105
111320           LDT I ,B 105
111321           LDT I 126
111322           MIN ,X ,B 104
111323           STD I ,B ,X 0
111324           STD ,X 104
111325           MIN ,X ,B 126
111326           LDA ,B 103
111327           MIN ,X ,B 123
111330           STD 115
111331           LDT ,X ,B 123
111332           LDT ,X 40
111333           MIN I 105
111334           STD 123
111335           MIN I ,B 110
111336           MIN ,X ,B 104
111337           LDT ,X ,B 114
111340           MIN ,X ,B 104
111341           STD 111
111342 X218:     LDA I ,X 40
111343           MIN ,B 123
111344           MIN I ,B 105
111345           LDA I ,X 104
111346           LDA ,B 116
111347           MIN I ,B ,X 40
111350           LDA I ,B ,X 122
111351           MIN ,X 105
111352           LDT I 47
111353           STD ,X 104
111354           MIN ,X ,B 126
111355           LDA ,B 103
111356           MIN ,X ,B 40
111357           LDA I ,X 125
111360           LDA ,X ,B 102
111361           MIN ,X ,B 122
111362           STD 117
111363           LDT ,X ,B 124
111364 X219:     STD 117
111365           MIN I ,X 40
111366           LDT I 101
111367           LDA I ,X 107
111370           MIN ,X ,B 47
111371           STD ,X 40
111372           LDT I 105
111373           LDT I ,X 111
111374 CMCHT:    LDT I ,B 111
111375           LDA I ,B ,X 116
111376           STD 50
111377           LDT 101
111400           LDT ,X 103
111401           LDA 40
111402           MIN I ,X 111
111403           LDA ,X 105
111404           STD 116
111405           LDA I ,B ,X 56
111406 O3CHA:    LDD ,B 72
111407           STD 47
111410           STD ,X 40
111411           MIN I ,B 120
111412 UDTMO:    LDT ,X ,B 40
111413           LDA I ,X 125
111414           LDA ,X ,B 102
111415           MIN ,X ,B 122
111416           LDF I 47
111417           STD ,X 40
111420           MIN I ,B ,X 105
111421           LDA I ,X 105
111422           LDT I 101
111423 UFELL:    LDT ,X 105
111424 D3CHA:    MIN ,X 72
111425           STD 40
111426           STD I ,B ,X 0
111427           STD ,X 123
111430 CDVCO:    LDA ,B 116
111431           LDT ,X 122
111432 SLVTB:    MIN ,B 116
111433           STD 111
111434           LDA ,B 111
111435           STD 122
111436           LDT ,X ,B 116
111437           LDA I ,X 111
111440           LDA I ,X 107
111441           STD 55
111442           STD ,X 44
111443           STD I ,B ,X 0
111444           STD ,X 116
111445           LDT ,X ,B 115
111446           MIN I 105
111447           LDT I 40
111450           LDA I ,B ,X 106
111451 X2S01:    STD 120
111452           MIN ,B 107
111453           MIN ,X ,B 123
111454           STD 124
111455           LDA 105
111456           STD 123
111457           LDX ,B 123
111460           LDT ,X 105
111461           LDA ,X ,B 40
111462           LDT I ,B ,X 111
111463           LDA ,X 114
111464           STD 125
111465           LDT I ,B 105
111466           STD 117
111467           LDA I ,X 40
111470           LDT ,X 110
111471           MIN ,X ,B 40
111472 LGARR:    LDT I ,B 105
111473           MIN I ,B ,X 115
111474           MIN ,X ,B 116
111475           LDT ,X 40
111476 COPCO:    MIN I ,X 111
111477           LDA ,X 105
111500           LDD 123
111501 SDRUS:    LDD ,B 72
111502           STD I ,B ,X 0
111503           STD ,X 106
111504           LDA ,B 122
111505           LDT I ,B 124
111506           STD 123
111507           LDX ,B 123
111510           LDT ,X 105
111511           LDA ,X ,B 40
111512           LDT I ,B 105
111513           MIN I ,B ,X 115
111514           MIN ,X ,B 116
111515           LDT ,X 40
111516           LDT I ,B 124
111517           MIN ,B 122
111520           LDT ,X 123
111521           STD 117
111522           LDA I ,X 40
111523           LDT 101
111524           MIN I ,B ,X 105
111525           LDF I 47
111526           STD ,X 116
111527           LDT ,X ,B 115
111530           MIN I 105
111531           LDT I 40
111532           LDA I ,B ,X 106
111533           STD 102
111534           MIN ,B 103
111535           LDA I ,B 107
111536           LDT I 117
111537           LDT ,X ,B 116
111540           MIN ,X 40
111541           LDT 122
111542           LDA I ,B ,X 103
111543           MIN ,X ,B 123
111544 MLIDF:    LDT I ,B 105
111545           LDT I ,B 40
111546           STD 40
111547           STD 40
111550           LDF I 47
111551           STD ,X 105
111552           MIN ,B 103
111553           LDA 40
111554           MIN I 101
111555           MIN I ,B 113
111556           MIN I ,B ,X 122
111557           LDA I ,B ,X 125
111560           LDA I ,X 104
111561           STD 120
111562           LDT I 117
111563 MFFSC:    MIN I ,B 105
111564           LDT I ,B 123
111565           STD 116
111566           MIN ,X ,B 105
111567           MIN ,X 123
111570           STD 40
111571           STD 40
111572           STD 40
111573           LDF I 47
111574           LDT 101
111575           MIN I ,B ,X 105
111576           LDT I ,B 40
111577           MIN I ,X 117
111600           LDT I 40
111601           LDT I ,B 127
111602           MIN ,B 120
111603           LDT 111
111604           LDA I ,X 107
111605           LDF I 47
111606           LDA ,B 117
111607           LDA ,X 117
111610           MIN I ,B ,X 111
111611           MIN I ,B 101
111612           LDA ,X 40
111613           LDT ,X ,B 116
111614           LDA ,B 124
111615 NNT37:    STD 116
111616           LDT ,X ,B 115
111617           MIN I 105
111620           LDT I 40
111621           LDD 117
111622           MIN I ,B 124
111623           LDD ,B 72
111624           STD 47
111625           STD ,X 111
111626           LDA ,X 114
111627           MIN ,X ,B 107
111630           MIN ,B 114
111631           STD 104
111632           MIN ,X ,B 126
111633           LDA ,B 103
111634           MIN ,X ,B 47
111635           STD ,X 116
111636           LDA I ,B ,X 124
111637           STD 101
111640           LDA ,X 114
111641           LDA I ,B ,X 127
111642           MIN ,X ,B 104
111643           STD 106
111644 XERRF:    LDT I 117
111645           LDA ,X ,B 40
111646           LDT ,X 110
111647           LDA ,B 123
111650           STD 124
111651 X2E01:    MIN ,X ,B 122
111652           LDA ,X ,B 111
111653           LDA I ,X 101
111654           LDA ,X 47
111655           STD ,X 116
111656           LDA I ,B ,X 40
111657           LDT I ,B 125
111660           MIN I ,B 110
111661           STD 103
111662 URT01:    LDA I ,B ,X 115
111663           LDA ,X ,B 101
111664 URT02:    LDA I ,X 104
111665           STD I ,B ,X 0
111666 URT03:    STD ,X 101
111667           LDA ,X 122
111670 URT04:    MIN ,X ,B 101
111671           MIN ,X 131
111672 URT05:    STD 111
111673           LDA I ,X 40
111674 URT06:    LDT ,X ,B 123
111675           MIN ,X ,B 47
111676           STD ,X 40
111677           LDT ,X 111
111700           LDA ,X ,B 105
111701 DILRT:    STD 114
111702           LDA I ,B ,X 107
111703           MIN I ,B ,X 105
111704           MIN ,X 40
111705           LDA I ,B ,X 116
111706           STD 111
111707           LDT I ,B 47
111710 3OWFI:    STD 102
111711           MIN ,B 123
111712           LDA ,B 103
111713           STD 124
111714           LDA ,B 115
111715           MIN ,X ,B 40
111716           LDT ,X ,B 116
111717           LDA ,B 124
111720           STD I ,B ,X 0
111721 MXSIB:    LDA I ,X 40
111722 SIBBD:    LDA ,B 116
111723           LDT 125
111724           LDT ,X 40
111725           LDA I ,B ,X 122
111726           STD 117
111727           LDT ,X ,B 124
111730           LDT 125
111731           LDT ,X 77
111732           STD 47
111733           STD ,X 111
111734           LDA ,X 114
111735           MIN ,X ,B 107
111736 SIBAP:    MIN ,B 114
111737           STD 101
111740           MIN ,X 104
111741           LDT I 105
111742           LDT I ,B 123
111743           STD 102
111744           LDA I ,B ,X 125
111745           LDA I ,X 104
111746           LDT I ,B 47
111747           LDA I ,X 40
111750           LDA ,X ,B 105
111751           LDA ,X ,B 117
111752 DIA0:     LDT I 131
111753           LDD ,X 40
111754           LDA ,B 115
111755           MIN ,B 107
111756           MIN ,X ,B 40
111757           LDA I ,B ,X 122
111760           STD 123
111761           MIN ,B 126
111762           MIN ,X ,B 55
111763           MIN ,B 122
111764           MIN ,X ,B 101
111765           LDF I ,B ,X 40
111766           STD I ,B ,X 0
111767           LDA ,B 117
111770           LDT I ,B 120
111771           LDA I ,B ,X 117
111772           LDA ,X 111
111773           LDA I ,X 107
111774           STD 111
111775           LDA I ,X 104
111776           MIN ,X ,B 130
111777           STD 50
112000           LDA I ,B ,X 103
112001 DIA1:     LDT ,X 51
112002           LDF I 40
112003           STD I ,B ,X 0
112004           LDA I ,X 40
112005           MIN I ,X 117
112006           LDT I 115
112007           LDD ,X ,B 106
112010           MIN ,X ,B 105
112011           MIN ,X 40
112012           MIN I 105
112013           MIN I ,X 117
112014           LDT I 105
112015           LDF I ,B ,X 40
112016           STD I ,B ,X 0
112017           LDA I ,X 40
112020           MIN I ,X 117
112021           LDT I 115
112022           LDD ,X ,B 106
112023           MIN ,X ,B 105
112024           MIN ,X 40
112025           MIN ,B 106
112026           LDT ,X 105
112027           LDT I 77
112030 DIA2:     STD 47
112031           LDA I ,X 40
112032           STD ,X 106
112033           LDT ,X ,B 116
112034           MIN I ,B 124
112035           LDA ,B 117
112036           LDA I ,X 72
112037           STD 47
112040           STD ,X 101
112041           LDA ,X ,B 102
112042           LDA ,B 107
112043           LDT ,X ,B 117
112044           LDT ,X ,B 123
112045           STD 106
112046           LDT ,X ,B 116
112047           MIN I ,B 124
112050           LDA ,B 117
112051 X2E02:    LDA I ,X 47
112052 MLVIN:    STD ,X 111
112053 MPITB:    LDA ,X 114
112054 MPITA:    MIN ,X ,B 107
112055 PRIMA:    MIN ,B 114
112056           STD 106
112057           LDT ,X ,B 116
112060           MIN I ,B 124
112061           LDA ,B 117
112062           LDA I ,X 47
112063           STD ,X 101
112064           LDA ,X ,B 102
112065 DSI0:     LDA ,B 107
112066           LDT ,X ,B 117
112067           LDT ,X ,B 123
112070           STD 120
112071           MIN ,B 122
112072           MIN ,B 115
112073           MIN ,X ,B 124
112074           MIN ,X ,B 122
112075           STD I ,B ,X 0
112076           LDA I ,X 40
112077           LDT I ,B 105
112100           MIN I ,B ,X 115
112101           MIN ,X ,B 116
112102           LDT ,X 40
112103           LDA I ,B ,X 122
112104           STD 101
112105           LDA ,X 124
112106           LDD ,X ,B 123
112107           MIN ,X ,B 107
112110           LDA ,X ,B 105
112111           LDA I ,X 124
112112           LDF I ,B ,X 40
112113           STD I ,B ,X 0
112114 DSI1:     STD ,X 116
112115           STF ,X ,B 60
112116           STF 40
112117           LDT I 105
112120           LDT I ,B 105
112121           LDT I 126
112122           MIN ,X ,B 104
112123           STD 106
112124           LDA I ,B ,X 122
112125 DXRAR:    STD 123
112126           LDT 105
112127           MIN I ,B 111
112130           MIN ,B 114
112131           STD 125
112132           LDT I ,B 105
112133           STD I ,B ,X 0
112134 LOOKA:    STD ,X 40
112135           LDA I ,X 104
112136           LDD ,X ,B 65
112137           STF 60
112140           STD 103
112141           LDT 125
112142           STD 124
112143 DSI2:     LDA ,B 115
112144           MIN ,X ,B 40
112145           LDT ,X ,B 123
112146           MIN ,X ,B 104
112147           STD 111
112150           LDT I ,B 47
112151           STD ,X 40
112152           LDT I ,B 120
112153           MIN ,X ,B 103
112154           LDA ,B 101
112155           LDA ,X 40
112156           MIN I ,B 117
112157           LDA I ,X 106
112160           LDA ,B 107
112161           LDT ,X ,B 122
112162           MIN ,B 124
112163           LDA ,B 117
112164 DIA3:     LDA I ,X 47
112165 PARBU:    STD ,X 40
112166           LDT I ,B 124
112167           MIN ,B 116
112170           MIN ,X 101
112171           LDT I 104
112172           STD 103
112173           LDA I ,B ,X 116
112174           MIN I ,X 111
112175           MIN I ,B ,X 125
112176           LDT I 101
112177           LDT ,X 111
112200           LDA I ,B ,X 116
112201           LDF I 40
112202           STD 40
112203           STD 47
112204           STD ,X 40
112205           MIN I ,B ,X 105
112206           LDA I ,X 105
112207           LDT I 101
112210           LDT ,X 111
112211           LDA I ,B ,X 116
112212           STD 50
112213 DIA4:     LDT I ,B ,X 117
112214           LDT I 113
112215           STD 115
112216           LDA I ,B ,X 104
112217           MIN ,X ,B 40
112220           LDA I ,X 117
112221           LDD I ,X 51
112222           LDF I 47
112223           STD ,X 40
112224           MIN I ,B 120
112225           LDT ,X ,B 40
112226           LDT ,X 131
112227           LDT 105
112230           LDF I 40
112231           STD 47
112232           STD ,X 101
112233           LDA ,X 122
112234           MIN ,X ,B 101
112235           MIN ,X 131
112236           STD 105
112237           LDX 105
112240           MIN I ,B 125
112241           LDT ,X 105
112242 DIA5:     MIN ,X 40
112243           MIN I 131
112244           STD 124
112245           MIN ,X ,B 122
112246           LDA ,X ,B 111
112247           LDA I ,X 101
112250           LDA ,X 72
112251           STD 40
112252           STD I ,B ,X 0
112253           STD ,X 124
112254           MIN ,X ,B 122
112255           LDA ,X ,B 111
112256           LDA I ,X 101
112257           LDA ,X 40
112260           LDA ,B 123
112261           STD 111
112262           LDA I ,X 40
112263           STD I 105
112264           LDT I ,B 103
112265           LDA I ,B ,X 106
112266           MIN I ,X 42
112267           STD 117
112270           LDT I 40
112271           LDT I ,B ,X 101
112272           LDA ,B 124
112273           LDA ,B 116
112274           MIN I ,B ,X 40
112275           LDT I ,B 124
112276           MIN ,B 124
112277 DSI3:     MIN ,X ,B 47
112300           STD ,X 104
112301           LDA I ,B ,X 40
112302           LDX ,B 117
112303           LDT ,X ,B 40
112304           LDT I ,B ,X 101
112305           LDA I ,X 124
112306           STD 124
112307           LDA I ,B ,X 40
112310           LDT I 105
112311           LDA ,X ,B 117
112312           LDT I ,X 105
112313           STD 111
112314           LDT ,X 40
112315           MIN I ,X 122
112316           LDA I ,B ,X 115
112317           STD 124
112320           LDA 111
112321           LDT I ,B 40
112322           LDT I ,B 124
112323           MIN ,B 124
112324           MIN ,X ,B 40
112325           MIN ,B 116
112326 DSI4:     MIN ,X 40
112327           LDT I ,B 124
112330           LDA I ,B ,X 120
112331           STD 111
112332           LDT ,X 40
112333           LDF I ,B ,X 40
112334           LDF I 40
112335           STD I ,B ,X 0
112336           LDA I ,X 40
112337           STD 47
112340           LDD I ,X 56
112341           LDD I ,X 127
112342           MIN ,B 111
112343           LDT ,X 47
112344           RADD CLD SL DD
112345           JPL I ,B -37		; -> 112306
112346           SAA 1
112347           STA ,B -175
112350           JMP 6		; -> 112356
112351           RADD CLD SL DD
112352           JPL I ,B -37		; -> 112313
112353           LDA I 56
112354           STA I 56
112355 DSI5:     STZ ,B -175
112356           SAA -1
112357           STA ,B -200
112360           LDA ,B -145
112361           STA ,B -176
112362           BSET ZRO SSPTM
112363           LDA ,X 3
112364           RADD CLD SA DD
112365           LDA ,X 0
112366           BSET ONE SSPTM
112367           SAT -1
112370           SKP IF DA UEQ ST
112371           JMP 33		; -> 112424
112372           LDT ,B -175
112373           SKP IF DT UEQ 0
112374           JMP 3		; -> 112377
112375           BSKP ZRO 170 DD
112376 DIA6:     JMP 24		; -> 112422
112377           LDT ,B -176
112400           STT ,B -145
112401           JPL I 32		; -> 112433
112402           JAF 3		; -> 112405
112403           RADD CLD 0 DD
112404           JMP 23		; -> 112427
112405           SAT 1
112406           SKP IF DA EQL ST
112407           JMP 13		; -> 112422
112410           LDA ,B -200
112411           JAF 4		; -> 112415
112412           SAA -2
112413           STA ,B -200
112414           JMP 6		; -> 112422
112415           SAT -1
112416           SKP IF DA EQL ST
112417           JMP 3		; -> 112422
112420           STZ ,B -200
112421           STX ,B -177
112422           AAX 4
112423           JMP -41		; -> 112362
112424           LDA ,B -200
112425 DIA7:     LDX ,B -177
112426           RADD CM1 CLD 0 DD
112427           RADD CLD SX DT
112430 3INST:    JMP I ,B -36		; -> 112372
112431           STA -53
112432           SWAP CLD ST DX
112433           LDF I ,B 57
112434           SAT 101
112435           SKP IF DA GRE ST
112436           JMP 4		; -> 112442
112437           SAT 132
112440           SKP IF DT LST SA
112441           JMP 14		; -> 112455
112442           SAT 52
112443           SKP IF DA UEQ ST
112444           JMP 11		; -> 112455
112445           SAT 60
112446           SKP IF DA GRE ST
112447           JMP 4		; -> 112453
112450           SAT 71
112451           SKP IF DT LST SA
112452           JMP 3		; -> 112455
112453           RADD CLD 0 DA
112454 DIA8:     EXIT
112455           SAA 1
112456           EXIT
112457           RADD CLD SL DD
112460           JPL I ,B -37		; -> 112421
112461           STA ,B -142
112462           STZ ,B -144
112463           STZ ,B -175
112464           LDA ,B -145
112465           STA ,B -200
112466 FFMCH:    RADD CLD 0 DX
112467           JPL I 75		; -> 112564
112470           STA ,B -177
112471           JPL -35		; -> 112434
112472           RADD SA DX
112473           RADD SA DX
112474           JPL I 71		; -> 112565
112475           STA ,B -176
112476           JPL -42		; -> 112434
112477           RADD SA DX
112500           RADD SX DP
112501           JMP 23		; -> 112524
112502           JMP 14		; -> 112516
112503 DIA9:     JMP 12		; -> 112515
112504           JMP 1		; -> 112505
112505           LDA ,B -177
112506           LDT ,B -176
112507           SKP IF DA UEQ ST
112510           JMP 4		; -> 112514
112511           SAT 52
112512           SKP IF DA EQL ST
112513           JMP 37		; -> 112552
112514           JMP -26		; -> 112466  [FFMCH]
112515           JMP 35		; -> 112552
112516           JPL I 47		; -> 112565
112517           STA ,B -176
112520           JPL -64		; -> 112434
112521           JAZ 2		; -> 112523
112522           JMP -4		; -> 112516
112523           MIN ,B -175
112524           RADD CLD 0 DX
112525           LDA ,B -177
112526           SAT 55
112527           SKP IF DA EQL ST
112530           JMP 2		; -> 112532  [DIA10]
112531           AAX 2
112532 DIA10:    LDA ,B -176
112533           SKP IF DA EQL ST
112534           JMP 2		; -> 112536
112535           AAX 1
112536           RADD SX DP
112537           JMP 7		; -> 112546
112540           JMP 4		; -> 112544
112541           JMP 11		; -> 112552
112542           JMP 1		; -> 112543
112543           JMP -57		; -> 112464
112544           SAX 1
112545           JMP 14		; -> 112561  [DIA11]
112546           LDA ,B -175
112547           JAZ 2		; -> 112551
112550           SAX 1
112551           JMP 10		; -> 112561  [DIA11]
112552           SAX 2
112553           JPL I 11		; -> 112564
112554           SAT 55
112555           SKP IF DA UEQ ST
112556           JMP -4		; -> 112552
112557           JPL -123		; -> 112434
112560           JAF -6		; -> 112552
112561 DIA11:    JPL I 5		; -> 112566
112562           RADD CLD SX DA
112563           JMP I ,B -36		; -> 112525
112564           LDD I ,X -156
112565           LDD I ,X -143
112566           LDD I ,X -64
112567           RADD CLD SL DD
112570           JPL I ,B -37		; -> 112531
112571           LDA ,B -103
112572           JAF 3		; -> 112575
112573           JPL I 51		; -> 112644
112574           JMP 46		; -> 112642
112575           LDT 50
112576           STT ,B -143
112577           STZ ,B -145
112600           SAT 2
112601           SKP IF DA UEQ ST
112602           JMP 11		; -> 112613
112603           LDX ,B -146
112604           LDA ,X 20
112605           SHA ZIN 2
112606           AAA -3
112607           RADD CLD SA DX
112610           LDA I ,B ,X -66
112611           SKP IF DA GRE 0
112612           JMP I 34		; -> 112646
112613           JPL I 34		; -> 112647
112614           SAT 15
112615           SKP IF DA UEQ ST
112616 DSI6:     JMP 4		; -> 112622
112617           SAT 40
112620           SKP IF DA EQL ST
112621           JMP 2		; -> 112623
112622           JMP -7		; -> 112613
112623           STA ,B -200
112624           JPL I 23		; -> 112647
112625           SAT 11
112626           SKP IF DA EQL ST
112627           JMP 2		; -> 112631
112630           SAA 40
112631           JPL I 17		; -> 112650
112632           SAT 15
112633           SKP IF DA UEQ ST
112634           JMP 2		; -> 112636
112635           JMP -11		; -> 112624
112636           LDA ,B -200
112637           SAT 100
112640           SKP IF DA EQL ST
112641           JMP I 10		; -> 112651
112642           STZ ,B -145
112643           JMP I ,B -36		; -> 112605
112644           LDD ,X 60
112645 DSI7:     RAND CM1 CLD SL DL
112646           SUB I ,X 57
112647           LDD I ,X 32
112650           LDD I ,X -133
112651           SUB ,X ,B -23
112652           STD 40
112653           LDD ,X 54
112654           STA ,X ,B 15
112655           BORA 170 DX
112656           LDA ,B 111
112657           LDT I ,B 123
112660           LDT I 122
112661           LDA I ,X 116
112662           MIN I ,B ,X 107
112663           BORA 170 DX
112664           MIN ,B 132
112665           STF 71
112666           BORA 170 DX
112667           MIN ,B 132
112670           STF 71
112671 3OUTS:    LDX I ,B ,X 137
112672           BORA 170 DX
112673           RADD CLD SL DD
112674 DSI8:     JPL I ,B -37		; -> 112635
112675           SAT 1
112676           STT ,B -166
112677           JMP 11		; -> 112710
112700           RADD CLD SL DD
112701           JPL I ,B -37		; -> 112642
112702           SAT 1
112703           STT ,B -166
112704           JMP 17		; -> 112723  [DSI9]
112705           RADD CLD SL DD
112706           JPL I ,B -37		; -> 112647
112707           STZ ,B -166
112710           SAT 1
112711           STT ,B -167
112712           JMP 12		; -> 112724
112713           RADD CLD SL DD
112714           JPL I ,B -37		; -> 112655
112715           SAT 2
112716           STT ,B -166
112717           JMP 4		; -> 112723  [DSI9]
112720           RADD CLD SL DD
112721           JPL I ,B -37		; -> 112662
112722           STZ ,B -166
112723 DSI9:     STZ ,B -167
112724           STA ,B -142
112725           STZ ,B -144
112726           STZ ,B -170
112727           JPL I 51		; -> 113000
112730           JPL I 51		; -> 113001  [DSI11]
112731           LDF I ,B -126
112732           RADD SA DP
112733           JMP 15		; -> 112750
112734           JMP 14		; -> 112750
112735           JMP 4		; -> 112741
112736           JMP 1		; -> 112737
112737           STZ ,B -145
112740           JMP 10		; -> 112750
112741           LDA ,B -142
112742           RADD CLD SA DX
112743           AAA 1
112744           JPL I ,B -35		; -> 112707
112745           JPL I 35		; -> 113002
112746           STX ,B -142
112747           STZ ,B -144
112750           JPL I 33		; -> 113003
112751           LDT ,B -167
112752 DSI10:    SKP IF DT UEQ 0
112753           JMP 13		; -> 112766
112754           SAT 15
112755           SKP IF DA UEQ ST
112756           JMP 4		; -> 112762
112757           SAT 54
112760           SKP IF DA EQL ST
112761           JMP 5		; -> 112766
112762           LDA ,B -166
112763           SKP IF DA UEQ 0
112764           JMP I ,B -36		; -> 112726
112765           JMP I 17		; -> 113004
112766           JPL I 17		; -> 113005
112767           JPL I 12		; -> 113001  [DSI11]
112770           LDF I ,B -122
112771           RADD SA DP
112772           JMP 20		; -> 113012
112773           JMP I 13		; -> 113006
112774           JMP 122		; -> 113116
112775           JMP I 12		; -> 113007
112776           JMP I 12		; -> 113010
112777           JMP I 12		; -> 113011
